"ARRIVAL_TM","AUTOMOBILE_COUNT","BELTED_DEATH_COUNT","BELTED_SUSP_SERIOUS_INJ_COUNT","BICYCLE_COUNT","BICYCLE_DEATH_COUNT","BICYCLE_SUSP_SERIOUS_INJ_COUNT","BUS_COUNT","CHLDPAS_DEATH_COUNT","CHLDPAS_SUSP_SERIOUS_INJ_COUNT","COLLISION_TYPE","COMM_VEH_COUNT","CONS_ZONE_SPD_LIM","COUNTY","CRASH_MONTH","CRASH_YEAR","CRN","DAY_OF_WEEK","DEC_LAT","DEC_LONG","DISPATCH_TM","DISTRICT","DRIVER_COUNT_16YR","DRIVER_COUNT_17YR","DRIVER_COUNT_18YR","DRIVER_COUNT_19YR","DRIVER_COUNT_20YR","DRIVER_COUNT_50_64YR","DRIVER_COUNT_65_74YR","DRIVER_COUNT_75PLUS","EST_HRS_CLOSED","FATAL_COUNT","HEAVY_TRUCK_COUNT","HORSE_BUGGY_COUNT","HOUR_OF_DAY","ILLUMINATION","INJURY_COUNT","INTERSECT_TYPE","LANE_CLOSED","LATITUDE","LN_CLOSE_DIR","LOCATION_TYPE","LONGITUDE","MAX_SEVERITY_LEVEL","MCYCLE_DEATH_COUNT","MCYCLE_SUSP_SERIOUS_INJ_COUNT","MOTORCYCLE_COUNT","MUNICIPALITY","NONMOTR_COUNT","NONMOTR_DEATH_COUNT","NONMOTR_SUSP_SERIOUS_INJ_COUNT","NTFY_HIWY_MAINT","PED_COUNT","PED_DEATH_COUNT","PED_SUSP_SERIOUS_INJ_COUNT","PERSON_COUNT","POLICE_AGCY","POSSIBLE_INJ_COUNT","RDWY_SURF_TYPE_CD","RELATION_TO_ROAD","ROAD_CONDITION","SCH_BUS_IND","SCH_ZONE_IND","SMALL_TRUCK_COUNT","SPEC_JURIS_CD","SUSP_MINOR_INJ_COUNT","SUSP_SERIOUS_INJ_COUNT","SUV_COUNT","TCD_FUNC_CD","TCD_TYPE","TFC_DETOUR_IND","TIME_OF_DAY","TOT_INJ_COUNT","TOTAL_UNITS","UNB_DEATH_COUNT","UNB_SUSP_SERIOUS_INJ_COUNT","UNBELTED_OCC_COUNT","UNK_INJ_DEG_COUNT","UNK_INJ_PER_COUNT","URBAN_RURAL","VAN_COUNT","VEHICLE_COUNT","WORK_ZONE_IND","WORK_ZONE_LOC","WORK_ZONE_TYPE","WORKERS_PRES","WZ_CLOSE_DETOUR","WZ_FLAGGER","WZ_LAW_OFFCR_IND","WZ_LN_CLOSURE","WZ_MOVING","WZ_OTHER","WZ_SHLDER_MDN","ROADWAY_CLEARED","WEATHER1","WEATHER2","WZ_WORKERS_INJ_KILLED","SECONDARY_CRASH","INTERSECTION_RELATED"
"2032","1","0","1","0","0","0","0","0","0","2","0","","36","02","2021","2021024603","3","40.0549","-76.3061","2026","08","0","0","0","0","0","0","1","0","","1","0","0","20","3","3","00","2","40 03:17.528","5","03","76 18:22.055","1","0","0","0","36101","0","0","0","N","0","0","0","4","36101","0","2","1","01","N","N","0","0","0","2","1","0","0","Y","2026","3","2","1","1","2","1","0","3","0","2","N","","","","","","","","","","","2213","03","03","","N","N"
"1723","1","0","0","0","0","0","0","0","0","1","1","","36","03","2021","2021024860","6","40.0437","-76.4183","1715","08","0","0","0","0","0","0","1","0","","0","1","0","17","1","1","00","1","40 02:37.450","6","00","76 25:05.730","3","0","0","0","36239","0","0","0","N","0","0","0","2","36239","0","","1","01","N","N","0","","1","0","0","0","0","N","1709","1","2","0","0","0","0","0","3","0","2","N","","","","","","","","","","","1750","03","98","","N","N"
"1702","1","0","0","0","0","0","0","0","0","5","0","","36","03","2021","2021024223","6","40.0416","-76.3019","1700","08","0","0","0","0","0","1","0","0","","0","0","0","16","1","0","00","2","40 02:29.647","3","00","76 18:06.738","9","0","0","0","36301","0","0","0","N","0","0","0","2","36301","0","","1","01","N","N","0","","0","0","1","0","0","N","1659","0","2","0","0","0","0","1","3","0","2","N","","","","","","","","","","","1748","03","","","N","N"
"0957","2","0","0","0","0","0","0","0","0","5","0","","36","03","2021","2021024310","7","40.0373","-76.3121","0952","08","0","0","0","0","0","0","0","0","","0","0","0","09","1","0","00","1","40 02:14.199","3","00","76 18:43.397","0","0","0","0","36301","0","0","0","N","0","0","0","1","36301","0","","6","01","N","N","0","","0","0","1","0","0","N","0948","0","3","0","0","0","0","0","3","0","3","N","","","","","","","","","","","1100","03","","","N","N"
"1850","2","0","0","0","0","0","0","0","0","4","0","","36","03","2021","2021024384","1","40.0384","-76.3013","1846","08","0","0","0","0","0","0","0","0","","0","0","0","18","1","1","01","2","40 02:18.378","3","00","76 18:04.771","3","0","0","0","36301","0","0","0","N","0","0","0","2","36301","0","","1","01","","","0","","1","0","0","3","2","Y","1841","1","2","0","0","0","0","0","3","0","2","N","","","","","","","","","","","1930","03","","","N",""
"2153","2","0","0","0","0","0","0","0","0","1","0","","36","03","2021","2021021953","6","40.0609","-76.568","2148","08","0","0","0","0","0","0","0","0","","0","0","0","21","3","0","01","2","40 03:39.357","5","00","76 34:04.694","0","0","0","0","36211","0","0","0","N","0","0","0","2","36504","0","","1","01","N","N","0","","0","0","0","0","0","Y","2148","0","2","0","0","0","0","0","1","0","2","N","","","","","","","","","","","2245","03","","","N","N"
"1400","0","0","0","0","0","0","0","0","0","8","0","","36","03","2021","2021026617","5","40.226","-76.0924","1358","08","0","0","0","0","0","0","0","0","","0","0","0","13","1","1","02","1","40 13:33.477","2","00","76 05:32.645","2","0","0","0","36210","1","0","1","N","1","0","1","2","36210","0","","1","09","N","N","0","","0","1","1","3","3","N","1358","1","2","0","0","0","0","0","1","0","1","N","","","","","","","","","","","1445","07","","","N","N"
"0734","1","0","0","0","0","0","0","0","0","4","0","","36","03","2021","2021024072","5","40.0373","-76.1034","0712","08","0","0","0","0","0","1","0","0","","0","0","0","07","1","0","01","0","40 02:14.364","","00","76 06:12.233","0","0","0","0","36221","0","0","0","N","0","0","0","2","68J01","0","","1","01","N","N","0","","0","0","1","0","0","","0706","0","2","0","0","0","0","0","1","0","2","N","","","","","","","","","","","","03","03","","N","N"
"2053","0","0","0","0","0","0","0","0","0","8","0","","36","03","2021","2021025030","4","40.024","-76.1935","2050","08","0","0","0","0","0","0","1","0","","1","0","0","20","2","0","00","2","40 01:26.578","5","00","76 11:36.594","1","0","0","0","36215","1","1","0","N","1","1","0","2","36215","0","2","1","01","N","N","0","0","0","0","0","0","0","Y","2049","0","2","0","0","0","0","0","1","1","1","N","","","","","","","","","","","0039","03","03","","N","N"
"1537","1","0","0","0","0","0","0","0","0","4","0","","36","03","2021","2021023568","4","40.0606","-76.2768","1537","08","0","0","0","0","0","1","0","0","","0","0","0","15","1","0","01","1","40 03:38.263","3","00","76 16:36.564","0","0","0","0","36101","0","0","0","N","0","0","0","2","36101","0","","1","01","N","N","1","","0","0","0","3","2","N","1533","0","2","0","0","0","0","0","3","0","2","N","","","","","","","","","","","1635","03","","","N",""
"1212","0","0","0","0","0","0","0","0","0","1","0","","36","03","2021","2021026371","7","40.0689","-76.3103","1210","08","0","0","0","0","0","1","0","0","","0","0","0","12","1","0","00","1","40 04:08.117","4","00","76 18:37.062","0","0","0","1","36101","0","0","0","N","0","0","0","2","36101","0","","1","01","N","N","1","","0","0","0","0","0","N","1207","0","2","0","0","0","0","0","3","0","2","N","","","","","","","","","","","1245","03","03","","N","N"
"1542","0","0","0","0","0","0","0","0","0","4","0","","36","03","2021","2021027811","4","40.0444","-76.3586","1541","08","0","0","0","0","0","0","1","0","","0","0","0","15","1","0","02","0","40 02:39.775","","00","76 21:30.851","0","0","0","0","36214","0","0","0","N","0","0","0","2","36214","0","","1","08","N","N","0","","0","0","2","3","3","","1541","0","2","0","0","0","0","0","3","0","2","N","","","","","","","","","","","","07","07","","N",""
"1727","1","0","0","0","0","0","0","0","0","1","0","","36","03","2021","2021026614","4","40.2078","-76.1188","1712","08","0","1","0","0","0","0","0","0","","0","0","0","17","1","0","02","1","40 12:27.982","3","00","76 07:07.597","0","0","0","0","36210","0","0","0","N","0","0","0","2","36210","0","","1","01","N","N","1","","0","0","0","0","0","N","1712","0","2","0","0","0","0","0","1","0","2","N","","","","","","","","","","","1805","03","","","N","N"
"1817","1","0","0","0","0","0","0","0","0","7","0","","36","03","2021","2021027591","6","39.8822","-76.2072","1756","08","0","0","1","0","0","0","0","0","","0","0","0","17","1","0","00","0","39 52:55.777","","00","76 12:26.071","0","0","0","0","36212","0","0","0","N","0","0","0","1","68J01","0","","5","01","N","N","0","","0","0","0","0","0","","1754","0","1","0","0","0","0","0","1","0","1","N","","","","","","","","","","","","03","","","N","N"
"2019","0","0","0","0","0","0","0","0","0","4","0","","36","03","2021","2021026572","6","39.9924","-76.2859","2015","08","0","0","1","0","0","0","0","0","","0","0","0","20","3","0","01","1","39 59:32.484","1","00","76 17:09.068","0","0","0","0","36240","0","0","0","N","0","0","0","6","36240","0","","1","01","N","N","1","","0","0","1","3","2","Y","2008","0","2","0","0","0","0","0","1","0","2","N","","","","","","","","","","","2100","03","03","","N","N"
"1515","2","0","0","0","0","0","0","0","0","4","0","","36","02","2021","2021019968","2","40.0452","-76.3139","1508","08","0","0","0","0","0","0","0","0","","0","0","0","15","1","0","01","1","40 02:42.759","4","00","76 18:50.122","0","0","0","0","36301","0","0","0","N","0","0","0","2","36301","0","","1","09","N","N","0","","0","0","0","3","3","Y","1508","0","2","0","0","0","0","0","3","0","2","N","","","","","","","","","","","1545","03","03","","N",""
"0423","1","0","0","0","0","0","0","0","0","7","0","","36","03","2021","2021026633","1","40.0823","-76.3867","0419","08","0","0","0","1","0","0","0","0","","0","0","0","04","2","0","00","0","40 04:56.450","","00","76 23:12.144","0","0","0","0","36214","0","0","0","N","0","0","0","1","36214","0","","5","01","N","N","0","","0","0","0","0","0","","0416","0","1","0","0","0","0","0","3","0","1","N","","","","","","","","","","","","03","","","N","N"
"0925","1","0","0","0","0","0","0","0","0","7","0","","36","03","2021","2021026052","5","40.0848","-76.1841","0918","08","0","0","0","0","0","0","0","0","","0","0","0","09","1","0","00","0","40 05:05.384","","00","76 11:02.720","0","0","0","0","36234","0","0","0","N","0","0","0","1","36215","0","","5","09","N","N","0","","0","0","0","0","0","","0916","0","1","0","0","0","0","0","1","0","1","N","","","","","","","","","","","","07","","","N","N"
"1812","0","0","0","0","0","0","0","0","0","1","0","","36","03","2021","2021025710","4","40.0508","-76.4575","1805","08","0","0","0","0","0","0","1","0","","0","0","0","18","1","0","02","0","40 03:02.964","","00","76 27:26.839","0","0","0","0","36239","0","0","0","N","0","0","0","2","36239","0","","1","01","N","N","1","","0","0","1","3","3","","1805","0","2","0","0","0","0","0","3","0","2","N","","","","","","","","","","","","04","04","","N",""
"0918","0","0","0","0","0","0","0","0","0","7","0","","36","02","2021","2021026049","4","40.0207","-76.1922","0918","08","0","0","0","0","0","1","0","0","","0","0","0","09","1","0","02","0","40 01:14.397","","00","76 11:32.005","0","0","0","0","36215","0","0","0","N","0","0","0","1","36215","0","","5","01","N","N","0","","0","0","1","3","2","","0918","0","1","0","0","0","0","0","1","0","1","N","","","","","","","","","","","","03","03","","N",""
"1332","1","0","0","0","0","0","0","0","0","8","0","","36","03","2021","2021024861","1","40.0635","-76.4329","1329","08","0","0","0","0","0","0","0","0","","0","0","0","13","1","1","00","2","40 03:48.587","6","00","76 25:58.310","4","0","0","0","36239","1","0","0","N","1","0","0","2","36239","1","","1","01","N","N","0","","0","0","0","0","0","Y","1328","1","2","0","0","0","0","0","3","0","1","N","","","","","","","","","","","1345","03","","","N","N"
"0608","1","0","0","0","0","0","0","0","0","1","0","","36","03","2021","2021025226","3","40.0679","-76.3034","0602","08","0","0","0","0","0","0","0","0","","0","0","0","05","3","0","07","0","40 04:04.462","","00","76 18:12.202","0","0","0","0","36101","0","0","0","N","0","0","0","2","36101","0","","1","01","N","N","0","","0","0","1","3","4","","0558","0","2","0","0","0","0","0","3","0","2","N","","","","","","","","","","","","03","","","N",""
"0958","1","0","0","0","0","0","0","0","0","7","0","","36","02","2021","2021022601","2","40.077","-76.2635","0949","08","0","0","0","0","0","0","0","0","","0","0","0","09","1","0","00","1","40 04:37.296","1","00","76 15:48.496","0","0","0","0","36101","0","0","0","N","0","0","0","1","36101","0","","5","06","N","N","0","","0","0","0","0","0","N","0945","0","1","0","0","0","0","0","3","0","1","N","","","","","","","","","","","1025","10","04","","N","N"
"0804","1","0","0","0","0","0","0","0","0","7","0","","36","03","2021","2021022990","4","39.9102","-76.3323","0741","08","0","0","0","0","0","0","0","0","","0","0","0","07","1","0","00","1","39 54:36.540","5","00","76 19:56.240","0","0","0","0","36206","0","0","0","N","0","0","0","1","68J01","0","","4","02","N","N","0","","0","0","0","0","0","N","0735","0","1","0","0","0","0","0","1","0","1","N","","","","","","","","","","","0820","03","","","N","N"
"1713","1","0","0","0","0","0","0","0","0","4","0","","36","03","2021","2021026632","1","40.0698","-76.3168","1707","08","0","0","0","0","0","1","0","0","","0","0","0","16","1","0","01","2","40 04:11.321","7","00","76 19:00.454","0","0","0","0","36101","0","0","0","N","0","0","0","4","36101","0","","1","01","N","N","0","","0","0","1","3","2","N","1652","0","2","0","0","0","0","0","3","0","2","N","","","","","","","","","","","1740","03","03","","N",""
"1631","2","0","0","0","0","0","0","0","0","1","0","","36","03","2021","2021025708","4","40.058","-76.2733","1627","08","0","0","0","0","0","1","0","0","","0","0","0","16","1","1","00","1","40 03:28.739","4","00","76 16:23.751","8","0","0","0","36101","0","0","0","N","0","0","0","2","36101","0","","1","01","N","N","0","","0","0","0","0","0","Y","1623","1","2","0","0","0","1","1","3","0","2","N","","","","","","","","","","","1650","04","04","","N","N"
"0754","0","0","0","0","0","0","0","0","0","6","0","","36","03","2021","2021022027","6","40.0302","-76.293","0741","08","0","0","0","0","0","0","0","0","","0","0","0","07","1","1","01","0","40 01:48.723","","00","76 17:34.850","3","0","0","0","36301","0","0","0","N","0","0","0","4","36301","0","","1","01","N","N","0","","1","0","2","3","3","N","0738","1","2","0","0","0","0","0","3","0","2","N","","","","","","","","","","","","03","","","Y",""
"2232","0","0","0","0","0","0","0","0","0","7","0","","36","03","2021","2021025099","5","39.88","-76.2434","2214","08","0","0","0","0","0","0","0","0","","0","0","0","22","2","0","00","2","39 52:47.950","5","00","76 14:36.344","9","0","0","0","36229","0","0","0","N","0","0","0","1","68J01","0","","4","02","N","N","0","","0","0","0","0","0","Y","2208","0","1","0","0","0","0","1","1","1","1","N","","","","","","","","","","","2320","03","03","","N","N"
"2335","5","0","0","0","0","0","0","0","0","5","0","","36","03","2021","2021023409","1","40.0345","-76.2958","2332","08","0","0","0","0","0","0","0","0","","0","0","0","23","3","0","00","2","40 02:04.078","4","00","76 17:44.927","0","0","0","0","36301","0","0","0","N","0","0","0","1","36301","0","","4","01","N","N","0","","0","0","0","0","0","Y","2331","0","5","0","0","0","0","0","3","0","5","N","","","","","","","","","","","0022","03","03","","N","N"
"1201","0","0","0","0","0","0","0","0","0","1","0","","36","03","2021","2021027748","5","39.9858","-76.2836","1156","08","0","0","0","0","0","1","0","0","","0","0","0","11","1","1","01","0","39 59:09.292","","00","76 17:01.207","8","0","0","0","36240","0","0","0","N","0","0","0","3","36240","0","","1","01","N","N","0","","0","0","2","3","2","","1153","1","2","0","0","0","1","0","1","0","2","N","","","","","","","","","","","","03","03","","N","N"
"0054","0","0","0","0","0","0","0","0","0","98","0","","36","03","2021","2021026160","7","40.099","-76.2581","0047","08","0","0","0","0","1","0","0","0","","0","0","0","00","2","0","00","1","40 05:56.542","1","00","76 15:29.332","0","0","0","0","36101","0","0","0","N","0","0","0","1","36101","0","","1","01","N","N","0","","0","0","1","0","0","N","0044","0","1","0","0","0","0","0","3","0","1","N","","","","","","","","","","","0150","03","03","","N","N"
"2036","1","0","0","0","0","0","0","0","0","4","0","","36","03","2021","2021027440","3","40.032","-76.4933","2035","08","0","0","0","0","0","0","0","0","","0","0","0","20","3","1","01","2","40 01:55.193","7","00","76 29:35.986","2","0","1","1","36404","0","0","0","N","0","0","0","2","36404","0","","1","01","N","N","0","","0","1","0","0","0","Y","2034","1","2","0","0","0","0","0","3","0","2","N","","","","","","","","","","","2112","04","","","N",""
"1650","0","0","0","0","0","0","0","0","0","98","0","","36","03","2021","2021024308","7","40.0791","-76.2806","1641","08","0","0","0","0","0","0","0","0","","0","0","0","16","1","0","00","0","40 04:44.775","","00","76 16:50.215","0","0","0","0","36101","0","0","0","N","0","0","0","1","36101","0","","1","01","N","N","0","","0","0","1","0","0","","1637","0","1","0","0","0","0","0","3","0","1","N","","","","","","","","","","","","03","03","","N","N"
"1320","0","0","0","0","0","0","0","0","0","7","0","","36","03","2021","2021024864","7","40.0299","-76.5132","1304","08","0","0","0","0","0","0","0","0","","0","0","0","13","1","0","00","0","40 01:47.782","","03","76 30:47.589","0","0","0","0","36239","0","0","0","N","0","0","0","1","36239","0","","4","01","N","N","0","","0","0","1","0","0","","1301","0","1","0","0","0","0","0","3","0","1","N","","","","","","","","","","","","03","03","","N","N"
"0652","2","0","0","0","0","0","0","0","0","1","0","","36","01","2021","2021002763","2","40.0606","-76.2768","0645","08","0","0","0","0","0","0","0","0","","0","0","0","06","5","1","06","0","40 03:38.104","","02","76 16:36.712","8","0","0","0","36101","0","0","0","N","0","0","0","2","36101","0","","1","01","N","N","0","","0","0","0","3","4","","0643","1","2","0","0","0","1","0","3","0","2","N","","","","","","","","","","","","03","03","","N",""
"2015","1","0","0","0","0","0","0","0","0","7","0","","36","03","2021","2021023271","2","40.0755","-76.1529","2013","08","0","1","0","0","0","0","0","0","","0","0","0","20","2","0","00","1","40 04:31.710","3","00","76 09:10.370","0","0","0","0","36234","0","0","0","N","0","0","0","1","36215","0","","5","01","N","N","0","","0","0","0","0","0","N","2011","0","1","0","0","0","0","0","1","0","1","N","","","","","","","","","","","2033","03","03","","N","N"
"0048","0","0","0","0","0","0","0","0","0","1","0","","36","03","2021","2021023202","5","40.2353","-76.2906","0048","08","0","0","0","1","0","0","0","0","","0","0","0","00","2","0","00","0","40 14:06.870","","00","76 17:29.159","0","0","0","0","36217","0","0","0","N","0","0","0","4","68T06","0","","1","01","N","N","0","","0","0","2","0","0","","0045","0","2","0","0","0","0","0","1","0","2","N","","","","","","","","","","","","03","03","","N","N"
"1146","0","0","0","0","0","0","0","0","0","7","0","","36","02","2021","2021023267","1","40.0801","-76.2495","1139","08","0","0","0","0","0","1","0","0","","0","0","0","11","1","0","00","0","40 04:48.339","","00","76 14:58.237","0","0","0","0","36215","0","0","0","N","0","0","0","1","36215","0","","2","09","N","N","0","","0","0","1","0","0","","1135","0","1","0","0","0","0","0","1","0","1","N","","","","","","","","","","","","07","","","N","N"
"1729","0","0","0","0","0","0","0","0","0","4","0","","36","03","2021","2021023342","4","40.0392","-76.0644","1716","08","0","0","0","0","0","0","0","0","","0","0","0","17","1","1","01","0","40 02:21.008","","00","76 03:51.801","3","0","0","0","36221","0","0","0","N","0","0","0","3","68J01","0","","1","01","N","N","0","","1","0","2","3","3","","1713","1","2","0","0","0","0","0","1","0","2","N","","","","","","","","","","","","03","","","N","N"
"0952","0","0","0","0","0","0","0","0","0","0","1","","36","03","2021","2021025224","5","40.068","-76.2981","0951","08","0","0","0","0","0","2","0","0","","0","1","0","09","1","0","00","0","40 04:04.949","","00","76 17:53.076","0","0","0","0","36101","0","0","0","N","0","0","0","2","36101","0","","1","01","N","N","1","","0","0","0","0","0","","0950","0","2","0","0","0","0","0","3","0","2","N","","","","","","","","","","","","03","03","","N","N"
"1714","1","0","0","0","0","0","0","0","0","4","0","","36","03","2021","2021024022","2","40.0358","-76.3142","1711","08","0","0","0","0","0","1","0","0","","0","0","0","17","1","8","01","2","40 02:08.725","7","00","76 18:51.113","3","0","0","0","36301","0","0","0","N","0","0","0","8","36301","0","","1","01","N","N","0","","1","0","0","3","3","Y","1701","8","2","0","0","0","7","0","3","1","2","N","","","","","","","","","","","1758","03","03","","N","N"
"1851","1","0","0","0","0","0","0","0","0","4","0","","36","03","2021","2021027936","4","40.0768","-76.3375","1839","08","0","1","0","0","0","0","0","0","","0","0","0","18","1","3","02","1","40 04:36.517","7","00","76 20:14.845","3","0","0","0","36101","0","0","0","N","0","0","0","3","36101","0","","1","09","N","N","0","","3","0","1","3","2","N","1837","3","2","0","0","1","0","0","3","0","2","N","","","","","","","","","","","1910","07","04","","N",""
"0856","2","0","0","0","0","0","0","0","0","4","0","","36","03","2021","2021024068","3","40.0436","-76.3137","0853","08","0","0","0","0","0","0","0","0","","0","0","0","08","1","1","01","1","40 02:37.071","4","00","76 18:49.309","3","0","0","0","36301","0","0","0","N","0","0","0","2","36301","0","","1","01","N","N","0","","1","0","0","3","2","N","0853","1","2","0","0","0","0","0","3","0","2","N","","","","","","","","","","","0920","03","03","","N",""
"1426","0","0","0","0","0","0","0","0","0","4","0","","36","03","2021","2021027448","3","40.1482","-76.2345","1420","08","0","0","0","0","0","0","0","0","","0","0","0","14","1","1","00","2","40 08:53.379","6","00","76 14:04.371","3","0","0","0","36235","0","0","0","N","0","0","0","2","36506","0","","1","09","N","N","0","","1","0","1","0","0","Y","1420","1","2","0","0","0","0","1","1","0","2","N","","","","","","","","","","","0100","07","","","N","N"
"0713","1","0","0","0","0","0","0","0","0","7","0","","36","03","2021","2021026769","6","40.1983","-76.4208","0709","08","0","0","0","0","0","0","0","0","","0","0","0","07","1","0","00","2","40 11:53.888","5","00","76 25:15.037","0","0","0","0","36230","0","0","0","N","0","0","0","1","36410","0","","5","01","N","N","0","","0","0","0","0","0","N","0706","0","1","0","0","0","0","0","1","0","1","N","","","","","","","","","","","0730","03","03","","N","N"
"1455","0","0","0","0","0","0","0","0","0","98","0","","36","03","2021","2021024863","5","40.0412","-76.4806","1447","08","0","0","0","0","0","0","0","0","","0","0","0","14","1","0","00","0","40 02:28.502","","00","76 28:50.046","0","0","0","0","36239","0","0","0","N","0","0","0","1","36239","0","","1","01","N","N","0","","0","0","1","0","0","","1445","0","1","0","0","0","0","0","3","0","1","N","","","","","","","","","","","","03","03","","N","N"
"2229","0","0","0","0","0","0","0","0","0","7","0","","36","03","2021","2021025149","7","39.7578","-76.2319","2201","08","0","0","0","0","0","0","0","0","","0","0","0","21","2","1","00","0","39 45:28.148","","00","76 13:55.016","3","0","0","0","36219","0","0","0","Y","0","0","0","1","68J01","0","","4","01","N","N","0","","1","0","1","0","0","","2149","1","1","0","0","1","0","0","1","0","1","N","","","","","","","","","","","","03","","","N","N"
"0318","1","0","0","0","0","0","0","0","0","7","0","","36","03","2021","2021024406","1","40.0301","-76.4167","0313","08","0","0","0","0","0","0","0","0","","0","0","0","03","2","0","00","1","40 01:48.420","6","00","76 25:00.290","0","0","0","0","36223","0","0","0","N","0","0","0","1","36223","0","","5","01","N","N","0","","0","0","0","0","0","N","0310","0","1","0","0","0","0","0","1","0","1","N","","","","","","","","","","","0440","03","","","N","N"
"1924","2","0","0","0","0","0","0","0","0","1","0","","36","03","2021","2021024846","5","40.0346","-76.3072","1918","08","0","0","0","0","0","0","0","0","","0","0","0","19","3","1","02","0","40 02:04.495","","00","76 18:25.758","3","0","0","0","36301","0","0","0","N","0","0","0","2","36301","0","","1","01","","","0","","1","0","0","3","3","","1918","1","2","0","0","0","0","0","3","0","2","N","","","","","","","","","","","","03","03","","N",""
"0727","1","0","0","0","0","0","0","0","0","1","0","","36","03","2021","2021025709","2","40.0432","-76.5127","0717","08","0","0","0","0","0","1","0","0","","0","0","0","07","1","1","00","0","40 02:35.429","","00","76 30:45.755","3","0","0","0","36239","0","0","0","N","0","0","0","3","36239","0","","1","01","N","N","0","","1","0","1","0","0","","0715","1","2","0","0","0","0","0","3","0","2","N","","","","","","","","","","","","03","03","","N","N"
"1124","0","0","0","0","0","0","0","0","0","0","1","","36","03","2021","2021025639","6","40.2109","-76.047","1114","08","0","0","0","0","0","0","0","0","","0","1","0","11","1","0","00","2","40 12:39.782","4","00","76 02:52.014","0","0","0","0","36202","0","0","0","N","0","0","0","1","68T06","0","","1","01","N","N","0","","0","0","0","0","0","N","1113","0","1","0","0","0","0","0","1","0","1","N","","","","","","","","","","","0030","03","","","N","N"
"1340","1","0","0","0","0","0","0","0","0","7","0","","36","03","2021","2021024423","3","40.1414","-76.6675","1330","08","0","0","0","0","0","0","0","0","","0","0","0","13","1","1","00","2","40 08:29.166","5","00","76 40:03.068","4","0","0","0","36207","0","0","0","N","0","0","0","2","36504","1","","5","01","N","N","0","","0","0","0","0","0","Y","1320","1","1","0","0","0","0","0","1","0","1","N","","","","","","","","","","","1430","03","03","","N","N"
"1108","0","0","0","0","0","0","0","0","0","4","0","","36","03","2021","2021024604","5","40.1096","-76.3015","1104","08","0","0","0","0","0","1","0","0","","0","0","0","11","1","1","00","0","40 06:34.420","","00","76 18:05.460","3","0","0","1","36101","0","0","0","N","0","0","0","1","36101","0","","1","01","N","N","1","","1","0","0","0","0","","1102","1","2","0","0","0","0","0","3","0","2","N","","","","","","","","","","","","03","","","N","N"
"2138","1","0","0","0","0","0","0","0","0","1","1","","36","03","2021","2021022455","7","40.0741","-76.3327","2133","08","0","0","0","0","0","0","0","0","","0","1","0","21","3","2","00","2","40 04:26.882","4","00","76 19:57.615","3","0","0","0","36101","0","0","0","N","0","0","0","4","36101","0","","1","01","N","N","0","","2","0","1","0","0","Y","2131","2","3","0","0","0","0","0","3","0","3","N","","","","","","","","","","","0042","03","03","","N","N"
"0851","0","0","0","0","0","0","0","0","0","7","0","","36","02","2021","2021022534","5","39.8799","-76.3432","0835","08","0","0","0","0","0","1","0","0","","0","0","0","08","1","1","02","1","39 52:47.531","4","00","76 20:35.569","3","0","0","0","36224","0","0","0","N","0","0","0","1","68J01","0","","4","01","N","N","0","","1","0","1","0","0","N","0832","1","1","0","0","0","0","0","1","0","1","N","","","","","","","","","","","0915","03","03","","N","N"
"1600","1","0","0","0","0","0","0","0","0","4","0","","36","03","2021","2021024122","6","40.0537","-76.3253","1554","08","0","0","0","0","0","0","1","0","","0","0","0","15","1","0","02","1","40 03:13.400","3","00","76 19:31.003","0","0","0","0","36101","0","0","0","N","0","0","0","4","36101","0","","1","01","N","N","0","","0","0","1","0","0","N","1553","0","2","0","0","0","0","0","3","0","2","N","","","","","","","","","","","1630","03","","","N",""
"1538","2","0","0","0","0","0","0","0","0","1","0","","36","03","2021","2021027807","3","40.0679","-76.2965","1535","08","0","0","0","0","0","1","0","0","","0","0","0","15","1","3","00","1","40 04:04.520","3","00","76 17:47.223","3","0","0","0","36101","0","0","0","N","0","0","0","4","36101","0","","1","01","N","N","0","","3","0","0","0","0","N","1533","3","2","0","0","2","0","0","3","0","2","N","","","","","","","","","","","1625","03","","","N","N"
"1608","0","0","0","0","0","0","0","0","0","7","0","","36","03","2021","2021027446","4","40.1918","-76.5742","1601","08","0","0","0","0","0","0","0","0","","0","0","0","15","1","0","00","0","40 11:30.626","","00","76 34:27.148","0","0","0","0","36225","0","0","0","N","0","0","0","2","36505","0","","4","01","N","N","0","","0","0","0","0","0","","1556","0","1","0","0","0","0","0","2","1","1","N","","","","","","","","","","","","03","03","","N","N"
"1921","1","0","0","0","0","0","0","0","0","2","0","","36","02","2021","2021024627","4","40.0309","-76.321","1919","08","0","0","0","0","0","0","0","0","","0","0","0","19","3","1","00","0","40 01:51.241","","00","76 19:15.452","8","0","0","0","36301","0","0","0","N","0","0","0","4","36301","0","","1","01","","","1","","0","0","1","0","0","","1919","1","3","0","0","0","1","2","3","0","3","N","","","","","","","","","","","","03","03","","N","N"
"1450","1","0","0","0","0","0","0","0","0","4","0","","36","03","2021","2021024306","6","40.1155","-76.2427","1446","08","0","0","0","0","0","1","0","1","","0","0","0","14","1","1","02","1","40 06:55.751","2","00","76 14:33.696","3","0","0","0","36101","0","0","0","N","0","0","0","2","36101","0","","1","01","N","N","0","","1","0","1","3","3","N","1443","1","2","0","0","0","0","0","3","0","2","N","","","","","","","","","","","1540","03","03","","N",""