"ARRIVAL_TM","AUTOMOBILE_COUNT","BELTED_DEATH_COUNT","BELTED_SUSP_SERIOUS_INJ_COUNT","BICYCLE_COUNT","BICYCLE_DEATH_COUNT","BICYCLE_SUSP_SERIOUS_INJ_COUNT","BUS_COUNT","CHLDPAS_DEATH_COUNT","CHLDPAS_SUSP_SERIOUS_INJ_COUNT","COLLISION_TYPE","COMM_VEH_COUNT","CONS_ZONE_SPD_LIM","COUNTY","CRASH_MONTH","CRASH_YEAR","CRN","DAY_OF_WEEK","DEC_LAT","DEC_LONG","DISPATCH_TM","DISTRICT","DRIVER_COUNT_16YR","DRIVER_COUNT_17YR","DRIVER_COUNT_18YR","DRIVER_COUNT_19YR","DRIVER_COUNT_20YR","DRIVER_COUNT_50_64YR","DRIVER_COUNT_65_74YR","DRIVER_COUNT_75PLUS","EST_HRS_CLOSED","FATAL_COUNT","HEAVY_TRUCK_COUNT","HORSE_BUGGY_COUNT","HOUR_OF_DAY","ILLUMINATION","INJURY_COUNT","INTERSECT_TYPE","LANE_CLOSED","LATITUDE","LN_CLOSE_DIR","LOCATION_TYPE","LONGITUDE","MAX_SEVERITY_LEVEL","MCYCLE_DEATH_COUNT","MCYCLE_SUSP_SERIOUS_INJ_COUNT","MOTORCYCLE_COUNT","MUNICIPALITY","NONMOTR_COUNT","NONMOTR_DEATH_COUNT","NONMOTR_SUSP_SERIOUS_INJ_COUNT","NTFY_HIWY_MAINT","PED_COUNT","PED_DEATH_COUNT","PED_SUSP_SERIOUS_INJ_COUNT","PERSON_COUNT","POLICE_AGCY","POSSIBLE_INJ_COUNT","RDWY_SURF_TYPE_CD","RELATION_TO_ROAD","ROAD_CONDITION","SCH_BUS_IND","SCH_ZONE_IND","SMALL_TRUCK_COUNT","SPEC_JURIS_CD","SUSP_MINOR_INJ_COUNT","SUSP_SERIOUS_INJ_COUNT","SUV_COUNT","TCD_FUNC_CD","TCD_TYPE","TFC_DETOUR_IND","TIME_OF_DAY","TOT_INJ_COUNT","TOTAL_UNITS","UNB_DEATH_COUNT","UNB_SUSP_SERIOUS_INJ_COUNT","UNBELTED_OCC_COUNT","UNK_INJ_DEG_COUNT","UNK_INJ_PER_COUNT","URBAN_RURAL","VAN_COUNT","VEHICLE_COUNT","WORK_ZONE_IND","WORK_ZONE_LOC","WORK_ZONE_TYPE","WORKERS_PRES","WZ_CLOSE_DETOUR","WZ_FLAGGER","WZ_LAW_OFFCR_IND","WZ_LN_CLOSURE","WZ_MOVING","WZ_OTHER","WZ_SHLDER_MDN","ROADWAY_CLEARED","WEATHER1","WEATHER2","WZ_WORKERS_INJ_KILLED","SECONDARY_CRASH","INTERSECTION_RELATED"
"1744","0","0","0","0","0","0","0","0","0","7","0","","36","03","2021","2021027812","4","40.0678","-76.0702","1735","08","0","0","0","0","0","0","0","0","","0","0","0","17","1","0","00","2","40 04:03.914","5","00","76 04:12.783","0","0","0","0","36209","0","0","0","N","0","0","0","2","36415","0","","4","09","N","N","0","","0","0","1","0","0","Y","1735","0","1","0","0","0","0","0","1","0","1","N","","","","","","","","","","","1800","07","07","","N","N"
"2010","1","0","0","0","0","0","0","0","0","7","0","","36","03","2021","2021026662","6","39.8949","-76.153","2007","08","0","0","0","0","1","0","0","0","","0","0","0","20","3","0","00","1","39 53:41.640","2","00","76 09:10.890","0","0","0","0","36416","0","0","0","N","0","0","0","1","36416","0","","5","01","N","N","0","","0","0","0","0","0","N","2007","0","1","0","0","0","0","0","1","0","1","N","","","","","","","","","","","2035","03","","","N","N"
"1557","1","0","0","0","0","0","0","0","0","4","0","","36","01","2021","2021002417","6","40.0383","-76.3612","1543","08","0","0","0","0","0","0","1","0","","0","0","0","15","1","0","02","1","40 02:17.757","5","00","76 21:40.345","0","0","0","0","36223","0","0","0","N","0","0","0","2","36223","0","","1","09","N","N","0","","0","0","1","3","3","N","1540","0","2","0","0","0","0","0","1","0","2","N","","","","","","","","","","","0100","07","06","","N",""
"0716","0","0","0","0","0","0","0","0","0","7","0","","36","01","2021","2021001419","2","40.1457","-76.1837","0712","08","0","0","1","0","0","0","0","0","","0","0","0","07","5","0","00","1","40 08:44.348","1","00","76 11:01.236","0","0","0","0","36238","0","0","0","Y","0","0","0","1","36238","0","","2","02","N","N","0","","0","0","0","0","0","N","0712","0","1","0","0","0","0","0","3","1","1","N","","","","","","","","","","","0845","04","","","N","Y"
"1505","0","0","0","0","0","0","0","0","0","0","1","","36","01","2021","2021001526","1","40.2286","-76.117","1455","08","0","0","0","0","0","0","0","0","","0","1","0","14","1","0","00","0","40 13:42.140","","00","76 06:58.263","0","0","0","0","36210","0","0","0","N","0","0","0","1","68T06","0","","1","08","N","N","0","","0","0","0","0","0","","1455","0","1","0","0","0","0","0","1","0","1","N","","","","","","","","","","","","06","07","","N","N"
"2029","0","0","0","0","0","0","0","0","0","7","0","","36","03","2021","2021027213","7","39.7734","-76.1636","2013","08","0","0","0","0","0","0","0","0","","0","0","0","20","2","0","00","0","39 46:24.064","","00","76 09:48.980","0","0","0","0","36219","0","0","0","N","0","0","0","1","68J01","0","","5","01","N","N","1","","0","0","0","0","0","","2013","0","1","0","0","0","0","0","1","0","1","N","","","","","","","","","","","","03","03","","N","N"
"0843","1","0","0","0","0","0","0","0","0","4","0","","36","01","2021","2021002023","2","40.1033","-76.4311","0836","08","0","0","0","0","0","1","0","0","","0","1","0","08","1","1","00","2","40 06:11.768","3","00","76 25:52.028","3","0","0","0","36239","0","0","0","N","0","0","0","2","36239","0","","1","01","N","N","0","","1","0","1","0","0","Y","0832","1","3","0","0","0","0","0","3","0","3","N","","","","","","","","","","","1001","03","","","N","N"
"0638","0","0","0","0","0","0","0","0","0","7","0","","36","01","2021","2021001590","3","40.0328","-76.2338","0636","08","0","0","0","0","0","0","0","0","","0","0","0","06","2","0","00","1","40 01:58.002","2","00","76 14:01.611","0","0","0","0","36215","0","0","0","N","0","0","0","2","36215","0","","2","09","N","N","0","","0","0","1","0","0","N","0634","0","1","0","0","0","0","0","1","0","1","N","","","","","","","","","","","0715","04","","","N","N"
"0733","1","0","0","0","0","0","0","0","0","7","0","","36","01","2021","2021001966","2","39.8584","-76.0819","0705","08","0","0","0","0","0","0","0","0","","0","0","0","07","5","1","00","2","39 51:30.240","5","00","76 04:54.969","3","0","0","0","36205","0","0","0","Y","0","0","0","1","68J01","0","","4","02","N","N","0","","1","0","0","0","0","Y","0705","1","1","0","0","0","0","0","1","0","1","N","","","","","","","","","","","0830","05","","","N","N"
"0636","2","0","0","0","0","0","0","0","0","2","0","","36","01","2021","2021000837","1","40.1242","-76.3421","0627","08","0","0","0","0","0","0","0","0","","0","0","0","06","2","1","00","0","40 07:27.098","","00","76 20:31.500","8","0","0","0","36101","0","0","0","N","0","0","0","2","36101","0","","1","06","N","N","0","","0","0","0","0","0","","0624","1","2","0","0","0","1","0","3","0","2","N","","","","","","","","","","","","09","06","","N","N"
"1143","2","0","0","0","0","0","0","0","0","2","0","","36","01","2021","2021002413","7","40.08","-76.3391","1136","08","0","0","0","1","0","0","0","0","","0","0","0","11","1","0","00","1","40 04:48.062","1","07","76 20:20.861","0","0","0","0","36101","0","0","0","N","0","0","0","2","36101","0","","1","09","N","N","0","","0","0","0","0","0","N","1130","0","2","0","0","0","0","0","3","0","2","N","","","","","","","","","","","0100","03","","","N","N"
"0839","1","0","0","0","0","0","0","0","0","1","0","","36","01","2021","2021001560","3","40.2149","-76.0882","0822","08","0","0","0","0","0","1","0","0","","0","0","0","08","1","0","06","0","40 12:53.542","","02","76 05:17.535","0","0","0","0","36210","0","0","0","N","0","0","0","2","36210","0","","1","09","N","N","1","","0","0","0","3","3","","0822","0","2","0","0","0","0","0","1","0","2","N","","","","","","","","","","","","04","","","N","N"
"1940","2","0","0","0","0","0","0","0","0","4","0","","36","01","2021","2021002208","4","40.0698","-76.3171","1936","08","0","1","0","0","0","0","0","0","","0","0","0","19","3","0","01","1","40 04:11.407","1","00","76 19:01.471","0","0","0","0","36101","0","0","0","N","0","0","0","2","36101","0","","1","01","N","N","0","","0","0","0","3","2","N","1935","0","2","0","0","0","0","0","3","0","2","N","","","","","","","","","","","1830","03","","","N",""
"1220","0","0","0","0","0","0","0","0","0","5","0","","36","01","2021","2021000280","6","40.0181","-76.3172","1212","08","0","0","0","0","0","0","0","0","","0","0","0","12","1","0","00","0","40 01:05.260","","00","76 19:01.940","0","0","0","0","36220","0","0","0","N","0","0","0","1","36101","0","","1","09","N","N","0","","0","0","2","0","0","","1210","0","2","0","0","0","0","0","3","0","2","N","","","","","","","","","","","","07","","","N","N"
"2358","1","0","0","0","0","0","0","0","0","4","0","","36","02","2021","2021018946","7","40.0403","-76.245","2355","08","0","0","0","0","0","0","0","0","","0","0","0","23","2","1","07","1","40 02:25.231","4","02","76 14:41.992","3","0","0","0","36215","0","0","0","N","0","0","0","2","36215","0","","1","01","N","N","1","","1","0","0","0","0","N","2352","1","2","0","0","0","0","0","1","0","2","N","","","","","","","","","","","0124","03","","","N",""
"0621","0","0","0","0","0","0","0","0","0","7","0","","36","02","2021","2021018312","5","39.9916","-76.4699","0559","08","0","0","0","0","0","0","0","0","","0","0","0","05","2","0","02","0","39 59:29.848","","00","76 28:11.675","0","0","0","0","36223","0","0","0","N","0","0","0","1","36223","0","","5","07","N","N","0","","0","0","1","3","3","","0556","0","1","0","0","0","0","0","1","0","1","N","","","","","","","","","","","","10","98","","N",""
"0740","1","0","0","0","0","0","0","0","0","5","0","","36","03","2021","2021026646","6","40.0326","-76.3001","0730","08","0","0","1","0","0","0","0","0","","0","0","0","07","1","0","00","0","40 01:57.409","","00","76 18:00.250","0","0","0","0","36301","0","0","0","N","0","0","0","2","36301","0","","1","01","N","N","0","","0","0","1","0","0","N","0730","0","2","0","0","0","0","0","3","0","2","N","","","","","","","","","","","","03","","","N","N"
"0815","0","0","0","0","0","0","0","0","0","4","1","","36","03","2021","2021027690","4","39.8963","-76.1609","0811","08","0","0","0","0","0","0","1","0","","0","1","0","08","1","0","01","1","39 53:46.719","2","00","76 09:39.153","0","0","0","0","36416","0","0","0","N","0","0","0","2","36416","0","","1","01","N","N","0","","0","0","0","3","3","N","0811","0","2","0","0","0","0","0","1","1","2","N","","","","","","","","","","","0840","03","","","N","N"
"2022","1","0","0","0","0","0","0","0","0","8","0","","36","03","2021","2021026158","2","40.0203","-76.3277","2021","08","0","0","0","0","0","0","0","0","","0","0","0","20","2","1","00","2","40 01:12.930","6","07","76 19:39.580","3","0","0","0","36220","1","0","0","N","1","0","0","3","36101","0","","1","01","N","N","0","","1","0","0","0","0","N","2019","1","2","0","0","0","0","0","3","0","1","N","","","","","","","","","","","2051","03","","","N","N"
"0841","1","0","0","0","0","0","0","0","0","7","0","","36","01","2021","2021001304","1","40.244","-76.1275","0814","08","0","0","0","0","0","0","0","0","","0","0","0","08","1","0","00","0","40 14:38.553","","03","76 07:38.868","0","0","0","0","36210","0","0","0","N","0","0","0","1","36210","0","","5","02","N","N","0","","0","0","0","0","0","","0814","0","1","0","0","0","0","0","1","0","1","N","","","","","","","","","","","","09","","","N","N"
"2010","3","0","0","0","0","0","0","0","0","4","0","","36","01","2021","2021000769","1","39.9858","-76.2836","2007","08","0","0","0","2","0","0","0","0","","0","0","0","20","1","0","01","1","39 59:08.888","3","00","76 17:01.092","0","0","0","0","36240","0","0","0","N","0","0","0","5","36240","0","","1","09","N","N","0","","0","0","0","3","2","N","2006","0","3","0","0","0","0","0","1","0","3","N","","","","","","","","","","","0855","07","","","N",""
"2105","1","0","0","0","0","0","0","0","0","7","0","","36","01","2021","2021000838","1","40.0513","-76.3955","2059","08","0","0","0","1","0","0","0","0","","0","0","0","20","3","0","01","1","40 03:04.551","4","00","76 23:43.937","0","0","0","0","36214","0","0","0","N","0","0","0","1","36214","0","","4","09","N","N","0","","0","0","0","3","4","N","2055","0","1","0","0","0","0","0","3","0","1","N","","","","","","","","","","","2156","07","","","N",""
"1700","1","0","0","0","0","0","0","0","0","1","0","","36","01","2021","2021001302","2","40.2077","-76.1403","1659","08","0","0","0","0","0","0","0","1","","0","0","0","16","4","0","02","0","40 12:27.845","","00","76 08:25.012","0","0","0","0","36210","0","0","0","N","0","0","0","2","36210","0","","1","01","N","N","0","","0","0","1","3","3","","1659","0","2","0","0","0","0","0","1","0","2","N","","","","","","","","","","","","03","","","N","N"
"0748","0","0","0","0","0","0","1","0","0","4","1","","36","02","2021","2021018782","4","40.045","-76.2837","0743","08","0","0","0","0","0","0","0","0","","0","0","0","07","1","0","01","2","40 02:41.866","3","00","76 17:01.184","0","0","0","0","36301","0","0","0","N","0","0","0","3","36301","0","","1","09","Y","N","0","","0","0","1","3","2","N","0739","0","2","0","0","0","0","0","3","0","2","N","","","","","","","","","","","0814","03","03","","N",""
"1025","0","0","0","0","0","0","0","0","0","1","0","","36","02","2021","2021019130","5","40.0229","-76.362","1025","08","0","0","0","0","1","1","0","0","","0","0","0","10","1","0","00","0","40 01:22.337","","00","76 21:43.219","0","0","0","0","36223","0","0","0","N","0","0","0","2","36223","0","","1","09","N","N","2","","0","0","0","0","0","","1025","0","2","0","0","0","0","0","1","0","2","N","","","","","","","","","","","","04","98","","N","N"
"2138","0","0","0","0","0","0","0","0","0","7","0","","36","02","2021","2021019382","5","40.1855","-76.0462","2052","08","0","0","0","0","0","0","0","0","","0","0","0","20","2","2","00","2","40 11:07.721","6","00","76 02:46.222","4","0","0","0","36202","0","0","0","N","0","0","0","4","68J01","2","","4","02","N","N","0","","0","0","1","0","0","Y","2051","2","1","0","0","0","0","0","1","0","1","N","","","","","","","","","","","2300","06","","","N","N"
"0546","0","0","0","0","0","0","0","0","0","98","0","","36","01","2021","2021001505","1","40.2445","-76.2292","0540","08","0","0","0","0","0","0","0","0","","0","0","0","05","2","0","00","0","40 14:40.286","","00","76 13:43.972","0","0","0","0","36204","0","0","0","N","0","0","0","4","68T06","0","","1","01","N","N","0","","0","0","0","0","0","","0537","0","1","0","0","0","0","0","1","1","1","N","","","","","","","","","","","","03","","","N","N"
"1925","2","0","0","0","0","0","0","0","0","5","0","","36","01","2021","2021000836","7","40.0815","-76.3283","1924","08","0","0","0","0","0","1","0","0","","0","0","0","19","2","0","00","0","40 04:53.540","","00","76 19:41.900","0","0","0","0","36101","0","0","0","N","0","0","0","1","36101","0","","6","01","N","N","0","","0","0","0","0","0","","1919","0","2","0","0","0","0","0","3","0","2","N","","","","","","","","","","","","03","03","","N","N"
"0951","0","0","0","0","0","0","0","0","0","4","1","","36","02","2021","2021016733","5","40.0515","-76.3039","0942","08","0","0","0","0","0","1","0","0","","0","1","0","09","1","0","01","0","40 03:05.233","","00","76 18:13.882","0","0","0","0","36301","0","0","0","N","0","0","0","2","36301","0","","1","06","N","N","0","","0","0","1","3","2","","0941","0","2","0","0","0","0","0","3","0","2","N","","","","","","","","","","","","10","04","","N",""
"0932","0","0","0","0","0","0","0","0","0","1","1","","36","02","2021","2021018309","2","40.0695","-76.3311","0924","08","0","0","0","0","0","0","0","0","","0","1","0","09","1","1","01","1","40 04:10.251","1","00","76 19:52.060","3","0","0","0","36101","0","0","0","N","0","0","0","2","36101","0","","1","07","N","N","0","","1","0","1","3","2","N","0903","1","2","0","0","0","0","0","3","0","2","N","","","","","","","","","","","0903","10","","","N",""
"2156","0","0","0","0","0","0","0","0","0","7","0","","36","02","2021","2021017761","7","40.0262","-76.4325","2150","08","0","0","1","0","0","0","0","0","","0","0","0","21","2","0","00","2","40 01:34.321","5","00","76 25:57.045","0","0","0","0","36223","0","0","0","N","0","0","0","2","36223","0","","2","07","N","N","1","","0","0","0","0","0","N","2145","0","1","0","0","0","0","0","1","0","1","N","","","","","","","","","","","2220","02","03","","N","N"
"2024","1","0","0","0","0","0","0","0","0","2","0","","36","02","2021","2021019462","5","40.0614","-76.3596","2021","08","0","0","0","0","0","0","1","0","","0","0","0","20","3","2","01","1","40 03:41.086","2","08","76 21:34.594","3","0","0","0","36214","0","0","0","N","0","0","0","4","36214","0","","1","01","N","N","0","","2","0","2","3","2","N","2017","2","3","0","0","0","0","0","3","0","3","N","","","","","","","","","","","2118","03","03","","N",""
"1314","0","0","0","0","0","0","0","0","0","1","0","","36","02","2021","2021019127","1","40.1138","-76.3056","1307","08","0","0","0","0","0","0","0","0","","0","0","0","13","1","1","01","1","40 06:49.608","1","00","76 18:20.148","3","0","0","0","36101","0","0","0","N","0","0","0","3","36101","0","","1","01","N","N","0","","1","0","2","3","2","N","1306","1","2","0","0","0","0","0","3","0","2","N","","","","","","","","","","","1355","03","03","","N",""
"0521","0","0","0","0","0","0","0","0","0","4","0","","36","02","2021","2021017846","1","40.0949","-76.5432","0459","08","0","0","0","0","0","0","0","0","","0","0","0","00","2","0","00","0","40 05:41.630","","00","76 32:35.650","9","0","0","0","36211","0","0","0","N","0","0","0","1","36504","0","","2","02","N","N","1","","0","0","1","0","0","","0037","0","2","0","0","0","0","1","1","0","2","N","","","","","","","","","","","","03","","","N","N"
"0339","1","0","0","0","0","0","0","0","0","7","0","","36","02","2021","2021018643","1","39.9937","-76.0312","0330","08","0","0","0","1","0","0","0","0","","0","0","0","03","2","0","00","1","39 59:37.271","3","00","76 01:52.212","0","0","0","0","36232","0","0","0","N","0","0","0","1","68J01","0","","4","01","N","N","0","","0","0","0","0","0","N","0329","0","1","0","0","0","0","0","1","0","1","N","","","","","","","","","","","0350","03","03","","N","N"
"0004","3","0","0","0","0","0","0","0","0","4","0","","36","02","2021","2021017352","7","40.0384","-76.3168","0001","08","0","0","0","0","0","0","0","0","","0","0","0","00","3","0","00","2","40 02:18.189","4","00","76 19:00.376","0","0","0","0","36301","0","0","0","N","0","0","0","1","36301","0","","6","02","N","N","0","","0","0","0","0","0","Y","0001","0","3","0","0","0","0","0","3","0","3","N","","","","","","","","","","","0030","03","03","","N","N"
"1001","0","0","0","0","0","0","0","0","0","7","0","","36","02","2021","2021018654","2","39.9199","-76.063","0919","08","0","0","0","0","0","0","0","0","","0","0","0","09","1","0","00","1","39 55:11.624","1","00","76 03:46.886","0","0","0","0","36201","0","0","0","N","0","0","0","1","68J01","0","","4","07","N","N","1","","0","0","0","0","0","N","0914","0","1","0","0","0","0","0","1","0","1","N","","","","","","","","","","","1025","03","","","N","N"
"2328","0","0","0","0","0","0","0","0","0","7","0","","36","02","2021","2021017816","7","40.0919","-76.5921","2320","08","0","0","0","0","0","0","0","0","","0","0","0","23","2","0","00","0","40 05:30.681","","00","76 35:31.481","0","0","0","0","36211","0","0","0","N","0","0","0","1","36504","0","","5","02","N","N","0","","0","0","1","0","0","","2317","0","1","0","0","0","0","0","1","0","1","N","","","","","","","","","","","","03","","","N","N"
"1130","1","0","0","0","0","0","0","0","0","7","0","","36","02","2021","2021019374","2","39.8164","-76.1316","1127","08","0","0","1","0","0","0","0","0","","0","0","0","11","1","1","00","2","39 48:58.866","1","00","76 07:53.687","3","0","0","0","36222","0","0","0","N","0","0","0","1","68J01","0","","4","09","N","N","0","","1","0","0","0","0","N","1125","1","1","0","0","0","0","0","1","0","1","N","","","","","","","","","","","1227","03","03","","N","N"
"0714","1","0","0","0","0","0","0","0","0","7","0","","36","01","2021","2021002024","3","40.0438","-76.431","0706","08","0","0","0","0","0","0","1","0","","0","0","0","07","5","0","00","2","40 02:37.698","4","00","76 25:51.575","0","0","0","0","36239","0","0","0","Y","0","0","0","1","36239","0","","3","01","N","N","0","","0","0","0","0","0","N","0703","0","1","0","0","0","0","0","3","0","1","N","","","","","","","","","","","0756","04","04","","N","N"
"1016","1","0","0","0","0","0","0","0","0","4","1","","36","02","2021","2021017622","6","40.1298","-76.2166","1010","08","0","0","0","0","0","1","0","0","","0","1","0","10","1","0","01","0","40 07:47.994","","02","76 12:59.417","0","0","0","0","36238","0","0","0","N","0","0","0","3","36238","0","","1","06","N","N","0","","0","0","0","3","2","","1010","0","2","0","0","0","0","0","3","0","2","N","","","","","","","","","","","","02","","","N","N"
"2122","0","0","0","0","0","0","0","0","0","0","1","","36","02","2021","2021018308","5","40.1141","-76.2415","2110","08","0","0","0","0","0","0","0","0","","0","1","0","20","2","0","00","2","40 06:50.607","2","00","76 14:29.282","0","0","0","0","36101","0","0","0","N","0","0","0","1","36101","0","","1","02","N","N","0","","0","0","0","0","0","Y","2058","0","1","0","0","0","0","0","3","0","1","N","","","","","","","","","","","2300","06","","","N","N"
"0501","0","0","0","0","0","0","0","0","0","7","0","","36","01","2021","2021002176","2","39.9601","-76.2451","0453","08","0","0","0","0","0","0","0","0","","0","0","0","04","2","0","00","0","39 57:36.345","","00","76 14:42.531","0","0","0","0","36240","0","0","0","N","0","0","0","1","36240","0","","4","02","N","N","1","","0","0","0","0","0","","0449","0","1","0","0","0","0","0","1","0","1","N","","","","","","","","","","","","04","","","N","N"
"1917","0","0","0","0","0","0","0","0","0","7","0","","36","01","2021","2021000835","6","40.0384","-76.3257","1911","08","0","0","0","0","0","0","0","0","","0","0","0","19","3","0","00","2","40 02:18.305","6","00","76 19:32.382","0","0","0","0","36220","0","0","0","N","0","0","0","1","36101","0","","5","09","N","N","0","","0","0","1","0","0","Y","1910","0","1","0","0","0","0","0","3","0","1","N","","","","","","","","","","","2000","07","07","","N","N"
"1644","2","0","0","0","0","0","0","0","0","4","0","","36","01","2021","2021001080","6","40.0685","-76.3074","1637","08","0","0","0","0","0","0","0","0","","0","0","0","16","3","3","01","1","40 04:06.527","1","00","76 18:26.750","3","0","0","0","36101","0","0","0","N","0","0","0","5","36101","0","","1","09","N","N","0","","3","0","0","3","2","N","1625","3","2","0","0","0","0","0","3","0","2","N","","","","","","","","","","","1745","07","","","N",""
"0643","0","0","0","0","0","0","0","0","0","7","0","","36","01","2021","2021001589","2","40.0821","-76.1918","0632","08","0","0","0","0","0","0","0","0","","0","0","0","06","2","1","00","1","40 04:55.496","5","00","76 11:30.513","3","0","0","0","36234","0","0","0","N","0","0","0","1","36215","0","","5","02","N","N","0","","1","0","1","0","0","N","0631","1","1","0","0","0","0","0","1","0","1","N","","","","","","","","","","","0711","04","","","N","N"
"0023","1","0","1","0","0","0","0","0","0","7","0","","36","02","2021","2021016277","7","40.1437","-76.6102","0021","08","0","0","0","0","0","0","0","0","","0","0","0","00","3","1","00","0","40 08:37.322","","00","76 36:36.624","2","0","0","0","36407","0","0","0","N","0","0","0","1","36407","0","","4","07","","","0","","0","1","0","0","0","","0021","1","1","0","0","0","0","0","2","0","1","N","","","","","","","","","","","","03","03","","N","N"
"2103","0","0","0","0","0","0","0","0","0","5","1","","36","02","2021","2021017013","5","40.1686","-76.1504","2103","08","0","0","0","0","0","0","0","0","","0","1","0","21","2","1","00","2","40 10:06.694","2","00","76 09:01.513","3","0","0","0","36218","0","0","0","N","0","0","0","2","36408","0","","1","02","N","N","0","","1","0","1","0","0","Y","2103","1","2","0","0","0","0","0","1","0","2","N","","","","","","","","","","","2345","06","","","Y","N"
"0500","0","0","0","0","0","0","0","0","0","7","0","","36","02","2021","2021018947","3","39.9552","-76.4176","0452","08","0","1","0","0","0","0","0","0","","0","0","0","04","2","0","00","1","39 57:18.650","2","00","76 25:03.470","0","0","0","0","36223","0","0","0","N","0","0","0","1","36223","0","","4","02","N","N","1","","0","0","0","0","0","N","0449","0","1","0","0","0","0","0","1","0","1","N","","","","","","","","","","","0609","03","03","","N","N"
"0109","1","0","0","0","0","0","0","0","0","7","0","","36","01","2021","2021001081","6","40.0526","-76.3781","0106","08","0","0","0","0","0","0","0","0","","0","0","0","01","2","0","00","0","40 03:09.483","","00","76 22:41.014","0","0","0","0","36214","0","0","0","N","0","0","0","1","36214","0","","5","01","N","N","0","","0","0","0","0","0","","0106","0","1","0","0","0","0","0","3","0","1","N","","","","","","","","","","","","03","","","N","N"
"0959","1","0","0","0","0","0","0","0","0","7","0","","36","01","2021","2021000533","1","40.2595","-76.1526","0958","08","0","0","1","0","0","0","0","0","","0","0","0","09","1","0","00","1","40 15:34.365","6","00","76 09:09.506","0","0","0","0","36236","0","0","0","N","0","0","0","1","36408","0","","2","02","N","N","0","","0","0","0","0","0","Y","0955","0","1","0","0","0","0","0","1","0","1","N","","","","","","","","","","","1033","10","06","","N","N"
"1411","2","0","0","0","0","0","0","0","0","6","0","","36","02","2021","2021018660","2","40.2148","-76.3019","1408","08","0","0","0","0","0","0","0","0","","0","0","0","14","1","0","00","2","40 12:53.247","1","00","76 18:06.728","0","0","0","0","36217","0","0","0","N","0","0","0","3","68J01","0","","1","07","N","N","0","","0","0","1","0","0","N","1404","0","3","0","0","0","0","0","1","0","3","N","","","","","","","","","","","1500","04","","","N","N"
"1254","0","0","0","0","0","0","0","0","0","5","1","","36","02","2021","2021018948","2","40.0401","-76.4476","1245","08","0","0","0","0","0","0","0","0","","0","1","0","12","1","0","00","1","40 02:24.223","3","00","76 26:51.452","0","0","0","0","36239","0","0","0","Y","0","0","0","3","36239","0","","1","06","N","N","0","","0","0","1","0","0","Y","1240","0","2","0","0","0","0","0","3","0","2","N","","","","","","","","","","","1358","09","10","","N","N"
"1647","0","0","0","0","0","0","0","0","0","4","1","","36","02","2021","2021016302","3","40.0369","-76.301","1647","08","0","0","0","0","0","1","0","0","","0","1","0","16","1","0","05","2","40 02:12.683","1","00","76 18:03.760","0","0","0","0","36301","0","0","0","N","0","0","0","2","36301","0","","1","01","N","N","0","","0","0","1","3","2","Y","1643","0","2","0","0","0","0","0","3","0","2","N","","","","","","","","","","","1808","04","","","N",""
"0601","0","0","0","0","0","0","0","0","0","7","0","","36","01","2021","2021001964","2","39.9835","-76.1274","0551","08","0","0","0","0","0","0","0","0","","0","0","0","05","2","1","00","1","39 59:00.687","4","00","76 07:38.700","3","0","0","0","36226","0","0","0","N","0","0","0","1","68J01","0","","4","02","N","N","1","","1","0","0","0","0","N","0547","1","1","0","0","0","0","0","1","0","1","N","","","","","","","","","","","0800","98","98","","N","N"
"0821","1","0","0","0","0","0","0","0","0","7","0","","36","01","2021","2021002414","4","40.1237","-76.3763","0813","08","0","0","0","0","0","1","0","0","","0","0","0","08","1","1","00","2","40 07:25.485","5","00","76 22:34.630","3","0","0","0","36214","0","0","0","N","0","0","0","1","36214","0","","5","01","N","N","0","","1","0","0","0","0","Y","0812","1","1","0","0","0","0","0","3","0","1","N","","","","","","","","","","","1100","03","","","N","N"
"0547","0","0","0","0","0","0","0","0","0","7","0","","36","01","2021","2021002764","2","40.0429","-76.2094","0542","08","0","0","0","0","0","0","0","0","","0","0","0","05","2","2","00","0","40 02:34.519","","03","76 12:33.883","3","0","0","0","36215","0","0","0","N","0","0","0","2","36215","0","","2","02","N","N","0","","2","0","1","0","0","","0540","2","1","0","0","0","0","0","1","0","1","N","","","","","","","","","","","","06","","","N","N"
"1319","1","0","0","0","0","0","0","0","0","7","0","","36","01","2021","2021002412","6","40.0706","-76.3269","1315","08","0","0","0","0","0","0","0","0","","0","0","0","13","1","2","00","1","40 04:14.637","4","00","76 19:36.019","3","0","0","0","36101","0","0","0","N","0","0","0","2","36101","1","","5","09","N","N","0","","1","0","0","0","0","N","1314","2","2","0","0","0","0","0","3","0","1","N","","","","","","","","","","","0020","07","","","N","N"
"0635","1","0","0","0","0","0","0","0","0","2","0","","36","02","2021","2021019615","3","40.0379","-76.2737","0628","08","0","0","0","0","0","0","0","0","","0","0","0","06","5","1","00","2","40 02:16.375","6","03","76 16:25.450","3","0","0","0","36220","0","0","0","N","0","0","0","2","36101","0","","6","02","N","N","0","","1","0","1","0","0","Y","0625","1","2","0","0","0","0","0","3","0","2","N","","","","","","","","","","","0130","03","","","N","N"