"ARRIVAL_TM","AUTOMOBILE_COUNT","BELTED_DEATH_COUNT","BELTED_SUSP_SERIOUS_INJ_COUNT","BICYCLE_COUNT","BICYCLE_DEATH_COUNT","BICYCLE_SUSP_SERIOUS_INJ_COUNT","BUS_COUNT","CHLDPAS_DEATH_COUNT","CHLDPAS_SUSP_SERIOUS_INJ_COUNT","COLLISION_TYPE","COMM_VEH_COUNT","CONS_ZONE_SPD_LIM","COUNTY","CRASH_MONTH","CRASH_YEAR","CRN","DAY_OF_WEEK","DEC_LAT","DEC_LONG","DISPATCH_TM","DISTRICT","DRIVER_COUNT_16YR","DRIVER_COUNT_17YR","DRIVER_COUNT_18YR","DRIVER_COUNT_19YR","DRIVER_COUNT_20YR","DRIVER_COUNT_50_64YR","DRIVER_COUNT_65_74YR","DRIVER_COUNT_75PLUS","EST_HRS_CLOSED","FATAL_COUNT","HEAVY_TRUCK_COUNT","HORSE_BUGGY_COUNT","HOUR_OF_DAY","ILLUMINATION","INJURY_COUNT","INTERSECT_TYPE","LANE_CLOSED","LATITUDE","LN_CLOSE_DIR","LOCATION_TYPE","LONGITUDE","MAX_SEVERITY_LEVEL","MCYCLE_DEATH_COUNT","MCYCLE_SUSP_SERIOUS_INJ_COUNT","MOTORCYCLE_COUNT","MUNICIPALITY","NONMOTR_COUNT","NONMOTR_DEATH_COUNT","NONMOTR_SUSP_SERIOUS_INJ_COUNT","NTFY_HIWY_MAINT","PED_COUNT","PED_DEATH_COUNT","PED_SUSP_SERIOUS_INJ_COUNT","PERSON_COUNT","POLICE_AGCY","POSSIBLE_INJ_COUNT","RDWY_SURF_TYPE_CD","RELATION_TO_ROAD","ROAD_CONDITION","SCH_BUS_IND","SCH_ZONE_IND","SMALL_TRUCK_COUNT","SPEC_JURIS_CD","SUSP_MINOR_INJ_COUNT","SUSP_SERIOUS_INJ_COUNT","SUV_COUNT","TCD_FUNC_CD","TCD_TYPE","TFC_DETOUR_IND","TIME_OF_DAY","TOT_INJ_COUNT","TOTAL_UNITS","UNB_DEATH_COUNT","UNB_SUSP_SERIOUS_INJ_COUNT","UNBELTED_OCC_COUNT","UNK_INJ_DEG_COUNT","UNK_INJ_PER_COUNT","URBAN_RURAL","VAN_COUNT","VEHICLE_COUNT","WORK_ZONE_IND","WORK_ZONE_LOC","WORK_ZONE_TYPE","WORKERS_PRES","WZ_CLOSE_DETOUR","WZ_FLAGGER","WZ_LAW_OFFCR_IND","WZ_LN_CLOSURE","WZ_MOVING","WZ_OTHER","WZ_SHLDER_MDN","ROADWAY_CLEARED","WEATHER1","WEATHER2","WZ_WORKERS_INJ_KILLED","SECONDARY_CRASH","INTERSECTION_RELATED"
"1418","1","0","0","0","0","0","0","0","0","7","0","","36","02","2021","2021019378","4","39.7707","-76.1232","1334","08","0","0","0","0","0","0","0","0","","0","0","0","13","1","0","00","1","39 46:14.348","1","00","76 07:23.563","0","0","0","0","36222","0","0","0","N","0","0","0","1","68J01","0","","4","01","N","N","0","","0","0","0","0","0","N","1332","0","1","0","0","0","0","0","1","0","1","N","","","","","","","","","","","1500","03","","","N","N"
"0621","0","0","0","0","0","0","0","0","0","0","0","","36","02","2021","2021019377","4","40.0587","-76.069","0604","08","0","0","0","0","0","0","0","0","","0","0","0","06","2","0","00","2","40 03:31.198","5","00","76 04:08.348","0","0","0","0","36221","0","0","0","N","0","0","0","1","68J01","0","","4","02","N","N","1","","0","0","0","0","0","Y","0603","0","1","0","0","0","0","0","1","0","1","N","","","","","","","","","","","0030","03","","","N","N"
"0902","0","0","0","0","0","0","0","0","0","4","1","","36","02","2021","2021018949","7","40.0986","-76.1012","0856","08","0","0","0","0","0","2","0","0","","0","1","0","08","1","2","01","0","40 05:55.117","","00","76 06:04.352","8","0","0","0","36415","0","0","0","N","0","0","0","4","36415","0","","1","01","N","N","0","","0","0","1","3","2","","0856","2","3","0","0","0","2","0","1","0","3","N","","","","","","","","","","","","03","03","","N",""
"1442","0","0","0","0","0","0","0","0","0","4","0","","36","02","2021","2021018519","5","40.077","-76.5541","1440","08","0","0","0","0","0","1","0","0","","0","0","0","14","1","2","01","2","40 04:37.275","5","00","76 33:14.778","8","0","0","0","36211","0","0","0","N","0","0","0","4","36504","0","","1","01","N","N","0","","0","0","2","2","3","Y","1439","2","2","0","0","0","2","0","1","0","2","N","","","","","","","","","","","1545","03","","","N",""
"1250","0","0","0","0","0","0","0","0","0","5","1","","36","02","2021","2021019394","2","40.0148","-75.9909","1215","08","0","0","0","0","0","0","0","1","","0","1","0","11","1","0","03","0","40 00:53.390","","00","75 59:27.393","0","0","0","0","36232","0","0","0","N","0","0","0","2","68J01","0","","1","07","N","N","1","","0","0","0","0","0","","1150","0","2","0","0","0","0","0","1","0","2","N","","","","","","","","","","","","02","10","","N","N"
"2103","0","0","0","0","0","0","0","0","0","7","1","","36","02","2021","2021017019","5","40.1686","-76.1504","2103","08","0","0","0","0","0","0","0","0","","0","1","0","20","2","0","00","2","40 10:06.694","2","00","76 09:01.513","0","0","0","0","36218","0","0","0","Y","0","0","0","1","36408","0","","3","02","N","N","0","","0","0","0","0","0","Y","2013","0","1","0","0","0","0","0","1","0","1","N","","","","","","","","","","","2345","06","","","Y","N"
"0642","1","0","0","0","0","0","0","0","0","7","0","","36","02","2021","2021017759","6","40.0606","-76.3601","0640","08","0","0","0","0","0","0","0","0","","0","0","0","06","1","0","00","0","40 03:38.348","","00","76 21:35.152","0","0","0","0","36214","0","0","0","N","0","0","0","1","36214","0","","2","07","N","N","0","","0","0","0","0","0","","0637","0","1","0","0","0","0","0","3","0","1","N","","","","","","","","","","","","10","","","N","N"
"0632","0","0","0","0","0","0","0","0","0","4","1","","36","02","2021","2021017208","5","40.1424","-76.3044","0630","08","0","0","0","0","0","0","0","0","","0","1","0","06","5","0","02","0","40 08:32.707","","00","76 18:15.685","0","0","0","0","36409","0","0","0","N","0","0","0","2","36409","0","","1","07","N","N","0","","0","0","1","3","3","","0627","0","2","0","0","0","0","0","3","0","2","N","","","","","","","","","","","","10","98","","N",""
"1602","0","0","0","0","0","0","0","0","0","7","0","","36","02","2021","2021019351","2","39.9012","-76.2414","1602","08","0","0","0","0","0","0","0","0","","0","0","0","16","1","0","00","0","39 54:04.311","","00","76 14:28.943","0","0","0","0","36229","0","0","0","N","0","0","0","1","68J01","0","","4","07","N","N","0","","0","0","1","0","0","","1602","0","1","0","0","0","0","0","1","0","1","N","","","","","","","","","","","","10","","","N","N"
"1210","0","0","0","0","0","0","0","0","0","7","1","","36","02","2021","2021017908","5","40.1632","-76.1516","1202","08","0","0","0","0","0","1","0","0","","0","1","0","11","1","0","00","2","40 09:47.388","2","03","76 09:05.854","0","0","0","0","36218","0","0","0","Y","0","0","0","1","36408","0","","2","07","N","N","0","","0","0","0","0","0","Y","1159","0","1","0","0","0","0","0","1","0","1","N","","","","","","","","","","","1515","10","","","N","N"
"1315","1","0","0","0","0","0","0","0","0","7","0","","36","02","2021","2021017497","3","40.0853","-76.3055","1311","08","0","0","0","0","0","0","1","0","","0","0","0","13","1","1","00","0","40 05:06.920","","00","76 18:19.700","8","0","0","0","36101","0","0","0","N","0","0","0","1","36101","0","","5","09","N","N","0","","0","0","0","0","0","","1309","1","1","0","0","0","1","0","3","0","1","N","","","","","","","","","","","","03","","","N","N"
"0842","1","0","0","0","0","0","0","0","0","7","0","","36","01","2021","2021002022","1","40.1037","-76.4333","0832","08","0","0","0","0","0","0","0","0","","0","0","0","08","1","1","00","2","40 06:13.275","6","00","76 25:59.970","3","0","0","0","36239","0","0","0","N","0","0","0","1","36239","0","","2","02","N","N","0","","1","0","0","0","0","Y","0830","1","1","0","0","0","0","0","3","0","1","N","","","","","","","","","","","0930","06","09","","N","N"
"1319","1","0","0","0","0","0","0","0","0","7","0","","36","02","2021","2021019271","4","39.9827","-76.1747","1318","08","0","0","0","0","0","0","0","0","","0","0","0","13","1","2","00","0","39 58:57.849","","00","76 10:29.079","2","0","0","0","36417","0","0","0","N","0","0","0","2","36417","0","","4","01","N","N","0","","0","1","0","0","0","","1318","2","1","0","1","1","1","0","1","0","1","N","","","","","","","","","","","","03","03","","N","N"
"0356","1","0","0","0","0","0","0","0","0","98","0","","36","02","2021","2021017569","7","40.2612","-76.1416","0356","08","0","0","0","0","1","0","0","0","","0","0","0","03","3","0","00","0","40 15:40.144","","00","76 08:29.626","0","0","0","0","36236","0","0","0","N","0","0","0","1","36408","0","","5","07","N","N","0","","0","0","0","0","0","N","0356","0","1","0","0","0","0","0","1","0","1","N","","","","","","","","","","","","10","","","Y","N"
"0143","2","0","0","0","0","0","0","0","0","2","0","","36","02","2021","2021017610","1","40.044","-76.3242","0140","08","0","0","0","0","1","0","0","0","","0","0","0","01","3","1","01","1","40 02:38.378","4","00","76 19:27.213","8","0","0","0","36301","0","0","0","N","0","0","0","4","36301","0","","1","01","N","N","0","","0","0","0","3","2","N","0140","1","2","0","0","0","1","0","3","0","2","N","","","","","","","","","","","0234","03","03","","N","N"
"0110","2","0","0","0","0","0","0","0","0","4","0","","36","02","2021","2021019129","3","40.0508","-76.3621","0053","08","0","0","0","0","0","0","0","0","","0","0","0","00","2","0","00","0","40 03:02.970","","00","76 21:43.480","9","0","0","0","36214","0","0","0","N","0","0","0","1","36214","0","","1","09","N","N","1","","0","0","0","0","0","","0050","0","3","0","0","0","0","1","3","0","3","N","","","","","","","","","","","","07","07","","N","N"
"0011","1","0","0","0","0","0","0","0","0","1","0","","36","02","2021","2021018543","7","40.1588","-76.4856","2359","08","0","1","0","1","0","0","0","0","","0","0","0","23","2","0","00","0","40 09:31.619","","00","76 29:08.198","0","0","0","0","36230","0","0","0","N","0","0","0","2","36410","0","","5","02","N","N","0","","0","0","1","0","0","","2329","0","2","0","0","0","0","0","1","0","2","N","","","","","","","","","","","","03","02","","N","N"
"0002","1","0","0","0","0","0","0","0","0","7","0","","36","03","2021","2021027445","7","40.1312","-76.5638","2358","08","0","0","0","0","0","0","0","0","","0","0","0","23","2","0","01","0","40 07:52.429","","00","76 33:49.559","0","0","0","0","36225","0","0","0","N","0","0","0","1","36505","0","","5","01","N","N","0","","0","0","0","3","2","","2356","0","1","0","0","0","0","0","2","0","1","N","","","","","","","","","","","","03","03","","N",""
"1311","1","0","0","0","0","0","0","0","0","7","0","","36","03","2021","2021026771","6","40.1861","-76.4696","1305","08","0","0","0","0","0","1","0","0","","0","0","0","13","1","0","00","1","40 11:10.130","2","00","76 28:10.454","0","0","0","0","36230","0","0","0","N","0","0","0","1","36410","0","","5","01","N","N","0","","0","0","0","0","0","N","1303","0","1","0","0","0","0","0","1","0","1","N","","","","","","","","","","","1345","03","03","","N","N"
"1806","0","0","0","0","0","0","0","0","0","4","0","","36","01","2021","2021002847","5","40.0369","-76.1015","1756","08","0","0","0","0","1","0","0","0","","0","0","0","17","2","0","00","1","40 02:12.689","3","00","76 06:05.438","0","0","0","0","36221","0","0","0","N","0","0","0","4","68J01","0","","1","01","N","N","2","","0","0","0","0","0","N","1752","0","2","0","0","1","0","0","1","0","2","N","","","","","","","","","","","1830","03","","","N","N"
"2017","0","0","0","0","0","0","0","0","0","7","0","","36","02","2021","2021020871","5","40.0767","-76.2578","2011","08","0","0","0","0","0","0","0","0","","0","0","0","20","3","0","00","2","40 04:36.210","5","00","76 15:28.210","0","0","0","0","36215","0","0","0","N","0","0","0","1","36215","0","","4","02","N","N","0","","0","0","1","0","0","Y","2005","0","1","0","0","0","0","0","1","0","1","N","","","","","","","","","","","2135","06","","","N","N"
"0040","1","0","0","0","0","0","0","0","0","7","0","","36","03","2021","2021023737","5","40.0532","-76.3908","0036","08","0","0","0","0","0","0","0","0","","0","0","0","00","2","1","00","1","40 03:11.614","3","00","76 23:26.890","3","0","0","0","36214","0","0","0","N","0","0","0","1","36214","0","","2","01","N","N","0","","1","0","0","0","0","N","0033","1","1","0","0","1","0","0","3","0","1","N","","","","","","","","","","","0200","03","03","","N","N"
"1858","1","0","0","0","0","0","0","0","0","7","0","","36","02","2021","2021023916","7","39.7708","-76.0708","1858","08","0","1","0","0","0","0","0","0","","0","0","0","18","2","0","00","1","39 46:14.997","2","00","76 04:14.981","0","0","0","0","36222","0","0","0","N","0","0","0","1","68J02","0","","2","02","N","N","0","","0","0","0","0","0","N","1858","0","1","0","0","0","0","0","1","0","1","N","","","","","","","","","","","0030","02","06","","N","N"
"1251","1","0","0","0","0","0","0","0","0","7","0","","36","01","2021","2021011459","1","40.0393","-76.134","1240","08","0","0","0","0","0","0","0","0","","0","0","0","18","2","0","02","1","40 02:21.510","4","00","76 08:02.410","0","0","0","0","36221","0","0","0","N","0","0","0","1","68J01","0","","4","02","N","N","0","","0","0","0","3","3","N","1830","0","1","0","0","0","0","0","1","0","1","N","","","","","","","","","","","1354","10","06","","N","N"
"1907","0","0","0","0","0","0","0","0","0","7","0","","36","01","2021","2021007174","5","40.0823","-76.0181","1901","08","0","0","0","0","0","0","0","0","","0","0","0","18","2","0","00","2","40 04:56.190","5","00","76 01:05.297","0","0","0","0","36213","0","0","0","N","0","0","0","2","36213","0","","5","01","N","N","1","","0","0","0","0","0","Y","1859","0","1","0","0","0","0","0","1","0","1","N","","","","","","","","","","","1951","03","","","N","N"
"1416","0","0","0","0","0","0","0","0","0","4","1","","36","01","2021","2021009851","4","40.1081","-76.504","1413","08","0","0","1","0","0","1","0","0","","0","1","0","14","1","0","01","2","40 06:29.141","6","00","76 30:14.243","0","0","0","0","36413","0","0","0","N","0","0","0","2","36413","0","","1","01","N","N","0","","0","0","1","3","3","Y","1413","0","2","0","0","0","0","0","2","0","2","N","","","","","","","","","","","1453","03","","","N","N"
"1603","0","0","0","0","0","0","0","0","0","7","0","","36","02","2021","2021010941","2","40.1225","-76.4519","1555","08","0","0","0","0","0","1","0","0","","0","0","0","15","1","0","00","1","40 07:21.140","2","00","76 27:06.920","0","0","0","0","36230","0","0","0","N","0","0","0","2","36410","0","","5","07","N","N","1","","0","0","0","0","0","N","1555","0","1","0","0","0","0","0","1","0","1","N","","","","","","","","","","","0030","10","09","","N","N"
"2116","2","0","0","0","0","0","0","0","0","1","0","","36","01","2021","2021011555","3","40.0624","-76.2804","2115","08","0","0","0","0","0","0","0","0","","0","0","0","21","3","0","00","0","40 03:44.672","","00","76 16:49.287","0","0","0","0","36101","0","0","0","N","0","0","0","2","36101","0","","1","09","N","N","0","","0","0","0","0","0","","2110","0","2","0","0","0","0","0","3","0","2","N","","","","","","","","","","","","03","","","N","N"
"1836","1","0","0","0","0","0","0","0","0","2","0","","36","03","2021","2021021867","5","40.0564","-76.3056","1821","08","0","0","0","0","1","0","0","0","","0","0","0","18","3","0","01","1","40 03:22.940","4","00","76 18:20.087","0","0","0","0","36101","0","0","0","N","0","0","0","2","36101","0","","1","01","N","N","0","","0","0","1","3","2","N","1815","0","2","0","0","0","0","0","3","0","2","N","","","","","","","","","","","1840","03","03","","N",""
"1821","0","0","0","0","0","0","0","0","0","7","0","","36","02","2021","2021020658","5","40.1591","-76.1529","1811","08","0","0","0","0","0","0","0","0","","0","0","0","18","3","0","00","2","40 09:32.697","1","00","76 09:10.632","0","0","0","0","36238","0","0","0","Y","0","0","0","1","36238","0","","3","02","N","N","0","","0","0","0","0","0","N","1811","0","1","0","0","0","0","0","3","1","1","N","","","","","","","","","","","1857","03","","","N","N"
"1541","0","0","0","0","0","0","0","0","0","4","0","","36","02","2021","2021019780","6","40.0389","-76.5105","1538","08","0","0","0","0","0","1","0","0","","0","0","0","15","1","1","01","2","40 02:20.202","1","00","76 30:37.819","3","0","0","0","36404","0","0","0","N","0","0","0","2","36404","0","","1","01","N","N","0","","1","0","2","3","2","Y","1536","1","2","0","0","0","0","0","3","0","2","N","","","","","","","","","","","1617","03","","","N",""
"1839","1","0","0","0","0","0","0","0","0","7","0","","36","02","2021","2021020198","2","40.2487","-76.1783","1835","08","1","0","0","0","0","0","0","0","","0","0","0","18","2","0","00","0","40 14:55.412","","00","76 10:42.034","0","0","0","0","36236","0","0","0","N","0","0","0","3","36408","0","","4","09","N","N","0","","0","0","0","0","0","N","1835","0","1","0","0","1","0","0","1","0","1","N","","","","","","","","","","","","10","98","","N","N"
"0853","1","0","1","0","0","0","0","0","0","1","2","","36","03","2021","2021022118","3","40.0648","-76.2836","0851","08","0","0","0","0","0","1","0","0","","0","2","0","08","1","2","00","1","40 03:53.110","4","00","76 17:00.976","2","0","0","0","36101","0","0","0","N","0","0","0","4","36101","0","","1","01","N","N","0","","1","1","0","0","0","N","0848","2","3","0","0","0","0","0","3","0","3","N","","","","","","","","","","","1053","03","03","","N","N"
"1431","1","0","0","0","0","0","0","0","0","7","0","","36","02","2021","2021022279","3","39.9534","-76.1154","1418","08","0","0","0","0","0","0","0","0","","0","0","0","14","1","0","00","0","39 57:12.231","","00","76 06:55.463","0","0","0","0","36226","0","0","0","N","0","0","0","1","68J01","0","","6","07","N","N","0","","0","0","0","0","0","","1413","0","1","0","0","0","0","0","1","0","1","N","","","","","","","","","","","","02","","","N","N"
"1421","1","0","0","0","0","0","0","0","0","7","0","","36","01","2021","2021010265","1","40.1131","-76.378","1413","08","0","0","0","0","0","1","0","0","","0","0","0","14","1","0","00","0","40 06:47.301","","00","76 22:40.718","0","0","0","0","36214","0","0","0","N","0","0","0","1","36214","0","","5","07","N","N","0","","0","0","0","0","0","","1412","0","1","0","0","0","0","0","3","0","1","N","","","","","","","","","","","","10","","","N","N"
"2310","0","0","0","0","0","0","0","0","0","7","1","","36","01","2021","2021010478","1","40.1527","-76.5682","2305","08","0","0","0","0","0","0","0","0","","0","1","0","23","2","0","00","1","40 09:09.688","3","00","76 34:05.534","0","0","0","0","36225","0","0","0","Y","0","0","0","1","36505","0","","3","07","N","N","0","","0","0","0","0","0","N","2303","0","1","0","0","0","0","0","2","0","1","N","","","","","","","","","","","0030","10","","","N","N"
"1300","1","0","0","0","0","0","0","0","0","2","0","","36","01","2021","2021011335","1","40.1126","-76.2573","1246","08","0","0","0","0","0","0","0","0","","0","0","0","12","1","1","00","2","40 06:45.524","3","00","76 15:26.289","3","0","0","0","36101","0","0","0","N","0","0","0","2","36101","0","","1","09","N","N","0","","1","0","1","0","0","N","1245","1","2","0","0","0","0","0","3","0","2","N","","","","","","","","","","","1330","10","","","N","N"
"0238","1","0","0","0","0","0","0","0","0","7","0","","36","01","2021","2021011556","1","40.0151","-76.3058","0238","08","0","0","0","0","0","0","0","0","","0","0","0","02","2","1","00","2","40 00:54.273","5","00","76 18:21.028","2","0","0","0","36220","0","0","0","N","0","0","0","1","36101","0","","5","01","N","N","0","","0","1","0","0","0","Y","0223","1","1","0","0","0","0","0","3","0","1","N","","","","","","","","","","","0410","03","03","","N","N"
"1512","1","0","0","0","0","0","0","0","0","7","0","","36","01","2021","2021010693","1","40.1399","-76.3541","1504","08","0","0","0","0","0","0","0","0","","0","0","0","15","1","1","00","2","40 08:23.791","5","00","76 21:14.764","3","0","0","0","36227","0","0","0","N","0","0","0","2","36506","0","","4","07","N","N","0","","1","0","0","0","0","Y","1500","1","1","0","0","0","0","0","1","0","1","N","","","","","","","","","","","1618","10","","","N","N"
"1418","1","0","0","0","0","0","0","0","0","4","0","","36","03","2021","2021023814","3","40.0392","-76.0644","1402","08","0","0","0","0","0","0","0","0","","0","0","0","13","1","0","01","2","40 02:21.008","4","00","76 03:51.801","0","0","0","0","36221","0","0","0","N","0","0","0","3","68J01","0","","1","01","N","N","1","","0","0","0","3","3","N","1359","0","2","0","0","0","0","0","1","0","2","N","","","","","","","","","","","0100","03","","","N","N"
"1945","0","0","0","0","0","0","0","0","0","7","0","","36","02","2021","2021022121","7","40.1548","-76.2923","1942","08","0","0","0","0","0","0","0","0","","0","0","0","19","3","0","00","2","40 09:17.400","5","00","76 17:32.340","0","0","0","0","36409","0","0","0","N","0","0","0","1","36409","0","","5","01","N","N","0","","0","0","1","0","0","N","1938","0","1","0","0","0","0","0","3","0","1","N","","","","","","","","","","","2014","03","","","N","N"
"0650","0","0","0","0","0","0","0","0","0","0","0","","36","02","2021","2021022527","4","39.9269","-76.1332","0640","08","0","0","0","0","1","0","0","0","","0","0","0","06","5","0","00","0","39 55:36.865","","00","76 07:59.465","0","0","0","0","36216","0","0","0","N","0","0","0","1","68J01","0","","1","02","N","N","0","","0","0","1","0","0","","0625","0","1","0","0","0","0","0","1","0","1","N","","","","","","","","","","","","03","","","N","N"
"1750","0","0","0","0","0","0","0","0","0","1","0","","36","03","2021","2021022740","4","40.0325","-76.4043","1740","08","0","0","0","0","0","0","0","0","","0","0","0","17","1","1","02","1","40 01:56.885","5","00","76 24:15.413","3","0","0","0","36223","0","0","0","N","0","0","0","2","36223","0","","1","01","N","N","1","","1","0","1","0","0","Y","1724","1","2","0","0","0","0","0","1","0","2","N","","","","","","","","","","","1831","03","","","N",""
"1120","0","0","0","0","0","0","0","0","0","2","0","","36","01","2021","2021011827","1","40.0525","-76.4742","1040","08","0","0","0","0","0","1","0","0","","0","0","0","10","1","0","00","2","40 03:09.160","5","00","76 28:27.060","0","0","0","0","36239","0","0","0","N","0","0","0","3","36239","0","","1","07","N","N","0","","0","0","2","0","0","Y","1040","0","2","0","0","0","0","0","3","0","2","N","","","","","","","","","","","1200","10","","","N","N"
"1835","0","0","0","0","0","0","0","0","0","7","0","","36","01","2021","2021010191","1","40.108","-76.5605","1823","08","0","0","0","1","0","0","0","0","","0","0","0","18","2","0","00","0","40 06:28.742","","00","76 33:37.822","0","0","0","0","36211","0","0","0","N","0","0","0","1","36504","0","","5","07","N","N","0","","0","0","1","0","0","","1823","0","1","0","0","0","0","0","1","0","1","N","","","","","","","","","","","","10","","","N","N"
"1645","1","0","0","0","0","0","0","0","0","4","0","","36","01","2021","2021011173","1","40.0241","-76.316","1601","08","0","0","0","0","0","0","1","0","","0","0","0","15","1","0","01","0","40 01:26.922","","00","76 18:57.776","0","0","0","0","36301","0","0","0","N","0","0","0","2","36301","0","","1","07","N","N","0","","0","0","1","3","2","","1556","0","2","0","0","0","0","0","3","0","2","N","","","","","","","","","","","","10","04","","N","N"
"1404","1","0","0","0","0","0","0","0","0","7","0","","36","01","2021","2021010011","3","40.2415","-76.2478","1345","08","0","0","1","0","0","0","0","0","","1","0","0","13","1","0","00","1","40 14:29.639","4","00","76 14:50.344","1","0","0","0","36204","0","0","0","N","0","0","0","1","68T06","0","2","4","09","N","N","0","0","0","0","0","0","0","N","1345","0","1","1","0","1","0","0","1","0","1","N","","","","","","","","","","","0200","07","","","N","N"
"1141","0","0","0","0","0","0","0","0","0","7","0","","36","01","2021","2021010692","1","40.1453","-76.3625","1138","08","0","0","0","0","0","0","0","0","","0","0","0","11","1","0","00","2","40 08:43.181","5","00","76 21:45.080","0","0","0","0","36227","0","0","0","N","0","0","0","1","36506","0","","4","07","N","N","0","","0","0","1","0","0","Y","1135","0","1","0","0","0","0","0","1","0","1","N","","","","","","","","","","","1219","10","","","N","N"
"0600","1","0","0","0","0","0","0","0","0","7","0","","36","03","2021","2021020894","3","40.2039","-76.3605","0557","08","0","0","0","0","0","0","0","0","","0","0","0","05","5","0","00","0","40 12:14.165","","00","76 21:37.839","0","0","0","0","36227","0","0","0","N","0","0","0","1","36506","0","","5","02","N","N","0","","0","0","0","0","0","","0557","0","1","0","0","0","0","0","1","0","1","N","","","","","","","","","","","","03","03","","N","N"
"1400","2","0","0","0","0","0","0","0","0","4","0","","36","02","2021","2021019820","7","40.0424","-76.2938","1356","08","0","0","0","0","0","0","0","0","","0","0","0","13","1","0","01","1","40 02:32.780","1","00","76 17:37.618","0","0","0","0","36301","0","0","0","N","0","0","0","2","36301","0","","1","01","N","N","0","","0","0","0","3","3","N","1356","0","2","0","0","0","0","0","3","0","2","N","","","","","","","","","","","1430","04","","","N","N"
"1946","1","0","0","0","0","0","0","0","0","7","0","","36","02","2021","2021020881","7","40.1287","-76.5957","1933","08","0","0","0","0","0","0","0","0","","0","0","0","19","3","0","03","0","40 07:43.240","","00","76 35:44.527","0","0","0","0","36237","0","0","0","N","0","0","0","1","36505","0","","2","02","N","N","0","","0","0","0","0","0","","1933","0","1","0","0","0","0","0","1","0","1","N","","","","","","","","","","","","02","","","N","N"
"1808","0","0","0","0","0","0","0","0","0","1","0","","36","03","2021","2021021709","5","40.0621","-76.3433","1802","08","0","0","0","0","0","0","0","0","","0","0","0","17","4","1","00","1","40 03:43.942","3","00","76 20:34.739","2","0","1","1","36101","0","0","0","N","0","0","0","2","36101","0","","1","01","N","N","0","","0","1","0","0","0","N","1757","1","2","0","0","0","0","1","3","0","2","N","","","","","","","","","","","1942","03","","","N","N"
"1139","0","0","0","0","0","0","0","0","0","2","0","","36","02","2021","2021020873","2","40.0819","-76.1937","1131","08","0","0","0","0","0","0","1","0","","0","0","0","11","1","1","00","2","40 04:54.953","7","00","76 11:37.168","3","0","0","0","36234","0","0","0","N","0","0","0","4","36215","0","","1","07","N","N","1","","1","0","1","0","0","Y","1124","1","2","0","0","0","0","0","1","0","2","N","","","","","","","","","","","1316","10","","","N","N"
"1641","1","0","0","0","0","0","0","0","0","1","0","","36","02","2021","2021012182","3","39.9975","-76.4406","1633","08","0","0","0","0","0","1","0","0","","0","0","0","16","1","0","00","1","39 59:50.877","6","00","76 26:26.096","0","0","0","0","36223","0","0","0","N","0","0","0","2","36223","0","","1","02","N","N","1","","0","0","0","0","0","N","1631","0","2","0","0","0","0","0","1","0","2","N","","","","","","","","","","","1735","02","","","N","N"
"1809","1","0","0","0","0","0","0","0","0","7","0","","36","01","2021","2021010686","1","40.0184","-76.489","1755","08","0","0","0","0","0","1","0","0","","0","0","0","17","2","1","00","2","40 01:06.165","5","00","76 29:20.340","8","0","0","0","36223","0","0","0","N","0","0","0","1","36223","0","","2","01","N","N","0","","0","0","0","0","0","Y","1753","1","1","0","0","0","1","0","1","0","1","N","","","","","","","","","","","0400","03","","","N","N"
"1444","0","0","0","0","0","0","0","0","0","7","0","","36","01","2021","2021011982","1","40.0336","-76.4124","1435","08","0","0","0","0","0","0","0","0","","0","0","0","14","1","0","00","0","40 02:01.030","","00","76 24:44.790","0","0","0","0","36223","0","0","0","N","0","0","0","1","36223","0","","4","07","N","N","0","","0","0","1","0","0","","1432","0","1","0","0","0","0","0","1","0","1","N","","","","","","","","","","","","10","","","N","N"
"1547","1","0","0","0","0","0","0","0","0","4","0","","36","01","2021","2021011341","1","40.0178","-76.3952","1547","08","0","0","0","0","0","0","0","0","","0","0","0","15","1","1","02","2","40 01:03.995","7","00","76 23:42.755","3","0","0","0","36223","0","0","0","N","0","0","0","2","36223","0","","1","07","N","N","0","","1","0","1","3","3","Y","1547","1","2","0","0","0","0","0","1","0","2","N","","","","","","","","","","","0100","10","04","","N",""
"1610","1","0","0","0","0","0","0","0","0","7","0","","36","01","2021","2021011339","1","40.0906","-76.2803","1610","08","0","0","0","0","0","0","0","0","","0","0","0","16","1","0","01","1","40 05:26.162","3","00","76 16:49.030","0","0","0","0","36101","0","0","0","N","0","0","0","1","36101","0","","5","07","N","N","0","","0","0","0","3","2","N","1600","0","1","0","0","0","0","0","3","0","1","N","","","","","","","","","","","1700","10","10","","N",""
"2105","0","0","0","0","0","0","0","0","0","1","1","","36","02","2021","2021019491","5","40.1587","-76.1532","2104","08","0","0","0","0","0","1","1","0","","0","1","0","21","2","0","00","2","40 09:31.165","2","00","76 09:11.527","0","0","0","0","36238","0","0","0","N","0","0","0","2","36408","0","","1","02","N","N","1","","0","0","0","0","0","Y","2104","0","2","0","0","0","0","0","3","0","2","N","","","","","","","","","","","0001","06","","","N","N"