"ARRIVAL_TM","AUTOMOBILE_COUNT","BELTED_DEATH_COUNT","BELTED_SUSP_SERIOUS_INJ_COUNT","BICYCLE_COUNT","BICYCLE_DEATH_COUNT","BICYCLE_SUSP_SERIOUS_INJ_COUNT","BUS_COUNT","CHLDPAS_DEATH_COUNT","CHLDPAS_SUSP_SERIOUS_INJ_COUNT","COLLISION_TYPE","COMM_VEH_COUNT","CONS_ZONE_SPD_LIM","COUNTY","CRASH_MONTH","CRASH_YEAR","CRN","DAY_OF_WEEK","DEC_LAT","DEC_LONG","DISPATCH_TM","DISTRICT","DRIVER_COUNT_16YR","DRIVER_COUNT_17YR","DRIVER_COUNT_18YR","DRIVER_COUNT_19YR","DRIVER_COUNT_20YR","DRIVER_COUNT_50_64YR","DRIVER_COUNT_65_74YR","DRIVER_COUNT_75PLUS","EST_HRS_CLOSED","FATAL_COUNT","HEAVY_TRUCK_COUNT","HORSE_BUGGY_COUNT","HOUR_OF_DAY","ILLUMINATION","INJURY_COUNT","INTERSECT_TYPE","LANE_CLOSED","LATITUDE","LN_CLOSE_DIR","LOCATION_TYPE","LONGITUDE","MAX_SEVERITY_LEVEL","MCYCLE_DEATH_COUNT","MCYCLE_SUSP_SERIOUS_INJ_COUNT","MOTORCYCLE_COUNT","MUNICIPALITY","NONMOTR_COUNT","NONMOTR_DEATH_COUNT","NONMOTR_SUSP_SERIOUS_INJ_COUNT","NTFY_HIWY_MAINT","PED_COUNT","PED_DEATH_COUNT","PED_SUSP_SERIOUS_INJ_COUNT","PERSON_COUNT","POLICE_AGCY","POSSIBLE_INJ_COUNT","RDWY_SURF_TYPE_CD","RELATION_TO_ROAD","ROAD_CONDITION","SCH_BUS_IND","SCH_ZONE_IND","SMALL_TRUCK_COUNT","SPEC_JURIS_CD","SUSP_MINOR_INJ_COUNT","SUSP_SERIOUS_INJ_COUNT","SUV_COUNT","TCD_FUNC_CD","TCD_TYPE","TFC_DETOUR_IND","TIME_OF_DAY","TOT_INJ_COUNT","TOTAL_UNITS","UNB_DEATH_COUNT","UNB_SUSP_SERIOUS_INJ_COUNT","UNBELTED_OCC_COUNT","UNK_INJ_DEG_COUNT","UNK_INJ_PER_COUNT","URBAN_RURAL","VAN_COUNT","VEHICLE_COUNT","WORK_ZONE_IND","WORK_ZONE_LOC","WORK_ZONE_TYPE","WORKERS_PRES","WZ_CLOSE_DETOUR","WZ_FLAGGER","WZ_LAW_OFFCR_IND","WZ_LN_CLOSURE","WZ_MOVING","WZ_OTHER","WZ_SHLDER_MDN","ROADWAY_CLEARED","WEATHER1","WEATHER2","WZ_WORKERS_INJ_KILLED","SECONDARY_CRASH","INTERSECTION_RELATED"
"1337","0","0","0","0","0","0","0","0","0","98","0","","36","02","2021","2021023875","5","40.0386","-76.2448","1334","08","0","1","0","0","0","0","0","0","","0","0","0","13","1","1","00","0","40 02:19.097","","00","76 14:41.275","3","0","0","1","36215","0","0","0","N","0","0","0","1","36215","0","","1","01","N","N","0","","1","0","0","0","0","","1331","1","1","0","0","0","0","0","1","0","1","N","","","","","","","","","","","","03","03","","N","N"
"0049","1","0","0","0","0","0","0","0","0","7","0","","36","02","2021","2021022284","1","39.9965","-76.0187","0037","08","0","1","0","0","0","0","0","0","","0","0","0","00","2","0","00","0","39 59:47.301","","00","76 01:07.358","9","0","0","0","36232","0","0","0","N","0","0","0","1","68J01","0","","4","01","N","N","0","","0","0","0","0","0","","0033","0","1","0","0","1","0","1","1","0","1","N","","","","","","","","","","","","03","","","N","N"
"0051","1","0","0","0","0","0","0","0","0","7","0","","36","01","2021","2021010687","6","39.9948","-76.4101","0041","08","0","0","0","0","0","0","0","0","","0","0","0","00","2","2","00","2","39 59:41.389","5","00","76 24:36.333","3","0","0","0","36223","0","0","0","N","0","0","0","2","36223","0","","5","01","N","N","0","","2","0","0","0","0","Y","0040","2","1","0","0","1","0","0","1","0","1","N","","","","","","","","","","","0145","03","03","","N","N"
"1546","0","0","0","0","0","0","0","0","0","7","0","","36","01","2021","2021011338","1","40.0537","-76.3066","1533","08","0","0","0","0","0","0","1","0","","0","0","0","15","1","0","02","0","40 03:13.368","","00","76 18:23.602","0","0","0","0","36101","0","0","0","N","0","0","0","4","36101","0","","5","02","N","N","0","","0","0","1","3","2","","1528","0","1","0","0","0","0","0","3","0","1","N","","","","","","","","","","","","10","","","N",""
"1432","0","0","0","0","0","0","0","0","0","7","0","","36","01","2021","2021011017","1","39.8712","-76.1541","1415","08","0","0","0","0","0","0","0","0","","0","0","0","14","1","2","00","2","39 52:16.287","5","00","76 09:14.836","3","0","0","0","36212","0","0","0","N","0","0","0","5","68J01","0","","4","09","N","N","0","","2","0","1","0","0","Y","1413","2","1","0","0","1","0","0","1","0","1","N","","","","","","","","","","","0100","10","02","","N","N"
"1115","0","0","0","0","0","0","0","0","0","6","0","","36","02","2021","2021020065","2","40.1529","-76.0253","1106","08","0","0","0","0","0","1","0","0","","0","0","0","11","1","0","00","2","40 09:10.287","3","00","76 01:30.944","0","0","0","0","36213","0","0","0","N","0","0","0","4","36213","0","","1","07","N","N","1","","0","0","1","0","0","N","1100","0","2","0","0","0","0","0","1","0","2","N","","","","","","","","","","","1145","02","10","","N","N"
"1816","1","0","0","0","0","0","0","0","0","7","0","","36","01","2021","2021010114","1","40.0969","-76.5162","1748","08","0","0","0","0","0","0","0","0","","0","0","0","17","2","0","00","0","40 05:48.971","","00","76 30:58.265","0","0","0","0","36211","0","0","0","N","0","0","0","1","36504","0","","5","07","N","N","0","","0","0","0","0","0","N","1748","0","1","0","0","0","0","0","1","0","1","N","","","","","","","","","","","","10","","","N","N"
"1856","2","0","0","0","0","0","0","0","0","5","0","","36","03","2021","2021021650","5","40.177","-76.1846","1854","08","0","0","0","0","0","0","0","0","","0","0","0","18","3","0","00","2","40 10:37.273","6","00","76 11:04.572","0","0","0","0","36408","0","0","0","N","0","0","0","1","36408","0","","1","01","N","N","1","","0","0","0","0","0","N","1851","0","3","0","0","0","0","0","2","0","3","N","","","","","","","","","","","1945","03","","","Y","N"
"2100","0","0","0","0","0","0","0","0","0","2","0","","36","02","2021","2021020261","5","40.0182","-76.3708","2008","08","0","0","0","0","0","0","0","0","","0","0","0","20","3","1","00","2","40 01:05.530","7","00","76 22:14.840","3","0","0","0","36223","0","0","0","N","0","0","0","2","36223","0","","1","02","N","N","0","","1","0","2","0","0","Y","2000","1","2","0","0","0","0","0","1","0","2","N","","","","","","","","","","","0200","06","10","","N","N"
"1143","1","0","0","0","0","0","0","0","0","1","1","","36","02","2021","2021020892","5","40.1368","-76.3823","1134","08","0","0","0","0","0","0","0","0","","0","1","0","11","1","1","00","1","40 08:12.538","5","00","76 22:56.340","3","0","0","0","36227","0","0","0","N","0","0","0","2","36506","0","","1","01","N","N","0","","1","0","0","3","2","N","1134","1","2","0","0","0","0","0","1","0","2","N","","","","","","","","","","","0045","03","03","","N","N"
"0013","3","0","0","0","0","0","0","0","0","5","0","","36","02","2021","2021021428","4","40.0499","-76.3079","0009","08","0","1","0","0","0","0","0","0","","0","0","0","00","3","0","00","1","40 02:59.620","1","00","76 18:28.588","0","0","0","0","36301","0","0","0","N","0","0","0","1","36301","0","","2","01","N","N","0","","0","0","0","0","0","N","0007","0","3","0","0","0","0","0","3","0","3","N","","","","","","","","","","","0057","03","03","","N","Y"
"0115","0","0","0","0","0","0","0","0","0","7","0","","36","02","2021","2021021707","7","40.0961","-76.2938","0107","08","0","0","0","0","0","0","0","0","","0","0","0","01","2","0","00","0","40 05:46.126","","00","76 17:37.650","0","0","0","0","36101","0","0","0","N","0","0","0","1","36101","0","","4","09","N","N","0","","0","0","1","0","0","","0105","0","1","0","0","0","0","0","3","0","1","N","","","","","","","","","","","","07","07","","N","N"
"0722","0","0","0","0","0","0","0","0","0","7","0","","36","02","2021","2021022528","6","39.8993","-76.2253","0702","08","0","0","0","0","0","0","0","0","","0","0","0","07","1","0","00","0","39 53:57.300","","00","76 13:30.950","0","0","0","0","36229","0","0","0","N","0","0","0","1","68J01","0","","4","06","N","N","1","","0","0","0","0","0","","0700","0","1","0","0","0","0","0","1","0","1","N","","","","","","","","","","","","06","","","N","N"
"1925","2","0","0","0","0","0","0","0","0","4","0","","36","02","2021","2021020098","3","40.009","-76.4293","1920","08","0","0","0","0","0","0","0","0","","0","0","0","19","2","3","01","2","40 00:32.544","6","00","76 25:45.623","3","0","0","0","36223","0","0","0","N","0","0","0","6","36223","0","","1","09","N","N","0","","3","0","0","3","3","Y","1916","3","2","0","0","0","0","0","1","0","2","N","","","","","","","","","","","2014","03","03","","N",""
"1619","2","0","0","0","0","0","0","0","0","4","0","","36","02","2021","2021020875","4","40.0302","-76.2326","1617","08","0","0","0","0","0","0","1","0","","0","0","0","16","1","1","00","1","40 01:48.891","3","07","76 13:57.201","4","0","0","0","36215","0","0","0","N","0","0","0","2","36215","1","","1","01","N","N","0","","0","0","0","0","0","N","1615","1","2","0","0","0","0","0","1","0","2","N","","","","","","","","","","","1652","03","03","","N","N"
"1905","1","0","0","0","0","0","0","0","0","7","0","","36","02","2021","2021019919","7","40.1237","-75.9936","1902","08","1","0","0","0","0","0","0","0","","0","0","0","18","2","1","00","2","40 07:25.174","5","00","75 59:36.814","3","0","0","0","36213","0","0","0","N","0","0","0","1","36213","0","","5","01","N","N","0","","1","0","0","0","0","Y","1858","1","1","0","0","0","0","0","1","0","1","N","","","","","","","","","","","2006","03","","","N","N"
"1908","1","0","0","0","0","0","0","0","0","7","0","","36","03","2021","2021022004","4","40.1113","-76.1101","1905","08","0","0","0","0","0","0","0","0","","0","0","0","18","2","0","00","1","40 06:40.810","2","00","76 06:36.380","0","0","0","0","36209","0","0","0","N","0","0","0","1","36415","0","","5","01","N","N","0","","0","0","0","0","0","N","1859","0","1","0","0","0","0","0","1","0","1","N","","","","","","","","","","","1935","03","03","","N","N"
"1205","2","0","0","0","0","0","0","0","0","4","0","","36","01","2021","2021011710","4","40.22","-76.2593","1133","08","0","0","0","0","0","0","2","0","","0","0","0","11","1","1","00","1","40 13:11.833","4","00","76 15:33.649","8","0","0","0","36217","0","0","0","N","0","0","0","2","68J01","0","","1","01","N","N","0","","0","0","0","0","0","N","1131","1","2","0","0","0","1","0","1","0","2","N","","","","","","","","","","","1300","03","","","N","Y"
"1257","1","0","0","0","0","0","0","0","0","7","0","","36","02","2021","2021016864","5","40.1721","-76.0529","1240","08","0","0","0","0","0","0","0","0","","0","0","0","12","1","0","00","0","40 10:19.710","","00","76 03:10.313","0","0","0","0","36213","0","0","0","N","0","0","0","1","36213","0","","5","07","N","N","0","","0","0","0","0","0","","1239","0","1","0","0","0","0","0","1","0","1","N","","","","","","","","","","","","10","09","","N","N"
"2025","2","0","0","0","0","0","0","0","0","1","0","","36","02","2021","2021020279","6","40.1817","-76.1924","2022","08","0","0","0","0","0","0","0","0","","0","0","0","20","3","1","00","2","40 10:54.123","5","00","76 11:32.672","3","0","0","0","36408","0","0","0","N","0","0","0","1","36408","0","","2","01","N","N","0","","1","0","0","0","0","Y","2015","1","2","0","0","0","0","0","2","0","2","N","","","","","","","","","","","2130","03","","","N","N"
"1722","0","0","0","0","0","0","0","0","0","0","0","","36","02","2021","2021021807","2","40.001","-76.1518","1640","08","0","0","0","0","0","0","0","0","","0","0","0","16","1","0","00","0","40 00:03.491","","00","76 09:06.380","0","0","0","0","36226","0","0","0","N","0","0","0","1","68J01","0","","5","07","N","N","0","","0","0","1","0","0","","1615","0","1","0","0","0","0","0","1","0","1","N","","","","","","","","","","","","03","03","","N","N"
"1725","2","0","0","0","0","0","0","0","0","4","0","","36","02","2021","2021019973","6","40.0501","-76.2929","1722","08","0","0","0","0","0","0","0","0","","0","0","0","17","1","0","01","1","40 03:00.439","2","00","76 17:34.263","0","0","0","0","36301","0","0","0","N","0","0","0","4","36301","0","","1","01","N","N","0","","0","0","0","3","3","N","1722","0","2","0","0","0","0","0","3","0","2","N","","","","","","","","","","","1740","03","03","","N",""
"1541","0","0","0","0","0","0","0","0","0","1","0","","36","03","2021","2021021237","2","40.0954","-76.4242","1537","08","0","0","0","0","0","1","0","0","","0","0","0","15","1","0","01","2","40 05:43.447","5","00","76 25:27.040","0","0","0","0","36239","0","0","0","N","0","0","0","3","36239","0","","1","01","N","N","1","","0","0","2","0","0","N","1535","0","3","0","0","0","0","0","3","0","3","N","","","","","","","","","","","1600","04","","","N",""
"1658","0","0","0","0","0","0","0","0","0","1","0","","36","02","2021","2021022016","4","39.9502","-76.263","1650","08","0","0","0","0","0","1","0","0","","1","0","0","16","1","2","00","0","39 57:00.702","","00","76 15:46.856","1","0","0","0","36228","4","0","0","N","0","0","0","5","36228","1","2","2","01","N","N","0","0","0","0","1","0","0","","1650","2","2","1","0","1","1","2","1","1","2","N","","","","","","","","","","","","03","","","N","N"
"1413","1","0","0","0","0","0","0","0","0","7","0","","36","02","2021","2021010689","2","40.0408","-76.5003","1413","08","0","0","0","0","0","0","0","0","","0","0","0","14","1","0","00","1","40 02:26.756","4","00","76 30:00.909","0","0","0","0","36404","0","0","0","N","0","0","0","3","36404","0","","2","07","N","N","0","","0","0","0","0","0","N","1413","0","1","0","0","0","0","0","3","0","1","N","","","","","","","","","","","0100","10","04","","N","N"
"1444","1","0","0","0","0","0","0","0","0","1","0","","36","03","2021","2021021864","2","40.0709","-76.3176","1432","08","0","0","0","0","0","0","1","0","","0","0","0","14","1","0","06","0","40 04:16.329","","00","76 19:04.184","0","0","0","0","36101","0","0","0","N","0","0","0","3","36101","0","","1","01","N","N","0","","0","0","1","3","2","","1418","0","2","0","0","0","0","0","3","0","2","N","","","","","","","","","","","","04","04","","N","N"
"2335","0","0","0","0","0","0","0","0","0","1","0","","36","02","2021","2021021281","4","39.9072","-76.126","2315","08","0","0","0","0","0","0","0","0","","0","0","1","23","2","1","00","0","39 54:25.817","","00","76 07:33.651","3","0","0","0","36216","1","0","0","N","0","0","0","3","68J01","0","","1","07","N","N","0","","1","0","1","0","0","","2311","1","2","0","0","0","0","2","1","0","1","N","","","","","","","","","","","","10","","","N","N"
"1801","1","0","0","0","0","0","0","0","0","4","0","","36","02","2021","2021020877","6","40.0399","-76.2258","1726","08","0","0","0","0","0","0","0","0","","0","0","0","17","4","0","02","1","40 02:23.751","2","00","76 13:33.017","0","0","0","0","36215","0","0","0","N","0","0","0","2","36215","0","","1","01","N","N","0","","0","0","1","3","3","N","1720","0","2","0","0","0","0","0","1","0","2","N","","","","","","","","","","","1801","03","","","N",""
"0641","1","0","0","0","0","0","0","0","0","7","0","","36","02","2021","2021012181","6","40.1098","-76.4127","0636","08","0","0","0","0","0","1","0","0","","0","0","0","06","2","0","02","1","40 06:35.305","1","00","76 24:45.604","0","0","0","0","36214","0","0","0","N","0","0","0","1","36214","0","","5","06","N","N","0","","0","0","0","0","0","N","0635","0","1","0","0","0","0","0","3","0","1","N","","","","","","","","","","","0722","10","06","","N",""
"1316","0","0","0","0","0","0","0","0","0","1","1","","36","03","2021","2021021866","3","40.0605","-76.3357","1310","08","0","0","0","0","0","0","0","0","","0","1","0","13","1","2","00","1","40 03:37.979","3","00","76 20:08.389","4","0","0","0","36101","0","0","0","N","0","0","0","3","36101","2","","1","01","N","N","1","","0","0","0","3","2","N","1309","2","2","0","0","0","0","0","3","0","2","N","","","","","","","","","","","1442","03","03","","N","N"
"1723","1","0","0","0","0","0","0","0","0","98","0","","36","03","2021","2021023088","2","40.1075","-76.2488","1708","08","0","0","0","0","0","0","0","0","","0","0","0","17","1","0","00","0","40 06:27.112","","00","76 14:55.855","0","0","0","0","36101","0","0","0","N","0","0","0","1","36101","0","","1","01","N","N","0","","0","0","0","0","0","","1705","0","1","0","0","0","0","0","3","0","1","N","","","","","","","","","","","","03","03","","N","N"
"0431","1","0","0","0","0","0","0","0","0","7","0","","36","02","2021","2021019913","2","40.0317","-76.5079","0429","08","0","0","0","0","0","0","0","0","","1","0","0","04","3","0","00","2","40 01:54.087","5","01","76 30:28.586","1","0","0","0","36404","0","0","0","Y","0","0","0","1","36404","0","2","5","01","N","N","0","0","0","0","0","0","0","Y","0424","0","1","1","0","1","0","0","3","0","1","N","","","","","","","","","","","0900","04","","","N","N"
"0650","2","0","0","0","0","0","0","0","0","4","0","","36","01","2021","2021010691","1","40.1346","-76.3322","0645","08","0","0","0","0","0","0","1","0","","0","0","0","06","2","0","03","0","40 08:04.593","","00","76 19:55.797","0","0","0","0","36235","0","0","0","N","0","0","0","2","36506","0","","1","01","N","N","0","","0","0","0","3","3","","0640","0","2","0","0","0","0","0","1","0","2","N","","","","","","","","","","","","03","","","N",""
"1650","2","0","0","0","0","0","0","0","0","4","0","","36","01","2021","2021011233","1","40.0476","-76.3085","1645","08","0","0","0","0","0","1","0","0","","0","0","0","16","4","0","01","0","40 02:51.529","","00","76 18:30.772","0","0","0","0","36301","0","0","0","N","0","0","0","2","36301","0","","1","07","N","N","0","","0","0","0","3","3","","1645","0","2","0","0","0","0","0","3","0","2","N","","","","","","","","","","","","10","","","N",""
"2000","2","0","0","0","0","0","0","0","0","4","0","","36","02","2021","2021019116","4","40.0425","-76.3093","1954","08","0","0","0","0","0","0","0","0","","0","0","0","19","3","0","01","1","40 02:32.823","4","99","76 18:33.609","0","0","0","0","36301","0","0","0","N","0","0","0","2","36301","0","","1","02","N","N","0","","0","0","0","3","3","N","1945","0","2","0","0","0","0","0","3","0","2","N","","","","","","","","","","","2052","03","03","","N",""
"1239","1","0","0","0","0","0","0","0","0","7","0","","36","02","2021","2021021814","7","39.9316","-76.0483","1225","08","0","0","0","0","0","0","0","0","","0","0","0","12","1","1","00","2","39 55:53.750","6","00","76 02:53.735","3","0","0","0","36231","0","0","0","Y","0","0","0","1","68J01","0","","4","09","N","N","0","","1","0","0","0","0","Y","1224","1","1","0","0","0","0","0","1","0","1","N","","","","","","","","","","","1332","05","","","N","N"
"1615","0","0","0","0","0","0","0","0","0","1","1","","36","02","2021","2021020882","1","40.1309","-76.5643","1610","08","0","0","0","0","0","1","0","0","","0","1","0","16","1","0","00","1","40 07:51.310","4","00","76 33:51.311","0","0","0","0","36225","0","0","0","N","0","0","0","2","36505","0","","1","01","N","N","0","","0","0","1","3","2","Y","1608","0","2","0","0","0","0","0","2","0","2","N","","","","","","","","","","","1652","03","03","","N","N"
"1050","1","0","0","0","0","0","0","0","0","2","1","","36","02","2021","2021020661","6","40.0475","-76.3629","1046","08","0","0","0","0","0","1","0","0","","0","1","0","10","1","1","01","2","40 02:50.996","6","00","76 21:46.341","3","0","0","0","36214","0","0","0","N","0","0","0","2","36214","0","","1","07","N","N","0","","1","0","0","3","2","Y","1046","1","2","0","0","1","0","0","3","0","2","N","","","","","","","","","","","1129","09","","","N",""
"1337","0","0","0","0","0","0","0","0","0","3","1","","36","02","2021","2021020971","2","40.0116","-76.0465","1313","08","0","0","0","0","0","1","1","0","","0","2","0","12","1","1","01","1","40 00:41.768","7","00","76 02:47.220","3","0","0","0","36232","0","0","0","N","0","0","0","2","68J01","0","","1","07","N","N","0","","1","0","0","3","3","Y","1257","1","2","0","0","0","0","0","1","0","2","N","","","","","","","","","","","1430","03","","","N","N"
"1015","1","0","0","0","0","0","0","0","0","4","1","","36","02","2021","2021022939","4","40.0392","-76.0644","1008","08","0","0","0","0","0","1","1","0","","0","1","0","09","1","1","01","2","40 02:21.008","7","00","76 03:51.801","3","0","0","0","36221","0","0","0","N","0","0","0","2","68J01","0","","1","01","N","N","0","","1","0","0","3","3","Y","0958","1","2","0","0","0","0","0","1","0","2","N","","","","","","","","","","","1050","03","","","N","N"
"0732","1","0","0","0","0","0","0","0","0","7","0","","36","03","2021","2021022835","5","39.9819","-76.3555","0701","08","0","0","0","0","0","0","0","0","","0","0","0","07","1","0","00","0","39 58:54.865","","00","76 21:19.622","0","0","0","0","36206","0","0","0","N","0","0","0","1","68J01","0","","4","01","N","N","0","","0","0","0","0","0","","0701","0","1","0","0","0","0","0","1","0","1","N","","","","","","","","","","","","03","","","N","N"
"1713","2","0","0","0","0","0","0","0","0","4","0","","36","02","2021","2021019140","1","40.0451","-76.3149","1710","08","0","0","0","0","0","1","0","0","","0","0","0","17","1","0","01","0","40 02:42.385","","00","76 18:53.798","0","0","0","0","36301","0","0","0","N","0","0","0","3","36301","0","","1","01","N","N","0","","0","0","0","3","3","","1707","0","2","0","0","0","0","0","3","0","2","N","","","","","","","","","","","","03","","","N",""
"1341","2","0","0","0","0","0","0","0","0","5","0","","36","01","2021","2021011966","1","40.0307","-76.4979","1339","08","0","0","0","0","0","0","0","0","","0","0","0","13","1","0","00","0","40 01:50.558","","00","76 29:52.486","0","0","0","0","36404","0","0","0","N","0","0","0","2","36404","0","","1","07","N","N","0","","0","0","0","0","0","N","1337","0","2","0","0","1","0","0","3","0","2","N","","","","","","","","","","","","10","","","N","N"
"0959","1","0","0","0","0","0","0","0","0","1","1","","36","01","2021","2021010261","3","40.0513","-76.3956","0953","08","0","0","0","0","0","0","0","0","","0","1","0","09","1","2","02","1","40 03:04.787","2","02","76 23:44.114","3","0","0","0","36214","0","0","0","N","0","0","0","3","36214","0","","1","09","N","N","0","","2","0","0","3","2","N","0950","2","2","0","0","1","0","0","3","0","2","N","","","","","","","","","","","1040","07","","","N",""
"1153","2","0","0","0","0","0","0","0","0","4","0","","36","01","2021","2021011196","1","40.0375","-76.3237","1149","08","0","0","0","0","0","0","0","0","","0","0","0","11","1","1","01","2","40 02:15.169","5","00","76 19:25.305","3","0","0","0","36301","0","0","0","N","0","0","0","3","36301","0","","1","09","N","N","0","","1","0","0","0","0","N","1144","1","2","0","0","0","0","0","3","0","2","N","","","","","","","","","","","1232","02","10","","N",""
"1744","0","0","0","0","0","0","0","0","0","1","1","","36","01","2021","2021011825","5","40.0393","-76.1959","1740","08","0","0","0","0","0","0","2","0","","0","1","0","17","3","0","02","0","40 02:21.476","","00","76 11:45.320","0","0","0","0","36215","0","0","0","N","0","0","0","3","36215","0","","1","01","N","N","0","","0","0","0","0","0","","1739","0","2","0","0","0","0","0","1","1","2","N","","","","","","","","","","","","03","03","","N",""
"1505","0","0","0","0","0","0","0","0","0","7","0","","36","02","2021","2021020889","2","40.1874","-76.3292","1457","08","0","0","0","0","0","0","0","0","","0","0","0","14","1","0","00","2","40 11:14.570","5","00","76 19:45.210","0","0","0","0","36227","0","0","0","N","0","0","0","1","36506","0","","2","06","N","N","1","","0","0","0","0","0","N","1457","0","1","0","0","0","0","0","1","0","1","N","","","","","","","","","","","0030","10","04","","N","N"
"0823","1","0","0","0","0","0","0","0","0","4","0","","36","02","2021","2021020435","6","40.2215","-76.098","0817","08","0","0","0","0","0","0","0","0","","0","0","0","08","1","1","00","0","40 13:17.571","","00","76 05:52.870","4","0","0","0","36210","0","0","0","N","0","0","0","3","36210","1","","2","01","N","N","1","","0","0","0","0","0","","0817","1","2","0","0","0","0","0","1","0","2","N","","","","","","","","","","","","03","","","N","N"
"0924","0","0","1","0","0","0","0","0","0","7","0","","36","02","2021","2021020874","4","40.0409","-76.239","0921","08","0","0","0","0","0","0","0","1","","0","0","0","09","1","1","00","0","40 02:27.326","","00","76 14:20.523","2","0","0","0","36215","0","0","0","N","0","0","0","1","36215","0","","5","01","N","N","1","","0","1","0","0","0","","0919","1","1","0","0","0","0","0","1","0","1","N","","","","","","","","","","","","03","03","","N","N"
"1352","1","0","0","0","0","0","0","0","0","4","0","","36","03","2021","2021022120","6","40.0791","-76.2949","1352","08","0","0","0","0","0","1","0","0","","0","0","0","13","1","0","00","0","40 04:44.851","","00","76 17:41.530","0","0","0","0","36101","0","0","0","N","0","0","0","2","36101","0","","1","01","N","N","0","","0","0","1","0","0","","1348","0","2","0","0","0","0","0","3","0","2","N","","","","","","","","","","","","03","03","","N","N"
"1801","1","0","0","0","0","0","0","0","0","8","0","","36","01","2021","2021011129","3","40.0374","-76.3105","1800","08","0","0","0","0","0","0","0","0","","0","0","0","17","3","1","01","0","40 02:14.783","","00","76 18:37.926","3","0","0","0","36301","1","0","0","N","1","0","0","3","36301","0","","1","09","N","N","0","","1","0","0","3","2","","1746","1","2","0","0","0","0","0","3","0","1","N","","","","","","","","","","","","07","04","","N",""
"1345","1","0","0","0","0","0","0","0","0","2","0","","36","01","2021","2021010939","1","40.0772","-76.5074","1315","08","0","0","0","0","0","1","0","0","","0","1","0","13","1","0","00","2","40 04:37.840","4","00","76 30:26.630","0","0","0","0","36230","0","0","0","N","0","0","0","2","36410","0","","1","07","N","N","0","","0","0","0","0","0","N","1300","0","2","0","0","0","0","0","1","0","2","N","","","","","","","","","","","1410","10","","","N","N"
"1619","1","0","0","0","0","0","0","0","0","1","1","","36","02","2021","2021019722","2","40.0701","-76.3157","1602","08","0","0","0","0","0","0","0","0","","0","1","0","16","1","1","00","1","40 04:12.303","3","00","76 18:56.610","3","0","0","0","36101","0","0","0","N","0","0","0","6","36101","0","","1","09","N","N","0","","1","0","1","0","0","N","1601","1","3","0","0","0","0","0","3","0","3","N","","","","","","","","","","","1721","04","04","","N","N"
"1738","0","0","0","0","0","0","0","0","0","1","0","","36","03","2021","2021021708","5","40.0682","-76.3025","1727","08","0","0","0","0","0","1","0","0","","0","0","0","17","1","0","00","0","40 04:05.671","","00","76 18:08.970","0","0","0","0","36101","0","0","0","N","0","0","0","2","36101","0","","1","01","N","N","1","","0","0","1","0","0","","1717","0","2","0","0","0","0","0","3","0","2","N","","","","","","","","","","","","03","","","N","N"
"1357","0","0","0","0","0","0","0","0","0","8","1","","36","02","2021","2021020066","4","40.0452","-76.3139","1355","08","0","0","0","0","0","0","0","0","","0","1","0","13","1","1","01","0","40 02:42.759","","00","76 18:50.122","3","0","0","0","36301","1","0","0","N","1","0","0","2","36301","0","","1","01","N","N","0","","1","0","0","3","3","N","1349","1","2","0","0","0","0","0","3","0","1","N","","","","","","","","","","","","03","","","N",""
"1524","1","0","0","0","0","0","0","0","0","2","0","","36","01","2021","2021009835","3","40.0756","-76.3086","1523","08","0","0","0","0","0","1","0","0","","0","0","0","15","1","1","00","2","40 04:32.043","5","00","76 18:31.091","3","0","0","0","36101","0","0","0","N","0","0","0","4","36101","0","","1","09","N","N","0","","1","0","1","0","0","Y","1520","1","2","0","0","1","0","0","3","0","2","N","","","","","","","","","","","1604","07","","","N","N"
"0603","1","0","0","0","0","0","0","0","0","7","0","","36","02","2021","2021010940","2","40.1673","-76.3988","0600","08","0","0","0","0","0","0","0","0","","0","0","0","05","3","1","00","2","40 10:02.119","5","00","76 23:55.777","8","0","0","0","36410","0","0","0","N","0","0","0","1","36410","0","","4","06","N","N","0","","0","0","0","0","0","Y","0558","1","1","0","0","0","1","0","2","0","1","N","","","","","","","","","","","0633","09","10","","N","N"
"2243","0","0","0","0","0","0","0","0","0","7","0","","36","02","2021","2021020460","1","40.1197","-76.3413","2239","08","0","0","0","0","0","0","0","1","","0","0","0","22","2","0","00","2","40 07:10.907","5","00","76 20:28.729","0","0","0","0","36101","0","0","0","N","0","0","0","1","36101","0","","4","01","N","N","0","","0","0","1","0","0","Y","2236","0","1","0","0","0","0","0","3","0","1","N","","","","","","","","","","","0806","04","04","","N","N"
"1512","1","0","0","0","0","0","0","0","0","1","0","","36","02","2021","2021021236","7","40.0623","-76.4259","1510","08","1","0","0","0","0","1","0","0","","0","0","0","15","1","0","00","1","40 03:44.169","6","07","76 25:33.275","0","0","0","0","36239","0","0","0","N","0","0","0","2","36239","0","","1","01","N","N","1","","0","0","0","0","0","N","1510","0","2","0","0","0","0","0","3","0","2","N","","","","","","","","","","","1545","03","","","N","N"