"ARRIVAL_TM","AUTOMOBILE_COUNT","BELTED_DEATH_COUNT","BELTED_SUSP_SERIOUS_INJ_COUNT","BICYCLE_COUNT","BICYCLE_DEATH_COUNT","BICYCLE_SUSP_SERIOUS_INJ_COUNT","BUS_COUNT","CHLDPAS_DEATH_COUNT","CHLDPAS_SUSP_SERIOUS_INJ_COUNT","COLLISION_TYPE","COMM_VEH_COUNT","CONS_ZONE_SPD_LIM","COUNTY","CRASH_MONTH","CRASH_YEAR","CRN","DAY_OF_WEEK","DEC_LAT","DEC_LONG","DISPATCH_TM","DISTRICT","DRIVER_COUNT_16YR","DRIVER_COUNT_17YR","DRIVER_COUNT_18YR","DRIVER_COUNT_19YR","DRIVER_COUNT_20YR","DRIVER_COUNT_50_64YR","DRIVER_COUNT_65_74YR","DRIVER_COUNT_75PLUS","EST_HRS_CLOSED","FATAL_COUNT","HEAVY_TRUCK_COUNT","HORSE_BUGGY_COUNT","HOUR_OF_DAY","ILLUMINATION","INJURY_COUNT","INTERSECT_TYPE","LANE_CLOSED","LATITUDE","LN_CLOSE_DIR","LOCATION_TYPE","LONGITUDE","MAX_SEVERITY_LEVEL","MCYCLE_DEATH_COUNT","MCYCLE_SUSP_SERIOUS_INJ_COUNT","MOTORCYCLE_COUNT","MUNICIPALITY","NONMOTR_COUNT","NONMOTR_DEATH_COUNT","NONMOTR_SUSP_SERIOUS_INJ_COUNT","NTFY_HIWY_MAINT","PED_COUNT","PED_DEATH_COUNT","PED_SUSP_SERIOUS_INJ_COUNT","PERSON_COUNT","POLICE_AGCY","POSSIBLE_INJ_COUNT","RDWY_SURF_TYPE_CD","RELATION_TO_ROAD","ROAD_CONDITION","SCH_BUS_IND","SCH_ZONE_IND","SMALL_TRUCK_COUNT","SPEC_JURIS_CD","SUSP_MINOR_INJ_COUNT","SUSP_SERIOUS_INJ_COUNT","SUV_COUNT","TCD_FUNC_CD","TCD_TYPE","TFC_DETOUR_IND","TIME_OF_DAY","TOT_INJ_COUNT","TOTAL_UNITS","UNB_DEATH_COUNT","UNB_SUSP_SERIOUS_INJ_COUNT","UNBELTED_OCC_COUNT","UNK_INJ_DEG_COUNT","UNK_INJ_PER_COUNT","URBAN_RURAL","VAN_COUNT","VEHICLE_COUNT","WORK_ZONE_IND","WORK_ZONE_LOC","WORK_ZONE_TYPE","WORKERS_PRES","WZ_CLOSE_DETOUR","WZ_FLAGGER","WZ_LAW_OFFCR_IND","WZ_LN_CLOSURE","WZ_MOVING","WZ_OTHER","WZ_SHLDER_MDN","ROADWAY_CLEARED","WEATHER1","WEATHER2","WZ_WORKERS_INJ_KILLED","SECONDARY_CRASH","INTERSECTION_RELATED"
"1750","0","0","0","0","0","0","0","0","0","0","1","","36","01","2021","2021011021","1","39.7821","-76.089","1732","08","0","0","0","0","0","1","0","0","","0","1","0","17","2","1","00","2","39 46:55.479","6","00","76 05:20.294","3","0","0","0","36222","0","0","0","N","0","0","0","1","68J01","0","","4","07","N","N","0","","1","0","0","0","0","Y","1730","1","1","0","0","0","0","0","1","0","1","N","","","","","","","","","","","1815","02","10","","N","N"
"0848","0","0","0","0","0","0","0","0","0","2","0","","36","01","2021","2021010475","3","40.1523","-76.63","0842","08","0","0","0","0","0","0","0","0","","0","0","0","08","1","1","00","2","40 09:08.310","5","03","76 37:47.870","4","0","0","0","36237","0","0","0","N","0","0","0","1","36505","1","","1","02","N","N","0","","0","0","2","0","0","Y","0842","1","2","0","0","0","0","0","1","0","2","N","","","","","","","","","","","0928","06","07","","N","N"
"1519","1","0","0","0","0","0","0","0","0","1","0","","36","01","2021","2021010690","7","40.1314","-76.3805","1519","08","0","0","0","0","0","0","0","0","","0","0","0","15","1","0","00","1","40 07:53.168","2","00","76 22:49.900","0","0","0","0","36227","0","0","0","N","0","0","0","3","36506","0","","1","01","N","N","0","","0","0","1","0","0","N","1519","0","2","0","0","0","0","0","1","0","2","N","","","","","","","","","","","1550","03","","","N","N"
"0611","0","0","0","0","0","0","0","0","0","6","0","","36","01","2021","2021006174","3","40.1478","-76.0462","0557","08","0","0","1","0","0","0","0","1","","0","0","0","05","2","0","01","1","40 08:52.092","2","00","76 02:46.167","0","0","0","0","36213","0","0","0","N","0","0","0","3","36213","0","","1","01","N","N","0","","0","0","1","3","3","N","0557","0","2","0","0","0","0","0","1","1","2","N","","","","","","","","","","","0700","03","03","","N",""
"1737","0","0","0","0","0","0","0","0","0","2","0","","36","01","2021","2021019790","1","40.0608","-76.5367","1721","08","0","0","0","0","0","1","0","0","","0","0","0","17","2","0","01","0","40 03:39.038","","00","76 32:12.059","0","0","0","0","36211","0","0","0","N","0","0","0","1","36504","0","","5","07","N","N","0","","0","0","1","0","0","","1717","0","1","0","0","0","0","0","1","0","1","N","","","","","","","","","","","","10","","","N","N"
"1754","1","0","0","0","0","0","0","0","0","7","0","","36","02","2021","2021021863","7","40.0148","-76.3258","1754","08","0","0","0","1","0","0","0","0","","0","0","0","17","1","0","00","0","40 00:53.244","","00","76 19:33.059","0","0","0","0","36220","0","0","0","N","0","0","0","1","36101","0","","4","01","N","N","0","","0","0","0","0","0","","1745","0","1","0","0","0","0","0","3","0","1","N","","","","","","","","","","","","03","03","","N","N"
"1604","1","0","0","0","0","0","0","0","0","4","1","","36","03","2021","2021021577","4","40.0703","-76.3013","1557","08","0","0","0","0","0","1","0","0","","0","1","0","15","1","0","01","1","40 04:12.969","2","00","76 18:04.751","0","0","0","0","36101","0","0","0","N","0","0","0","3","36101","0","","1","01","N","N","0","","0","0","0","3","2","N","1551","0","2","0","0","0","0","0","3","0","2","N","","","","","","","","","","","1642","03","03","","N",""
"1501","0","0","0","0","0","0","1","0","0","1","2","","36","02","2021","2021019818","3","40.1437","-76.5974","1447","08","0","0","0","0","0","1","1","0","","0","1","0","14","1","2","00","2","40 08:37.223","5","00","76 35:50.745","4","0","0","0","36407","0","0","0","N","0","0","0","10","36407","2","","1","01","Y","N","0","","0","0","0","0","0","Y","1446","2","3","0","0","0","0","0","2","1","3","N","","","","","","","","","","","1620","04","","","N","N"
"0750","1","0","0","0","0","0","0","0","0","1","0","","36","03","2021","2021021865","3","40.1032","-76.3054","0742","08","0","1","0","0","0","0","0","0","","0","0","0","07","1","0","00","1","40 06:11.655","2","00","76 18:19.440","0","0","0","0","36101","0","0","0","N","0","0","0","2","36101","0","","1","01","N","N","0","","0","0","1","0","0","N","0739","0","2","0","0","0","0","0","3","0","2","N","","","","","","","","","","","0845","03","03","","N","N"
"1815","1","0","0","0","0","0","0","0","0","7","0","","36","02","2021","2021021679","3","39.9918","-76.2608","1812","08","0","0","0","0","0","1","0","0","","0","0","0","18","2","0","00","2","39 59:30.586","5","00","76 15:39.025","0","0","0","0","36240","0","0","0","N","0","0","0","1","36240","0","","2","01","N","N","0","","0","0","0","0","0","Y","1810","0","1","0","0","0","0","0","1","0","1","N","","","","","","","","","","","1930","03","","","N","N"
"1400","0","0","0","0","0","0","0","0","0","2","1","","36","02","2021","2021021513","2","40.0254","-75.9493","1345","08","0","0","0","0","1","0","0","0","","0","1","0","13","1","1","00","2","40 01:31.487","6","00","75 56:57.356","3","0","0","0","36232","0","0","0","N","0","0","0","2","68J01","0","","1","07","N","N","0","","1","0","1","0","0","Y","1337","1","2","0","0","0","0","0","1","0","2","N","","","","","","","","","","","0333","10","","","N","N"
"1833","1","0","0","0","0","0","0","0","0","7","0","","36","03","2021","2021020660","2","40.0737","-76.2863","1829","08","0","0","0","0","0","0","0","0","","0","0","0","18","2","1","00","0","40 04:25.173","","00","76 17:10.724","3","0","0","0","36101","0","0","0","N","0","0","0","1","36101","0","","4","01","N","N","0","","1","0","0","0","0","","1814","1","2","0","0","0","0","0","3","0","1","N","","","","","","","","","","","","03","03","","N","N"
"1257","1","0","0","0","0","0","0","0","0","0","0","","36","02","2021","2021019723","6","40.1163","-76.3057","1256","08","0","0","0","0","0","0","0","1","","0","0","0","12","1","0","01","1","40 06:58.631","4","00","76 18:20.445","0","0","0","0","36101","0","0","0","N","0","0","0","1","36101","0","","1","01","N","N","0","","0","0","0","3","2","N","1255","0","1","0","0","0","0","0","3","0","1","N","","","","","","","","","","","1336","03","03","","N",""
"0808","1","0","0","0","0","0","0","0","0","1","0","","36","01","2021","2021006220","7","40.2164","-76.4328","0811","08","0","0","0","0","0","1","0","0","","0","0","0","08","1","0","02","0","40 12:59.206","","00","76 25:58.223","0","0","0","0","36230","0","0","0","N","0","0","0","2","36410","0","","1","09","N","N","0","","0","0","1","0","0","","0808","0","2","0","0","0","0","0","1","0","2","N","","","","","","","","","","","","03","03","","N",""
"2024","2","0","0","0","0","0","0","0","0","1","0","","36","01","2021","2021005760","6","39.9914","-76.016","2018","08","0","0","0","0","0","0","0","0","","0","0","0","20","3","0","00","0","39 59:28.878","","00","76 00:57.425","0","0","0","0","36232","0","0","0","N","0","0","0","2","68J01","0","","1","09","N","N","0","","0","0","0","3","2","","2006","0","2","0","0","0","0","0","1","0","2","N","","","","","","","","","","","","07","07","","N","Y"
"1334","2","0","0","0","0","0","0","0","0","4","0","","36","01","2021","2021002735","6","40.0494","-76.3025","1328","08","0","0","0","1","0","0","0","0","","0","0","0","13","1","1","01","1","40 02:57.814","4","00","76 18:08.971","3","0","0","0","36301","0","0","0","N","0","0","0","2","36301","0","","1","01","N","N","0","","1","0","0","0","0","N","1329","1","2","0","0","0","0","0","3","0","2","N","","","","","","","","","","","1418","03","03","","N",""
"0745","2","0","0","0","0","0","0","0","0","1","0","","36","01","2021","2021008451","5","40.0522","-76.3082","0740","08","0","0","0","0","0","1","0","0","","0","0","0","07","1","0","00","0","40 03:07.818","","00","76 18:29.478","0","0","0","0","36301","0","0","0","N","0","0","0","2","36301","0","","1","01","N","N","0","","0","0","0","0","0","","0740","0","2","0","0","0","0","0","3","0","2","N","","","","","","","","","","","","03","03","","N","N"
"1740","2","0","0","0","0","0","0","0","0","4","0","","36","01","2021","2021007820","3","40.1147","-76.244","1733","08","0","0","0","0","0","0","0","0","","0","0","0","17","2","0","02","1","40 06:52.778","2","00","76 14:38.314","0","0","0","0","36101","0","0","0","N","0","0","0","2","36101","0","","1","01","N","N","0","","0","0","0","3","3","N","1731","0","2","0","0","0","0","0","3","0","2","N","","","","","","","","","","","1830","03","03","","N",""
"1201","2","0","0","0","0","0","0","0","0","4","0","","36","01","2021","2021007907","6","39.8726","-76.2286","1149","08","0","0","1","0","0","1","0","0","","0","0","0","11","1","0","01","0","39 52:21.341","","00","76 13:43.058","0","0","0","0","36208","0","0","0","N","0","0","0","4","68J01","0","","1","01","N","N","0","","0","0","0","3","2","","1147","0","2","0","0","0","0","0","1","0","2","N","","","","","","","","","","","","03","","","N","N"
"1306","0","0","0","0","0","0","0","0","0","7","0","","36","02","2021","2021010688","2","39.9967","-76.4109","1259","08","0","0","0","0","0","0","1","0","","0","0","0","12","1","0","00","1","39 59:47.950","5","00","76 24:39.180","0","0","0","0","36223","0","0","0","N","0","0","0","1","36223","0","","4","02","N","N","0","","0","0","1","0","0","Y","1257","0","1","0","0","0","0","0","1","0","1","N","","","","","","","","","","","1421","09","10","","N","N"
"2258","0","0","0","0","0","0","0","0","0","7","0","","36","01","2021","2021011879","6","39.7358","-76.1504","2226","08","0","0","0","0","0","0","0","0","","0","1","0","22","2","0","00","2","39 44:08.754","5","00","76 09:01.410","0","0","0","0","36219","0","0","0","N","0","0","0","1","68J01","0","","4","01","N","N","1","","0","0","0","0","0","Y","2222","0","2","0","0","0","0","0","1","0","2","N","","","","","","","","","","","0400","03","","","Y","N"
"1823","0","0","0","0","0","0","0","0","0","7","0","","36","01","2021","2021011557","1","40.0657","-76.3483","1816","08","0","0","0","0","0","0","0","0","","0","0","0","18","3","0","02","0","40 03:56.435","","00","76 20:53.872","0","0","0","0","36214","0","0","0","N","0","0","0","1","36214","0","","4","07","N","N","0","","0","0","1","3","2","","1810","0","1","0","0","0","0","0","3","0","1","N","","","","","","","","","","","","10","04","","N",""
"1858","3","0","0","0","0","0","0","0","0","1","0","","36","01","2021","2021006712","6","40.0055","-76.1082","1846","08","0","0","0","0","0","0","0","0","","0","0","0","18","3","1","00","1","40 00:19.713","3","00","76 06:29.399","3","0","0","0","36226","0","0","0","N","0","0","0","3","68J01","0","","1","01","N","N","0","","1","0","0","0","0","N","1844","1","3","0","0","0","0","0","1","0","3","N","","","","","","","","","","","1910","03","","","N","N"
"1520","1","0","0","0","0","0","0","0","0","7","0","","36","01","2021","2021007325","6","39.7307","-76.1532","1445","08","0","0","0","0","0","0","0","0","","0","0","0","14","1","0","00","0","39 43:50.636","","00","76 09:11.419","0","0","0","0","36219","0","0","0","N","0","0","0","2","68J01","0","","4","09","N","N","0","","0","0","0","0","0","","1440","0","1","0","0","0","0","0","1","0","1","N","","","","","","","","","","","","07","04","","N","N"
"0137","1","0","0","0","0","0","0","0","0","7","0","","36","01","2021","2021005766","7","39.856","-76.0766","0121","08","0","0","0","0","0","0","0","0","","0","0","0","01","2","0","00","0","39 51:21.553","","00","76 04:35.846","0","0","0","0","36205","0","0","0","N","0","0","0","1","68J01","0","","5","09","N","N","0","","0","0","0","0","0","","0109","0","1","0","0","0","0","0","1","0","1","N","","","","","","","","","","","","07","","","N","N"
"1104","1","0","0","0","0","0","0","0","0","1","0","","36","01","2021","2021005194","2","40.0448","-76.3633","1104","08","0","0","0","0","0","0","1","1","","0","0","0","11","1","1","00","0","40 02:41.103","","00","76 21:47.888","4","0","0","0","36214","0","0","0","N","0","0","0","3","36214","1","","1","01","N","N","0","","0","0","1","0","0","","1100","1","2","0","0","0","0","0","3","0","2","N","","","","","","","","","","","","03","03","","N","N"
"1145","1","0","0","0","0","0","0","0","0","1","0","","36","01","2021","2021007823","3","40.1305","-76.3046","1145","08","0","0","0","0","0","0","0","1","","0","0","0","11","1","1","00","1","40 07:49.943","2","00","76 18:16.639","3","0","0","0","36235","0","0","0","N","0","0","0","2","36506","0","","1","01","N","N","1","","1","0","0","0","0","Y","1145","1","2","0","0","0","0","0","1","0","2","N","","","","","","","","","","","1215","03","03","","N","N"
"1635","1","0","0","0","0","0","0","0","0","4","0","","36","01","2021","2021008262","6","40.0426","-76.4937","1630","08","0","0","0","0","0","1","0","0","","0","0","0","16","1","1","01","1","40 02:33.372","3","00","76 29:37.278","4","0","0","0","36404","0","0","0","N","0","0","0","2","36404","1","","1","01","N","N","0","","0","0","1","3","3","N","1630","1","2","0","0","0","0","0","3","0","2","N","","","","","","","","","","","1715","04","","","N",""
"0838","0","0","0","0","0","0","0","0","0","7","0","","36","01","2021","2021009739","7","40.024","-76.2654","0832","08","0","0","0","0","0","0","0","0","","0","0","0","08","1","0","00","1","40 01:26.299","1","00","76 15:55.262","0","0","0","0","36240","0","0","0","N","0","0","0","0","36240","0","","2","01","N","N","1","","0","0","0","0","0","N","0830","0","1","0","0","0","0","0","1","0","1","N","","","","","","","","","","","1047","03","03","","N","N"
"1010","1","0","0","0","0","0","0","0","0","7","0","","36","01","2021","2021010064","3","40.2689","-76.116","0959","08","1","0","0","0","0","0","0","0","","0","0","0","09","1","0","00","2","40 16:08.088","5","03","76 06:57.520","0","0","0","0","36236","0","0","0","N","0","0","0","1","36408","0","","2","09","N","N","0","","0","0","0","0","0","Y","0959","0","1","0","0","0","0","0","1","0","1","N","","","","","","","","","","","1052","09","","","N","N"
"1456","1","0","0","0","0","0","0","0","0","4","0","","36","01","2021","2021006646","4","40.0843","-76.2239","1454","08","1","0","0","0","0","0","1","0","","0","0","0","14","1","0","02","1","40 05:03.562","4","00","76 13:25.981","0","0","0","0","36234","0","0","0","N","0","0","0","4","36215","0","","1","01","N","N","0","","0","0","1","3","3","N","1453","0","2","0","0","0","0","0","1","0","2","N","","","","","","","","","","","1536","03","","","N",""
"1926","0","0","0","0","0","0","0","0","0","7","0","","36","01","2021","2021005792","7","39.9502","-76.12","1912","08","0","0","0","1","0","0","0","0","","0","0","0","19","2","0","00","2","39 57:00.661","7","00","76 07:12.167","0","0","0","0","36216","0","0","0","Y","0","0","0","1","68J01","0","","2","01","N","N","1","","0","0","0","0","0","Y","1908","0","1","0","0","0","0","0","1","0","1","N","","","","","","","","","","","0400","03","03","","N","N"
"0546","1","0","0","0","0","0","0","0","0","7","0","","36","01","2021","2021005660","5","40.1728","-76.336","0546","08","0","1","0","0","0","0","0","0","","0","0","0","05","2","1","00","0","40 10:22.188","","00","76 20:09.461","3","0","0","0","36227","0","0","0","N","0","0","0","2","36506","0","","5","01","N","N","0","","1","0","0","0","0","","0526","1","1","0","0","0","0","0","1","0","1","N","","","","","","","","","","","","03","","","N","N"
"1259","1","0","0","0","0","0","0","0","0","1","0","","36","01","2021","2021006128","7","40.2267","-76.1098","1245","08","0","0","0","0","1","0","0","1","","0","0","0","12","1","1","00","0","40 13:35.936","","00","76 06:34.549","3","0","0","0","36210","0","0","0","N","0","0","0","3","68T06","0","","1","01","N","N","1","","1","0","0","0","0","","1245","1","2","0","0","0","0","0","1","0","2","N","","","","","","","","","","","","03","03","","N","N"
"0529","0","0","0","0","0","0","0","0","0","0","1","","36","01","2021","2021005715","2","39.9464","-76.1527","0529","08","0","0","0","0","0","0","1","0","","0","1","0","05","2","0","00","2","39 56:46.897","5","00","76 09:09.576","0","0","0","0","36233","0","0","0","N","0","0","0","2","68J01","0","","1","02","N","N","1","","0","0","0","0","0","Y","0506","0","2","0","0","0","0","0","1","0","2","N","","","","","","","","","","","0707","03","","","N","N"
"2211","1","0","0","0","0","0","0","0","0","7","0","","36","01","2021","2021005035","6","40.0468","-76.3185","2210","08","0","0","0","0","0","0","0","0","","0","0","0","22","3","0","00","2","40 02:48.546","2","00","76 19:06.604","0","0","0","0","36301","0","0","0","N","0","0","0","2","36301","0","","2","09","N","N","0","","0","0","0","0","0","Y","2208","0","1","0","0","1","0","0","3","0","1","N","","","","","","","","","","","2257","07","","","N","N"
"0807","1","0","0","0","0","0","0","0","0","7","0","","36","01","2021","2021009174","4","39.8196","-76.2734","0731","08","0","0","0","0","0","0","0","0","","0","0","0","07","1","0","02","0","39 49:10.430","","00","76 16:24.366","0","0","0","0","36208","0","0","0","N","0","0","0","1","68J01","0","","4","01","N","N","0","","0","0","0","0","0","","0726","0","1","0","0","0","0","0","1","0","1","N","","","","","","","","","","","","03","03","","N","N"
"1352","3","0","0","0","0","0","0","0","0","4","0","","36","01","2021","2021008726","7","40.0461","-76.3072","1347","08","0","0","0","0","0","0","1","0","","0","0","0","13","1","0","00","1","40 02:45.963","1","00","76 18:26.018","0","0","0","0","36301","0","0","0","N","0","0","0","1","36301","0","","1","01","N","N","0","","0","0","0","0","0","N","1344","0","3","0","0","0","0","0","3","0","3","N","","","","","","","","","","","1443","03","03","","Y","N"
"1319","0","0","0","0","0","0","0","0","0","4","0","","36","01","2021","2021005409","1","40.0679","-76.3034","1317","08","0","0","0","0","0","1","0","0","","0","0","0","13","1","1","01","1","40 04:04.462","3","00","76 18:12.202","4","0","0","0","36101","0","0","0","N","0","0","0","4","36101","1","","1","01","N","N","0","","0","0","2","3","2","N","1314","1","2","0","0","0","0","0","3","0","2","N","","","","","","","","","","","1420","03","","","N",""
"1415","1","0","0","0","0","0","0","0","0","1","0","","36","01","2021","2021006641","7","40.0691","-76.3569","1409","08","0","0","0","0","0","1","0","0","","0","0","0","14","1","2","01","1","40 04:08.816","1","00","76 21:24.786","4","0","0","0","36214","0","0","0","N","0","0","0","3","36214","1","","1","01","N","N","0","","0","0","1","3","2","Y","1400","2","2","0","0","0","1","0","3","0","2","N","","","","","","","","","","","1440","03","04","","N",""
"1459","1","0","0","0","0","0","0","0","0","4","0","","36","01","2021","2021006178","3","40.214","-76.1583","1451","08","0","0","1","0","0","0","0","0","","0","0","0","14","1","0","01","1","40 12:50.235","5","00","76 09:29.758","0","0","0","0","36236","0","0","0","N","0","0","0","2","36408","0","","1","01","N","N","0","","0","0","1","3","3","N","1451","0","2","0","0","0","0","0","1","0","2","N","","","","","","","","","","","1531","03","03","","N","N"
"1642","0","0","0","0","0","0","0","0","0","7","0","","36","01","2021","2021009234","4","40.1172","-76.3797","1633","08","0","0","0","0","0","1","0","0","","0","0","0","16","1","0","00","0","40 07:01.841","","00","76 22:46.761","0","0","0","0","36214","0","0","0","N","0","0","0","1","36214","0","","5","01","N","N","0","","0","0","1","0","0","","1629","0","1","0","0","0","0","0","3","0","1","N","","","","","","","","","","","","03","03","","N","N"
"0049","1","0","0","0","0","0","0","0","0","4","0","","36","01","2021","2021009362","1","40.0679","-76.3034","0044","08","0","0","0","0","0","0","0","0","","0","0","0","00","3","0","01","1","40 04:04.462","1","00","76 18:12.202","0","0","0","0","36101","0","0","0","N","0","0","0","2","36101","0","","1","01","N","N","0","","0","0","1","3","2","N","0042","0","2","0","0","1","0","0","3","0","2","N","","","","","","","","","","","0207","03","03","","N",""
"1557","1","0","0","0","0","0","0","0","0","7","0","","36","01","2021","2021009288","2","39.9007","-76.2996","1526","08","0","0","0","0","1","0","0","0","","0","0","0","15","1","2","00","2","39 54:02.361","5","00","76 17:58.573","8","0","0","0","36224","0","0","0","N","0","0","0","3","68J01","0","","5","01","N","N","0","","0","0","0","0","0","Y","1520","2","1","0","0","0","2","0","1","0","1","N","","","","","","","","","","","1640","04","","","N","N"
"0821","1","0","0","0","0","0","0","0","0","7","0","","36","01","2021","2021006732","4","39.9236","-76.0466","0753","08","0","1","0","0","0","0","0","0","","0","0","0","07","1","1","00","1","39 55:24.880","1","00","76 02:47.680","3","0","0","0","36201","0","0","0","N","0","0","0","1","68J01","0","","4","01","N","N","0","","1","0","0","0","0","N","0751","1","1","0","0","0","0","0","1","0","1","N","","","","","","","","","","","1000","03","","","N","N"
"1223","1","0","0","0","0","0","0","0","0","1","0","","36","01","2021","2021007390","2","40.1122","-76.2894","1217","08","0","0","0","0","0","1","1","0","","0","0","0","12","1","1","00","1","40 06:43.780","4","00","76 17:22.010","3","0","0","0","36101","0","0","0","N","0","0","0","2","36101","0","","1","01","N","N","0","","1","0","1","0","0","N","1214","1","2","0","0","0","0","0","3","0","2","N","","","","","","","","","","","1302","03","03","","N","N"
"0108","1","0","0","0","0","0","0","0","0","98","0","","36","01","2021","2021006784","4","40.2097","-76.3107","0055","08","0","0","0","0","0","0","0","0","","0","0","0","00","2","0","00","0","40 12:34.940","","00","76 18:38.444","0","0","0","0","36217","0","0","0","N","0","0","0","1","68J01","0","","1","01","N","N","0","","0","0","0","0","0","","0006","0","1","0","0","0","0","0","1","0","1","N","","","","","","","","","","","","03","","","N","N"
"0217","1","0","0","0","0","0","0","0","0","7","0","","36","01","2021","2021008112","1","40.0761","-76.461","0216","08","0","0","0","0","0","0","0","0","","0","0","0","02","2","0","00","1","40 04:33.966","5","00","76 27:39.482","0","0","0","0","36239","0","0","0","N","0","0","0","1","36239","0","","2","01","N","N","0","","0","0","0","0","0","N","0214","0","1","0","0","0","0","0","3","0","1","N","","","","","","","","","","","0300","03","03","","N","N"
"1310","0","0","0","0","0","0","0","0","0","4","0","","36","01","2021","2021007769","5","39.9977","-76.0551","1300","08","0","0","0","0","0","0","1","0","","0","0","0","12","1","1","01","1","39 59:51.604","4","00","76 03:18.436","3","0","0","0","36232","0","0","0","N","0","0","0","6","68J01","0","","1","01","N","N","2","","1","0","0","0","0","N","1258","1","2","0","0","0","0","0","1","0","2","N","","","","","","","","","","","1330","03","","","N","N"
"2232","1","0","0","0","0","0","0","0","0","7","0","","36","01","2021","2021009236","2","40.076","-76.1873","2227","08","1","0","0","0","0","0","0","0","","0","0","0","22","2","0","00","0","40 04:33.590","","00","76 11:14.170","0","0","0","0","36234","0","0","0","N","0","0","0","2","36215","0","","5","01","N","N","0","","0","0","0","0","0","","2225","0","1","0","0","0","0","0","1","0","1","N","","","","","","","","","","","","03","03","","N","N"
"0716","2","0","0","0","0","0","0","0","0","7","0","","36","01","2021","2021005661","5","40.1692","-76.3863","0716","08","0","0","0","0","0","1","0","0","","0","0","0","07","1","2","02","0","40 10:09.086","","00","76 23:10.754","8","0","0","0","36227","0","0","0","N","0","0","0","4","36506","0","","5","01","N","Y","0","","0","0","0","3","3","","0716","2","2","0","0","2","2","0","1","0","2","N","","","","","","","","","","","","03","","","N",""
"1634","1","0","0","0","0","0","0","0","0","7","0","","36","01","2021","2021007392","3","40.0529","-76.3539","1633","08","0","0","0","0","0","0","0","1","","0","0","0","16","1","0","00","1","40 03:10.580","2","00","76 21:14.010","0","0","0","0","36214","0","0","0","N","0","0","0","1","36214","0","","2","01","N","N","0","","0","0","0","0","0","N","1630","0","1","0","0","0","0","0","3","0","1","N","","","","","","","","","","","1655","03","03","","N","N"
"0851","0","0","0","0","0","0","0","0","0","7","0","","36","01","2021","2021006361","1","40.0413","-76.1622","0843","08","0","0","0","0","0","0","0","0","","0","0","0","08","1","0","00","2","40 02:28.580","7","00","76 09:43.780","0","0","0","0","36221","0","0","0","N","0","0","0","1","68J01","0","","4","02","N","N","0","","0","0","1","0","0","N","0839","0","1","0","0","1","0","0","1","0","1","N","","","","","","","","","","","0005","06","","","N","N"
"0309","2","0","0","0","0","0","0","0","0","4","0","","36","01","2021","2021007960","1","40.026","-76.335","0300","08","0","0","0","0","1","0","0","0","","0","0","0","02","2","0","02","0","40 01:33.646","","00","76 20:06.118","0","0","0","0","36220","0","0","0","N","0","0","0","2","36101","0","","1","01","N","N","0","","0","0","0","3","3","","0256","0","2","0","0","0","0","0","3","0","2","N","","","","","","","","","","","","03","","","N",""
"1635","2","0","0","0","0","0","0","0","0","4","0","","36","01","2021","2021007023","4","40.0687","-76.3429","1630","08","0","1","0","0","0","0","0","1","","0","0","0","16","1","2","01","1","40 04:07.251","4","00","76 20:34.310","3","0","0","0","36301","0","0","0","N","0","0","0","4","36301","0","","1","01","N","N","0","","2","0","0","3","2","N","1603","2","2","0","0","0","0","0","3","0","2","N","","","","","","","","","","","1715","03","03","","N","N"
"0831","0","0","0","0","0","0","0","0","0","7","1","","36","01","2021","2021007764","2","39.8855","-76.0746","0813","08","0","0","0","0","0","0","0","0","","0","1","0","08","1","0","00","2","39 53:07.816","2","00","76 04:28.592","0","0","0","0","36205","0","0","0","N","0","0","0","1","68J01","0","","4","02","N","N","0","","0","0","0","0","0","Y","0809","0","1","0","0","0","0","0","1","0","1","N","","","","","","","","","","","1130","03","98","","N","N"
"1405","0","0","0","0","0","0","0","0","0","4","0","","36","01","2021","2021006219","5","40.1219","-76.4831","1356","08","0","0","0","0","0","1","0","1","","0","0","0","13","1","1","02","1","40 07:18.757","2","00","76 28:59.212","3","0","0","0","36230","0","0","0","N","0","0","0","2","36410","0","","1","01","N","N","2","","1","0","0","3","2","N","1356","1","2","0","0","0","0","0","1","0","2","N","","","","","","","","","","","0040","03","03","","N",""
"1836","2","0","0","0","0","0","0","0","0","1","0","","36","01","2021","2021008696","3","40.0216","-76.3346","1831","08","0","0","0","0","0","0","0","0","","0","0","0","18","3","0","02","2","40 01:17.735","4","00","76 20:04.604","0","0","0","0","36220","0","0","0","N","0","0","0","2","36101","0","","1","09","N","N","0","","0","0","0","0","0","N","1829","0","2","0","0","0","0","0","3","0","2","N","","","","","","","","","","","1920","07","07","","N",""
"1823","2","0","0","0","0","0","0","0","0","4","0","","36","01","2021","2021007187","4","40.0404","-76.3132","1823","08","0","0","0","0","0","1","0","0","","0","0","0","17","3","0","01","1","40 02:25.530","1","00","76 18:47.429","0","0","0","0","36301","0","0","0","N","0","0","0","3","36301","0","","1","01","","","0","","0","0","0","3","2","N","1759","0","2","0","0","0","0","0","3","0","2","N","","","","","","","","","","","1917","03","03","","N",""