"ARRIVAL_TM","AUTOMOBILE_COUNT","BELTED_DEATH_COUNT","BELTED_SUSP_SERIOUS_INJ_COUNT","BICYCLE_COUNT","BICYCLE_DEATH_COUNT","BICYCLE_SUSP_SERIOUS_INJ_COUNT","BUS_COUNT","CHLDPAS_DEATH_COUNT","CHLDPAS_SUSP_SERIOUS_INJ_COUNT","COLLISION_TYPE","COMM_VEH_COUNT","CONS_ZONE_SPD_LIM","COUNTY","CRASH_MONTH","CRASH_YEAR","CRN","DAY_OF_WEEK","DEC_LAT","DEC_LONG","DISPATCH_TM","DISTRICT","DRIVER_COUNT_16YR","DRIVER_COUNT_17YR","DRIVER_COUNT_18YR","DRIVER_COUNT_19YR","DRIVER_COUNT_20YR","DRIVER_COUNT_50_64YR","DRIVER_COUNT_65_74YR","DRIVER_COUNT_75PLUS","EST_HRS_CLOSED","FATAL_COUNT","HEAVY_TRUCK_COUNT","HORSE_BUGGY_COUNT","HOUR_OF_DAY","ILLUMINATION","INJURY_COUNT","INTERSECT_TYPE","LANE_CLOSED","LATITUDE","LN_CLOSE_DIR","LOCATION_TYPE","LONGITUDE","MAX_SEVERITY_LEVEL","MCYCLE_DEATH_COUNT","MCYCLE_SUSP_SERIOUS_INJ_COUNT","MOTORCYCLE_COUNT","MUNICIPALITY","NONMOTR_COUNT","NONMOTR_DEATH_COUNT","NONMOTR_SUSP_SERIOUS_INJ_COUNT","NTFY_HIWY_MAINT","PED_COUNT","PED_DEATH_COUNT","PED_SUSP_SERIOUS_INJ_COUNT","PERSON_COUNT","POLICE_AGCY","POSSIBLE_INJ_COUNT","RDWY_SURF_TYPE_CD","RELATION_TO_ROAD","ROAD_CONDITION","SCH_BUS_IND","SCH_ZONE_IND","SMALL_TRUCK_COUNT","SPEC_JURIS_CD","SUSP_MINOR_INJ_COUNT","SUSP_SERIOUS_INJ_COUNT","SUV_COUNT","TCD_FUNC_CD","TCD_TYPE","TFC_DETOUR_IND","TIME_OF_DAY","TOT_INJ_COUNT","TOTAL_UNITS","UNB_DEATH_COUNT","UNB_SUSP_SERIOUS_INJ_COUNT","UNBELTED_OCC_COUNT","UNK_INJ_DEG_COUNT","UNK_INJ_PER_COUNT","URBAN_RURAL","VAN_COUNT","VEHICLE_COUNT","WORK_ZONE_IND","WORK_ZONE_LOC","WORK_ZONE_TYPE","WORKERS_PRES","WZ_CLOSE_DETOUR","WZ_FLAGGER","WZ_LAW_OFFCR_IND","WZ_LN_CLOSURE","WZ_MOVING","WZ_OTHER","WZ_SHLDER_MDN","ROADWAY_CLEARED","WEATHER1","WEATHER2","WZ_WORKERS_INJ_KILLED","SECONDARY_CRASH","INTERSECTION_RELATED"
"0748","1","0","0","0","0","0","0","0","0","7","0","","36","01","2021","2021009024","4","40.0394","-76.3628","0748","08","0","0","0","0","0","0","0","0","","0","0","0","07","1","0","00","0","40 02:21.956","","00","76 21:46.058","0","0","0","0","36214","0","0","0","N","0","0","0","1","36214","0","","5","01","N","N","0","","0","0","0","0","0","","0700","0","1","0","0","0","0","0","3","0","1","N","","","","","","","","","","","","03","","","Y","N"
"1641","1","0","0","0","0","0","0","0","0","0","0","","36","01","2021","2021008113","5","40.1886","-76.4126","1638","08","0","0","0","0","0","0","0","0","","0","0","0","16","1","0","00","2","40 11:18.787","5","00","76 24:45.255","0","0","0","0","36230","0","0","0","N","0","0","0","1","36410","0","","2","01","N","N","0","","0","0","0","0","0","Y","1636","0","1","0","0","0","0","0","1","0","1","N","","","","","","","","","","","1717","03","03","","N","N"
"0742","0","0","0","0","0","0","0","0","0","2","1","","36","01","2021","2021009257","5","40.1206","-76.2246","0737","08","0","0","0","0","0","1","1","0","","0","1","0","07","1","0","00","2","40 07:14.226","5","00","76 13:28.686","0","0","0","0","36238","0","0","0","N","0","0","0","2","36238","0","","1","01","N","N","0","","0","0","1","0","0","Y","0737","0","2","0","0","1","0","0","3","0","2","N","","","","","","","","","","","0859","03","","","N","Y"
"0708","1","0","0","0","0","0","0","0","0","7","0","","36","01","2021","2021005438","7","40.0473","-76.1315","0659","08","0","0","1","0","0","0","0","0","","0","0","0","01","2","0","00","0","40 02:50.320","","00","76 07:53.570","0","0","0","0","36221","0","0","0","N","0","0","0","1","68J01","0","","4","09","N","N","0","","0","0","0","0","0","","0115","0","1","0","0","0","0","0","1","0","1","N","","","","","","","","","","","","07","","","N","N"
"0908","0","0","0","0","0","0","0","0","0","7","0","","36","01","2021","2021006292","2","40.0707","-75.9475","0838","08","0","0","0","0","0","0","0","0","","0","0","0","08","1","0","00","0","40 04:14.440","","00","75 56:51.030","0","0","0","0","36232","0","0","0","N","0","0","0","1","68J01","0","","4","01","N","N","0","","0","0","1","0","0","","0835","0","1","0","0","0","0","0","1","0","1","N","","","","","","","","","","","","03","","","N","N"
"1429","1","0","0","0","0","0","0","0","0","7","0","","36","01","2021","2021005811","4","40.2539","-76.155","1419","08","0","0","0","0","0","0","0","1","","0","0","0","14","1","1","00","2","40 15:13.978","5","00","76 09:17.893","4","0","0","0","36236","0","0","0","N","0","0","0","1","36408","1","","5","01","N","N","0","","0","0","0","0","0","Y","1418","1","1","0","0","0","0","0","1","0","1","N","","","","","","","","","","","1525","03","","","N","N"
"1304","0","0","0","0","0","0","0","0","0","4","1","","36","01","2021","2021007391","3","40.0951","-76.4103","1302","08","0","0","1","0","0","1","0","0","","0","1","0","13","1","0","00","2","40 05:42.406","2","07","76 24:37.104","0","0","0","0","36214","0","0","0","N","0","0","0","2","36214","0","","1","01","N","N","0","","0","0","1","0","0","Y","1302","0","2","0","0","0","0","0","3","0","2","N","","","","","","","","","","","1343","03","","","N","N"
"2340","0","0","0","0","0","0","0","0","0","7","0","","36","01","2021","2021008115","6","40.1924","-76.4843","2336","08","0","0","0","0","0","0","0","0","","0","0","0","23","2","1","00","2","40 11:32.810","5","00","76 29:03.440","2","0","0","0","36230","0","0","0","N","0","0","0","1","36410","0","","4","01","N","N","0","","0","1","1","0","0","Y","2332","1","1","0","0","0","0","0","1","0","1","N","","","","","","","","","","","0127","03","03","","N","N"
"1501","1","0","0","0","0","0","0","0","0","1","0","","36","01","2021","2021007948","2","40.0567","-76.5274","1454","08","0","0","0","0","0","0","0","0","","0","0","0","14","1","0","03","2","40 03:24.201","5","00","76 31:38.749","0","0","0","0","36211","0","0","0","N","0","0","0","2","36504","0","","1","01","N","N","1","","0","0","0","0","0","N","1450","0","2","0","0","0","0","0","1","0","2","N","","","","","","","","","","","1545","03","03","","N","N"
"1742","1","0","0","0","0","0","0","0","0","4","0","","36","01","2021","2021007505","6","40.0394","-76.3629","1727","08","0","0","0","0","0","0","1","0","","0","0","0","17","3","1","00","1","40 02:21.989","4","07","76 21:46.285","4","0","0","0","36214","0","0","0","N","0","0","0","3","36214","1","","1","01","N","N","0","","0","0","1","0","0","N","1726","1","2","0","0","0","0","0","3","0","2","N","","","","","","","","","","","1807","03","","","N","N"
"1831","1","0","0","0","0","0","0","0","0","7","0","","36","01","2021","2021007644","2","39.849","-76.0245","1822","08","0","0","0","0","0","0","0","0","","0","0","0","18","2","0","00","1","39 50:56.424","2","00","76 01:28.289","0","0","0","0","36205","0","0","0","N","0","0","0","1","68J01","0","","4","01","N","N","0","","0","0","0","0","0","N","1821","0","1","0","0","0","0","0","1","0","1","N","","","","","","","","","","","1855","03","","","N","N"
"1032","1","0","0","0","0","0","0","0","0","7","0","","36","01","2021","2021007887","4","39.7485","-76.11","0953","08","1","0","0","0","0","0","0","0","","0","0","0","09","1","2","00","0","39 44:54.460","","00","76 06:36.030","3","0","0","0","36222","0","0","0","N","0","0","0","2","68J01","0","","4","01","N","N","0","","2","0","0","0","0","","0950","2","1","0","0","0","0","0","1","0","1","N","","","","","","","","","","","","03","","","N","N"
"1918","1","0","0","0","0","0","0","0","0","2","0","","36","01","2021","2021006222","5","40.096","-76.1131","1917","08","0","0","0","0","0","0","1","0","","0","0","0","19","6","0","00","1","40 05:45.580","5","00","76 06:47.060","0","0","0","0","36209","0","0","0","N","0","0","0","4","36415","0","","1","01","N","N","1","","0","0","0","0","0","N","1914","0","2","0","0","0","0","0","1","0","2","N","","","","","","","","","","","2000","03","03","","N","N"
"1829","1","0","0","0","0","0","0","0","0","7","0","","36","01","2021","2021008116","7","40.1974","-76.4198","1827","08","0","0","0","0","0","0","0","0","","0","0","0","18","6","0","00","2","40 11:50.524","5","00","76 25:11.305","0","0","0","0","36230","0","0","0","N","0","0","0","1","36410","0","","5","01","N","N","0","","0","0","0","0","0","Y","1813","0","1","0","0","0","0","0","1","0","1","N","","","","","","","","","","","1900","03","03","","N","N"
"1632","2","0","0","0","0","0","0","0","0","2","0","","36","01","2021","2021007825","4","40.1353","-76.3245","1627","08","0","0","0","0","0","1","1","0","","0","0","0","16","1","3","00","2","40 08:06.942","5","00","76 19:28.347","8","0","0","0","36235","0","0","0","N","0","0","0","3","36506","0","","1","01","N","N","0","","0","0","0","0","0","Y","1625","3","2","0","0","0","3","0","1","0","2","N","","","","","","","","","","","1729","03","","","N","N"
"1637","1","0","0","0","0","0","0","0","0","4","0","","36","01","2021","2021008988","2","40.2314","-76.1354","1620","08","0","0","0","0","0","1","0","0","","0","0","0","16","1","0","02","2","40 13:53.067","6","00","76 08:07.494","0","0","0","0","36405","0","0","0","N","0","0","0","2","36210","0","","1","01","N","N","0","","0","0","1","0","0","Y","1620","0","2","0","0","0","0","0","1","0","2","N","","","","","","","","","","","1659","03","","","N","N"
"1449","1","0","0","0","0","0","0","0","0","6","1","","36","01","2021","2021011336","1","40.0997","-76.329","1443","08","0","0","0","0","0","1","0","0","","0","0","0","14","1","2","00","1","40 05:58.889","5","00","76 19:44.305","3","0","0","0","36101","0","0","0","N","0","0","0","3","36101","1","","1","07","N","N","1","","1","0","0","0","0","N","1441","2","2","0","0","0","0","0","3","0","2","N","","","","","","","","","","","1535","10","10","","N","N"
"0426","1","0","0","0","0","0","0","0","0","7","0","","36","01","2021","2021007149","5","40.1202","-76.0441","0417","08","0","0","0","0","0","0","0","0","","0","0","0","04","3","0","02","2","40 07:12.692","3","00","76 02:38.874","0","0","0","0","36213","0","0","0","N","0","0","0","1","36213","0","","4","01","N","N","0","","0","0","0","0","0","N","0410","0","1","0","0","0","0","0","1","0","1","N","","","","","","","","","","","0450","03","","","N",""
"0406","0","0","0","0","0","0","0","0","0","7","0","","36","01","2021","2021011483","7","39.774","-76.1809","0401","08","0","0","0","0","0","0","0","0","","0","0","0","04","2","1","00","0","39 46:26.340","","00","76 10:51.230","3","0","0","0","36219","0","0","0","N","0","0","0","1","68J01","0","","4","01","N","N","0","","1","0","1","0","0","","0400","1","1","0","0","0","0","0","1","0","1","N","","","","","","","","","","","","03","03","","N","N"
"0620","2","0","0","0","0","0","0","0","0","7","0","","36","01","2021","2021000858","2","39.9897","-76.2242","0616","08","0","0","0","0","0","0","0","0","","0","0","0","06","6","0","00","2","39 59:22.830","6","00","76 13:27.006","0","0","0","0","36240","0","0","0","N","0","0","0","3","36240","0","","5","02","N","N","1","","0","0","0","0","0","Y","0615","0","3","0","0","0","0","0","1","0","3","N","","","","","","","","","","","0706","03","03","","Y","N"
"1231","1","0","0","0","0","0","0","0","0","7","0","","36","01","2021","2021000233","6","40.0823","-76.0181","1224","08","0","0","0","0","0","0","0","0","","0","0","0","12","1","1","00","2","40 04:56.190","5","00","76 01:05.297","3","0","0","0","36213","0","0","0","N","0","0","0","2","36213","0","","2","09","N","N","0","","1","0","0","0","0","Y","1219","1","1","0","0","1","0","0","1","0","1","N","","","","","","","","","","","1323","07","","","N","N"
"0914","0","0","0","0","0","0","0","0","0","1","0","","36","01","2021","2021006839","7","40.0269","-76.4547","0908","08","0","0","0","0","0","0","0","0","","0","0","0","09","1","0","00","2","40 01:36.720","5","04","76 27:17.080","0","0","0","0","36239","0","0","0","N","0","0","0","2","36239","0","","1","09","N","N","0","","0","0","2","3","4","Y","0906","0","2","0","0","0","0","0","3","0","2","N","","","","","","","","","","","0954","03","03","","N","N"
"0828","2","0","0","0","0","0","0","0","0","4","0","","36","01","2021","2021005156","5","39.9902","-76.0204","0822","08","0","0","0","0","0","1","0","1","","0","0","0","08","1","0","00","0","39 59:24.560","","07","76 01:13.466","0","0","0","0","36232","0","0","0","Y","0","0","0","2","68J01","0","","1","01","N","N","0","","0","0","0","0","0","","0822","0","2","0","0","0","0","0","1","0","2","N","","","","","","","","","","","","03","","","N","N"
"0739","1","0","0","0","0","0","0","0","0","7","0","","36","01","2021","2021008044","2","39.8573","-76.222","0720","08","0","0","1","0","0","0","0","0","","0","0","0","07","1","1","00","0","39 51:26.167","","00","76 13:19.343","3","0","0","0","36208","0","0","0","Y","0","0","0","1","68J01","0","","4","02","N","N","0","","1","0","0","0","0","","0719","1","1","0","0","0","0","0","1","0","1","N","","","","","","","","","","","","06","03","","N","N"
"0535","0","0","0","0","0","0","0","0","0","7","0","","36","01","2021","2021008552","2","39.9017","-76.1495","0518","08","0","0","0","0","0","1","0","0","","0","0","0","05","2","0","00","0","39 54:06.165","","00","76 08:58.311","0","0","0","0","36416","0","0","0","N","0","0","0","1","68J01","0","","4","02","N","N","0","","0","0","1","0","0","","0515","0","1","0","0","0","0","0","1","0","1","N","","","","","","","","","","","","05","","","N","N"
"1524","1","0","0","0","0","0","0","0","0","7","0","","36","01","2021","2021012279","1","40.2196","-76.1302","1520","08","0","0","0","0","0","0","0","0","","0","0","0","15","1","0","00","0","40 13:10.408","","00","76 07:48.732","0","0","0","0","36210","0","0","0","N","0","0","0","2","36210","0","","2","07","N","N","0","","0","0","0","0","0","","1520","0","1","0","0","0","0","0","1","0","1","N","","","","","","","","","","","","10","","","N","N"
"1719","0","0","0","0","0","0","0","0","0","7","0","","36","01","2021","2021011826","1","40.0646","-76.44","1711","08","0","0","0","0","0","0","0","1","","0","0","0","17","4","0","00","2","40 03:52.440","6","00","76 26:23.922","0","0","0","0","36239","0","0","0","N","0","0","0","1","36239","0","","5","01","N","N","0","","0","0","1","0","0","Y","1709","0","1","0","0","0","0","0","3","0","1","N","","","","","","","","","","","1750","03","03","","N","N"
"0554","1","0","0","0","0","0","0","0","0","7","0","","36","01","2021","2021006842","3","40.0383","-76.4587","0543","08","0","0","0","0","0","0","0","0","","0","0","0","05","2","0","00","2","40 02:17.956","3","03","76 27:30.924","0","0","0","0","36239","0","0","0","N","0","0","0","1","36239","0","","5","01","N","N","0","","0","0","0","0","0","N","0537","0","1","0","0","0","0","0","3","0","1","N","","","","","","","","","","","0600","03","03","","N","N"
"1216","2","0","0","0","0","0","0","0","0","1","0","","36","01","2021","2021006419","2","40.0732","-76.2987","1214","08","0","0","0","0","0","0","0","0","","0","0","0","12","1","2","00","1","40 04:23.378","5","00","76 17:55.301","4","0","0","0","36101","0","0","0","N","0","0","0","3","36101","2","","1","01","N","N","0","","0","0","0","0","0","N","1210","2","2","0","0","0","0","0","3","0","2","N","","","","","","","","","","","1300","03","03","","N","N"
"2253","1","0","0","0","0","0","0","0","0","7","0","","36","01","2021","2021005877","7","40.1572","-76.3073","2253","08","0","0","0","0","0","0","0","0","","0","0","0","22","3","0","01","0","40 09:25.980","","00","76 18:26.298","0","0","0","0","36409","0","0","0","N","0","0","0","1","36409","0","","4","01","N","N","0","","0","0","0","3","2","","2253","0","1","0","0","0","0","0","3","0","1","N","","","","","","","","","","","","03","03","","N",""
"0001","1","0","0","0","0","0","0","0","0","7","0","","36","01","2021","2021006317","6","40.2235","-76.0667","2341","08","0","0","0","1","0","1","0","0","","0","0","0","23","2","2","00","1","40 13:24.432","1","00","76 04:00.191","3","0","0","0","36202","0","0","0","Y","0","0","0","2","68J01","0","","4","09","N","N","1","","2","0","0","0","0","N","2339","2","2","0","0","0","0","0","1","0","2","N","","","","","","","","","","","0130","07","","","N","N"
"1614","1","0","0","0","0","0","0","0","0","7","0","","36","01","2021","2021006289","1","39.9285","-76.1986","1554","08","0","0","0","0","0","1","0","0","","0","0","0","15","1","0","00","2","39 55:42.566","5","00","76 11:54.930","0","0","0","0","36233","0","0","0","N","0","0","0","1","68J01","0","","4","01","N","N","0","","0","0","0","0","0","Y","1551","0","1","0","0","1","0","0","1","0","1","N","","","","","","","","","","","1700","03","","","N","N"
"1352","1","0","0","0","0","0","0","0","0","8","0","","36","01","2021","2021009013","4","40.1797","-76.1788","1350","08","0","0","0","0","0","0","0","1","","0","0","0","13","1","1","01","2","40 10:46.795","6","00","76 10:43.582","4","0","0","0","36408","1","0","0","N","1","0","0","3","36408","1","","1","01","N","N","0","","0","0","0","3","2","Y","1350","1","2","0","0","0","0","0","2","0","1","N","","","","","","","","","","","1415","03","","","N","N"
"0205","0","0","0","0","0","0","0","0","0","7","0","","36","02","2021","2021011741","4","39.7756","-76.071","0151","08","0","0","0","0","0","0","0","0","","0","0","0","01","2","0","00","0","39 46:32.160","","00","76 04:15.460","0","0","0","0","36222","0","0","0","N","0","0","0","1","68J01","0","","4","07","N","N","0","","0","0","1","0","0","","0147","0","1","0","0","0","0","0","1","0","1","N","","","","","","","","","","","","10","02","","N","Y"
"1515","4","0","0","0","0","0","0","0","0","4","0","","36","01","2021","2021008713","7","40.0516","-76.3142","1515","08","0","0","0","0","1","0","0","0","","0","0","0","15","1","0","00","2","40 03:05.883","4","00","76 18:51.239","0","0","0","0","36301","0","0","0","N","0","0","0","2","36301","0","","1","01","N","N","0","","0","0","0","0","0","N","1507","0","4","0","0","0","0","0","3","0","4","N","","","","","","","","","","","1622","03","03","","N","N"
"1229","1","0","0","0","0","0","0","0","0","4","0","","36","01","2021","2021005193","3","40.0402","-76.3299","1221","08","0","0","0","0","0","0","1","0","","0","0","0","12","1","0","01","0","40 02:24.896","","00","76 19:47.589","0","0","0","0","36220","0","0","0","N","0","0","0","2","36101","0","","1","01","N","N","0","","0","0","1","3","3","","1219","0","2","0","0","0","0","0","3","0","2","N","","","","","","","","","","","","03","03","","N",""
"1755","1","0","0","0","0","0","0","0","0","4","0","","36","01","2021","2021006837","7","40.0953","-76.2856","1751","08","0","1","0","0","0","0","0","0","","0","0","0","17","2","0","00","2","40 05:43.210","7","00","76 17:08.160","0","0","0","0","36101","0","0","0","N","0","0","0","1","36101","0","","4","01","N","N","0","","0","0","1","0","0","N","1749","0","2","0","0","0","0","0","3","0","2","N","","","","","","","","","","","1845","03","03","","N","N"
"1412","2","0","0","0","0","0","0","0","0","4","1","","36","01","2021","2021006302","4","40.0008","-76.0798","1412","08","0","0","0","0","0","1","0","1","","0","1","0","14","1","0","01","1","40 00:02.735","2","00","76 04:47.089","0","0","0","0","36226","0","0","0","N","0","0","0","4","68J01","0","","1","01","N","N","0","","0","0","0","3","3","N","1408","0","3","0","0","0","0","0","1","0","3","N","","","","","","","","","","","1500","03","","","N","N"
"0909","0","0","0","0","0","0","0","0","0","1","2","","36","01","2021","2021009286","4","39.8231","-76.2025","0850","08","0","0","0","0","0","0","1","0","","0","2","0","08","1","0","00","0","39 49:23.261","","00","76 12:08.966","0","0","0","0","36208","0","0","0","N","0","0","0","2","68J01","0","","1","01","N","N","0","","0","0","0","0","0","","0848","0","2","0","0","0","0","0","1","0","2","N","","","","","","","","","","","","03","","","N","N"
"1929","2","0","0","0","0","0","0","0","0","4","0","","36","01","2021","2021007938","7","40.0358","-76.3142","1929","08","0","0","0","2","0","0","0","0","","0","0","0","19","3","2","01","2","40 02:08.740","7","00","76 18:51.097","3","0","0","0","36301","0","0","0","N","0","0","0","3","36301","0","","1","01","N","N","0","","2","0","0","3","3","Y","1928","2","2","0","0","1","0","0","3","0","2","N","","","","","","","","","","","2031","03","03","","N",""
"1247","0","0","0","0","0","0","0","0","0","7","0","","36","02","2021","2021012180","3","40.0885","-76.3103","1244","08","0","0","0","0","0","0","1","0","","0","0","0","12","1","0","02","2","40 05:18.484","6","00","76 18:37.040","0","0","0","0","36101","0","0","0","N","0","0","0","1","36101","0","","4","06","N","N","0","","0","0","1","3","3","Y","1243","0","1","0","0","0","0","0","3","0","1","N","","","","","","","","","","","1805","04","04","","N",""
"1655","1","0","0","0","0","0","0","0","0","7","0","","36","01","2021","2021011342","1","40.0257","-76.4546","1645","08","0","0","0","0","0","0","0","0","","0","0","0","16","4","0","02","2","40 01:32.447","5","00","76 27:16.718","0","0","0","0","36239","0","0","0","N","0","0","0","1","36239","0","","5","07","N","N","0","","0","0","0","3","3","Y","1642","0","1","0","0","0","0","0","3","0","1","N","","","","","","","","","","","1715","10","","","N",""
"0811","0","0","0","0","0","0","0","0","0","1","1","","36","01","2021","2021003396","4","40.1661","-76.5911","0805","08","0","0","0","0","1","0","0","0","","0","0","0","08","1","0","00","0","40 09:57.992","","00","76 35:28.069","0","0","0","0","36407","0","0","0","N","0","0","0","2","36407","0","","1","01","N","N","0","","0","0","1","0","0","","0802","0","2","0","0","0","0","0","2","0","2","N","","","","","","","","","","","","04","","","N","N"
"0750","1","0","0","0","0","0","0","0","0","1","0","","36","01","2021","2021006838","5","40.0411","-76.4411","0746","08","0","0","0","0","0","1","0","0","","0","0","0","07","1","0","00","0","40 02:27.973","","00","76 26:27.870","0","0","0","0","36414","0","0","0","N","0","0","0","2","36239","0","","1","01","N","N","0","","0","0","1","0","0","","0746","0","2","0","0","0","0","0","3","0","2","N","","","","","","","","","","","","03","03","","N","N"
"2032","2","0","0","0","0","0","0","0","0","4","0","","36","01","2021","2021004707","5","40.0431","-76.3022","2029","08","0","0","0","0","1","0","0","0","","0","0","0","20","3","0","01","0","40 02:35.283","","00","76 18:08.098","0","0","0","0","36301","0","0","0","N","0","0","0","5","36301","0","","1","01","N","N","0","","0","0","0","3","2","","2028","0","2","0","0","0","0","0","3","0","2","N","","","","","","","","","","","","03","03","","N",""
"1711","1","0","0","0","0","0","0","0","0","4","0","","36","01","2021","2021005432","4","40.0105","-76.1324","1658","08","0","0","0","0","0","1","0","1","","0","0","0","16","4","0","01","0","40 00:37.874","","00","76 07:56.531","0","0","0","0","36226","0","0","0","N","0","0","0","3","68J01","0","","1","01","N","N","0","","0","0","2","3","3","","1645","0","3","0","0","0","0","0","1","0","3","N","","","","","","","","","","","","03","","","N","N"
"0356","1","0","0","0","0","0","0","0","0","7","0","","36","01","2021","2021008505","6","40.1136","-76.2425","0343","08","0","0","0","0","0","0","0","0","","0","0","0","03","2","0","00","0","40 06:49.040","","00","76 14:33.055","0","0","0","0","36101","0","0","0","N","0","0","0","1","36101","0","","5","01","N","N","0","","0","0","0","0","0","","0340","0","1","0","0","0","0","0","3","0","1","N","","","","","","","","","","","","03","","","N","N"
"2201","1","0","0","0","0","0","0","0","0","7","0","","36","01","2021","2021007506","6","40.056","-76.3874","2157","08","0","0","0","0","0","0","0","0","","0","0","0","21","2","0","00","0","40 03:21.497","","00","76 23:14.776","0","0","0","0","36214","0","0","0","N","0","0","0","1","36214","0","","4","01","N","N","0","","0","0","0","0","0","","2152","0","1","0","0","0","0","0","3","0","1","N","","","","","","","","","","","","03","03","","N","N"
"1120","0","0","0","0","0","0","0","0","0","7","0","","36","01","2021","2021005876","1","40.0575","-76.3983","1120","08","0","0","0","0","0","0","0","0","","0","0","0","11","1","0","03","1","40 03:26.961","1","00","76 23:53.826","0","0","0","0","36214","0","0","0","N","0","0","0","1","36214","0","","5","01","N","N","0","","0","0","1","0","0","N","1120","0","1","0","0","0","0","0","3","0","1","N","","","","","","","","","","","1200","03","03","","N",""
"1157","1","0","0","0","0","0","0","0","0","6","1","","36","01","2021","2021006379","5","40.2258","-76.0927","1154","08","0","0","0","0","0","1","0","0","","0","1","0","11","1","1","00","1","40 13:32.752","5","00","76 05:33.751","8","0","0","0","36210","0","0","0","N","0","0","0","2","36210","0","","1","01","N","N","0","","0","0","0","0","0","N","1153","1","2","0","0","0","1","0","1","0","2","N","","","","","","","","","","","1334","03","","","N","N"
"2130","1","0","0","0","0","0","0","0","0","7","0","","36","01","2021","2021006840","1","40.0508","-76.4575","2123","08","0","1","0","0","0","0","0","0","","0","0","0","21","2","1","02","1","40 03:02.964","1","00","76 27:26.839","3","0","0","0","36239","0","0","0","N","0","0","0","3","36239","0","","4","01","N","N","0","","1","0","0","0","0","Y","2123","1","1","0","0","0","0","0","3","0","1","N","","","","","","","","","","","2230","03","","","N",""
"0541","1","0","0","0","0","0","0","0","0","7","0","","36","01","2021","2021008990","7","40.2513","-76.0855","0535","08","0","0","0","0","0","0","0","0","","0","0","0","05","2","1","00","1","40 15:04.828","4","00","76 05:07.970","8","0","0","0","36210","0","0","0","N","0","0","0","1","36210","0","","5","01","N","N","0","","0","0","0","0","0","N","0535","1","1","0","0","0","1","0","1","0","1","N","","","","","","","","","","","0700","04","","","N","N"
"1819","0","0","0","0","0","0","0","0","0","98","0","","36","01","2021","2021011749","5","39.9146","-76.1261","1805","08","0","0","0","0","0","0","0","1","","0","0","0","18","2","0","00","2","39 54:52.498","5","00","76 07:33.820","0","0","0","0","36216","0","0","0","N","0","0","0","1","68J01","0","","1","01","N","N","0","","0","0","1","0","0","Y","1802","0","1","0","0","0","0","0","1","0","1","N","","","","","","","","","","","1854","03","","","N","N"
"1000","1","0","0","0","0","0","0","0","0","7","0","","36","01","2021","2021010264","1","40.0619","-76.3463","0957","08","0","0","0","0","0","0","0","0","","0","0","0","09","1","0","00","1","40 03:42.935","4","00","76 20:45.646","0","0","0","0","36214","0","0","0","N","0","0","0","3","36214","0","","3","06","N","N","0","","0","0","0","0","0","Y","0950","0","1","0","0","0","0","0","3","0","1","N","","","","","","","","","","","1040","10","","","N","N"
"1027","0","0","0","0","0","0","0","0","0","4","1","","36","01","2021","2021010935","1","40.0554","-76.4835","1019","08","0","0","0","0","0","1","0","0","","0","1","0","10","1","1","02","1","40 03:19.382","6","00","76 29:00.682","3","0","0","0","36239","0","0","0","N","0","0","0","3","36239","0","","1","07","N","N","0","","1","0","1","3","3","Y","1015","1","2","0","0","0","0","0","3","0","2","N","","","","","","","","","","","1106","10","04","","N",""
"1517","0","0","0","0","0","0","0","0","0","7","0","","36","01","2021","2021013877","1","40.0149","-76.1545","1502","08","0","0","0","0","0","1","0","0","","0","0","0","15","1","0","00","0","40 00:53.610","","00","76 09:16.122","0","0","0","0","36215","0","0","0","N","0","0","0","1","36215","0","","5","07","N","N","1","","0","0","0","0","0","","1501","0","1","0","0","0","0","0","1","0","1","N","","","","","","","","","","","","10","","","N","N"
"1749","4","0","0","0","0","0","0","0","0","4","0","","36","02","2021","2021012601","7","40.044","-76.3116","1741","08","0","0","0","0","0","1","0","0","","0","0","0","17","2","0","00","0","40 02:38.381","","00","76 18:41.773","0","0","0","0","36301","0","0","0","N","0","0","0","4","36301","0","","1","01","N","N","0","","0","0","1","0","0","N","1740","0","5","0","0","0","0","0","3","0","5","N","","","","","","","","","","","","03","","","N","N"
"0049","2","0","0","0","0","0","0","0","0","5","0","","36","02","2021","2021012820","4","40.0379","-76.3187","0047","08","0","0","0","0","0","0","0","0","","0","0","0","00","3","0","00","1","40 02:16.262","2","00","76 19:07.263","0","0","0","0","36301","0","0","0","N","0","0","0","1","36301","0","","2","07","N","N","0","","0","0","0","0","0","N","0047","0","2","0","0","0","0","0","3","0","2","N","","","","","","","","","","","0134","03","03","","N","N"
"1631","0","0","0","0","0","0","0","0","0","7","0","","36","01","2021","2021014739","6","39.8907","-76.068","1623","08","0","0","0","0","0","0","0","1","","0","0","0","16","1","0","00","0","39 53:26.440","","00","76 04:04.960","0","0","0","0","36201","0","0","0","N","0","0","0","1","68J01","0","","4","01","N","N","1","","0","0","0","0","0","","1615","0","1","0","0","1","0","0","1","0","1","N","","","","","","","","","","","","03","03","","N","N"