"ARRIVAL_TM","AUTOMOBILE_COUNT","BELTED_DEATH_COUNT","BELTED_SUSP_SERIOUS_INJ_COUNT","BICYCLE_COUNT","BICYCLE_DEATH_COUNT","BICYCLE_SUSP_SERIOUS_INJ_COUNT","BUS_COUNT","CHLDPAS_DEATH_COUNT","CHLDPAS_SUSP_SERIOUS_INJ_COUNT","COLLISION_TYPE","COMM_VEH_COUNT","CONS_ZONE_SPD_LIM","COUNTY","CRASH_MONTH","CRASH_YEAR","CRN","DAY_OF_WEEK","DEC_LAT","DEC_LONG","DISPATCH_TM","DISTRICT","DRIVER_COUNT_16YR","DRIVER_COUNT_17YR","DRIVER_COUNT_18YR","DRIVER_COUNT_19YR","DRIVER_COUNT_20YR","DRIVER_COUNT_50_64YR","DRIVER_COUNT_65_74YR","DRIVER_COUNT_75PLUS","EST_HRS_CLOSED","FATAL_COUNT","HEAVY_TRUCK_COUNT","HORSE_BUGGY_COUNT","HOUR_OF_DAY","ILLUMINATION","INJURY_COUNT","INTERSECT_TYPE","LANE_CLOSED","LATITUDE","LN_CLOSE_DIR","LOCATION_TYPE","LONGITUDE","MAX_SEVERITY_LEVEL","MCYCLE_DEATH_COUNT","MCYCLE_SUSP_SERIOUS_INJ_COUNT","MOTORCYCLE_COUNT","MUNICIPALITY","NONMOTR_COUNT","NONMOTR_DEATH_COUNT","NONMOTR_SUSP_SERIOUS_INJ_COUNT","NTFY_HIWY_MAINT","PED_COUNT","PED_DEATH_COUNT","PED_SUSP_SERIOUS_INJ_COUNT","PERSON_COUNT","POLICE_AGCY","POSSIBLE_INJ_COUNT","RDWY_SURF_TYPE_CD","RELATION_TO_ROAD","ROAD_CONDITION","SCH_BUS_IND","SCH_ZONE_IND","SMALL_TRUCK_COUNT","SPEC_JURIS_CD","SUSP_MINOR_INJ_COUNT","SUSP_SERIOUS_INJ_COUNT","SUV_COUNT","TCD_FUNC_CD","TCD_TYPE","TFC_DETOUR_IND","TIME_OF_DAY","TOT_INJ_COUNT","TOTAL_UNITS","UNB_DEATH_COUNT","UNB_SUSP_SERIOUS_INJ_COUNT","UNBELTED_OCC_COUNT","UNK_INJ_DEG_COUNT","UNK_INJ_PER_COUNT","URBAN_RURAL","VAN_COUNT","VEHICLE_COUNT","WORK_ZONE_IND","WORK_ZONE_LOC","WORK_ZONE_TYPE","WORKERS_PRES","WZ_CLOSE_DETOUR","WZ_FLAGGER","WZ_LAW_OFFCR_IND","WZ_LN_CLOSURE","WZ_MOVING","WZ_OTHER","WZ_SHLDER_MDN","ROADWAY_CLEARED","WEATHER1","WEATHER2","WZ_WORKERS_INJ_KILLED","SECONDARY_CRASH","INTERSECTION_RELATED"
"1848","1","0","0","0","0","0","0","0","0","4","0","","36","02","2021","2021012563","7","39.9858","-76.2836","1846","08","0","0","0","1","0","0","0","0","","0","0","0","18","3","1","01","2","39 59:08.888","6","00","76 17:01.092","8","0","0","0","36240","0","0","0","N","0","0","0","2","36240","0","","1","01","N","N","1","","0","0","0","3","2","Y","1843","1","2","0","0","0","1","0","1","0","2","N","","","","","","","","","","","1925","03","03","","N",""
"1547","1","0","0","0","0","0","0","0","0","1","0","","36","04","2021","2021030592","6","40.0785","-76.3463","1537","08","0","0","0","0","0","0","1","0","","0","0","0","15","1","0","00","1","40 04:42.543","3","00","76 20:46.722","0","0","0","0","36101","0","0","0","N","0","0","0","2","36101","0","","1","01","N","N","1","","0","0","0","0","0","N","1534","0","2","0","0","0","0","0","3","0","2","N","","","","","","","","","","","1635","03","03","","N","N"
"1716","2","0","0","0","0","0","0","0","0","4","0","","36","03","2021","2021027306","7","40.0404","-76.2974","1716","08","0","0","0","0","0","1","0","0","","0","0","0","17","1","0","01","2","40 02:25.541","1","00","76 17:50.674","0","0","0","0","36301","0","0","0","N","0","0","0","2","36301","0","","1","01","N","N","1","","0","0","0","3","2","N","1710","0","3","0","0","0","0","0","3","0","3","N","","","","","","","","","","","1819","03","03","","N",""
"0658","1","0","0","0","0","0","0","0","0","7","0","","36","02","2021","2021014019","4","39.888","-76.2441","0641","08","0","0","0","0","0","0","0","0","","0","0","0","06","1","0","00","1","39 53:16.778","4","00","76 14:38.825","0","0","0","0","36229","0","0","0","N","0","0","0","1","68J01","0","","5","01","N","N","0","","0","0","0","0","0","N","0633","0","1","0","0","0","0","0","1","0","1","N","","","","","","","","","","","0753","03","","","N","N"
"1731","0","0","0","0","0","0","0","0","0","7","0","","36","01","2021","2021014355","6","39.9115","-76.2367","1726","08","0","0","0","0","0","0","0","0","","0","0","0","17","4","1","00","2","39 54:41.310","1","00","76 14:11.940","8","0","0","0","36229","0","0","0","N","0","0","0","1","68J01","0","","4","01","N","N","0","","0","0","1","0","0","Y","1718","1","1","0","0","1","1","0","1","0","1","N","","","","","","","","","","","1900","03","","","N","N"
"0944","1","0","0","0","0","0","0","0","0","7","0","","36","02","2021","2021012634","1","40.1413","-76.2009","0936","08","0","0","0","0","0","0","0","0","","0","0","0","09","1","0","00","0","40 08:28.680","","00","76 12:03.154","0","0","0","0","36238","0","0","0","Y","0","0","0","1","36238","0","","5","06","N","N","0","","0","0","0","0","0","","0936","0","1","0","0","0","0","0","3","0","1","N","","","","","","","","","","","","02","","","N","N"
"1040","1","0","0","0","0","0","0","0","0","7","0","","36","03","2021","2021030591","3","40.1134","-76.3056","1029","08","0","0","0","0","0","1","0","0","","0","0","0","10","1","0","00","0","40 06:48.398","","00","76 18:20.130","0","0","0","0","36101","0","0","0","N","0","0","0","2","36101","0","","4","01","N","N","0","","0","0","0","0","0","","1015","0","1","0","0","0","0","0","3","0","1","N","","","","","","","","","","","","03","","","N","N"
"2252","3","0","0","0","0","0","0","0","0","4","0","","36","03","2021","2021030891","3","40.0491","-76.3057","2245","08","0","0","0","0","0","0","0","0","","0","0","0","22","3","0","00","1","40 02:56.639","2","00","76 18:20.643","0","0","0","0","36301","1","0","0","N","0","0","0","2","36301","0","","4","01","N","N","0","","0","0","0","0","0","N","2244","0","3","0","0","0","0","0","3","0","3","N","","","","","","","","","","","2300","03","03","","N","N"
"0002","1","0","0","0","0","0","0","0","0","7","0","","36","04","2021","2021031345","5","39.9919","-76.1994","2342","08","0","0","0","0","0","0","0","0","","0","0","0","23","2","0","00","2","39 59:30.876","5","03","76 11:57.684","0","0","0","0","36233","0","0","0","N","0","0","0","1","68J01","0","","4","01","N","N","0","","0","0","0","0","0","N","2341","0","1","0","0","0","0","0","1","0","1","N","","","","","","","","","","","1220","03","","","N","N"
"2315","2","0","0","0","0","0","0","0","0","1","0","","36","02","2021","2021013676","3","40.0391","-76.3604","2311","08","0","0","0","0","0","1","0","0","","0","0","0","23","3","0","00","1","40 02:20.729","3","00","76 21:37.494","0","0","0","0","36223","0","0","0","N","0","0","0","2","36223","0","","1","01","N","N","0","","0","0","0","3","2","N","2309","0","2","0","0","0","0","0","1","0","2","N","","","","","","","","","","","2345","03","03","","N","Y"
"1833","0","0","0","0","0","0","0","0","0","1","0","","36","02","2021","2021014508","4","40.2092","-76.423","1825","08","1","0","0","1","0","0","0","0","","0","0","0","18","2","0","00","1","40 12:33.295","1","00","76 25:22.751","0","0","0","0","36227","0","0","0","N","0","0","0","3","36506","0","","1","01","N","N","2","","0","0","0","0","0","N","1825","0","2","0","0","0","0","0","1","0","2","N","","","","","","","","","","","0045","03","","","N","N"
"0510","0","0","0","0","0","0","0","0","0","7","0","","36","01","2021","2021000806","1","40.1945","-76.1702","0507","08","0","0","0","1","0","0","0","0","","0","0","0","05","3","0","02","1","40 11:40.038","1","00","76 10:12.777","0","0","0","0","36408","0","0","0","N","0","0","0","1","36408","0","","5","01","N","N","1","","0","0","0","0","0","N","0505","0","1","0","0","0","0","0","2","0","1","N","","","","","","","","","","","0545","03","","","N","N"
"1834","1","0","0","0","0","0","0","0","0","7","0","","36","04","2021","2021031428","7","40.1541","-76.4107","1821","08","0","0","0","0","0","0","0","0","","0","0","0","18","1","0","00","0","40 09:14.672","","00","76 24:38.566","0","0","0","0","36230","0","0","0","N","0","0","0","1","36410","0","","9","01","N","N","0","","0","0","0","0","0","","1815","0","1","0","0","0","0","0","1","0","1","N","","","","","","","","","","","","03","","","N","Y"
"1612","2","0","0","0","0","0","0","0","0","4","0","","36","03","2021","2021028197","6","40.1444","-76.6091","1607","08","0","0","0","0","0","0","0","0","","0","0","0","16","1","1","01","0","40 08:39.840","","00","76 36:32.762","3","0","0","0","36407","0","0","0","N","0","0","0","3","36407","0","","1","01","N","N","0","","1","0","0","0","0","","1607","1","2","0","0","0","0","0","2","0","2","N","","","","","","","","","","","","03","","","N","N"
"1630","2","0","0","0","0","0","0","0","0","1","0","","36","03","2021","2021031330","4","40.0106","-76.1329","1618","08","0","0","0","0","0","0","0","0","","0","0","0","16","1","0","00","1","40 00:38.233","3","00","76 07:58.311","0","0","0","0","36226","0","0","0","N","0","0","0","3","68J01","0","","1","09","N","N","0","","0","0","1","0","0","N","1616","0","3","0","0","0","0","0","1","0","3","N","","","","","","","","","","","1645","07","","","N","N"
"1544","1","0","0","0","0","0","0","0","0","1","0","","36","04","2021","2021032281","3","40.0399","-76.2902","1541","08","0","0","0","0","0","0","0","0","","0","0","0","15","1","0","00","0","40 02:23.554","","00","76 17:24.553","9","0","0","0","36301","0","0","0","N","0","0","0","2","36301","0","","1","01","N","N","1","","0","0","0","0","0","","1535","0","2","0","0","0","0","1","3","0","2","N","","","","","","","","","","","","03","03","","N","N"
"1440","1","0","0","0","0","0","0","0","0","98","0","","36","04","2021","2021031222","7","39.9603","-76.3003","1436","08","0","0","0","0","0","1","0","0","","0","0","0","14","1","1","00","0","39 57:37.224","","00","76 18:01.063","4","0","0","0","36228","0","0","0","N","0","0","0","5","36228","1","","1","01","N","N","0","","0","0","0","0","0","","1436","1","1","0","0","0","0","0","1","0","1","N","","","","","","","","","","","","03","","","N","N"
"1232","1","0","0","0","0","0","0","0","0","7","0","","36","03","2021","2021030095","3","40.0547","-76.2789","1227","08","0","0","0","0","1","0","0","0","","0","0","0","12","1","0","00","2","40 03:16.934","2","00","76 16:43.882","0","0","0","0","36301","0","0","0","N","0","0","0","1","36301","0","","2","01","N","N","0","","0","0","0","0","0","Y","1221","0","1","0","0","0","0","0","3","0","1","N","","","","","","","","","","","1328","03","03","","N","N"
"1242","1","0","0","0","0","0","0","0","0","4","1","","36","04","2021","2021030258","5","40.0752","-76.3222","1238","08","0","0","0","0","0","0","2","0","","0","1","0","12","1","1","00","1","40 04:30.541","2","07","76 19:20.074","4","0","0","0","36101","0","0","0","N","0","0","0","2","36101","1","","1","01","N","N","0","","0","0","0","0","0","N","1235","1","2","0","0","0","0","0","3","0","2","N","","","","","","","","","","","1251","03","","","N","N"
"1459","1","0","0","0","0","0","0","0","0","1","0","","36","02","2021","2021013872","3","40.103","-76.3054","1459","08","0","0","0","0","0","0","0","0","","0","0","0","14","1","0","00","1","40 06:10.924","1","00","76 18:19.429","0","0","0","0","36101","0","0","0","N","0","0","0","2","36101","0","","1","01","N","N","0","","0","0","1","0","0","N","1450","0","2","0","0","0","0","0","3","0","2","N","","","","","","","","","","","1528","03","","","N","N"
"1430","0","0","0","0","0","0","0","0","0","7","0","","36","02","2021","2021013812","2","39.9125","-76.1241","1406","08","0","0","0","0","0","0","0","0","","0","0","0","14","1","0","00","1","39 54:45.123","1","00","76 07:26.908","0","0","0","0","36216","0","0","0","N","0","0","0","1","68J01","0","","4","01","N","N","1","","0","0","0","0","0","N","1405","0","1","0","0","0","0","0","1","0","1","N","","","","","","","","","","","1530","03","03","","N","N"
"1915","1","0","0","0","0","0","0","0","0","7","0","","36","02","2021","2021013983","1","40.0289","-76.0825","1858","08","1","0","0","0","0","0","0","0","","0","0","0","18","2","1","00","2","40 01:43.958","6","00","76 04:56.996","3","0","0","0","36221","0","0","0","N","0","0","0","1","68J01","0","","4","09","N","N","0","","1","0","0","0","0","Y","1852","1","1","0","0","0","0","0","1","0","1","N","","","","","","","","","","","1940","03","","","N","N"
"0940","0","0","0","0","0","0","0","0","0","4","1","","36","02","2021","2021012848","6","40.1499","-76.3816","0935","08","0","0","0","0","0","0","1","0","","0","0","0","09","1","0","01","1","40 08:59.807","1","00","76 22:53.789","0","0","0","0","36227","0","0","0","N","0","0","0","2","36506","0","","1","01","N","N","1","","0","0","0","3","2","N","0932","0","2","0","0","0","0","0","1","1","2","N","","","","","","","","","","","0950","03","","","N",""
"0532","0","0","0","0","0","0","0","0","0","7","0","","36","02","2021","2021011499","3","40.0077","-76.2676","0523","08","0","0","0","0","0","0","0","0","","0","0","0","05","2","0","00","1","40 00:27.856","2","00","76 16:03.433","0","0","0","0","36240","0","0","0","N","0","0","0","1","36240","0","","5","07","N","N","0","","0","0","1","0","0","N","0515","0","1","0","0","0","0","0","1","0","1","N","","","","","","","","","","","0627","10","02","","N","N"
"1519","0","0","0","0","0","0","0","0","0","2","1","","36","02","2021","2021013813","2","40.0384","-76.0826","1511","08","0","0","0","0","0","1","0","1","","0","1","0","15","1","1","00","2","40 02:18.307","6","00","76 04:57.307","3","0","0","0","36221","0","0","0","N","0","0","0","2","68J01","0","","1","01","N","N","0","","1","0","0","0","0","Y","1506","1","2","0","0","0","0","0","1","1","2","N","","","","","","","","","","","1700","03","","","N","Y"
"1405","1","0","0","0","0","0","0","0","0","1","0","","36","02","2021","2021012741","7","40.0724","-76.2871","1359","08","0","0","0","0","0","1","0","0","","0","0","0","13","1","2","00","1","40 04:20.606","2","00","76 17:13.490","4","0","0","0","36101","0","0","0","N","0","0","0","3","36101","2","","1","01","N","N","0","","0","0","1","0","0","N","1357","2","2","0","0","0","0","0","3","0","2","N","","","","","","","","","","","1645","03","03","","N","N"
"1515","2","0","0","0","0","0","0","0","0","6","0","","36","01","2021","2021014755","1","39.9988","-76.0326","1508","08","0","0","0","0","0","0","0","0","","0","0","0","15","1","1","00","0","39 59:55.666","","00","76 01:57.391","3","0","0","0","36232","0","0","0","N","0","0","0","2","68J01","0","","1","07","N","N","0","","1","0","0","0","0","","1506","1","2","0","0","0","0","0","1","0","2","N","","","","","","","","","","","","10","","","N","N"
"0308","1","0","0","0","0","0","0","0","0","7","0","","36","01","2021","2021013045","1","40.0985","-76.2585","0259","08","0","0","0","0","0","0","0","0","","0","0","0","02","2","0","00","0","40 05:54.512","","00","76 15:30.653","0","0","0","0","36101","0","0","0","N","0","0","0","1","36101","0","","4","01","N","N","0","","0","0","0","0","0","","0254","0","1","0","0","0","0","0","3","0","1","N","","","","","","","","","","","","03","","","N","N"
"1736","1","0","0","0","0","0","0","0","0","4","0","","36","02","2021","2021014717","5","40.043","-76.391","1721","08","0","0","0","0","0","0","0","0","","0","0","0","17","2","1","00","1","40 02:34.860","2","07","76 23:27.480","3","0","0","0","36214","0","0","0","N","0","0","0","3","36214","0","","1","01","N","N","0","","1","0","1","0","0","N","1715","1","2","0","0","0","0","0","3","0","2","N","","","","","","","","","","","1800","03","03","","N","N"
"2350","2","0","0","0","0","0","0","0","0","7","0","","36","02","2021","2021014505","5","40.0997","-76.329","2345","08","0","0","0","0","1","1","0","0","","0","0","0","23","2","0","00","0","40 05:58.768","","00","76 19:44.247","0","0","0","0","36101","0","0","0","N","0","0","0","3","36101","0","","4","07","N","N","0","","0","0","0","0","0","","2341","0","2","0","0","0","0","0","3","0","2","N","","","","","","","","","","","","10","","","Y","N"
"0634","0","0","0","0","0","0","0","0","0","7","0","","36","02","2021","2021013383","2","39.9234","-76.0664","0634","08","0","0","0","0","0","0","1","0","","0","0","0","06","2","1","00","1","39 55:24.091","2","00","76 03:59.075","4","0","0","0","36201","0","0","0","N","0","0","0","2","68J01","1","","4","07","N","N","0","","0","0","1","0","0","N","0629","1","1","0","0","0","0","0","1","0","1","N","","","","","","","","","","","0700","10","06","","N","N"
"0056","1","0","0","0","0","0","0","0","0","7","0","","36","02","2021","2021014323","3","40.1643","-76.308","0054","08","0","0","0","0","0","0","0","0","","0","0","0","00","3","0","00","2","40 09:51.609","5","00","76 18:28.791","0","0","0","0","36409","0","0","0","N","0","0","0","1","36409","0","","5","01","N","N","0","","0","0","0","0","0","Y","0052","0","1","0","0","0","0","0","3","0","1","N","","","","","","","","","","","0142","03","03","","N","N"
"1652","2","0","0","0","0","0","0","0","0","4","0","","36","02","2021","2021012403","6","40.0411","-76.2909","1652","08","0","0","0","0","0","0","0","0","","0","0","0","16","1","0","00","1","40 02:28.069","4","00","76 17:27.372","0","0","0","0","36301","0","0","0","N","0","0","0","1","36301","0","","1","09","N","N","0","","0","0","0","0","0","N","1623","0","2","0","0","1","0","0","3","0","2","N","","","","","","","","","","","1707","03","03","","N","N"
"1914","1","0","0","0","0","0","0","0","0","5","1","","36","02","2021","2021013873","3","40.0704","-76.3179","1904","08","0","0","0","0","0","1","0","0","","0","1","0","18","3","0","03","0","40 04:13.405","","03","76 19:04.305","0","0","0","0","36101","0","0","0","N","0","0","0","2","36101","0","","1","01","N","N","0","","0","0","0","0","0","","1852","0","2","0","0","0","0","0","3","0","2","N","","","","","","","","","","","","03","03","","N","N"
"1904","0","0","0","0","0","0","0","0","0","7","0","","36","01","2021","2021012083","2","39.9824","-76.114","1904","08","0","0","0","0","0","0","0","0","","1","0","0","19","2","0","00","1","39 58:56.670","2","00","76 06:50.230","1","1","0","1","36226","0","0","0","N","0","0","0","1","68J01","0","2","4","01","N","N","0","0","0","0","0","0","0","N","1904","0","1","0","0","0","0","0","1","0","1","N","","","","","","","","","","","2130","03","","","N","N"
"0830","0","0","0","0","0","0","0","0","0","4","1","","36","02","2021","2021012677","5","39.9655","-76.0286","0830","08","0","0","0","0","0","1","0","0","","0","1","0","07","1","0","02","0","39 57:55.767","","00","76 01:43.132","0","0","0","0","36231","0","0","0","N","0","0","0","2","68J01","0","","1","07","N","N","0","","0","0","1","0","0","","0741","0","2","0","0","1","0","0","1","0","2","N","","","","","","","","","","","","03","","","N","N"
"2253","0","1","0","0","0","0","0","0","0","0","0","","36","02","2021","2021012280","4","40.19","-76.1073","2249","08","0","1","0","0","0","0","0","0","","1","0","0","22","2","0","00","2","40 11:23.823","5","00","76 06:26.399","1","0","0","0","36210","0","0","0","N","0","0","0","1","36210","0","2","5","01","N","N","1","0","0","0","0","0","0","Y","2249","0","1","0","0","0","0","0","1","0","1","N","","","","","","","","","","","0216","03","","","N","N"
"0248","0","0","0","0","0","0","0","0","0","7","0","","36","02","2021","2021014421","5","39.9895","-76.1951","0233","08","0","0","1","0","0","0","0","0","","0","0","0","02","2","0","00","0","39 59:22.092","","00","76 11:42.254","0","0","0","0","36233","0","0","0","N","0","0","0","1","68J01","0","","5","07","N","N","0","","0","0","1","0","0","","0219","0","1","0","0","0","0","0","1","0","1","N","","","","","","","","","","","","10","","","N","N"
"1609","1","0","0","0","0","0","0","0","0","7","0","","36","01","2021","2021013230","1","40.0681","-76.2878","1558","08","0","1","0","0","0","0","0","0","","0","0","0","15","1","0","00","0","40 04:05.272","","00","76 17:16.254","0","0","0","0","36101","0","0","0","N","0","0","0","2","36101","0","","5","07","N","N","0","","0","0","0","0","0","","1555","0","1","0","0","0","0","0","3","0","1","N","","","","","","","","","","","","10","","","N","N"
"0811","2","0","0","0","0","0","0","0","0","1","0","","36","02","2021","2021013874","4","40.0579","-76.4006","0806","08","0","0","0","0","0","1","0","0","","0","0","0","08","1","0","00","1","40 03:28.435","3","00","76 24:02.086","0","0","0","0","36214","0","0","0","N","0","0","0","3","36214","0","","1","01","N","N","0","","0","0","1","3","2","N","0803","0","3","0","0","0","0","0","3","0","3","N","","","","","","","","","","","0855","04","","","N","N"
"2012","1","0","0","0","0","0","0","0","0","7","0","","36","02","2021","2021013232","1","40.0723","-76.4213","2005","08","0","0","1","0","0","0","0","0","","0","0","0","20","3","0","00","2","40 04:20.300","5","00","76 25:16.720","0","0","0","0","36239","0","0","0","N","0","0","0","1","36239","0","","4","01","N","N","0","","0","0","0","0","0","Y","2005","0","1","0","0","0","0","0","3","0","1","N","","","","","","","","","","","2137","03","03","","N","N"
"2237","0","0","0","0","0","0","0","0","0","7","0","","36","02","2021","2021014718","1","40.0378","-76.2707","2232","08","0","0","0","0","0","0","1","0","","0","0","0","22","3","0","02","1","40 02:16.133","4","00","76 16:14.672","9","0","0","0","36215","0","0","0","N","0","0","0","1","36215","0","","2","01","N","N","0","","0","0","1","0","0","N","2227","0","1","0","0","0","0","1","1","0","1","N","","","","","","","","","","","2337","03","03","","N",""
"1028","2","0","0","0","0","0","0","0","0","4","0","","36","02","2021","2021013476","4","40.1455","-76.6375","1022","08","0","0","0","0","0","0","1","0","","0","0","0","10","1","2","02","1","40 08:43.820","6","00","76 38:15.037","3","0","0","0","36237","0","0","0","N","0","0","0","4","36505","0","","1","09","N","N","0","","2","0","0","3","3","N","1019","2","2","0","0","1","0","0","1","0","2","N","","","","","","","","","","","1115","04","","","N",""
"0745","0","0","0","0","0","0","0","0","0","0","1","","36","02","2021","2021014507","4","40.2247","-76.3762","0738","08","0","0","0","0","0","1","0","0","","0","1","0","07","1","0","00","1","40 13:28.753","1","00","76 22:34.385","0","0","0","0","36227","0","0","0","N","0","0","0","1","36506","0","","1","01","N","N","0","","0","0","0","0","0","N","0736","0","1","0","0","0","0","0","1","0","1","N","","","","","","","","","","","0930","03","","","N","N"
"1728","1","0","0","0","0","0","0","0","0","4","0","","36","02","2021","2021012991","7","39.8414","-76.0932","1700","08","1","0","0","0","0","0","1","0","","0","0","0","16","4","0","01","0","39 50:28.973","","00","76 05:35.577","0","0","0","0","36205","0","0","0","N","0","0","0","2","68J01","0","","1","01","N","N","1","","0","0","0","3","3","","1658","0","2","0","0","0","0","0","1","0","2","N","","","","","","","","","","","","04","04","","N","N"
"0042","0","0","0","0","0","0","0","0","0","7","0","","36","02","2021","2021013101","4","39.8217","-76.1397","0019","08","0","0","0","0","0","0","0","0","","0","0","0","00","2","0","00","2","39 49:18.022","5","00","76 08:23.072","0","0","0","0","36222","0","0","0","Y","0","0","0","1","68J01","0","","4","02","N","N","1","","0","0","0","0","0","Y","0015","0","1","0","0","0","0","0","1","0","1","N","","","","","","","","","","","0500","02","04","","N","N"
"2334","1","0","0","0","0","0","0","0","0","7","0","","36","02","2021","2021013791","2","39.914","-76.0724","2328","08","1","0","0","0","0","0","0","0","","0","0","0","23","2","0","00","0","39 54:50.560","","03","76 04:20.650","0","0","0","0","36201","0","0","0","Y","0","0","0","4","68J01","0","","4","07","N","N","0","","0","0","0","0","0","","2317","0","1","0","0","0","0","0","1","0","1","N","","","","","","","","","","","","10","10","","N","N"
"1004","1","0","0","0","0","0","0","0","0","4","0","","36","02","2021","2021012846","1","40.0837","-76.2728","0953","08","0","0","0","0","0","1","0","0","","0","0","0","09","1","1","00","0","40 05:01.330","","00","76 16:21.957","4","0","0","0","36101","0","0","0","N","0","0","0","2","36101","1","","1","06","N","N","0","","0","0","0","0","0","","0952","1","2","0","0","0","0","0","3","0","2","N","","","","","","","","","","","","10","04","","N","N"
"0109","1","0","0","0","0","0","0","0","0","7","0","","36","02","2021","2021014720","5","40.0391","-76.2657","0104","08","0","0","0","0","0","0","0","0","","0","0","0","01","3","0","00","0","40 02:20.751","","00","76 15:56.620","0","0","0","0","36215","0","0","0","N","0","0","0","1","36215","0","","4","06","N","N","0","","0","0","0","0","0","","0101","0","1","0","0","0","0","0","1","0","1","N","","","","","","","","","","","","10","","","N","N"
"1626","2","0","0","0","0","0","0","0","0","1","0","","36","02","2021","2021013471","2","40.0584","-76.2799","1622","08","0","0","0","1","0","1","0","0","","0","0","0","16","1","1","00","1","40 03:30.161","4","00","76 16:47.779","8","0","0","0","36101","0","0","0","N","0","0","0","4","36101","0","","1","01","N","N","0","","0","0","2","0","0","N","1622","1","4","0","0","1","1","0","3","0","4","N","","","","","","","","","","","1725","03","03","","N","N"
"1300","1","0","0","0","0","0","0","0","0","5","1","","36","02","2021","2021013401","6","40.2123","-76.0543","1255","08","0","0","0","0","0","0","0","0","","0","1","0","12","1","0","00","0","40 12:44.839","","00","76 03:18.245","0","0","0","0","36202","0","0","0","N","0","0","0","2","68T06","0","","1","01","N","N","0","","0","0","0","0","0","","1255","0","2","0","0","0","0","0","1","0","2","N","","","","","","","","","","","","03","03","","N","N"
"0903","0","0","0","0","0","0","0","0","0","5","2","","36","02","2021","2021013409","2","40.2065","-76.0199","0853","08","0","0","0","0","0","1","0","0","","0","2","0","08","1","0","00","2","40 12:23.575","3","00","76 01:12.038","0","0","0","0","36202","0","0","0","N","0","0","0","3","68T06","0","","1","01","N","N","0","","0","0","1","0","0","N","0853","0","3","0","0","0","0","0","1","0","3","N","","","","","","","","","","","0939","03","","","N","N"
"1141","1","0","0","0","0","0","0","0","0","1","1","","36","02","2021","2021014447","4","40.0123","-76.3533","1141","08","0","0","0","0","0","0","0","0","","0","1","0","11","1","0","01","1","40 00:44.397","3","00","76 21:12.016","0","0","0","0","36412","0","0","0","N","0","0","0","2","36412","0","","1","01","N","N","0","","0","0","0","3","2","N","1141","0","2","0","0","0","0","0","3","0","2","N","","","","","","","","","","","1155","03","03","","N",""
"1443","1","0","0","0","0","0","0","0","0","1","0","","36","01","2021","2021013876","5","40.0877","-76.187","1441","08","0","0","0","0","0","1","0","0","","0","0","0","14","1","0","02","0","40 05:15.689","","00","76 11:13.208","0","0","0","0","36234","0","0","0","N","0","0","0","2","36215","0","","1","01","N","N","0","","0","0","1","0","0","","1441","0","2","0","0","0","0","0","1","0","2","N","","","","","","","","","","","","03","03","","N",""
"1719","2","0","0","0","0","0","0","0","0","5","0","","36","02","2021","2021012672","3","40.0348","-75.9939","1618","08","0","0","0","1","0","0","0","0","","0","1","0","16","1","0","02","2","40 02:05.175","6","00","75 59:37.870","0","0","0","0","36232","0","0","0","N","0","0","0","4","68J01","0","","4","01","N","N","0","","0","0","0","0","0","Y","1618","0","3","0","0","0","0","0","1","0","3","N","","","","","","","","","","","0000","03","03","","N","N"
"1537","2","0","0","0","0","0","0","0","0","6","0","","36","01","2021","2021014363","1","39.9869","-76.216","1457","08","0","0","0","0","0","0","0","0","","0","0","0","14","1","0","00","0","39 59:12.832","","00","76 12:57.524","0","0","0","0","36233","0","0","0","N","0","0","0","3","68J01","0","","1","07","N","N","0","","0","0","0","0","0","","1446","0","2","0","0","0","0","0","1","0","2","N","","","","","","","","","","","","10","02","","N","N"
"0928","0","0","0","0","0","0","0","0","0","7","0","","36","02","2021","2021014851","4","40.1614","-76.1238","0922","08","0","0","0","0","0","0","0","0","","0","0","0","09","1","0","00","2","40 09:41.160","6","00","76 07:25.560","0","0","0","0","36218","0","0","0","N","0","0","0","1","36408","0","","2","07","N","N","0","","0","0","1","0","0","Y","0922","0","1","0","0","0","0","0","1","0","1","N","","","","","","","","","","","1100","02","","","N","N"
"2158","2","0","0","0","0","0","0","0","0","1","0","","36","01","2021","2021008986","4","40.0415","-76.321","2152","08","0","0","0","0","0","1","0","0","","0","0","0","21","3","0","00","0","40 02:29.546","","00","76 19:15.641","0","0","0","0","36301","0","0","0","N","0","0","0","1","36301","0","","6","01","N","N","0","","0","0","0","0","0","","2152","0","2","0","0","0","0","0","3","0","2","N","","","","","","","","","","","","03","03","","N","N"
"1517","1","0","0","0","0","0","0","0","0","7","0","","36","01","2021","2021014105","1","40.1097","-76.1385","1504","08","0","0","0","0","0","0","0","0","","0","0","0","15","1","0","00","0","40 06:34.904","","00","76 08:18.735","0","0","0","0","36238","0","0","0","N","0","0","0","1","36238","0","","4","07","N","N","0","","0","0","0","0","0","","1503","0","1","0","0","0","0","0","3","0","1","N","","","","","","","","","","","","10","","","N","Y"