"ARRIVAL_TM","AUTOMOBILE_COUNT","BELTED_DEATH_COUNT","BELTED_SUSP_SERIOUS_INJ_COUNT","BICYCLE_COUNT","BICYCLE_DEATH_COUNT","BICYCLE_SUSP_SERIOUS_INJ_COUNT","BUS_COUNT","CHLDPAS_DEATH_COUNT","CHLDPAS_SUSP_SERIOUS_INJ_COUNT","COLLISION_TYPE","COMM_VEH_COUNT","CONS_ZONE_SPD_LIM","COUNTY","CRASH_MONTH","CRASH_YEAR","CRN","DAY_OF_WEEK","DEC_LAT","DEC_LONG","DISPATCH_TM","DISTRICT","DRIVER_COUNT_16YR","DRIVER_COUNT_17YR","DRIVER_COUNT_18YR","DRIVER_COUNT_19YR","DRIVER_COUNT_20YR","DRIVER_COUNT_50_64YR","DRIVER_COUNT_65_74YR","DRIVER_COUNT_75PLUS","EST_HRS_CLOSED","FATAL_COUNT","HEAVY_TRUCK_COUNT","HORSE_BUGGY_COUNT","HOUR_OF_DAY","ILLUMINATION","INJURY_COUNT","INTERSECT_TYPE","LANE_CLOSED","LATITUDE","LN_CLOSE_DIR","LOCATION_TYPE","LONGITUDE","MAX_SEVERITY_LEVEL","MCYCLE_DEATH_COUNT","MCYCLE_SUSP_SERIOUS_INJ_COUNT","MOTORCYCLE_COUNT","MUNICIPALITY","NONMOTR_COUNT","NONMOTR_DEATH_COUNT","NONMOTR_SUSP_SERIOUS_INJ_COUNT","NTFY_HIWY_MAINT","PED_COUNT","PED_DEATH_COUNT","PED_SUSP_SERIOUS_INJ_COUNT","PERSON_COUNT","POLICE_AGCY","POSSIBLE_INJ_COUNT","RDWY_SURF_TYPE_CD","RELATION_TO_ROAD","ROAD_CONDITION","SCH_BUS_IND","SCH_ZONE_IND","SMALL_TRUCK_COUNT","SPEC_JURIS_CD","SUSP_MINOR_INJ_COUNT","SUSP_SERIOUS_INJ_COUNT","SUV_COUNT","TCD_FUNC_CD","TCD_TYPE","TFC_DETOUR_IND","TIME_OF_DAY","TOT_INJ_COUNT","TOTAL_UNITS","UNB_DEATH_COUNT","UNB_SUSP_SERIOUS_INJ_COUNT","UNBELTED_OCC_COUNT","UNK_INJ_DEG_COUNT","UNK_INJ_PER_COUNT","URBAN_RURAL","VAN_COUNT","VEHICLE_COUNT","WORK_ZONE_IND","WORK_ZONE_LOC","WORK_ZONE_TYPE","WORKERS_PRES","WZ_CLOSE_DETOUR","WZ_FLAGGER","WZ_LAW_OFFCR_IND","WZ_LN_CLOSURE","WZ_MOVING","WZ_OTHER","WZ_SHLDER_MDN","ROADWAY_CLEARED","WEATHER1","WEATHER2","WZ_WORKERS_INJ_KILLED","SECONDARY_CRASH","INTERSECTION_RELATED"
"0810","1","0","0","0","0","0","0","0","0","7","0","","36","02","2021","2021013231","2","40.0458","-76.4192","0805","08","0","0","0","0","0","0","0","0","","0","0","0","08","1","0","00","0","40 02:44.950","","00","76 25:09.203","0","0","0","0","36239","0","0","0","N","0","0","0","1","36239","0","","3","06","N","N","0","","0","0","0","0","0","","0805","0","1","0","0","0","0","0","3","0","1","N","","","","","","","","","","","","10","","","N","N"
"1531","2","0","0","0","0","0","0","0","0","4","0","","36","02","2021","2021013880","7","40.0264","-76.205","1525","08","0","0","0","0","0","0","0","0","","0","0","0","15","1","0","00","1","40 01:35.040","2","00","76 12:18.070","0","0","0","0","36215","0","0","0","N","0","0","0","5","36215","0","","1","01","N","N","0","","0","0","0","0","0","N","1522","0","2","0","0","0","0","0","1","0","2","N","","","","","","","","","","","1611","03","03","","N","N"
"1500","2","0","0","0","0","0","0","0","0","4","0","","36","03","2021","2021029086","6","40.0823","-76.3083","1455","08","0","0","0","0","0","0","0","0","","0","0","0","14","1","0","00","1","40 04:56.438","1","00","76 18:29.842","9","0","0","0","36101","0","0","0","N","0","0","0","3","36101","0","","1","01","N","N","0","","0","0","0","0","0","Y","1452","0","2","0","0","0","0","1","3","0","2","N","","","","","","","","","","","1544","03","03","","N","N"
"1400","0","0","0","0","0","0","0","0","0","98","0","","36","03","2021","2021029891","3","40.2373","-76.0809","1349","08","0","0","0","0","0","0","0","1","","0","0","0","13","1","0","00","0","40 14:14.339","","00","76 04:51.104","0","0","0","0","36210","0","0","0","N","0","0","0","1","36210","0","","1","01","N","N","0","","0","0","1","0","0","","1349","0","1","0","0","0","0","0","1","0","1","N","","","","","","","","","","","","03","","","N","N"
"1738","1","0","0","0","0","0","0","0","0","4","0","","36","01","2021","2021002865","6","40.0349","-76.2718","1730","08","0","0","0","0","0","0","1","0","","0","0","0","17","2","0","02","1","40 02:05.493","1","00","76 16:18.564","0","0","0","0","36240","0","0","0","N","0","0","0","2","36240","0","","1","01","N","N","1","","0","0","0","3","3","Y","1726","0","2","0","0","0","0","0","1","0","2","N","","","","","","","","","","","1825","03","03","","N",""
"1934","2","0","0","0","0","0","0","0","0","5","0","","36","01","2021","2021002896","6","40.0377","-76.3085","1921","08","0","0","0","0","0","0","0","0","","0","0","0","19","3","0","00","0","40 02:15.564","","00","76 18:30.588","9","0","0","0","36301","0","0","0","N","0","0","0","2","36301","0","","6","01","N","N","0","","0","0","0","0","0","","1921","0","2","0","0","1","0","1","3","0","2","N","","","","","","","","","","","","03","03","","N","N"
"1520","3","0","0","0","0","0","0","0","0","2","0","","36","03","2021","2021027705","4","40.0519","-76.2927","1518","08","0","0","0","0","0","1","0","0","","0","0","0","15","1","0","00","2","40 03:06.672","3","00","76 17:33.547","0","0","0","0","36301","0","0","0","N","0","0","0","1","36301","0","","1","01","N","N","0","","0","0","0","0","0","N","1515","0","3","0","0","0","0","0","3","0","3","N","","","","","","","","","","","1722","03","03","","N","N"
"1408","2","0","0","0","0","0","0","0","0","4","0","","36","03","2021","2021029087","4","40.1051","-76.3322","1359","08","0","0","0","0","0","0","0","1","","0","0","0","13","1","0","01","2","40 06:18.479","4","00","76 19:55.791","9","0","0","0","36101","0","0","0","N","0","0","0","2","36101","0","","1","09","N","N","0","","0","0","0","3","2","Y","1356","0","2","0","0","0","0","1","3","0","2","N","","","","","","","","","","","1436","07","07","","N",""
"2111","1","0","0","0","0","0","0","0","0","2","0","","36","03","2021","2021026346","7","40.1791","-76.1875","2109","08","0","1","0","0","0","0","0","0","","0","0","0","20","3","0","02","0","40 10:44.595","","00","76 11:14.962","0","0","0","0","36408","0","0","0","N","0","0","0","1","36408","0","","4","01","N","N","0","","0","0","1","0","0","","2050","0","2","0","0","0","0","0","2","0","2","N","","","","","","","","","","","","03","","","N","N"
"1312","1","0","0","0","0","0","0","0","0","7","0","","36","01","2021","2021004213","4","40.077","-76.5541","1304","08","0","0","0","0","1","0","0","0","","0","0","0","13","1","0","01","2","40 04:37.275","5","00","76 33:14.778","0","0","0","0","36211","0","0","0","N","0","0","0","1","36504","0","","2","01","N","N","0","","0","0","0","0","0","Y","1300","0","1","0","0","0","0","0","1","0","1","N","","","","","","","","","","","1425","03","","","N","N"
"0028","1","0","0","0","0","0","0","0","0","7","0","","36","01","2021","2021003377","7","40.1884","-76.2282","0022","08","0","0","0","1","0","0","0","0","","0","0","0","00","2","0","00","0","40 11:18.145","","00","76 13:41.538","0","0","0","0","36204","0","0","0","N","0","0","0","2","36506","0","","5","01","N","N","0","","0","0","0","0","0","","0004","0","1","0","0","0","0","0","1","0","1","N","","","","","","","","","","","","03","","","Y","N"
"0626","0","0","0","0","0","0","0","0","0","1","0","","36","03","2021","2021029572","2","40.0279","-76.2233","0622","08","0","0","0","0","0","1","0","0","","0","0","0","06","3","2","00","2","40 01:40.427","3","00","76 13:23.810","3","0","0","0","36215","0","0","0","N","0","0","0","2","36215","0","","1","01","N","N","1","","2","0","1","0","0","Y","0621","2","2","0","0","0","0","0","1","0","2","N","","","","","","","","","","","0710","03","03","","N","N"
"1505","0","0","0","0","0","0","0","0","0","4","0","","36","03","2021","2021030261","3","40.0348","-76.5033","1502","08","0","0","0","0","0","1","1","0","","0","0","0","15","1","0","01","2","40 02:05.391","7","00","76 30:11.867","0","0","0","0","36404","0","0","0","N","0","0","0","2","36404","0","","1","01","N","N","0","","0","0","1","3","3","Y","1500","0","2","0","0","0","0","0","3","1","2","N","","","","","","","","","","","0030","03","","","N",""
"1138","1","0","0","0","0","0","0","0","0","4","0","","36","03","2021","2021028613","4","40.0392","-76.0644","1123","08","0","0","0","0","0","0","0","1","","0","0","0","11","1","0","01","1","40 02:21.008","1","00","76 03:51.801","0","0","0","0","36221","0","0","0","N","0","0","0","3","68J01","0","","1","09","N","N","1","","0","0","0","3","3","N","1121","0","2","0","0","0","0","0","1","0","2","N","","","","","","","","","","","1301","07","04","","N","N"
"2136","1","0","0","0","0","0","0","0","0","7","0","","36","03","2021","2021027887","5","40.2636","-76.1154","2123","08","0","0","1","0","0","0","0","0","","0","0","0","21","2","1","00","0","40 15:48.902","","00","76 06:55.411","4","0","0","0","36236","0","0","0","N","0","0","0","3","36408","1","","5","09","N","N","0","","0","0","0","0","0","","2119","1","1","0","0","0","0","0","1","0","1","N","","","","","","","","","","","","07","","","N","N"
"2037","2","0","0","0","0","0","0","0","0","4","0","","36","03","2021","2021029452","3","40.0412","-76.3832","2033","08","0","1","0","0","0","1","0","0","","0","0","0","20","2","0","00","0","40 02:28.378","","07","76 22:59.561","0","0","0","0","36214","0","0","0","N","0","0","0","2","36214","0","","1","01","N","N","0","","0","0","0","0","0","","2030","0","2","0","0","0","0","0","3","0","2","N","","","","","","","","","","","","03","03","","N","N"
"1200","1","0","0","0","0","0","0","0","0","1","0","35","36","03","2021","2021028739","5","40.1633","-76.1511","1150","08","0","0","0","0","0","1","0","0","","0","0","0","11","1","0","01","0","40 09:46.140","","00","76 08:59.472","0","0","0","0","36218","0","0","0","N","0","0","0","5","36408","0","","1","01","N","N","0","","0","0","1","3","2","","1147","0","2","0","0","0","0","0","1","0","2","Y","4","1","Y","","","N","","","","Y","","03","03","N","N","N"
"1920","1","0","0","0","0","0","0","0","0","7","0","","36","03","2021","2021029571","1","40.0637","-76.2578","1910","08","0","0","0","0","0","1","0","0","","0","0","0","19","4","0","00","0","40 03:49.330","","00","76 15:27.970","0","0","0","0","36215","0","0","0","N","0","0","0","1","36215","0","","4","09","N","N","0","","0","0","0","0","0","","1907","0","1","0","0","0","0","0","1","0","1","N","","","","","","","","","","","","03","","","N","N"
"1721","2","0","0","0","0","0","0","0","0","4","0","","36","03","2021","2021029088","2","40.0592","-76.3192","1712","08","0","0","0","0","0","0","0","0","","0","0","0","16","1","0","00","1","40 03:33.040","1","07","76 19:09.070","0","0","0","0","36101","0","0","0","N","0","0","0","2","36101","0","","1","01","N","N","0","","0","0","0","3","3","N","1649","0","2","0","0","0","0","0","3","0","2","N","","","","","","","","","","","1800","03","03","","N","N"
"1006","1","0","0","0","0","0","0","0","0","1","0","","36","03","2021","2021026960","2","40.0591","-76.3635","1000","08","0","0","0","0","0","1","0","0","","0","0","0","10","1","0","00","1","40 03:33.041","3","00","76 21:48.068","0","0","0","0","36214","0","0","0","N","0","0","0","3","36214","0","","1","01","N","N","1","","0","0","1","0","0","Y","1000","0","3","0","0","0","0","0","3","0","3","N","","","","","","","","","","","1100","03","03","","N","N"
"1205","0","0","0","0","0","0","0","0","0","4","0","","36","03","2021","2021028063","3","40.0402","-76.2369","1203","08","0","0","0","0","0","2","0","0","","0","0","0","12","1","1","00","0","40 02:24.592","","00","76 14:12.701","3","0","0","0","36215","0","0","0","N","0","0","0","3","36215","0","","1","01","N","N","1","","1","0","1","0","0","","1201","1","2","0","0","0","0","0","1","0","2","N","","","","","","","","","","","","03","","","N","N"
"0732","1","0","0","0","0","0","0","0","0","1","0","","36","03","2021","2021029451","3","40.0529","-76.3934","0720","08","0","0","1","0","0","0","0","0","","0","0","0","07","1","0","00","1","40 03:10.590","3","00","76 23:36.118","0","0","0","0","36214","0","0","0","N","0","0","0","2","36214","0","","1","01","N","N","0","","0","0","1","0","0","N","0717","0","2","0","0","0","0","0","3","0","2","N","","","","","","","","","","","0818","03","","","N","N"
"1403","0","0","0","0","0","0","0","0","0","5","0","","36","03","2021","2021028628","7","40.0679","-75.9658","1349","08","0","0","0","0","0","2","0","1","","0","0","0","13","1","1","00","2","40 04:04.300","6","00","75 57:56.850","2","0","1","3","36232","0","0","0","N","0","0","0","3","68J01","0","","1","01","N","N","0","","0","1","0","0","0","Y","1347","1","3","0","0","0","0","0","1","0","3","N","","","","","","","","","","","1450","03","","","N","N"
"1455","0","0","0","0","0","0","0","0","0","5","0","","36","03","2021","2021021449","4","40.1894","-76.1927","1454","08","0","0","0","0","0","0","0","1","","1","0","0","14","1","1","00","1","40 11:21.837","4","07","76 11:33.889","1","0","0","0","36408","0","0","0","N","0","0","0","3","36408","0","2","1","01","N","N","0","0","0","0","2","0","0","N","1453","1","2","1","0","2","1","0","2","0","2","N","","","","","","","","","","","1545","03","03","","Y","Y"
"0923","0","0","0","0","0","0","0","0","0","1","2","","36","03","2021","2021027451","2","40.2093","-76.2267","0914","08","0","0","0","0","0","1","1","0","","0","2","0","09","1","1","02","1","40 12:33.401","4","00","76 13:36.284","8","0","0","0","36204","0","0","0","N","0","0","0","2","36506","0","","1","01","N","N","0","","0","0","0","0","0","N","0910","1","2","0","0","1","1","0","1","0","2","N","","","","","","","","","","","1008","03","03","","N",""
"1958","0","0","0","0","0","0","0","0","0","7","0","","36","03","2021","2021029564","4","40.0537","-76.2625","1951","08","0","0","0","0","0","1","0","0","","0","0","0","19","2","0","00","0","40 03:13.300","","00","76 15:44.830","0","0","0","0","36215","0","0","0","N","0","0","0","1","36215","0","","5","01","N","N","0","","0","0","1","0","0","","1949","0","1","0","0","0","0","0","1","0","1","N","","","","","","","","","","","","03","03","","N","N"
"0523","2","0","0","0","0","0","0","0","0","1","0","","36","03","2021","2021030040","2","40.0377","-76.3078","0520","08","0","0","0","0","0","2","0","0","","0","0","0","05","3","2","01","0","40 02:15.851","","00","76 18:28.000","8","0","0","0","36301","0","0","0","N","0","0","0","3","36301","0","","1","09","N","N","0","","0","0","0","0","0","","0519","2","2","0","0","0","2","0","3","0","2","N","","","","","","","","","","","","07","07","","N","N"
"2152","2","0","0","0","0","0","0","0","0","2","0","","36","03","2021","2021029091","4","40.1122","-76.1067","2149","08","1","0","0","0","0","1","0","0","","0","0","0","21","2","0","00","2","40 06:43.840","6","00","76 06:24.010","0","0","0","0","36209","0","0","0","N","0","0","0","2","36415","0","","1","01","N","N","0","","0","0","0","0","0","N","2146","0","2","0","0","0","0","0","1","0","2","N","","","","","","","","","","","2220","03","","","N","N"
"0943","1","0","0","0","0","0","0","0","0","7","0","","36","03","2021","2021026678","2","40.0199","-76.2782","0930","08","0","0","0","0","0","0","0","0","","0","0","0","09","1","1","00","0","40 01:11.594","","07","76 16:41.363","3","0","0","0","36240","0","0","0","N","0","0","0","1","36240","0","","4","01","N","N","0","","1","0","0","0","0","","0928","1","1","0","0","0","0","0","1","0","1","N","","","","","","","","","","","","03","","","N","N"
"0030","0","0","0","0","0","0","0","0","0","7","0","","36","03","2021","2021028577","7","40.1603","-76.1422","0024","08","1","0","0","0","0","0","0","0","","0","0","0","00","3","0","00","0","40 09:37.177","","00","76 08:31.978","0","0","0","0","36218","0","0","0","N","0","0","0","4","36408","0","","5","01","N","N","1","","0","0","0","0","0","N","0020","0","1","0","0","0","0","0","1","0","1","N","","","","","","","","","","","","03","","","N","N"
"1604","0","0","0","0","0","0","0","0","0","1","0","","36","03","2021","2021030257","3","40.0809","-76.2778","1600","08","0","0","0","0","0","0","0","0","","0","0","0","15","1","3","00","1","40 04:51.122","2","00","76 16:40.067","3","0","0","0","36101","0","0","0","N","0","0","0","3","36101","1","","1","01","N","N","0","","2","0","2","0","0","N","1557","3","2","0","0","0","0","0","3","0","2","N","","","","","","","","","","","1645","03","","","N","N"
"1948","0","0","0","0","0","0","0","0","0","8","0","","36","03","2021","2021024390","7","40.0392","-76.2951","1944","08","0","0","0","0","0","1","0","0","","0","0","0","19","3","1","01","0","40 02:20.974","","00","76 17:42.279","3","0","0","0","36301","1","0","0","N","1","0","0","2","36301","0","","1","01","N","N","1","","1","0","0","3","2","","1940","1","2","0","0","0","0","0","3","0","1","N","","","","","","","","","","","","03","","","N",""
"0011","0","0","0","0","0","0","0","0","0","7","0","","36","03","2021","2021028698","1","40.0395","-76.2829","0006","08","0","0","0","0","0","0","0","0","","0","0","0","00","3","0","00","0","40 02:22.252","","00","76 16:58.424","9","0","0","0","36220","0","0","0","N","0","0","0","1","36101","0","","5","01","N","N","0","","0","0","1","0","0","","0003","0","1","0","0","0","0","1","3","0","1","N","","","","","","","","","","","","03","","","N","N"
"0835","0","0","0","0","0","0","0","0","0","0","1","","36","03","2021","2021029559","1","40.0684","-76.2886","0825","08","0","0","0","0","0","0","0","0","","0","1","0","08","1","0","00","2","40 04:06.417","2","02","76 17:19.105","0","0","0","0","36101","0","0","0","N","0","0","0","1","36101","0","","1","09","N","N","0","","0","0","0","3","1","Y","0825","0","1","0","0","0","0","0","3","0","1","N","","","","","","","","","","","1000","07","04","","N","N"
"1458","1","0","0","0","0","0","0","0","0","4","0","","36","03","2021","2021029790","4","40.0329","-76.3076","1445","08","0","0","0","0","0","1","0","0","","0","0","0","14","1","0","02","1","40 01:58.540","1","00","76 18:27.259","0","0","0","0","36301","0","0","0","N","0","0","0","2","36301","0","","1","09","N","N","0","","0","0","0","3","3","N","1445","0","2","0","0","0","0","0","3","1","2","N","","","","","","","","","","","1515","07","","","N",""
"1336","0","0","0","0","0","0","0","0","0","8","0","","36","03","2021","2021028884","7","40.1687","-76.4095","1336","08","0","0","0","0","0","1","0","0","","0","0","0","13","1","1","02","0","40 10:07.320","","00","76 24:34.088","3","0","0","0","36230","1","0","0","N","1","0","0","2","36410","0","","1","01","N","N","0","","1","0","1","0","0","","1334","1","2","0","0","0","0","0","1","0","1","N","","","","","","","","","","","","03","","","N",""
"1129","0","0","0","0","0","0","0","0","0","5","0","","36","03","2021","2021029193","1","40.2282","-76.3639","1116","08","0","0","0","0","0","0","0","0","","0","0","0","11","1","0","00","0","40 13:41.673","","00","76 21:49.926","0","0","0","0","36217","0","0","0","N","0","0","0","3","68T06","0","","1","09","N","N","0","","0","0","1","0","0","","1115","0","2","0","0","0","0","0","1","0","2","N","","","","","","","","","","","","07","","","N","N"
"1339","1","0","0","0","0","0","0","0","0","4","0","","36","03","2021","2021024021","3","40.1986","-76.2","1335","08","0","0","0","0","0","1","0","0","","0","0","0","13","1","1","00","2","40 11:55.096","5","00","76 12:00.127","3","0","0","0","36218","0","0","0","N","0","0","0","2","36408","0","","1","01","N","N","1","","1","0","0","0","0","Y","1332","1","2","0","0","0","0","0","1","0","2","N","","","","","","","","","","","1409","03","03","","N","N"
"0720","1","0","0","0","0","0","0","0","0","7","0","","36","03","2021","2021029560","2","40.0617","-76.3445","0715","08","0","0","0","0","0","0","0","0","","0","0","0","07","1","0","00","1","40 03:41.970","4","00","76 20:40.370","0","0","0","0","36214","0","0","0","N","0","0","0","2","36214","0","","5","01","N","N","0","","0","0","0","0","0","N","0710","0","1","0","0","0","0","0","3","0","1","N","","","","","","","","","","","0755","04","04","","N","N"
"0015","0","0","0","0","0","0","0","0","0","7","0","","36","03","2021","2021029566","6","40.0891","-76.1791","0012","08","0","0","0","0","0","0","0","0","","0","0","0","00","2","1","00","1","40 05:20.931","3","00","76 10:44.603","3","0","0","0","36234","0","0","0","N","0","0","0","1","36215","0","","5","08","N","N","1","","1","0","0","0","0","N","0009","1","1","0","0","1","0","0","1","0","1","N","","","","","","","","","","","0134","07","","","N","N"
"2123","1","0","0","0","0","0","0","0","0","7","0","","36","01","2021","2021004903","3","40.1469","-76.6225","2114","08","0","0","0","0","0","0","0","0","","0","0","0","21","2","0","00","0","40 08:48.688","","00","76 37:21.013","0","0","0","0","36237","0","0","0","N","0","0","0","1","36505","0","","5","01","N","N","0","","0","0","0","0","0","","2110","0","1","0","0","0","0","0","1","0","1","N","","","","","","","","","","","","03","03","","N","N"
"1114","1","0","0","0","0","0","0","0","0","7","0","","36","01","2021","2021003376","6","40.1415","-76.2965","1114","08","0","0","0","0","0","0","0","0","","0","0","0","22","6","0","00","9","40 08:29.420","","00","76 17:47.450","9","0","0","0","36409","0","0","0","N","0","0","0","1","36409","0","","2","99","N","N","0","","0","0","0","0","0","U","2200","0","1","0","0","0","0","1","3","0","1","N","","","","","","","","","","","","03","","","N","N"
"2217","1","0","0","0","0","0","0","0","0","7","0","","36","01","2021","2021002891","6","39.9922","-76.2857","2209","08","0","0","0","0","0","1","0","0","","0","0","0","22","3","0","01","1","39 59:32.071","5","00","76 17:09.342","0","0","0","0","36240","0","0","0","Y","0","0","0","1","36240","0","","5","01","N","N","0","","0","0","0","3","2","N","2209","0","1","0","0","0","0","0","1","0","1","N","","","","","","","","","","","2258","04","","","N",""
"0802","3","0","0","0","0","0","0","0","0","4","0","","36","01","2021","2021004592","5","40.1658","-76.3972","0756","08","0","0","0","1","0","1","0","1","","0","0","0","07","1","0","01","1","40 09:56.714","2","00","76 23:50.098","0","0","0","0","36410","0","0","0","N","0","0","0","3","36410","0","","1","01","N","N","0","","0","0","0","3","2","Y","0755","0","3","0","0","0","0","0","2","0","3","N","","","","","","","","","","","0820","03","03","","N",""
"1220","1","0","0","0","0","0","0","0","0","1","1","","36","03","2021","2021028621","6","40.2252","-76.3032","1148","08","0","0","0","0","0","1","0","0","","0","1","0","11","1","0","00","0","40 13:30.823","","00","76 18:11.387","0","0","0","0","36217","0","0","0","N","0","0","0","2","68J01","0","","1","01","N","N","0","","0","0","0","0","0","","1145","0","2","0","0","0","0","0","1","0","2","N","","","","","","","","","","","","03","","","N","Y"
"1200","2","0","0","0","0","0","0","0","0","1","0","","36","03","2021","2021027974","5","40.0416","-76.318","1200","08","0","0","0","0","0","0","0","0","","0","0","0","12","1","1","01","1","40 02:29.810","4","00","76 19:04.817","8","0","0","0","36301","0","0","0","N","0","0","0","2","36301","0","","1","01","N","N","0","","0","0","0","3","8","N","1200","1","2","0","0","0","1","0","3","0","2","N","","","","","","","","","","","1230","03","03","","N","N"
"1708","1","0","0","0","0","0","0","0","0","2","0","","36","03","2021","2021029453","6","40.0604","-76.4061","1705","08","0","0","0","0","0","0","0","0","","0","0","0","16","1","3","02","2","40 03:37.438","7","00","76 24:21.832","3","0","0","0","36239","0","0","0","N","0","0","0","3","36239","0","","1","03","N","N","1","","3","0","0","3","3","Y","1650","3","2","0","0","0","0","0","3","0","2","N","","","","","","","","","","","1724","03","03","","N",""
"0712","0","0","0","0","0","0","0","0","0","98","0","","36","03","2021","2021028609","3","39.9049","-76.1832","0652","08","0","0","0","0","0","1","0","0","","0","0","0","06","5","0","00","0","39 54:17.688","","00","76 10:59.349","0","0","0","0","36229","0","0","0","N","0","0","0","1","68J01","0","","1","01","N","N","0","","0","0","0","0","0","","0648","0","1","0","0","0","0","0","1","1","1","N","","","","","","","","","","","","03","","","N","N"
"0753","1","0","0","0","0","0","0","0","0","7","0","","36","01","2021","2021003398","1","40.0466","-76.297","0752","08","0","0","0","0","0","0","0","0","","0","0","0","07","1","0","00","1","40 02:47.595","2","00","76 17:49.216","0","0","0","0","36301","0","0","0","N","0","0","0","1","36301","0","","5","07","N","N","0","","0","0","1","0","0","N","0752","0","2","0","0","0","0","0","3","0","2","N","","","","","","","","","","","0830","10","06","","N","N"
"0557","1","0","0","0","0","0","0","0","0","7","0","","36","01","2021","2021004518","2","39.8907","-76.1428","0549","08","0","0","0","0","0","0","0","0","","0","0","0","05","2","0","00","0","39 53:26.346","","00","76 08:33.989","0","0","0","0","36216","0","0","0","N","0","0","0","1","68J01","0","","5","02","N","N","0","","0","0","0","0","0","","0548","0","1","0","0","0","0","0","1","0","1","N","","","","","","","","","","","","03","03","","N","N"
"1242","1","0","0","0","0","0","0","0","0","4","0","","36","01","2021","2021004246","7","40.1086","-76.2913","1238","08","0","0","0","0","1","1","0","0","","0","0","0","12","1","0","01","0","40 06:31.056","","00","76 17:28.776","0","0","0","0","36101","0","0","0","N","0","0","0","2","36101","0","","1","01","N","N","0","","0","0","1","3","3","","1236","0","2","0","0","0","0","0","3","0","2","N","","","","","","","","","","","","03","03","","N",""
"1011","1","0","0","0","0","0","0","0","0","1","0","","36","01","2021","2021004588","4","40.0786","-76.3463","1004","08","0","0","0","0","0","0","1","0","","0","0","0","09","1","0","00","0","40 04:42.806","","00","76 20:46.757","0","0","0","0","36101","0","0","0","N","0","0","0","2","36101","0","","1","01","N","N","0","","0","0","1","3","3","","0949","0","2","0","0","0","0","0","3","0","2","N","","","","","","","","","","","","03","03","","N","Y"
"1825","1","0","0","0","0","0","0","0","0","1","0","","36","01","2021","2021004064","2","40.0565","-76.2983","1806","08","0","0","0","0","0","0","0","0","","0","0","0","18","3","1","00","0","40 03:23.470","","00","76 17:53.900","3","0","0","0","36101","0","0","0","N","0","0","0","1","36101","0","","1","01","N","N","1","","1","0","1","0","0","","1805","1","3","0","0","0","0","0","3","0","3","N","","","","","","","","","","","","03","03","","N","N"
"1239","1","0","0","0","0","0","0","0","0","7","0","","36","03","2021","2021028315","5","40.0561","-76.4333","1237","08","0","1","0","0","0","0","0","0","","0","0","0","12","1","1","00","1","40 03:21.870","2","00","76 25:59.760","8","0","0","0","36239","0","0","0","N","0","0","0","1","36239","0","","5","01","N","N","0","","0","0","0","0","0","Y","1229","1","1","0","0","0","1","0","3","0","1","N","","","","","","","","","","","1323","03","","","N","N"
"2144","1","0","0","0","0","0","0","0","0","1","0","","36","03","2021","2021028189","6","40.0635","-76.3589","2132","08","0","0","0","0","1","0","0","0","","0","0","0","21","3","0","01","0","40 03:48.686","","00","76 21:32.100","9","0","0","0","36214","0","0","0","N","0","0","0","2","36214","0","","1","01","N","N","0","","0","0","1","3","2","","2124","0","2","0","0","0","0","1","3","0","2","N","","","","","","","","","","","","03","03","","N",""
"2037","1","0","0","0","0","0","0","0","0","4","0","","36","03","2021","2021029745","1","40.0674","-76.3072","2032","08","0","0","0","0","0","0","1","0","","0","0","0","20","3","3","02","1","40 04:02.790","1","00","76 18:26.089","3","0","0","0","36101","0","0","0","N","0","0","0","3","36101","0","","1","09","N","N","0","","1","0","1","0","0","N","2031","3","2","0","0","1","2","0","3","0","2","N","","","","","","","","","","","2120","03","03","","N",""
"1318","0","1","0","0","0","0","0","0","0","4","1","","36","03","2021","2021028581","3","40.2172","-76.1175","1315","08","0","0","0","0","0","0","0","1","","1","1","0","13","1","0","02","2","40 13:01.972","5","00","76 07:03.080","1","0","0","0","36210","0","0","0","N","0","0","0","2","36210","0","2","1","01","N","N","0","0","0","0","1","3","3","Y","1315","0","2","0","0","1","0","0","1","0","2","N","","","","","","","","","","","1615","04","","","N","N"
"0913","1","0","0","0","0","0","0","0","0","4","0","","36","01","2021","2021002384","4","40.0382","-76.3235","0911","08","0","0","0","0","0","0","0","0","","0","1","0","09","1","0","01","2","40 02:17.652","1","00","76 19:24.590","0","0","0","0","36301","0","0","0","N","0","0","0","3","36301","0","","1","01","N","N","0","","0","0","0","3","2","Y","0908","0","2","0","0","0","0","0","3","0","2","N","","","","","","","","","","","1014","04","","","N","N"
"0059","0","0","0","0","0","0","0","0","0","7","0","","36","01","2021","2021000766","1","40.0937","-76.6646","0053","08","0","0","0","0","0","0","0","0","","0","0","0","00","3","0","02","2","40 05:37.213","5","00","76 39:52.407","9","0","0","0","36207","0","0","0","N","0","0","0","1","36504","0","","2","09","N","N","0","","0","0","1","0","0","Y","0049","0","1","0","0","0","0","1","1","0","1","N","","","","","","","","","","","0203","07","04","","N","N"
"1419","1","0","0","0","0","0","0","0","0","7","0","","36","03","2021","2021029562","6","40.0534","-76.3733","1419","08","0","0","0","0","0","0","0","1","","0","0","0","14","1","0","00","0","40 03:12.173","","00","76 22:23.867","9","0","0","0","36214","0","0","0","N","0","0","0","2","36214","0","","4","01","N","N","0","","0","0","1","0","0","","1410","0","2","0","0","0","0","1","3","0","2","N","","","","","","","","","","","","03","","","N","N"