"ARRIVAL_TM","AUTOMOBILE_COUNT","BELTED_DEATH_COUNT","BELTED_SUSP_SERIOUS_INJ_COUNT","BICYCLE_COUNT","BICYCLE_DEATH_COUNT","BICYCLE_SUSP_SERIOUS_INJ_COUNT","BUS_COUNT","CHLDPAS_DEATH_COUNT","CHLDPAS_SUSP_SERIOUS_INJ_COUNT","COLLISION_TYPE","COMM_VEH_COUNT","CONS_ZONE_SPD_LIM","COUNTY","CRASH_MONTH","CRASH_YEAR","CRN","DAY_OF_WEEK","DEC_LAT","DEC_LONG","DISPATCH_TM","DISTRICT","DRIVER_COUNT_16YR","DRIVER_COUNT_17YR","DRIVER_COUNT_18YR","DRIVER_COUNT_19YR","DRIVER_COUNT_20YR","DRIVER_COUNT_50_64YR","DRIVER_COUNT_65_74YR","DRIVER_COUNT_75PLUS","EST_HRS_CLOSED","FATAL_COUNT","HEAVY_TRUCK_COUNT","HORSE_BUGGY_COUNT","HOUR_OF_DAY","ILLUMINATION","INJURY_COUNT","INTERSECT_TYPE","LANE_CLOSED","LATITUDE","LN_CLOSE_DIR","LOCATION_TYPE","LONGITUDE","MAX_SEVERITY_LEVEL","MCYCLE_DEATH_COUNT","MCYCLE_SUSP_SERIOUS_INJ_COUNT","MOTORCYCLE_COUNT","MUNICIPALITY","NONMOTR_COUNT","NONMOTR_DEATH_COUNT","NONMOTR_SUSP_SERIOUS_INJ_COUNT","NTFY_HIWY_MAINT","PED_COUNT","PED_DEATH_COUNT","PED_SUSP_SERIOUS_INJ_COUNT","PERSON_COUNT","POLICE_AGCY","POSSIBLE_INJ_COUNT","RDWY_SURF_TYPE_CD","RELATION_TO_ROAD","ROAD_CONDITION","SCH_BUS_IND","SCH_ZONE_IND","SMALL_TRUCK_COUNT","SPEC_JURIS_CD","SUSP_MINOR_INJ_COUNT","SUSP_SERIOUS_INJ_COUNT","SUV_COUNT","TCD_FUNC_CD","TCD_TYPE","TFC_DETOUR_IND","TIME_OF_DAY","TOT_INJ_COUNT","TOTAL_UNITS","UNB_DEATH_COUNT","UNB_SUSP_SERIOUS_INJ_COUNT","UNBELTED_OCC_COUNT","UNK_INJ_DEG_COUNT","UNK_INJ_PER_COUNT","URBAN_RURAL","VAN_COUNT","VEHICLE_COUNT","WORK_ZONE_IND","WORK_ZONE_LOC","WORK_ZONE_TYPE","WORKERS_PRES","WZ_CLOSE_DETOUR","WZ_FLAGGER","WZ_LAW_OFFCR_IND","WZ_LN_CLOSURE","WZ_MOVING","WZ_OTHER","WZ_SHLDER_MDN","ROADWAY_CLEARED","WEATHER1","WEATHER2","WZ_WORKERS_INJ_KILLED","SECONDARY_CRASH","INTERSECTION_RELATED"
"2230","1","0","0","0","0","0","0","0","0","7","0","","36","03","2021","2021029450","2","40.0533","-76.3899","2218","08","0","0","0","0","1","0","0","0","","0","0","0","22","2","2","00","1","40 03:11.776","3","00","76 23:23.610","3","0","0","0","36214","0","0","0","N","0","0","0","2","36214","0","","4","01","N","N","0","","1","0","0","0","0","N","2218","2","1","0","0","2","1","0","3","0","1","N","","","","","","","","","","","0130","03","","","N","N"
"1935","1","0","0","0","0","0","0","0","0","4","0","","36","02","2021","2021020199","1","40.1683","-76.2023","1931","08","0","0","0","0","0","1","0","0","","0","0","0","19","3","0","01","2","40 10:05.995","5","00","76 12:08.386","0","0","0","0","36218","0","0","0","N","0","0","0","2","36408","0","","1","09","N","N","1","","0","0","0","3","3","Y","1928","0","2","0","0","0","0","0","1","0","2","N","","","","","","","","","","","2007","07","07","","N","N"
"1032","0","0","0","0","0","0","0","0","0","7","0","","36","01","2021","2021003891","2","40.2055","-76.1166","1024","08","0","0","0","0","0","0","0","0","","0","0","0","10","1","0","00","0","40 12:19.909","","00","76 06:59.615","0","0","0","0","36210","0","0","0","Y","0","0","0","1","36210","0","","2","01","N","N","0","","0","0","1","0","0","","1024","0","1","0","0","0","0","0","1","0","1","N","","","","","","","","","","","","03","","","N","N"
"1311","2","0","0","0","0","0","0","0","0","4","0","","36","01","2021","2021003053","6","40.1683","-76.2023","1301","08","0","0","1","0","0","0","0","0","","0","0","0","12","1","0","01","0","40 10:05.995","","00","76 12:08.386","0","0","0","0","36218","0","0","0","N","0","0","0","2","36408","0","","1","01","N","N","0","","0","0","0","3","3","","1255","0","2","0","0","0","0","0","1","0","2","N","","","","","","","","","","","","04","","","N",""
"0938","0","0","0","0","0","0","0","0","0","4","1","","36","01","2021","2021004519","2","40.0326","-76.106","0924","08","0","0","0","0","0","0","0","1","","0","1","0","09","1","0","02","0","40 01:57.248","","00","76 06:21.603","0","0","0","0","36221","0","0","0","N","0","0","0","2","68J01","0","","1","09","N","N","0","","0","0","1","0","0","","0923","0","2","0","0","0","0","0","1","0","2","N","","","","","","","","","","","","03","03","","N","N"
"1812","1","0","0","0","0","0","0","0","0","7","0","","36","03","2021","2021029448","3","40.063","-76.3389","1805","08","0","0","0","0","1","0","0","0","","0","0","0","18","1","0","00","1","40 03:46.914","3","00","76 20:20.135","0","0","0","0","36101","0","0","0","N","0","0","0","1","36101","0","","3","01","N","N","0","","0","0","0","0","0","N","1802","0","1","0","0","0","0","0","3","0","1","N","","","","","","","","","","","1835","03","03","","N","N"
"1533","1","0","0","0","0","0","0","0","0","4","1","","36","03","2021","2021029093","2","40.0966","-76.1062","1533","08","0","0","0","0","0","1","1","0","","0","1","0","15","1","0","01","0","40 05:47.922","","00","76 06:22.185","0","0","0","0","36415","0","0","0","N","0","0","0","2","36415","0","","1","01","N","N","0","","0","0","0","3","2","","1533","0","2","0","0","0","0","0","1","0","2","N","","","","","","","","","","","","03","03","","N",""
"1850","1","0","0","0","0","0","0","0","0","98","0","","36","03","2021","2021030260","1","40.0264","-76.3945","1837","08","0","0","0","0","0","0","0","0","","0","0","0","18","1","0","00","0","40 01:35.006","","00","76 23:40.050","0","0","0","0","36223","0","0","0","N","0","0","0","1","36223","0","","4","09","N","N","0","","0","0","0","0","0","","1836","0","1","0","0","0","0","0","1","0","1","N","","","","","","","","","","","","07","07","","N","N"
"1651","2","0","0","0","0","0","0","0","0","4","0","","36","01","2021","2021001372","2","40.0456","-76.3102","1645","08","0","0","0","0","0","0","0","0","","0","0","0","16","1","0","00","2","40 02:44.026","4","00","76 18:36.898","0","0","0","0","36301","0","0","0","N","0","0","0","3","36301","0","","1","01","N","N","0","","0","0","0","3","2","Y","1644","0","2","0","0","0","0","0","3","0","2","N","","","","","","","","","","","1732","03","03","","N","Y"
"0807","1","0","0","0","0","0","0","0","0","7","0","","36","01","2021","2021004247","1","40.0227","-76.3049","0753","08","0","0","0","0","0","0","0","0","","0","0","0","07","1","0","00","0","40 01:21.892","","00","76 18:17.620","0","0","0","0","36220","0","0","0","N","0","0","0","1","36101","0","","4","01","N","N","0","","0","0","0","0","0","","0749","0","1","0","0","0","0","0","3","0","1","N","","","","","","","","","","","","03","03","","N","N"
"0905","0","0","0","0","0","0","0","0","0","4","0","","36","03","2021","2021028313","7","40.0699","-76.3171","0859","08","0","0","0","0","0","0","0","0","","0","0","0","08","1","0","00","0","40 04:11.663","","01","76 19:01.643","0","0","0","0","36101","0","0","0","N","0","0","0","2","36101","0","","1","01","N","N","0","","0","0","2","3","2","","0859","0","2","0","0","0","0","0","3","0","2","N","","","","","","","","","","","","03","03","","N","N"
"0800","2","0","0","0","0","0","0","0","0","4","0","","36","03","2021","2021030096","5","40.0339","-76.3224","0755","08","0","0","0","0","0","0","0","0","","0","0","0","07","1","0","01","2","40 02:02.018","2","00","76 19:20.679","0","0","0","0","36301","0","0","0","N","0","0","0","2","36301","0","","1","01","N","N","0","","0","0","0","3","3","Y","0750","0","2","0","0","0","0","0","3","0","2","N","","","","","","","","","","","0845","03","","","N",""
"1400","0","0","0","0","0","0","0","0","0","7","0","","36","01","2021","2021004907","5","40.1868","-76.5888","1352","08","0","0","0","0","0","1","0","0","","0","0","0","13","1","0","00","2","40 11:12.440","5","00","76 35:19.770","0","0","0","0","36225","0","0","0","N","0","0","0","1","36505","0","","4","01","N","N","1","","0","0","0","0","0","Y","1351","0","1","0","0","0","0","0","2","0","1","N","","","","","","","","","","","1455","03","03","","N","N"
"0756","1","0","0","0","0","0","1","0","0","1","1","","36","01","2021","2021003064","3","40.1064","-76.3055","0743","08","0","0","0","0","0","0","1","0","","0","0","0","07","1","0","01","2","40 06:22.882","2","00","76 18:19.646","0","0","0","0","36101","0","0","0","N","0","0","0","8","36101","0","","1","01","Y","N","0","","0","0","0","3","2","N","0743","0","2","0","0","0","0","0","3","0","2","N","","","","","","","","","","","0854","03","04","","N",""
"1420","1","0","0","0","0","0","0","0","0","1","0","","36","01","2021","2021003258","6","40.1633","-76.3079","1417","08","0","0","0","0","0","0","0","0","","0","0","0","14","1","0","00","2","40 09:47.788","1","00","76 18:28.561","0","0","0","0","36409","0","0","0","N","0","0","0","2","36409","0","","1","01","N","N","1","","0","0","0","0","0","N","1414","0","2","0","0","0","0","0","3","0","2","N","","","","","","","","","","","1445","03","","","N","N"
"2054","1","0","0","0","0","0","0","0","0","4","0","","36","03","2021","2021028188","6","40.0695","-76.3311","2054","08","1","0","0","0","0","0","0","0","","0","0","0","20","3","1","01","0","40 04:09.893","","00","76 19:52.423","3","0","0","0","36101","0","0","0","N","0","0","0","3","36101","0","","1","01","N","N","1","","1","0","0","3","2","","2044","1","2","0","0","0","0","0","3","0","2","N","","","","","","","","","","","","03","","","N",""
"1048","1","0","0","0","0","0","0","0","0","4","0","","36","03","2021","2021027793","4","40.0454","-76.3118","1048","08","0","0","0","0","0","1","0","0","","0","0","0","10","1","0","01","0","40 02:43.494","","00","76 18:42.620","0","0","0","0","36301","0","0","0","N","0","0","0","2","36301","0","","1","09","N","N","0","","0","0","1","3","3","","1041","0","2","0","0","0","0","0","3","0","2","N","","","","","","","","","","","","07","","","N","N"
"1528","1","0","0","0","0","0","0","0","0","7","0","","36","03","2021","2021026925","2","40.1594","-76.0171","1522","08","0","0","1","0","0","0","0","0","","0","0","0","15","1","1","00","2","40 09:33.904","5","00","76 01:01.728","3","0","0","0","36213","0","0","0","N","0","0","0","1","36213","0","","4","01","N","N","0","","1","0","0","0","0","Y","1520","1","1","0","0","0","0","0","1","0","1","N","","","","","","","","","","","1632","03","","","N","N"
"1000","1","0","0","0","0","0","0","0","0","7","0","","36","01","2021","2021004175","6","39.8523","-76.2207","0851","08","0","0","0","0","0","0","0","0","","0","0","0","08","1","1","00","1","39 51:08.370","2","00","76 13:14.480","3","0","0","0","36208","0","0","0","N","0","0","0","1","68J01","0","","4","01","N","N","0","","1","0","0","0","0","N","0847","1","1","0","0","0","0","0","1","0","1","N","","","","","","","","","","","0030","03","","","N","N"
"1506","1","0","0","0","0","0","0","0","0","7","0","","36","01","2021","2021002638","5","39.9937","-76.262","1506","08","0","0","0","0","0","1","0","0","","0","0","0","15","1","1","00","0","39 59:37.297","","00","76 15:43.102","8","0","0","0","36240","0","0","0","N","0","0","0","1","36240","0","","5","01","N","N","0","","0","0","0","0","0","N","1505","1","1","0","0","1","1","0","1","0","1","N","","","","","","","","","","","","03","03","","N","N"
"0951","0","0","0","0","0","0","0","0","0","7","0","","36","01","2021","2021004902","7","40.1092","-76.6291","0951","08","0","0","0","0","0","0","1","0","","0","0","0","23","2","0","00","0","40 06:33.150","","03","76 37:44.600","0","0","0","0","36237","0","0","0","N","0","0","0","1","36505","0","","4","99","N","N","0","","0","0","1","0","0","","2330","0","1","0","0","0","0","0","1","0","1","N","","","","","","","","","","","","99","","","N","N"
"1538","1","0","0","0","0","0","0","0","0","1","0","","36","01","2021","2021003686","5","40.0736","-76.3503","1530","08","0","0","0","0","0","1","0","0","","0","0","0","15","1","0","00","0","40 04:25.025","","00","76 21:00.990","0","0","0","0","36214","0","0","0","N","0","0","0","3","36214","0","","1","01","N","N","0","","0","0","1","0","0","","1525","0","2","0","0","0","0","0","3","0","2","N","","","","","","","","","","","","03","","","N","N"
"0405","0","0","0","0","0","0","0","0","0","7","0","","36","03","2021","2021029138","6","40.277","-76.0957","0402","08","0","0","0","0","0","0","0","0","","0","0","0","03","2","0","00","2","40 16:37.045","2","00","76 05:44.431","0","0","0","0","36236","0","0","0","Y","0","0","0","1","36408","0","","5","09","N","N","0","","0","0","0","0","0","N","0359","0","1","0","0","0","0","0","1","1","1","N","","","","","","","","","","","0518","03","","","N","N"
"2106","0","0","0","0","0","0","0","0","0","0","0","","36","03","2021","2021028697","7","40.0635","-76.282","2104","08","0","0","0","0","1","0","0","0","","0","0","0","21","2","0","00","0","40 03:48.732","","00","76 16:55.316","0","0","0","0","36101","0","0","0","N","0","0","0","1","36101","0","","1","01","N","N","1","","0","0","0","0","0","","2101","0","1","0","0","1","0","0","3","0","1","N","","","","","","","","","","","","03","03","","N","N"
"1301","0","0","0","0","0","0","0","0","0","4","1","","36","03","2021","2021028883","6","40.1136","-76.4526","1250","08","0","0","0","0","0","0","0","0","","0","1","0","12","1","2","02","1","40 06:48.810","1","00","76 27:09.379","8","0","0","0","36230","0","0","0","N","0","0","0","2","36410","0","","1","01","N","N","1","","0","0","0","0","0","N","1245","2","2","0","0","0","2","0","1","0","2","N","","","","","","","","","","","1339","03","03","","N",""
"2007","0","0","0","0","0","0","1","0","0","4","1","","36","01","2021","2021003347","6","40.0395","-76.306","2007","08","0","0","0","0","1","0","1","0","","0","0","0","20","3","1","01","1","40 02:22.325","1","00","76 18:21.503","8","0","0","0","36301","0","0","0","N","0","0","0","2","36301","0","","1","01","N","N","0","","0","0","1","3","2","N","2004","1","2","0","0","0","1","0","3","0","2","N","","","","","","","","","","","2055","03","","","N",""
"2204","1","0","0","0","0","0","0","0","0","7","0","","36","01","2021","2021003327","7","40.0515","-76.29","2153","08","0","0","0","0","0","0","0","0","","0","0","0","21","3","0","01","1","40 03:05.315","3","00","76 17:24.091","0","0","0","0","36301","0","0","0","N","0","0","0","1","36301","0","","5","01","N","N","0","","0","0","0","3","2","N","2153","0","1","0","0","0","0","0","3","0","1","N","","","","","","","","","","","2239","03","","","N",""
"1026","1","0","0","0","0","0","0","0","0","4","0","","36","01","2021","2021003903","5","40.0819","-76.2341","1023","08","0","0","0","0","0","2","0","0","","0","0","0","10","1","0","01","0","40 04:54.777","","00","76 14:02.802","0","0","0","0","36234","0","0","0","N","0","0","0","2","36215","0","","1","01","N","N","0","","0","0","1","3","2","","1020","0","2","0","0","0","0","0","1","0","2","N","","","","","","","","","","","","03","","","N",""
"1415","2","0","0","0","0","0","0","0","0","4","0","","36","04","2021","2021033215","2","40.0438","-76.2955","1410","08","0","0","0","0","0","1","0","0","","0","0","0","14","1","0","02","0","40 02:37.852","","00","76 17:43.699","0","0","0","0","36301","0","0","0","N","0","0","0","2","36301","0","","1","01","N","N","0","","0","0","0","3","3","","1406","0","2","0","0","0","0","0","3","0","2","N","","","","","","","","","","","","03","03","","N",""
"0319","0","0","0","0","0","0","0","0","0","7","0","","36","04","2021","2021041405","6","39.9523","-76.1539","0307","08","0","0","0","0","0","0","0","0","","0","0","0","03","2","0","02","0","39 57:08.161","","00","76 09:13.874","0","0","0","0","36233","0","0","0","N","0","0","0","1","68J01","0","","4","01","N","N","0","","0","0","0","0","0","","0300","0","1","0","0","0","0","0","1","1","1","N","","","","","","","","","","","","03","03","","N","N"
"1927","2","0","0","0","0","0","0","0","0","1","0","","36","04","2021","2021034410","5","40.0431","-76.3198","1927","08","0","0","0","0","0","1","0","0","","0","0","0","19","1","2","01","1","40 02:35.131","2","00","76 19:11.233","3","0","0","0","36301","0","0","0","N","0","0","0","3","36301","0","","1","01","N","","0","","2","0","0","3","2","N","1907","2","2","0","0","0","0","0","3","0","2","N","","","","","","","","","","","1953","03","03","","N",""
"1542","0","0","0","0","0","0","0","0","0","4","0","","36","01","2021","2021003155","6","39.9717","-76.3747","1533","08","0","0","0","0","0","1","1","0","","0","0","0","15","1","1","03","0","39 58:18.025","","00","76 22:29.093","3","0","0","1","36223","0","0","0","N","0","0","0","3","36223","0","","1","01","N","N","1","","1","0","0","3","3","","1533","1","2","0","0","0","0","0","1","0","2","N","","","","","","","","","","","","04","","","N",""
"1836","1","0","0","0","0","0","0","0","0","0","0","","36","01","2021","2021005021","7","40.0295","-76.2961","1835","08","0","0","0","0","0","0","0","0","","0","0","0","18","3","0","00","2","40 01:46.100","4","00","76 17:46.000","0","0","0","0","36301","0","0","0","N","0","0","0","1","36301","0","","1","01","N","N","0","","0","0","0","0","0","N","1827","0","1","0","0","0","0","0","3","0","1","N","","","","","","","","","","","1949","03","03","","N","N"
"0758","1","0","0","0","0","0","0","0","0","4","1","","36","05","2021","2021041130","6","40.0388","-76.3129","0753","08","0","0","0","0","0","1","0","0","","0","1","0","07","1","0","01","0","40 02:19.627","","00","76 18:46.601","0","0","0","0","36301","0","0","0","N","0","0","0","1","36301","0","","1","01","N","N","0","","0","0","0","3","2","","0751","0","2","0","0","0","0","0","3","0","2","N","","","","","","","","","","","","03","","","N",""
"1837","1","0","0","0","0","0","0","0","0","1","1","","36","05","2021","2021040875","7","40.0687","-76.3045","1829","08","0","0","0","0","0","0","0","0","","0","1","0","18","1","1","00","0","40 04:07.315","","00","76 18:16.191","4","0","0","0","36101","0","0","0","N","0","0","0","4","36101","1","","1","01","N","N","0","","0","0","1","0","0","","1827","1","3","0","0","0","0","0","3","0","3","N","","","","","","","","","","","","03","","","N","N"
"1600","0","0","0","0","0","0","0","0","0","7","0","","36","01","2021","2021016062","1","40.1303","-76.4821","1555","08","0","0","0","0","0","1","0","0","","0","0","0","15","1","0","00","0","40 07:48.927","","00","76 28:55.503","0","0","0","0","36230","0","0","0","N","0","0","0","1","36410","0","","3","07","N","N","0","","0","0","1","0","0","","1550","0","1","0","0","0","0","0","1","0","1","N","","","","","","","","","","","","10","","","N","N"
"1530","0","0","0","0","0","0","0","0","0","4","1","","36","04","2021","2021038869","6","39.9624","-75.9908","1516","08","0","0","0","0","0","1","0","0","","0","1","0","15","1","0","01","1","39 57:44.736","1","00","75 59:27.039","0","0","0","0","36231","0","0","0","N","0","0","0","2","68J01","0","","1","01","N","N","0","","0","0","0","0","0","N","1505","0","2","0","0","0","0","0","1","1","2","N","","","","","","","","","","","1708","03","","","N","N"
"1147","1","0","0","0","0","0","0","0","0","7","0","","36","04","2021","2021037493","2","40.0348","-76.2953","1147","08","0","0","0","0","0","0","0","0","","0","0","0","11","1","0","10","2","40 02:05.413","4","00","76 17:43.162","9","0","0","0","36301","0","0","0","Y","0","0","0","1","36301","0","","5","01","N","N","0","","0","0","0","0","0","Y","1136","0","1","0","0","0","0","1","3","0","1","N","","","","","","","","","","","1236","03","","","N",""
"2212","0","0","0","0","0","0","0","0","0","1","0","","36","04","2021","2021035098","2","40.0691","-76.3087","2206","08","0","0","0","0","0","0","0","0","","0","0","0","21","3","1","00","0","40 04:08.749","","00","76 18:31.446","4","0","0","0","36101","0","0","0","N","0","0","0","2","36101","1","","1","01","N","N","0","","0","0","2","0","0","","2146","1","2","0","0","0","0","1","3","0","2","N","","","","","","","","","","","","04","04","","N","N"
"1130","1","0","0","0","0","0","0","0","0","4","0","","36","04","2021","2021034603","7","40.0378","-76.2707","1126","08","0","0","0","0","0","0","0","1","","0","0","0","11","1","0","01","0","40 02:16.133","","00","76 16:14.672","0","0","0","0","36215","0","0","0","N","0","0","0","4","36215","0","","1","01","N","N","0","","0","0","1","3","2","","1126","0","2","0","0","0","0","0","1","0","2","N","","","","","","","","","","","","03","03","","N",""
"1355","0","0","0","0","0","0","0","0","0","7","0","","36","01","2021","2021009449","6","39.9967","-76.3116","1346","08","0","0","0","0","0","0","0","0","","0","0","0","13","1","1","00","2","39 59:48.198","5","03","76 18:41.803","2","0","0","0","36206","0","0","0","N","0","0","0","1","36228","0","","2","01","N","N","0","","0","1","1","0","0","Y","1346","1","1","0","0","0","0","0","1","0","1","N","","","","","","","","","","","1600","03","","","Y","N"
"1935","1","0","0","0","0","0","0","0","0","7","0","","36","01","2021","2021001324","7","40.1422","-76.4083","1926","08","1","0","0","0","0","0","0","0","","0","0","0","19","2","0","00","0","40 08:32.000","","00","76 24:29.700","0","0","0","0","36227","0","0","0","N","0","0","0","2","36506","0","","4","01","N","N","0","","0","0","0","0","0","","1926","0","1","0","0","0","0","0","1","0","1","N","","","","","","","","","","","","03","","","N","N"
"1054","1","0","0","0","0","0","0","0","0","1","1","55","36","04","2021","2021036711","6","40.2311","-76.3415","1036","08","0","0","0","0","0","1","0","0","","0","1","0","10","1","0","00","1","40 14:00.257","4","00","76 19:14.013","0","0","0","0","36217","0","0","0","N","0","0","0","2","68T06","0","","1","01","N","N","0","","0","0","0","3","2","N","1035","0","2","0","0","0","0","0","1","0","2","Y","4","2","Y","N","N","N","Y","Y","N","N","1105","03","04","N","N","N"
"1324","1","0","0","0","0","0","0","0","0","4","0","","36","01","2021","2021004905","6","40.1413","-76.5925","1310","08","0","0","0","0","0","0","0","1","","0","0","0","13","1","1","02","1","40 08:28.737","4","00","76 35:32.831","8","0","0","0","36237","0","0","0","N","0","0","0","2","36505","0","","1","01","N","N","0","","0","0","1","3","3","Y","1307","1","2","0","0","0","1","0","1","0","2","N","","","","","","","","","","","1345","03","03","","N",""
"1122","0","0","0","0","0","0","0","0","0","7","0","","36","01","2021","2021001981","7","40.0272","-75.9541","1054","08","0","0","0","0","0","0","0","0","","0","0","0","10","1","1","01","0","40 01:38.006","","00","75 57:14.828","3","0","0","0","36232","0","0","0","N","0","0","0","1","68J01","0","","4","09","N","N","0","","1","0","1","3","3","","1052","1","2","0","0","0","0","0","1","0","1","N","","","","","","","","","","","","03","","","N","N"
"1540","2","0","0","0","0","0","0","0","0","2","0","","36","04","2021","2021034517","6","39.8726","-76.2286","1537","08","0","0","0","0","0","1","0","0","","0","0","0","15","1","2","01","1","39 52:21.285","2","00","76 13:43.327","3","0","0","0","36208","0","0","0","N","0","0","0","4","68J01","0","","1","01","N","N","0","","2","0","0","3","3","N","1535","2","2","0","0","2","0","0","1","0","2","N","","","","","","","","","","","1630","03","","","N","N"
"0604","0","0","0","0","0","0","0","0","0","7","0","","36","01","2021","2021002508","2","40.0537","-76.1311","0556","08","0","0","0","0","0","0","0","0","","0","0","0","05","2","1","00","2","40 03:13.346","6","00","76 07:52.112","4","0","0","0","36221","0","0","0","N","0","0","0","1","68J01","1","","4","02","N","N","0","","0","0","1","0","0","N","0555","1","1","0","0","0","0","0","1","0","1","N","","","","","","","","","","","0100","06","","","N","N"
"1454","0","0","0","0","0","0","0","0","0","7","0","","36","04","2021","2021034824","2","40.1591","-76.5508","1451","08","0","0","0","0","0","0","0","0","","0","0","0","14","1","1","00","2","40 09:32.740","5","00","76 33:02.880","3","0","0","0","36225","0","0","0","N","0","0","0","1","36505","0","","5","01","N","N","0","","1","0","1","0","0","Y","1449","1","1","0","0","0","0","0","2","0","1","N","","","","","","","","","","","2100","03","03","","N","N"
"0933","1","0","0","0","0","0","0","0","0","4","0","","36","04","2021","2021032492","3","40.0105","-76.1324","0924","08","0","0","0","0","0","2","0","0","","0","0","0","09","1","1","01","1","40 00:37.874","3","00","76 07:56.531","3","0","0","0","36226","0","0","0","N","0","0","0","3","68J01","0","","1","01","N","N","1","","1","0","0","0","0","N","0921","1","2","0","0","0","0","0","1","0","2","N","","","","","","","","","","","1015","03","","","N",""
"1448","0","0","0","0","0","0","0","0","0","4","0","","36","05","2021","2021039942","2","40.0323","-76.3246","1448","08","0","0","0","0","0","0","0","0","","0","0","0","14","1","0","01","0","40 01:56.136","","00","76 19:28.579","0","0","0","0","36220","0","0","0","N","0","0","0","2","36101","0","","1","09","N","N","0","","0","0","2","3","3","","1448","0","2","0","0","0","0","0","3","0","2","N","","","","","","","","","","","","07","07","","N",""
"0940","0","0","0","0","0","0","0","0","0","4","0","","36","01","2021","2021011246","2","39.8948","-76.2288","0917","08","0","0","0","0","0","0","1","0","","0","0","0","09","1","1","02","0","39 53:41.103","","00","76 13:43.723","3","0","0","0","36229","0","0","0","N","0","0","0","2","68J01","0","","1","01","N","N","1","","1","0","0","3","3","","0909","1","2","0","0","0","0","0","1","1","2","N","","","","","","","","","","","","03","03","","N","N"
"1832","2","0","0","0","0","0","0","0","0","1","0","","36","04","2021","2021038786","5","40.1237","-76.3761","1824","08","0","0","0","0","0","0","0","0","","0","0","0","18","1","1","00","2","40 07:25.206","5","00","76 22:34.081","4","0","0","0","36214","0","0","0","N","0","0","0","4","36214","1","","1","09","N","N","0","","0","0","1","0","0","Y","1820","1","3","0","0","0","0","0","3","0","3","N","","","","","","","","","","","1930","04","","","N","N"
"1904","1","0","0","0","0","0","0","0","0","4","0","","36","01","2021","2021015706","6","39.9624","-75.9908","1849","08","0","0","0","0","0","0","0","1","","0","0","0","18","3","1","01","2","39 57:44.736","1","00","75 59:27.039","3","0","0","0","36231","0","0","0","N","0","0","0","2","68J01","0","","1","01","N","N","1","","1","0","0","3","3","N","1844","1","2","0","0","0","0","0","1","0","2","N","","","","","","","","","","","1951","03","03","","N","N"
"2357","1","0","0","0","0","0","0","0","0","7","0","","36","01","2021","2021003656","5","40.0697","-76.5771","2355","08","1","0","0","0","0","0","0","0","","0","0","0","23","3","0","00","1","40 04:10.888","1","00","76 34:37.712","0","0","0","0","36211","0","0","0","N","0","0","0","1","36504","0","","4","01","N","N","0","","0","0","0","0","0","N","2350","0","1","0","0","0","0","0","1","0","1","N","","","","","","","","","","","0020","03","","","N","N"
"1844","0","0","0","0","0","0","0","0","0","1","0","","36","01","2021","2021009023","4","40.0822","-76.3342","1836","08","0","0","0","0","0","1","0","0","","0","0","0","18","3","0","00","0","40 04:56.080","","00","76 20:03.200","0","0","0","0","36101","0","0","0","N","0","0","0","1","36101","0","","6","01","N","N","1","","0","0","1","0","0","","1834","0","2","0","0","0","0","0","3","0","2","N","","","","","","","","","","","","03","03","","N","N"
"2013","1","0","0","0","0","0","0","0","0","5","0","","36","04","2021","2021035405","1","40.0329","-76.2697","2005","08","0","0","0","0","0","0","0","0","","0","0","0","19","4","0","00","0","40 01:58.280","","00","76 16:10.958","0","0","0","0","36240","0","0","0","N","0","0","0","1","36240","0","","4","01","N","N","1","","0","0","0","0","0","","1958","0","2","0","0","0","0","0","1","0","2","N","","","","","","","","","","","","04","","","N","N"
"1539","0","0","0","0","0","0","0","0","0","4","0","","36","01","2021","2021003516","6","40.0898","-76.3947","1539","08","0","0","0","0","0","0","0","1","","0","0","0","15","1","1","01","0","40 05:23.129","","00","76 23:40.899","8","0","0","0","36214","0","0","0","N","0","0","0","2","36214","0","","1","01","N","N","0","","0","0","1","3","3","","1539","1","2","0","0","0","1","0","3","1","2","N","","","","","","","","","","","","03","03","","N",""
"1430","1","0","0","0","0","0","0","0","0","4","0","","36","11","2021","2022025896","7","39.8986","-76.1593","1428","08","0","0","1","0","0","0","0","1","","0","0","0","14","1","1","01","1","39 53:54.870","2","00","76 09:33.620","2","0","1","1","36416","0","0","0","N","0","0","0","3","36416","0","","1","01","N","N","0","","0","1","0","3","3","Y","1428","1","2","0","0","0","0","0","1","0","2","N","","","","","","","","","","","1710","03","","","N","Y"
"0639","1","0","0","0","0","0","0","0","0","1","0","","36","12","2021","2022000640","4","40.1117","-76.4517","0625","08","0","0","0","0","0","0","1","0","","0","0","0","06","3","2","01","2","40 06:42.025","7","00","76 27:06.017","3","0","0","0","36230","0","0","0","N","0","0","0","2","36410","1","","1","01","N","N","0","","1","0","1","3","2","Y","0620","2","2","0","0","0","0","0","1","0","2","N","","","","","","","","","","","0730","03","","","N",""