"ARRIVAL_TM","AUTOMOBILE_COUNT","BELTED_DEATH_COUNT","BELTED_SUSP_SERIOUS_INJ_COUNT","BICYCLE_COUNT","BICYCLE_DEATH_COUNT","BICYCLE_SUSP_SERIOUS_INJ_COUNT","BUS_COUNT","CHLDPAS_DEATH_COUNT","CHLDPAS_SUSP_SERIOUS_INJ_COUNT","COLLISION_TYPE","COMM_VEH_COUNT","CONS_ZONE_SPD_LIM","COUNTY","CRASH_MONTH","CRASH_YEAR","CRN","DAY_OF_WEEK","DEC_LAT","DEC_LONG","DISPATCH_TM","DISTRICT","DRIVER_COUNT_16YR","DRIVER_COUNT_17YR","DRIVER_COUNT_18YR","DRIVER_COUNT_19YR","DRIVER_COUNT_20YR","DRIVER_COUNT_50_64YR","DRIVER_COUNT_65_74YR","DRIVER_COUNT_75PLUS","EST_HRS_CLOSED","FATAL_COUNT","HEAVY_TRUCK_COUNT","HORSE_BUGGY_COUNT","HOUR_OF_DAY","ILLUMINATION","INJURY_COUNT","INTERSECT_TYPE","LANE_CLOSED","LATITUDE","LN_CLOSE_DIR","LOCATION_TYPE","LONGITUDE","MAX_SEVERITY_LEVEL","MCYCLE_DEATH_COUNT","MCYCLE_SUSP_SERIOUS_INJ_COUNT","MOTORCYCLE_COUNT","MUNICIPALITY","NONMOTR_COUNT","NONMOTR_DEATH_COUNT","NONMOTR_SUSP_SERIOUS_INJ_COUNT","NTFY_HIWY_MAINT","PED_COUNT","PED_DEATH_COUNT","PED_SUSP_SERIOUS_INJ_COUNT","PERSON_COUNT","POLICE_AGCY","POSSIBLE_INJ_COUNT","RDWY_SURF_TYPE_CD","RELATION_TO_ROAD","ROAD_CONDITION","SCH_BUS_IND","SCH_ZONE_IND","SMALL_TRUCK_COUNT","SPEC_JURIS_CD","SUSP_MINOR_INJ_COUNT","SUSP_SERIOUS_INJ_COUNT","SUV_COUNT","TCD_FUNC_CD","TCD_TYPE","TFC_DETOUR_IND","TIME_OF_DAY","TOT_INJ_COUNT","TOTAL_UNITS","UNB_DEATH_COUNT","UNB_SUSP_SERIOUS_INJ_COUNT","UNBELTED_OCC_COUNT","UNK_INJ_DEG_COUNT","UNK_INJ_PER_COUNT","URBAN_RURAL","VAN_COUNT","VEHICLE_COUNT","WORK_ZONE_IND","WORK_ZONE_LOC","WORK_ZONE_TYPE","WORKERS_PRES","WZ_CLOSE_DETOUR","WZ_FLAGGER","WZ_LAW_OFFCR_IND","WZ_LN_CLOSURE","WZ_MOVING","WZ_OTHER","WZ_SHLDER_MDN","ROADWAY_CLEARED","WEATHER1","WEATHER2","WZ_WORKERS_INJ_KILLED","SECONDARY_CRASH","INTERSECTION_RELATED"
"0801","2","0","0","0","0","0","0","0","0","4","0","","36","01","2021","2021002252","5","40.047","-76.3121","0757","08","0","0","0","0","0","1","1","0","","0","0","0","07","1","2","03","2","40 02:49.253","7","00","76 18:43.447","8","0","0","0","36301","0","0","0","N","0","0","0","2","36301","0","","1","01","N","N","0","","0","0","0","3","2","Y","0755","2","2","0","0","0","2","0","3","0","2","N","","","","","","","","","","","0856","03","","","N",""
"1912","1","0","0","0","0","0","0","0","0","1","0","","36","01","2021","2021003644","2","40.0608","-76.5367","1859","08","0","0","0","0","0","0","0","0","","0","0","0","18","3","0","01","0","40 03:39.038","","00","76 32:12.059","0","0","0","0","36211","0","0","0","N","0","0","0","2","36504","0","","1","01","N","N","1","","0","0","0","3","2","","1855","0","2","0","0","0","0","0","1","0","2","N","","","","","","","","","","","","03","","","N","N"
"1003","0","0","0","0","0","0","0","0","0","7","1","","36","04","2021","2021037709","3","40.1789","-76.1147","0956","08","0","0","0","0","0","0","0","0","","0","1","0","09","1","1","00","2","40 10:43.870","6","00","76 06:52.888","3","0","0","0","36210","0","0","0","N","0","0","0","1","36210","0","","4","01","N","N","0","","1","0","0","0","0","Y","0956","1","1","0","0","0","0","0","1","0","1","N","","","","","","","","","","","1700","03","","","N","N"
"1632","1","0","0","0","0","0","0","0","0","7","0","","36","01","2021","2021007827","5","40.1697","-76.2861","1620","08","0","0","1","0","0","0","0","0","","0","0","0","16","1","0","00","1","40 10:10.930","2","00","76 17:09.980","0","0","0","0","36235","0","0","0","N","0","0","0","1","36506","0","","4","01","N","N","0","","0","0","0","0","0","N","1620","0","1","0","0","0","0","0","1","0","1","N","","","","","","","","","","","1655","03","","","N","N"
"0645","2","0","0","0","0","0","0","0","0","4","0","","36","01","2021","2021012183","6","40.0974","-76.0977","0640","08","0","0","0","0","0","0","0","0","","0","0","0","06","5","0","02","2","40 05:50.496","4","00","76 05:51.745","0","0","0","0","36415","0","0","0","N","0","0","0","2","36415","0","","1","01","N","N","0","","0","0","0","3","3","N","0640","0","2","0","0","0","0","0","1","0","2","N","","","","","","","","","","","0705","03","","","N",""
"1039","1","0","0","0","0","0","0","0","0","7","0","","36","01","2021","2021009834","3","40.0723","-76.2681","1036","08","0","0","0","0","0","0","0","0","","0","0","0","10","1","0","02","1","40 04:20.400","1","00","76 16:05.210","0","0","0","0","36101","0","0","0","N","0","0","0","1","36101","0","","2","09","N","N","0","","0","0","0","3","2","N","1034","0","1","0","0","0","0","0","3","0","1","N","","","","","","","","","","","1120","07","07","","N",""
"0752","2","0","0","0","0","0","0","0","0","1","0","","36","01","2021","2021002765","5","40.0417","-76.4822","0745","08","0","0","1","0","0","0","0","0","","0","0","0","07","1","0","00","0","40 02:30.239","","00","76 28:55.838","0","0","0","0","36239","0","0","0","N","0","0","0","3","36239","0","","1","01","N","N","0","","0","0","0","0","0","","0743","0","2","0","0","0","0","0","3","0","2","N","","","","","","","","","","","","03","03","","N","N"
"1722","1","0","0","0","0","0","0","0","0","3","1","90","36","04","2021","2021034576","5","39.9773","-76.2728","1718","08","0","0","0","0","0","0","1","0","","0","0","0","17","1","0","00","1","39 58:38.359","4","07","76 16:21.986","0","0","0","0","36240","0","0","0","N","0","0","0","3","36240","0","","1","01","N","N","0","","0","0","0","3","3","N","1712","0","2","0","0","0","0","0","1","0","2","Y","8","1","Y","","","N","","","Y","","1753","04","","N","N","N"
"1823","1","0","0","0","0","0","0","0","0","4","0","","36","01","2021","2021001422","1","40.1559","-76.2054","1817","08","1","0","0","0","0","0","0","0","","0","0","0","18","3","0","01","0","40 09:21.210","","00","76 12:19.570","9","0","0","0","36402","0","0","0","N","0","0","0","3","36238","0","","1","09","N","N","0","","0","0","0","3","3","","1817","0","2","0","0","0","0","1","2","0","2","N","","","","","","","","","","","","07","","","N",""
"1449","2","0","0","0","0","0","0","0","0","4","0","","36","04","2021","2021033983","4","40.1175","-76.0507","1445","08","0","0","0","0","0","0","0","1","","0","0","0","14","1","0","02","1","40 07:02.976","6","00","76 03:02.435","0","0","0","0","36213","0","0","0","N","0","0","0","2","36213","0","","1","01","N","N","0","","0","0","0","3","3","Y","1443","0","2","0","0","0","0","0","1","0","2","N","","","","","","","","","","","1516","04","","","N","N"
"1957","1","0","0","0","0","0","0","0","0","4","0","","36","03","2021","2021034822","4","40.1442","-76.5555","1953","08","0","0","0","0","0","0","0","0","","0","1","0","19","3","0","01","0","40 08:38.966","","02","76 33:19.628","0","0","0","0","36225","0","0","0","N","0","0","0","3","36505","0","","1","01","N","N","0","","0","0","0","3","2","","1951","0","2","0","0","0","0","0","2","0","2","N","","","","","","","","","","","","03","","","N",""
"1714","1","0","0","0","0","0","0","0","0","4","0","","36","01","2021","2021017766","1","40.0157","-76.3496","1714","08","0","0","0","0","0","1","0","1","","0","0","0","17","1","2","01","0","40 00:56.470","","00","76 20:58.524","3","0","0","0","36412","0","0","0","N","0","0","0","3","36412","0","","1","01","N","N","0","","2","0","1","3","2","","1714","2","3","0","0","0","0","0","3","1","3","N","","","","","","","","","","","","03","","","N","N"
"0435","1","0","0","0","0","0","0","0","0","7","0","","36","04","2021","2021036096","1","40.1711","-76.3011","0433","08","0","0","0","0","0","0","1","0","","0","0","0","04","2","0","00","0","40 10:15.990","","00","76 18:04.080","0","0","0","0","36235","0","0","0","N","0","0","0","1","36506","0","","4","09","N","N","0","","0","0","0","0","0","","0433","0","1","0","0","0","0","0","1","0","1","N","","","","","","","","","","","","07","","","N","N"
"1822","2","0","0","0","0","0","0","0","0","4","0","","36","01","2021","2021002767","3","40.0953","-76.11","1822","08","0","0","0","0","0","1","0","0","","0","0","0","18","3","0","00","1","40 05:43.175","4","07","76 06:35.914","0","0","0","0","36209","0","0","0","N","0","0","0","2","36415","0","","1","01","N","N","0","","0","0","0","0","0","N","1821","0","2","0","0","0","0","0","1","0","2","N","","","","","","","","","","","1858","03","","","N","N"
"1450","1","0","0","0","0","0","0","0","0","7","0","","36","01","2021","2021003901","3","40.0967","-76.3995","1438","08","0","0","0","0","0","0","0","0","","0","0","0","14","1","0","00","0","40 05:48.157","","00","76 23:58.135","0","0","0","0","36214","0","0","0","N","0","0","0","1","36214","0","","3","01","N","N","0","","0","0","0","0","0","","1432","0","1","0","0","0","0","0","3","0","1","N","","","","","","","","","","","","03","","","N","N"
"0810","1","0","0","0","0","0","0","0","0","7","0","","36","01","2021","2021000547","1","40.1929","-76.1653","0800","08","0","0","0","0","0","0","0","0","","0","0","0","07","1","0","00","2","40 11:34.376","6","03","76 09:55.020","0","0","0","0","36218","0","0","0","N","0","0","0","1","36408","0","","2","02","N","N","0","","0","0","0","0","0","Y","0755","0","1","0","0","0","0","0","1","0","1","N","","","","","","","","","","","0840","06","10","","N","N"
"2202","0","0","0","0","0","0","0","0","0","7","0","","36","01","2021","2021008045","2","40.1465","-75.9043","2132","08","0","0","1","0","0","0","0","0","","0","0","0","21","2","1","00","2","40 08:47.486","5","00","75 54:15.645","3","0","0","0","36203","0","0","0","Y","0","0","0","1","68J01","0","","4","01","N","N","0","","1","0","1","0","0","Y","2130","1","1","0","0","0","0","0","1","0","1","N","","","","","","","","","","","2301","03","03","","N","N"
"1626","1","0","0","0","0","0","0","0","0","5","0","","36","04","2021","2021036560","3","40.0253","-76.3054","1615","08","0","0","0","0","0","0","0","0","","0","0","0","16","1","0","00","0","40 01:30.992","","00","76 18:19.264","0","0","0","0","36301","0","0","0","N","0","0","0","5","36301","0","","1","01","N","N","1","","0","0","1","0","0","","1615","0","3","0","0","0","0","0","3","0","3","N","","","","","","","","","","","","03","03","","N","N"
"1506","3","0","0","0","0","0","0","0","0","4","0","","36","04","2021","2021032823","7","40.038","-76.3209","1453","08","0","0","0","1","0","1","0","0","","0","0","0","14","1","1","00","2","40 02:16.913","3","07","76 19:15.027","8","0","0","0","36301","0","0","0","N","0","0","0","3","36301","0","","1","01","N","N","0","","0","0","0","0","0","N","1452","1","3","0","0","0","1","0","3","0","3","N","","","","","","","","","","","1600","03","03","","Y","N"
"1132","0","0","0","0","0","0","0","0","0","1","1","","36","05","2021","2021040505","2","40.2453","-76.1742","1122","08","0","0","0","0","0","0","0","0","","0","1","0","11","1","0","00","0","40 14:42.886","","00","76 10:25.264","0","0","0","0","36236","0","0","0","N","0","0","0","2","68T06","0","","1","01","N","N","0","","0","0","1","0","0","","1122","0","2","0","0","0","0","0","1","0","2","N","","","","","","","","","","","","07","","","N","N"
"0037","1","0","0","0","0","0","0","0","0","7","0","","36","04","2021","2021038269","3","40.0658","-76.4496","0037","08","0","0","0","0","0","0","0","0","","0","0","0","00","2","2","00","2","40 03:56.803","6","00","76 26:58.629","2","0","0","0","36239","0","0","0","N","0","0","0","2","36239","0","","5","09","N","N","0","","1","1","0","0","0","Y","0037","2","1","0","0","1","0","0","3","0","1","N","","","","","","","","","","","0200","07","","","N","N"
"1104","1","0","0","0","0","0","0","0","0","1","0","","36","01","2021","2021007061","5","40.0695","-76.3076","1059","08","0","0","0","0","0","2","0","0","","0","0","0","10","1","0","01","0","40 04:10.226","","00","76 18:28.241","0","0","0","0","36101","0","0","0","N","0","0","0","2","36101","0","","1","01","N","N","0","","0","0","1","3","4","","1058","0","2","0","0","0","0","0","3","0","2","N","","","","","","","","","","","","03","","","N",""
"0750","1","0","0","0","0","0","0","0","0","7","0","","36","05","2021","2021041317","7","40.0403","-76.4471","0743","08","0","0","1","0","0","0","0","0","","0","0","0","07","1","0","00","2","40 02:24.998","4","00","76 26:49.419","0","0","0","0","36239","0","0","0","Y","0","0","0","1","36239","0","","3","01","N","N","0","","0","0","0","0","0","N","0737","0","1","0","0","0","0","0","3","0","1","N","","","","","","","","","","","0848","03","03","","N","N"
"2209","0","0","0","0","0","0","0","0","0","7","0","","36","04","2021","2021035912","3","40.1221","-76.363","2203","08","0","0","0","0","0","0","0","0","","0","0","0","22","2","1","00","2","40 07:19.650","6","00","76 21:46.810","4","0","0","0","36214","0","0","0","N","0","0","0","2","36214","1","","5","01","N","N","0","","0","0","1","0","0","Y","2201","1","1","0","0","0","0","0","3","0","1","N","","","","","","","","","","","2245","03","03","","N","N"
"1312","1","0","0","0","0","0","0","0","0","4","0","","36","01","2021","2021004589","5","40.0402","-76.3299","1308","08","0","0","0","0","0","0","0","2","","0","0","0","13","1","1","01","0","40 02:24.896","","00","76 19:47.589","4","0","0","0","36220","0","0","0","N","0","0","0","4","36101","1","","1","01","N","N","1","","0","0","0","3","3","","1306","1","2","0","0","0","0","0","3","0","2","N","","","","","","","","","","","","03","","","N",""
"0816","1","0","0","0","0","0","0","0","0","7","0","","36","02","2021","2021026050","5","40.088","-76.1852","0816","08","0","0","0","1","0","0","0","0","","0","0","0","07","5","0","00","0","40 05:16.737","","07","76 11:06.883","0","0","0","0","36234","0","0","0","N","0","0","0","1","36215","0","","4","07","N","N","0","","0","0","0","0","0","","0700","0","1","0","0","0","0","0","1","0","1","N","","","","","","","","","","","","10","10","","N","N"
"2322","1","0","0","0","0","0","0","0","0","7","0","","36","12","2021","2022018834","4","40.1894","-76.3181","2307","08","0","0","1","0","0","0","0","0","","0","0","0","23","2","0","00","0","40 11:21.878","","00","76 19:05.320","0","0","0","0","36235","0","0","0","N","0","0","0","1","68J01","0","","5","01","N","N","0","","0","0","0","0","0","","2303","0","1","0","0","0","0","0","1","0","1","N","","","","","","","","","","","","03","03","","N","N"
"1049","1","0","0","0","0","0","0","0","0","1","0","","36","12","2021","2022002043","5","40.0412","-76.3902","1044","08","0","0","0","0","0","0","0","1","","0","0","0","10","1","0","01","0","40 02:28.220","","00","76 23:24.681","0","0","0","0","36214","0","0","0","N","0","0","0","2","36223","0","","1","09","N","N","0","","0","0","1","3","2","","1038","0","2","0","0","0","0","0","3","0","2","N","","","","","","","","","","","","04","03","","N",""
"1942","2","0","0","0","0","0","0","0","0","5","0","","36","02","2021","2022030036","3","40.1086","-76.5184","1939","08","0","1","0","0","0","0","0","0","","0","0","0","19","2","0","00","0","40 06:30.927","","00","76 31:06.393","0","0","0","0","36413","0","0","0","N","0","0","0","1","36413","0","","1","01","N","N","0","","0","0","1","0","0","","1939","0","3","0","0","0","0","0","2","0","3","N","","","","","","","","","","","","98","","","N","N"
"2348","1","0","0","0","0","0","0","0","0","4","0","","36","12","2021","2022001120","5","40.1217","-76.5641","2344","08","0","0","0","0","0","0","0","0","","0","0","0","23","3","0","02","0","40 07:17.961","","00","76 33:50.799","0","0","0","0","36237","0","0","0","N","0","0","0","2","36505","0","","1","01","N","N","0","","0","0","1","3","3","","2341","0","2","0","0","0","0","0","1","0","2","N","","","","","","","","","","","","03","03","","N",""
"1730","1","0","0","1","0","0","0","0","0","4","0","","36","12","2021","2022001112","5","40.0418","-76.2835","1720","08","0","0","0","0","0","0","0","0","","0","0","0","17","3","1","01","1","40 02:30.645","4","00","76 17:00.500","3","0","0","0","36220","1","0","0","N","0","0","0","2","36101","0","","1","09","N","N","0","","1","0","0","3","3","N","1718","1","2","0","0","0","0","1","3","0","1","N","","","","","","","","","","","1745","04","04","","N",""
"1055","3","0","0","0","0","0","0","0","0","4","0","","36","12","2021","2022001691","2","40.0491","-76.3057","1051","08","0","0","1","0","0","0","0","0","","0","0","0","10","1","0","01","0","40 02:56.626","","00","76 18:20.639","0","0","0","0","36301","0","0","0","N","0","0","0","2","36301","0","","1","01","N","N","0","","0","0","0","3","3","","1051","0","3","0","0","0","0","0","3","0","3","N","","","","","","","","","","","","03","","","N",""
"1421","3","0","0","0","0","0","0","0","0","1","0","","36","12","2021","2022004015","4","40.1535","-76.2067","1417","08","0","0","0","0","0","0","1","0","","0","0","0","14","1","2","00","0","40 09:12.565","","00","76 12:23.996","4","0","0","0","36218","0","0","0","N","0","0","0","4","36238","2","","1","01","N","N","0","","0","0","0","0","0","","1417","2","3","0","0","0","0","0","1","0","3","N","","","","","","","","","","","","04","","","Y","Y"
"1450","1","0","0","0","0","0","0","0","0","4","0","","36","12","2021","2022001342","6","40.0251","-76.3177","1450","08","0","0","0","0","0","0","0","0","","0","0","0","14","1","0","01","0","40 01:30.485","","00","76 19:03.655","0","0","0","0","36301","0","0","0","N","0","0","0","2","36301","0","","1","01","N","N","0","","0","0","1","3","3","","1450","0","2","0","0","0","0","0","3","0","2","N","","","","","","","","","","","","03","03","","N",""
"1129","1","0","0","0","0","0","0","0","0","1","0","","36","12","2021","2022001848","7","40.0815","-76.2364","1123","08","0","0","0","1","0","0","0","1","","0","0","0","11","1","1","00","0","40 04:53.424","","07","76 14:11.160","4","0","0","0","36234","0","0","0","N","0","0","0","2","36215","1","","1","09","N","N","1","","0","0","0","0","0","","1123","1","2","0","0","0","0","0","1","0","2","N","","","","","","","","","","","","03","","","N","N"
"1654","0","0","0","0","0","0","0","0","0","1","0","","36","12","2021","2022000635","4","40.0679","-76.3013","1649","08","0","0","0","0","0","1","0","0","","0","0","0","16","3","1","00","0","40 04:04.588","","00","76 18:04.708","3","0","0","0","36101","0","0","0","N","0","0","0","2","36101","0","","1","01","N","N","0","","1","0","2","0","0","","1630","1","2","0","0","0","0","0","3","0","2","N","","","","","","","","","","","","03","","","N","Y"
"1656","1","0","0","0","0","0","0","0","0","7","0","","36","12","2021","2022001851","4","40.0313","-76.2371","1650","08","0","0","0","0","0","1","0","0","","0","0","0","16","3","0","00","2","40 01:52.742","4","00","76 14:13.677","0","0","0","0","36215","0","0","0","N","0","0","0","1","36215","0","","2","01","N","N","0","","0","0","0","0","0","N","1648","0","2","0","0","0","0","0","1","0","1","N","","","","","","","","","","","1731","03","","","N","N"
"0810","0","0","0","0","0","0","0","0","0","7","0","","36","12","2021","2022003355","4","39.7967","-76.1553","0744","08","0","0","0","0","0","0","0","0","","0","0","0","07","1","1","00","2","39 47:48.040","5","00","76 09:19.100","8","0","0","0","36219","0","0","0","N","0","0","0","1","68J01","0","","4","02","N","N","0","","0","0","0","0","0","Y","0744","1","1","0","0","0","1","0","1","1","1","N","","","","","","","","","","","0903","03","","","N","N"
"1210","0","0","0","0","0","0","0","0","0","1","0","","36","12","2021","2022001852","5","40.0277","-76.223","1206","08","0","0","0","0","0","0","1","0","","0","0","0","12","1","2","00","2","40 01:39.870","3","00","76 13:22.844","4","0","0","0","36215","0","0","0","N","0","0","0","10","36215","2","","1","01","N","N","1","","0","0","2","0","0","N","1205","2","3","0","0","0","0","0","1","0","3","N","","","","","","","","","","","1253","03","","","N","N"
"0003","0","0","0","0","0","0","0","0","0","7","0","","36","12","2021","2022001119","3","40.1845","-76.601","2357","08","0","0","0","0","0","0","0","0","","0","0","0","23","3","0","00","2","40 11:04.355","2","00","76 36:03.683","0","0","0","0","36225","0","0","0","N","0","0","0","1","36505","0","","4","01","N","N","0","","0","0","1","0","0","N","2356","0","1","0","0","0","0","0","2","0","1","N","","","","","","","","","","","0040","03","","","N","N"
"0226","1","0","0","0","0","0","0","0","0","7","0","","36","12","2021","2022008831","5","39.9988","-76.0644","0226","08","0","0","0","0","0","0","0","0","","0","0","0","02","2","0","00","2","39 59:55.750","6","00","76 03:51.710","0","0","0","0","36226","0","0","0","N","0","0","0","1","68J01","0","","4","01","N","N","0","","0","0","0","0","0","N","0222","0","1","0","0","1","0","0","1","0","1","N","","","","","","","","","","","0315","03","03","","N","N"
"1957","1","0","0","0","0","0","0","0","0","7","0","","36","12","2021","2022004790","6","40.0052","-76.305","1948","08","0","0","0","0","0","0","0","0","","0","0","0","19","3","0","02","0","40 00:18.747","","00","76 18:18.078","0","0","0","0","36220","0","0","0","N","0","0","0","1","36101","0","","4","01","N","N","0","","0","0","0","0","0","","1945","0","1","0","0","0","0","0","3","0","1","N","","","","","","","","","","","","03","","","N",""
"1044","2","0","0","0","0","0","0","0","0","4","0","","36","12","2021","2022000700","7","40.2309","-76.3155","1042","08","0","0","0","0","0","0","0","0","","0","0","0","10","1","0","02","1","40 13:51.307","4","00","76 18:55.954","0","0","0","0","36217","0","0","0","N","0","0","0","2","68J01","0","","1","01","N","N","0","","0","0","0","3","3","N","1024","0","2","0","0","0","0","0","1","0","2","N","","","","","","","","","","","1122","03","03","","N",""
"1512","1","0","1","0","0","0","0","0","0","4","0","","36","12","2021","2022000645","1","40.1614","-76.4264","1507","08","0","0","0","0","0","0","0","0","","0","0","0","15","1","3","01","2","40 09:41.170","4","00","76 25:35.079","2","0","0","0","36230","0","0","0","N","0","0","0","4","36410","0","","1","01","N","N","0","","2","1","1","3","3","Y","1507","3","2","0","0","0","0","0","1","0","2","N","","","","","","","","","","","1600","03","03","","N",""
"2155","1","0","0","0","0","0","0","0","0","4","0","","36","12","2021","2022002607","7","40.1776","-76.1691","2151","08","0","0","0","0","0","0","0","0","","0","0","0","21","3","0","01","1","40 10:39.205","2","00","76 10:08.648","0","0","0","0","36408","0","0","0","N","0","0","0","2","36408","0","","1","09","N","N","0","","0","0","1","3","3","N","2150","0","2","0","0","0","0","0","2","0","2","N","","","","","","","","","","","2235","03","03","","N","N"
"1945","1","0","0","0","0","0","0","0","0","4","0","","36","12","2021","2022001850","1","40.0319","-76.2398","1942","08","0","0","0","0","1","0","0","0","","0","0","0","19","3","1","02","1","40 01:54.765","4","02","76 14:23.331","3","0","0","0","36215","0","0","0","N","0","0","0","2","36215","0","","1","01","N","N","0","","1","0","1","3","2","N","1940","1","2","0","0","0","0","0","1","0","2","N","","","","","","","","","","","0045","03","03","","N",""
"2135","1","0","0","0","0","0","0","0","0","1","0","","36","12","2021","2022001849","7","40.0959","-76.2176","2131","08","0","0","0","1","0","0","0","0","","0","0","0","21","2","0","00","2","40 05:45.400","5","00","76 13:03.479","0","0","0","0","36234","0","0","0","N","0","0","0","4","36215","0","","1","01","N","N","0","","0","0","0","0","0","Y","2129","0","2","0","0","0","0","0","1","0","2","N","","","","","","","","","","","2221","04","","","N","N"
"1845","2","0","0","0","0","0","0","0","0","4","0","","36","12","2021","2022008825","5","40.0116","-76.0465","1753","08","0","0","0","0","1","0","0","0","","0","0","0","17","3","1","01","2","40 00:41.768","5","00","76 02:47.220","4","0","0","0","36232","0","0","0","N","0","0","0","2","68J01","1","","1","01","N","N","0","","0","0","0","3","3","Y","1750","1","2","0","0","0","0","0","1","0","2","N","","","","","","","","","","","1918","03","03","","N",""
"1446","0","0","0","0","0","0","0","0","0","1","0","","36","12","2021","2022001853","5","40.0662","-76.2085","1446","08","0","0","0","0","0","1","0","1","","0","0","0","14","1","1","00","0","40 03:58.486","","00","76 12:30.471","3","0","0","0","36234","0","0","0","N","0","0","0","3","36215","0","","1","01","N","N","1","","1","0","1","0","0","","1446","1","2","0","0","0","0","0","1","0","2","N","","","","","","","","","","","","03","03","","N","N"
"2125","0","0","0","0","0","0","0","0","0","4","0","","36","12","2021","2022001847","3","40.0241","-76.2411","2119","08","0","0","0","0","0","1","0","0","","0","0","0","21","2","0","00","1","40 01:26.620","2","07","76 14:27.824","0","0","0","0","36215","0","0","0","N","0","0","0","2","36215","0","","1","01","N","N","1","","0","0","0","0","0","N","2116","0","2","0","0","0","0","0","1","1","2","N","","","","","","","","","","","0125","03","03","","N","N"
"0754","0","0","1","0","0","0","0","0","0","0","0","","36","12","2021","2022006369","4","40.1521","-76.1636","0744","08","0","0","0","0","0","0","0","0","","0","0","0","07","1","1","00","0","40 09:07.716","","03","76 09:48.974","2","0","0","0","36238","0","0","0","N","0","0","0","1","36238","0","","1","02","N","N","1","","0","1","0","0","0","","0744","1","1","0","0","0","0","0","3","0","1","N","","","","","","","","","","","","06","","","N","N"
"1203","1","0","0","0","0","0","0","0","0","1","0","","36","12","2021","2022000246","6","40.2153","-76.1824","1155","08","0","0","0","0","0","0","0","0","","0","0","0","11","1","0","03","1","40 12:55.180","1","00","76 10:56.589","0","0","0","0","36236","0","0","0","N","0","0","0","2","36408","0","","1","09","N","N","0","","0","0","1","3","3","N","1155","0","2","0","0","0","0","0","1","0","2","N","","","","","","","","","","","1231","07","","","N","N"
"1758","1","0","0","0","0","0","0","0","0","4","0","","36","12","2021","2022006920","6","40.2291","-76.0827","1754","08","0","0","0","0","0","0","0","0","","0","0","0","17","2","0","02","0","40 13:44.799","","00","76 04:57.592","0","0","0","0","36210","0","0","0","N","0","0","0","3","36210","0","","1","01","N","N","0","","0","0","1","3","3","","1754","0","2","0","0","0","0","0","1","0","2","N","","","","","","","","","","","","03","","","N","N"
"1225","3","0","0","0","0","0","0","0","0","1","0","","36","12","2021","2022015660","5","39.9272","-76.1975","1200","08","0","0","0","1","0","1","0","0","","0","0","0","11","1","1","02","2","39 55:38.003","7","00","76 11:50.959","8","0","0","0","36233","0","0","0","N","0","0","0","3","68J01","0","","1","01","N","N","0","","0","0","0","0","0","Y","1155","1","3","0","0","0","1","0","1","0","3","N","","","","","","","","","","","1243","03","03","","N","N"
"1405","2","0","0","0","0","0","0","0","0","1","0","","36","12","2021","2022000643","5","40.1688","-76.3994","1404","08","0","0","0","0","0","1","0","0","","0","0","0","14","1","0","02","0","40 10:07.667","","00","76 23:58.009","0","0","0","0","36410","0","0","0","N","0","0","0","2","36410","0","","1","01","N","N","0","","0","0","0","0","0","","1403","0","2","0","0","0","0","0","2","0","2","N","","","","","","","","","","","","03","03","","N",""
"1428","1","0","0","0","0","0","0","0","0","1","0","","36","12","2021","2022000738","4","39.9975","-76.1833","1418","08","0","0","0","0","1","1","0","0","","0","0","0","14","1","0","00","2","39 59:50.952","1","00","76 10:59.805","0","0","0","0","36233","0","0","0","N","0","0","0","2","68J01","0","","1","01","N","N","1","","0","0","0","3","2","N","1417","0","2","0","0","1","0","0","1","0","2","N","","","","","","","","","","","0050","03","03","","N","N"
"1839","2","0","0","0","0","0","0","0","0","2","0","","36","12","2021","2022000033","3","40.0373","-76.4082","1832","08","0","0","0","0","2","0","0","0","","0","0","0","18","2","0","01","1","40 02:14.323","3","00","76 24:29.659","0","0","0","0","36223","0","0","0","N","0","0","0","3","36223","0","","1","09","N","N","0","","0","0","0","3","2","Y","1829","0","2","0","0","0","0","0","1","0","2","N","","","","","","","","","","","1923","04","","","N",""
"1616","0","0","0","0","0","0","0","0","0","7","0","","36","10","2021","2022003795","3","39.9771","-76.0126","1549","08","0","0","0","0","0","0","0","0","","0","0","0","15","1","0","00","0","39 58:37.688","","00","76 00:45.236","0","0","0","0","36231","0","0","0","N","0","0","0","1","68J01","0","","4","01","N","N","1","","0","0","0","0","0","","1533","0","1","0","0","1","0","0","1","0","1","N","","","","","","","","","","","","03","","","N","N"
"2333","1","0","0","0","0","0","0","0","0","7","0","","36","12","2021","2022002039","6","40.0179","-76.3301","2028","08","0","0","0","0","0","0","0","0","","0","0","0","20","3","0","00","0","40 01:04.580","","00","76 19:48.490","0","0","0","0","36220","0","0","0","N","0","0","0","1","36101","0","","5","09","N","N","0","","0","0","0","0","0","","2026","0","1","0","0","0","0","0","3","0","1","N","","","","","","","","","","","","07","07","","N","N"