"ARRIVAL_TM","AUTOMOBILE_COUNT","BELTED_DEATH_COUNT","BELTED_SUSP_SERIOUS_INJ_COUNT","BICYCLE_COUNT","BICYCLE_DEATH_COUNT","BICYCLE_SUSP_SERIOUS_INJ_COUNT","BUS_COUNT","CHLDPAS_DEATH_COUNT","CHLDPAS_SUSP_SERIOUS_INJ_COUNT","COLLISION_TYPE","COMM_VEH_COUNT","CONS_ZONE_SPD_LIM","COUNTY","CRASH_MONTH","CRASH_YEAR","CRN","DAY_OF_WEEK","DEC_LAT","DEC_LONG","DISPATCH_TM","DISTRICT","DRIVER_COUNT_16YR","DRIVER_COUNT_17YR","DRIVER_COUNT_18YR","DRIVER_COUNT_19YR","DRIVER_COUNT_20YR","DRIVER_COUNT_50_64YR","DRIVER_COUNT_65_74YR","DRIVER_COUNT_75PLUS","EST_HRS_CLOSED","FATAL_COUNT","HEAVY_TRUCK_COUNT","HORSE_BUGGY_COUNT","HOUR_OF_DAY","ILLUMINATION","INJURY_COUNT","INTERSECT_TYPE","LANE_CLOSED","LATITUDE","LN_CLOSE_DIR","LOCATION_TYPE","LONGITUDE","MAX_SEVERITY_LEVEL","MCYCLE_DEATH_COUNT","MCYCLE_SUSP_SERIOUS_INJ_COUNT","MOTORCYCLE_COUNT","MUNICIPALITY","NONMOTR_COUNT","NONMOTR_DEATH_COUNT","NONMOTR_SUSP_SERIOUS_INJ_COUNT","NTFY_HIWY_MAINT","PED_COUNT","PED_DEATH_COUNT","PED_SUSP_SERIOUS_INJ_COUNT","PERSON_COUNT","POLICE_AGCY","POSSIBLE_INJ_COUNT","RDWY_SURF_TYPE_CD","RELATION_TO_ROAD","ROAD_CONDITION","SCH_BUS_IND","SCH_ZONE_IND","SMALL_TRUCK_COUNT","SPEC_JURIS_CD","SUSP_MINOR_INJ_COUNT","SUSP_SERIOUS_INJ_COUNT","SUV_COUNT","TCD_FUNC_CD","TCD_TYPE","TFC_DETOUR_IND","TIME_OF_DAY","TOT_INJ_COUNT","TOTAL_UNITS","UNB_DEATH_COUNT","UNB_SUSP_SERIOUS_INJ_COUNT","UNBELTED_OCC_COUNT","UNK_INJ_DEG_COUNT","UNK_INJ_PER_COUNT","URBAN_RURAL","VAN_COUNT","VEHICLE_COUNT","WORK_ZONE_IND","WORK_ZONE_LOC","WORK_ZONE_TYPE","WORKERS_PRES","WZ_CLOSE_DETOUR","WZ_FLAGGER","WZ_LAW_OFFCR_IND","WZ_LN_CLOSURE","WZ_MOVING","WZ_OTHER","WZ_SHLDER_MDN","ROADWAY_CLEARED","WEATHER1","WEATHER2","WZ_WORKERS_INJ_KILLED","SECONDARY_CRASH","INTERSECTION_RELATED"
"1450","1","0","0","0","0","0","0","0","0","1","0","","36","12","2021","2022000847","6","40.0395","-76.3555","1442","08","0","0","0","0","0","1","0","0","","0","0","0","14","1","0","00","0","40 02:22.040","","00","76 21:19.800","0","0","0","0","36214","0","0","0","N","0","0","0","1","36214","0","","4","01","N","N","0","","0","0","1","0","0","","1440","0","2","0","0","0","0","0","3","0","2","N","","","","","","","","","","","","03","","","N","N"
"2029","1","0","0","0","0","0","0","0","0","2","0","","36","12","2021","2022004430","2","39.9855","-76.0178","2024","08","0","0","0","0","0","0","1","0","","0","0","0","20","3","0","00","1","39 59:07.798","1","00","76 01:03.987","0","0","0","0","36232","0","0","0","N","0","0","0","2","68J01","0","","1","01","N","N","1","","0","0","0","3","2","N","2022","0","2","0","0","0","0","0","1","0","2","N","","","","","","","","","","","2040","03","03","","N","Y"
"1133","1","0","0","0","0","0","0","0","0","7","0","","36","12","2021","2022000652","1","40.2182","-76.4324","1132","08","0","0","0","0","0","1","0","0","","0","0","0","11","1","2","00","2","40 13:05.678","5","00","76 25:56.702","2","0","0","0","36230","0","0","0","N","0","0","0","2","36410","0","","5","01","N","N","0","","0","2","0","0","0","Y","1132","2","1","0","2","2","0","0","1","0","1","N","","","","","","","","","","","1201","03","03","","N","N"
"0827","0","0","0","0","0","0","0","0","0","7","0","","36","12","2021","2022000032","2","40.0706","-76.3182","0823","08","0","0","0","0","0","0","0","0","","0","0","0","08","1","0","00","0","40 04:14.190","","00","76 19:05.436","0","0","0","0","36101","0","0","0","N","0","0","0","1","36101","0","","2","01","N","N","1","","0","0","0","0","0","","0822","0","1","0","0","0","0","0","3","0","1","N","","","","","","","","","","","","03","","","N","N"
"1547","1","0","0","0","0","0","0","0","0","1","0","","36","12","2021","2022004372","2","40.0331","-76.2454","1542","08","0","0","0","0","0","2","0","0","","0","0","0","15","1","1","00","2","40 01:59.209","3","00","76 14:43.542","8","0","0","0","36215","0","0","0","N","0","0","0","2","36215","0","","1","09","N","N","0","","0","0","1","3","2","N","1540","1","2","0","0","0","1","0","1","0","2","N","","","","","","","","","","","1703","04","","","N","Y"
"1310","1","0","0","0","0","0","0","0","0","98","0","","36","11","2021","2022004414","7","40.0388","-76.1471","1306","08","0","0","0","0","0","0","2","0","","0","0","0","13","1","0","00","2","40 02:19.537","6","00","76 08:49.607","0","0","0","0","36221","0","0","0","N","0","0","0","3","68J01","0","","1","01","N","N","0","","0","0","1","0","0","Y","1304","0","2","0","0","0","0","0","1","0","2","N","","","","","","","","","","","0100","03","","","N","N"
"1500","1","0","0","0","0","0","0","0","0","7","0","","36","12","2021","2022003361","6","39.939","-76.2559","1445","08","0","0","0","0","0","1","0","0","","0","0","0","14","1","0","00","0","39 56:20.238","","00","76 15:21.084","0","0","0","0","36229","0","0","0","Y","0","0","0","2","68J01","0","","5","01","N","N","0","","0","0","1","3","3","","1435","0","2","0","0","0","0","0","1","0","2","N","","","","","","","","","","","","03","","","N","Y"
"0808","1","0","0","0","0","0","0","0","0","1","0","","36","12","2021","2022000641","5","40.2322","-76.4338","0757","08","0","0","0","0","0","0","1","0","","0","0","0","07","1","0","00","0","40 13:55.837","","00","76 26:01.834","0","0","0","0","36230","0","0","0","N","0","0","0","2","36410","0","","1","01","N","N","0","","0","0","1","0","0","","0755","0","2","0","0","0","0","0","1","0","2","N","","","","","","","","","","","","03","","","N","N"
"2104","1","0","0","0","0","0","0","0","0","7","0","","36","12","2021","2022001113","5","40.0273","-76.3378","2102","08","0","0","0","1","0","0","0","0","","0","0","0","21","3","2","00","2","40 01:38.350","6","00","76 20:16.210","2","0","0","0","36220","0","0","0","N","0","0","0","2","36101","0","","5","09","N","N","0","","0","2","0","0","0","Y","2101","2","1","0","2","2","0","0","3","0","1","N","","","","","","","","","","","0029","03","","","N","N"
"2234","1","0","0","0","0","0","0","0","0","98","0","","36","12","2021","2022003837","6","39.9645","-76.0005","2222","08","0","0","0","0","0","0","0","0","","0","0","0","22","2","0","00","0","39 57:52.022","","00","76 00:01.934","0","0","0","0","36231","0","0","0","N","0","0","0","1","68J01","0","","1","01","N","N","0","","0","0","0","0","0","","2214","0","1","0","0","0","0","0","1","0","1","N","","","","","","","","","","","","03","","","N","N"
"1248","0","0","0","0","0","0","0","0","0","7","0","","36","04","2021","2021036523","2","40.0346","-75.9538","1246","08","0","0","0","0","0","0","1","0","","0","0","0","12","1","1","02","2","40 02:04.531","7","00","75 57:13.679","4","0","0","0","36232","0","0","0","N","0","0","0","1","68J01","1","","4","01","N","N","1","","0","0","0","0","0","Y","1244","1","1","0","0","0","0","0","1","0","1","N","","","","","","","","","","","1430","03","","","N","N"
"1003","3","0","0","0","0","0","0","0","0","4","0","","36","01","2021","2021009837","6","40.0685","-76.3074","0959","08","0","0","0","0","0","1","0","1","","0","0","0","09","1","1","01","1","40 04:06.527","2","00","76 18:26.750","3","0","0","0","36101","0","0","0","N","0","0","0","3","36101","0","","1","01","N","N","0","","1","0","0","3","2","N","0958","1","3","0","0","0","0","0","3","0","3","N","","","","","","","","","","","1058","03","03","","N",""
"1345","1","0","0","0","0","0","0","0","0","4","0","","36","01","2021","2021020434","7","40.2653","-76.1092","1330","08","0","0","0","0","0","1","0","0","","0","0","0","13","1","0","01","0","40 15:55.179","","00","76 06:33.107","0","0","0","0","36236","0","0","0","N","0","0","0","2","36210","0","","1","01","N","N","1","","0","0","0","3","3","","1330","0","2","0","0","0","0","0","1","0","2","N","","","","","","","","","","","","04","","","N","N"
"0858","2","0","0","0","0","0","0","0","0","4","0","","36","01","2021","2021008506","2","40.1233","-76.3753","0853","08","0","0","1","0","0","0","0","0","","0","0","0","08","1","3","01","1","40 07:23.702","1","00","76 22:31.147","3","0","0","0","36214","0","0","0","N","0","0","0","3","36214","0","","1","01","N","N","0","","2","0","0","3","3","N","0850","3","2","0","0","0","1","0","3","0","2","N","","","","","","","","","","","0945","03","03","","N",""
"1554","0","0","0","0","0","0","0","0","0","7","0","","36","03","2021","2021034017","4","40.0689","-76.207","1543","08","0","0","0","0","0","1","0","0","","0","0","0","15","1","0","00","1","40 04:07.993","1","00","76 12:25.322","0","0","0","0","36234","0","0","0","N","0","0","0","1","36215","0","","5","09","N","N","0","","0","0","1","0","0","N","1542","0","1","0","0","0","0","0","1","0","1","N","","","","","","","","","","","1622","07","07","","N","N"
"1125","1","0","0","0","0","0","0","0","0","1","0","","36","04","2021","2021033245","3","40.1847","-76.4082","1113","08","0","0","0","0","1","0","0","0","","0","0","0","11","1","0","00","1","40 11:04.926","1","00","76 24:29.685","0","0","0","0","36230","0","0","0","N","0","0","0","2","36410","0","","1","01","N","N","1","","0","0","0","0","0","N","1113","0","2","0","0","0","0","0","1","0","2","N","","","","","","","","","","","1150","03","03","","N","N"
"1751","1","0","0","0","0","0","0","0","0","1","0","","36","04","2021","2021032926","6","40.026","-76.329","1745","08","0","0","0","1","0","0","0","0","","0","0","0","17","1","0","00","1","40 01:33.535","4","00","76 19:44.564","0","0","0","0","36220","0","0","0","N","0","0","0","2","36101","0","","1","01","N","N","0","","0","0","1","0","0","Y","1743","0","2","0","0","0","0","0","3","0","2","N","","","","","","","","","","","1830","03","04","","N","N"
"0841","2","0","0","0","0","0","0","0","0","5","0","","36","01","2021","2021004595","3","40.2025","-76.2094","0836","08","0","0","1","0","0","0","0","0","","0","0","0","08","1","0","00","0","40 12:08.882","","00","76 12:33.868","0","0","0","0","36204","0","0","0","N","0","0","0","2","36506","0","","2","01","N","N","0","","0","0","0","0","0","","0830","0","2","0","0","0","0","0","1","0","2","N","","","","","","","","","","","","03","","","N","N"
"0036","1","0","0","0","0","0","0","0","0","7","0","","36","03","2021","2021032706","2","40.213","-76.309","0017","08","0","0","0","0","0","0","0","0","","0","0","0","00","2","0","00","0","40 12:46.970","","00","76 18:32.480","0","0","0","0","36217","0","0","0","N","0","0","0","1","68J01","0","","5","09","N","N","0","","0","0","0","0","0","","0014","0","1","0","0","0","0","0","1","0","1","N","","","","","","","","","","","","05","07","","N","N"
"2153","0","0","0","0","0","0","0","0","0","7","0","","36","01","2021","2021001588","7","40.0872","-76.1911","2153","08","0","1","0","0","0","0","0","0","","0","0","0","21","3","0","02","0","40 05:13.839","","00","76 11:27.832","0","0","0","0","36234","0","0","0","N","0","0","0","2","36215","0","","3","01","N","N","0","","0","0","0","0","0","","2153","0","1","0","0","0","0","0","1","1","1","N","","","","","","","","","","","","03","03","","N",""
"0620","1","0","0","0","0","0","0","0","0","4","0","","36","01","2021","2021004594","3","40.1758","-76.3088","0615","08","0","0","0","0","0","0","0","0","","0","0","0","06","2","1","01","1","40 10:32.768","4","00","76 18:31.673","3","0","0","0","36235","0","0","0","N","0","0","0","2","36506","0","","1","01","N","N","0","","1","0","1","3","2","N","0614","1","2","0","0","0","0","0","1","0","2","N","","","","","","","","","","","0700","03","03","","N",""
"1641","1","0","0","0","0","0","0","0","0","1","0","","36","04","2021","2021039475","6","40.0876","-76.3361","1628","08","0","0","0","0","0","1","0","0","","0","0","0","16","1","0","01","0","40 05:15.241","","00","76 20:09.931","0","0","0","0","36101","0","0","0","N","0","0","0","3","36101","0","","1","01","N","N","0","","0","0","2","0","0","","1625","0","3","0","0","0","0","0","3","0","3","N","","","","","","","","","","","","03","03","","N",""
"1044","0","0","0","0","0","0","0","0","0","1","0","","36","01","2021","2021011332","1","40.0765","-76.3373","1039","08","0","1","0","0","0","1","0","0","","0","0","0","10","1","1","00","0","40 04:35.546","","00","76 20:14.391","4","0","0","0","36101","0","0","0","N","0","0","0","2","36101","1","","1","09","N","N","0","","0","0","2","0","0","","1036","1","2","0","0","0","0","0","3","0","2","N","","","","","","","","","","","","10","10","","N","N"
"1237","1","0","0","0","0","0","0","0","0","1","0","","36","04","2021","2021037568","3","40.043","-76.3039","1234","08","0","0","0","0","0","1","0","0","","0","0","0","12","1","1","00","0","40 02:34.700","","00","76 18:13.900","4","0","0","0","36301","0","0","0","N","0","0","0","1","36301","1","","6","01","N","N","1","","0","0","0","0","0","","1233","1","2","0","0","0","0","0","3","0","2","N","","","","","","","","","","","","03","03","","N","N"
"2132","0","0","0","0","0","0","0","0","0","0","1","","36","04","2021","2021032287","5","40.14","-76.3884","2126","08","0","0","0","0","0","0","0","0","","0","1","0","21","3","0","00","2","40 08:24.000","6","00","76 23:18.100","0","0","0","0","36227","0","0","0","N","0","0","0","1","36506","0","","4","01","N","N","0","","0","0","0","0","0","Y","2126","0","1","0","0","0","0","0","1","0","1","N","","","","","","","","","","","0300","03","","","N","N"
"0114","1","0","0","0","0","0","0","0","0","4","0","","36","04","2021","2021037388","7","40.0361","-76.3138","0108","08","0","0","0","0","0","0","0","0","","0","0","0","01","3","0","00","1","40 02:10.022","4","00","76 18:49.693","9","0","0","0","36301","0","0","0","N","0","0","0","1","36301","0","","2","01","N","N","0","","0","0","1","0","0","N","0108","0","2","0","0","0","0","1","3","0","2","N","","","","","","","","","","","0145","03","","","N","N"
"1926","1","0","0","0","0","0","0","0","0","0","0","","36","04","2021","2021039521","6","39.8588","-76.2703","1915","08","0","0","0","0","0","0","0","0","","0","0","0","19","1","0","02","2","39 51:31.698","3","00","76 16:13.124","0","0","0","0","36224","0","0","0","N","0","0","0","3","68J01","0","","1","01","N","N","0","","0","0","0","0","0","N","1906","0","1","0","0","0","0","0","1","0","1","N","","","","","","","","","","","1952","03","03","","N","N"
"0529","3","0","0","0","0","0","0","0","0","5","0","","36","03","2021","2021024357","6","40.0435","-76.3148","0525","08","0","0","0","0","0","0","0","0","","0","0","0","05","3","0","00","1","40 02:36.642","3","00","76 18:53.258","0","0","0","0","36301","0","0","0","N","0","0","0","1","36301","0","","2","01","N","N","0","","0","0","0","0","0","N","0525","0","3","0","0","0","0","0","3","0","3","N","","","","","","","","","","","0636","03","03","","N","N"
"1619","1","0","0","0","0","0","0","0","0","4","0","","36","03","2021","2021033247","3","40.1788","-76.6007","1613","08","0","0","0","0","0","0","0","0","","0","0","0","16","1","2","01","2","40 10:44.033","2","00","76 36:02.842","3","0","0","1","36225","0","0","0","N","0","0","0","3","36505","0","","1","01","N","N","0","","2","0","0","3","2","Y","1612","2","2","0","0","0","0","0","2","0","2","N","","","","","","","","","","","1700","03","03","","N",""
"0255","1","0","0","0","0","0","0","0","0","7","0","","36","04","2021","2021033076","7","40.0513","-76.3988","0248","08","0","0","0","0","0","0","0","0","","0","0","0","02","2","0","00","0","40 03:04.773","","00","76 23:55.628","0","0","0","0","36214","0","0","0","N","0","0","0","1","36214","0","","5","09","N","N","0","","0","0","0","0","0","","0229","0","1","0","0","0","0","0","3","0","1","N","","","","","","","","","","","","07","","","N","N"
"0540","2","0","0","0","0","0","0","0","0","5","0","","36","01","2021","2021004744","7","40.0368","-76.3279","0534","08","0","0","0","0","0","0","0","0","","0","0","0","05","3","0","00","1","40 02:12.300","1","00","76 19:40.390","9","0","0","0","36220","0","0","0","N","0","0","0","1","36101","0","","6","01","N","N","0","","0","0","1","0","0","N","0530","0","3","0","0","0","0","1","3","0","3","N","","","","","","","","","","","0640","03","03","","N","N"
"1744","0","0","0","0","0","0","0","0","0","1","0","","36","01","2021","2021007208","4","40.0091","-76.3877","1733","08","0","1","0","0","0","0","0","0","","0","0","0","17","2","0","02","1","40 00:32.859","4","00","76 23:15.861","9","0","0","0","36223","0","0","0","N","0","0","0","3","36223","0","","1","01","N","N","0","","0","0","2","0","0","N","1733","0","2","0","0","0","0","3","1","0","2","N","","","","","","","","","","","1845","03","","","N",""
"1222","0","0","0","0","0","0","0","0","0","1","0","","36","01","2021","2021010332","5","40.0615","-76.5586","1217","08","0","0","0","0","0","0","0","0","","0","0","0","12","1","0","02","0","40 03:41.533","","00","76 33:30.806","0","0","0","0","36211","0","0","0","N","0","0","0","2","36504","0","","1","01","N","N","1","","0","0","1","0","0","","1213","0","2","0","0","0","0","0","1","0","2","N","","","","","","","","","","","","03","03","","N",""
"1232","0","0","0","0","0","0","0","0","0","7","0","","36","04","2021","2021041214","4","39.9591","-76.0994","1214","08","0","0","0","0","0","1","0","0","","0","0","0","12","1","0","00","0","39 57:32.832","","00","76 05:57.902","0","0","0","0","36226","0","0","0","Y","0","0","0","1","68J01","0","","4","09","N","N","0","","0","0","1","0","0","","1211","0","1","0","0","0","0","0","1","0","1","N","","","","","","","","","","","","07","","","N","N"
"2332","0","0","0","0","0","0","0","0","0","7","0","","36","01","2021","2021014814","7","39.7654","-76.1273","2256","08","0","0","0","0","0","0","0","0","","0","0","0","22","2","0","00","0","39 45:55.288","","00","76 07:38.171","0","0","0","0","36222","0","0","0","N","0","0","0","1","68J01","0","","4","01","N","N","0","","0","0","1","0","0","","2237","0","1","0","0","0","0","0","1","0","1","N","","","","","","","","","","","","03","03","","N","N"
"2323","1","0","0","0","0","0","0","0","0","7","0","","36","03","2021","2021024207","6","40.0946","-76.2959","2319","08","0","0","0","0","0","0","0","0","","0","0","0","23","3","0","00","0","40 05:40.420","","00","76 17:45.090","0","0","0","0","36101","0","0","0","N","0","0","0","2","36101","0","","5","01","N","N","0","","0","0","0","0","0","","2315","0","1","0","0","0","0","0","3","0","1","N","","","","","","","","","","","","03","","","N","N"
"0956","0","0","0","0","0","0","0","0","0","4","0","","36","04","2021","2021034018","2","40.0406","-76.2528","0952","08","0","0","0","0","0","0","1","0","","0","0","0","09","1","1","01","1","40 02:26.267","5","00","76 15:10.183","8","0","0","0","36215","0","0","0","N","0","0","0","2","36215","0","","1","01","N","N","0","","0","0","2","3","2","Y","0952","1","2","0","0","0","1","0","1","0","2","N","","","","","","","","","","","0045","03","03","","N",""
"0350","1","0","0","0","0","0","0","0","0","4","0","","36","04","2021","2021032689","6","40.0707","-76.3188","0344","08","0","0","0","1","0","0","0","0","","0","0","0","03","3","1","00","0","40 04:14.481","","03","76 19:07.120","8","0","0","0","36101","0","0","0","N","0","0","0","1","36101","0","","1","02","N","N","1","","0","0","0","0","0","","0334","1","2","0","0","1","1","0","3","0","2","N","","","","","","","","","","","","06","06","","Y","N"
"0715","1","0","0","0","0","0","0","0","0","7","0","","36","01","2021","2021001507","1","40.2231","-76.4185","0648","08","0","0","0","1","0","0","0","0","","0","0","0","06","2","1","00","1","40 13:22.758","4","00","76 25:03.434","3","0","0","0","36230","0","0","0","N","0","0","0","1","68T06","0","","4","06","N","N","0","","1","0","0","0","0","N","0645","1","1","0","0","0","0","0","1","0","1","N","","","","","","","","","","","0100","09","","","N","N"
"1616","0","0","0","0","0","0","0","0","0","7","0","","36","01","2021","2021010932","5","40.0835","-76.328","1613","08","0","0","0","0","0","0","0","0","","0","0","0","16","1","1","00","2","40 05:00.692","1","00","76 19:40.909","3","0","0","0","36101","0","0","0","N","0","0","0","1","36101","0","","4","01","N","N","0","","1","0","0","0","0","Y","1611","1","1","0","0","1","0","0","3","1","1","N","","","","","","","","","","","1800","03","","","N","N"
"0927","1","0","0","0","0","0","0","0","0","1","0","","36","04","2021","2021039221","6","40.0679","-76.2966","0908","08","0","0","0","1","0","1","0","0","","0","0","0","09","1","0","00","0","40 04:04.510","","00","76 17:47.647","0","0","0","0","36101","0","0","0","N","0","0","0","6","36101","0","","1","01","N","N","1","","0","0","0","0","0","","0904","0","2","0","0","0","0","0","3","0","2","N","","","","","","","","","","","","03","03","","N","N"
"1001","1","0","0","0","0","0","0","0","0","5","0","","36","04","2021","2021032925","6","40.0373","-76.3251","0951","08","0","0","0","0","0","0","0","0","","0","0","0","09","1","0","00","1","40 02:14.210","3","00","76 19:30.380","0","0","0","0","36220","0","0","0","N","0","0","0","1","36101","0","","2","01","N","N","1","","0","0","0","0","0","N","0948","0","2","0","0","0","0","0","3","0","2","N","","","","","","","","","","","1030","07","04","","N","N"
"1316","1","0","0","0","0","0","0","0","0","4","0","","36","04","2021","2021033851","1","40.0569","-76.3112","1315","08","0","0","1","0","0","0","0","1","","0","0","0","13","1","1","01","0","40 03:24.706","","00","76 18:40.172","4","0","0","0","36101","0","0","0","N","0","0","0","2","36101","1","","1","01","N","N","1","","0","0","0","3","2","","1312","1","2","0","0","0","0","0","3","0","2","N","","","","","","","","","","","","03","03","","N",""
"1334","0","0","0","0","0","0","0","0","0","1","1","","36","04","2021","2021039749","4","40.0876","-76.3646","1328","08","0","0","0","0","0","1","0","0","","0","1","0","13","1","1","00","2","40 05:15.530","6","00","76 21:52.500","4","0","0","0","36214","0","0","0","N","0","0","0","2","36214","1","","1","01","N","N","1","","0","0","0","0","0","Y","1325","1","2","0","0","1","0","0","3","0","2","N","","","","","","","","","","","1430","03","03","","N","N"
"1543","2","0","0","0","0","0","0","0","0","4","0","","36","01","2021","2021004245","6","40.0762","-76.3087","1541","08","0","0","0","0","0","3","0","0","","0","0","0","15","1","1","02","1","40 04:34.228","1","07","76 18:31.393","4","0","0","0","36101","0","0","0","N","0","0","0","3","36101","1","","1","01","N","N","1","","0","0","0","3","3","N","1538","1","3","0","0","0","0","0","3","0","3","N","","","","","","","","","","","1653","04","04","","N",""
"1014","1","0","0","0","0","0","0","0","0","4","0","","36","05","2021","2021040579","4","40.0389","-76.5105","1011","08","1","0","0","0","0","0","0","0","","0","0","0","10","1","1","05","1","40 02:20.202","1","08","76 30:37.819","3","0","0","0","36404","0","0","0","N","0","0","0","2","36404","0","","1","09","N","N","1","","1","0","0","3","2","Y","1007","1","2","0","0","0","0","0","3","0","2","N","","","","","","","","","","","0030","07","04","","N",""
"0148","1","0","0","0","0","0","0","0","0","7","0","","36","04","2021","2021036880","6","39.9838","-76.3128","0139","08","0","0","1","0","0","0","0","0","","0","0","0","01","2","1","00","0","39 59:01.831","","00","76 18:45.983","3","0","0","0","36228","0","0","0","N","0","0","0","1","68J01","0","","4","01","N","N","0","","1","0","0","0","0","","0132","1","1","0","0","0","0","0","1","0","1","N","","","","","","","","","","","","03","","","N","N"
"2227","1","0","0","0","0","0","0","0","0","7","0","","36","03","2021","2021034062","7","39.8199","-76.117","2211","08","0","0","0","0","0","0","0","0","","0","0","0","22","2","1","00","1","39 49:11.635","1","00","76 07:01.301","3","0","0","0","36222","0","0","0","N","0","0","0","1","68J01","0","","2","01","N","N","0","","1","0","0","0","0","N","2202","1","1","0","0","0","0","0","1","0","1","N","","","","","","","","","","","2330","03","","","N","N"
"1537","1","0","0","0","0","0","0","0","0","4","0","","36","04","2021","2021033444","7","40.1105","-76.3055","1533","08","0","0","0","0","1","0","0","0","","0","0","0","15","1","1","01","1","40 06:37.876","1","00","76 18:19.954","4","0","0","0","36101","0","0","0","N","0","0","0","2","36101","1","","1","01","N","N","1","","0","0","0","3","3","N","1529","1","2","0","0","0","0","0","3","0","2","N","","","","","","","","","","","1620","03","03","","N",""
"1425","2","0","0","0","0","0","0","0","0","2","0","","36","04","2021","2021034168","7","40.0691","-76.3569","1418","08","0","0","0","0","1","0","0","0","","0","0","0","14","1","1","01","1","40 04:08.816","1","00","76 21:24.786","4","0","0","0","36214","0","0","0","N","0","0","0","3","36214","1","","1","01","N","N","0","","0","0","0","3","2","N","1415","1","2","0","0","0","0","0","3","0","2","N","","","","","","","","","","","1511","03","","","N",""
"1516","0","0","0","0","0","0","0","0","0","7","0","","36","01","2021","2021013229","1","40.1152","-76.2432","1500","08","0","0","0","0","0","0","0","0","","0","0","0","14","1","0","00","0","40 06:54.669","","00","76 14:35.477","0","0","0","0","36101","0","0","0","N","0","0","0","1","36101","0","","5","07","N","N","0","","0","0","1","0","0","","1455","0","1","0","0","0","0","0","3","0","1","N","","","","","","","","","","","","10","10","","N","N"
"1803","1","0","0","0","0","0","0","0","0","4","0","","36","05","2021","2021040572","3","40.0882","-76.3926","1801","08","0","1","0","0","1","0","0","0","","0","0","0","17","1","0","03","1","40 05:17.697","4","00","76 23:33.362","0","0","0","0","36214","0","0","0","N","0","0","0","3","36214","0","","1","01","N","N","0","","0","0","1","3","3","N","1759","0","2","0","0","0","0","0","3","0","2","N","","","","","","","","","","","1830","03","03","","N",""
"1409","1","0","0","0","0","0","0","0","0","1","0","","36","04","2021","2021039084","5","40.0871","-76.1921","1408","08","0","0","0","0","0","1","0","0","","0","0","0","14","1","0","00","0","40 05:13.472","","00","76 11:31.459","0","0","0","0","36234","0","0","0","N","0","0","0","2","36215","0","","1","01","N","N","1","","0","0","0","0","0","","1408","0","2","0","0","0","0","0","1","0","2","N","","","","","","","","","","","","03","03","","N","N"
"0842","0","0","0","0","0","0","1","0","0","5","2","","36","12","2021","2022000650","4","40.111","-76.4624","0831","08","0","0","0","0","0","0","0","0","","0","1","0","08","1","0","00","1","40 06:39.491","4","00","76 27:44.760","0","0","0","0","36230","0","0","0","N","0","0","0","3","36410","0","","1","09","N","N","0","","0","0","0","0","0","Y","0830","0","2","0","0","1","0","0","1","0","2","N","","","","","","","","","","","0949","03","","","N","N"
"2001","1","0","0","0","0","0","0","0","0","7","0","","36","12","2021","2022001855","6","40.0641","-76.2451","1958","08","0","0","0","0","0","0","0","0","","0","0","0","19","2","1","00","2","40 03:50.606","5","00","76 14:42.243","3","0","0","0","36215","0","0","0","N","0","0","0","2","36215","0","","4","01","N","N","0","","1","0","0","0","0","N","1957","1","1","0","0","1","0","0","1","0","1","N","","","","","","","","","","","2038","03","03","","N","N"
"1239","1","0","0","0","0","0","0","0","0","1","0","","36","12","2021","2022001109","2","40.0773","-76.3088","1236","08","0","0","0","0","0","0","0","0","","0","0","0","12","1","1","00","1","40 04:38.228","2","00","76 18:31.779","4","0","0","0","36101","0","0","0","N","0","0","0","2","36101","1","","1","09","N","N","0","","0","0","0","3","2","N","1236","1","2","0","0","0","0","0","3","1","2","N","","","","","","","","","","","1310","10","04","","N","N"
"0924","0","0","0","0","0","0","0","0","0","0","1","","36","12","2021","2022004969","5","40.2171","-76.091","0919","08","0","0","0","0","0","0","0","0","","0","1","0","09","1","0","01","2","40 13:01.712","2","02","76 05:27.681","0","0","0","0","36210","0","0","0","N","0","0","0","1","36210","0","","1","01","N","N","0","","0","0","0","0","0","Y","0919","0","1","0","0","0","0","0","1","0","1","N","","","","","","","","","","","1400","03","","","N","N"
"1247","0","0","0","0","0","0","0","0","0","7","0","","36","12","2021","2022001935","2","39.8525","-76.2901","1216","08","0","0","0","0","0","0","0","0","","0","0","0","12","1","0","00","0","39 51:09.130","","00","76 17:24.410","0","0","0","0","36224","0","0","0","N","0","0","0","1","68J01","0","","4","06","N","N","0","","0","0","1","0","0","","1211","0","1","0","0","0","0","0","1","0","1","N","","","","","","","","","","","","10","","","N","N"
"1707","1","0","0","0","0","0","0","0","0","4","0","","36","12","2021","2022000233","3","40.0316","-76.3107","1702","08","0","0","0","0","0","0","0","0","","0","0","0","16","3","0","01","0","40 01:53.684","","00","76 18:38.671","9","0","0","0","36301","0","0","0","N","0","0","0","2","36301","0","","1","01","N","N","1","","0","0","0","3","3","","1656","0","2","0","0","0","0","1","3","0","2","N","","","","","","","","","","","","03","03","","N",""
"0136","1","0","0","0","0","0","0","0","0","98","0","","36","12","2021","2022000651","7","40.1984","-76.4209","0125","08","0","0","0","0","0","0","0","0","","0","0","0","01","2","0","00","1","40 11:54.369","1","00","76 25:15.303","0","0","0","0","36230","0","0","0","N","0","0","0","4","36410","0","","1","01","N","N","0","","0","0","0","0","0","N","0125","0","1","0","0","4","0","0","1","0","1","N","","","","","","","","","","","0030","03","03","","N","N"