"ARRIVAL_TM","AUTOMOBILE_COUNT","BELTED_DEATH_COUNT","BELTED_SUSP_SERIOUS_INJ_COUNT","BICYCLE_COUNT","BICYCLE_DEATH_COUNT","BICYCLE_SUSP_SERIOUS_INJ_COUNT","BUS_COUNT","CHLDPAS_DEATH_COUNT","CHLDPAS_SUSP_SERIOUS_INJ_COUNT","COLLISION_TYPE","COMM_VEH_COUNT","CONS_ZONE_SPD_LIM","COUNTY","CRASH_MONTH","CRASH_YEAR","CRN","DAY_OF_WEEK","DEC_LAT","DEC_LONG","DISPATCH_TM","DISTRICT","DRIVER_COUNT_16YR","DRIVER_COUNT_17YR","DRIVER_COUNT_18YR","DRIVER_COUNT_19YR","DRIVER_COUNT_20YR","DRIVER_COUNT_50_64YR","DRIVER_COUNT_65_74YR","DRIVER_COUNT_75PLUS","EST_HRS_CLOSED","FATAL_COUNT","HEAVY_TRUCK_COUNT","HORSE_BUGGY_COUNT","HOUR_OF_DAY","ILLUMINATION","INJURY_COUNT","INTERSECT_TYPE","LANE_CLOSED","LATITUDE","LN_CLOSE_DIR","LOCATION_TYPE","LONGITUDE","MAX_SEVERITY_LEVEL","MCYCLE_DEATH_COUNT","MCYCLE_SUSP_SERIOUS_INJ_COUNT","MOTORCYCLE_COUNT","MUNICIPALITY","NONMOTR_COUNT","NONMOTR_DEATH_COUNT","NONMOTR_SUSP_SERIOUS_INJ_COUNT","NTFY_HIWY_MAINT","PED_COUNT","PED_DEATH_COUNT","PED_SUSP_SERIOUS_INJ_COUNT","PERSON_COUNT","POLICE_AGCY","POSSIBLE_INJ_COUNT","RDWY_SURF_TYPE_CD","RELATION_TO_ROAD","ROAD_CONDITION","SCH_BUS_IND","SCH_ZONE_IND","SMALL_TRUCK_COUNT","SPEC_JURIS_CD","SUSP_MINOR_INJ_COUNT","SUSP_SERIOUS_INJ_COUNT","SUV_COUNT","TCD_FUNC_CD","TCD_TYPE","TFC_DETOUR_IND","TIME_OF_DAY","TOT_INJ_COUNT","TOTAL_UNITS","UNB_DEATH_COUNT","UNB_SUSP_SERIOUS_INJ_COUNT","UNBELTED_OCC_COUNT","UNK_INJ_DEG_COUNT","UNK_INJ_PER_COUNT","URBAN_RURAL","VAN_COUNT","VEHICLE_COUNT","WORK_ZONE_IND","WORK_ZONE_LOC","WORK_ZONE_TYPE","WORKERS_PRES","WZ_CLOSE_DETOUR","WZ_FLAGGER","WZ_LAW_OFFCR_IND","WZ_LN_CLOSURE","WZ_MOVING","WZ_OTHER","WZ_SHLDER_MDN","ROADWAY_CLEARED","WEATHER1","WEATHER2","WZ_WORKERS_INJ_KILLED","SECONDARY_CRASH","INTERSECTION_RELATED"
"0748","1","1","0","0","0","0","0","0","0","2","1","","36","12","2021","2022004371","2","40.0128","-76.1439","0741","08","0","0","0","0","0","0","0","0","","1","1","0","07","1","1","00","2","40 00:46.230","6","00","76 08:38.018","1","0","0","0","36215","0","0","0","N","0","0","0","3","36215","0","2","1","01","N","N","0","0","0","1","0","0","0","Y","0740","1","2","0","1","1","0","0","1","0","2","N","","","","","","","","","","","1400","03","","","N","N"
"1459","1","0","0","0","0","0","0","0","0","7","0","","36","11","2021","2022000639","1","40.1295","-76.4999","1449","08","0","1","0","0","0","0","0","0","","0","0","0","14","1","0","00","1","40 07:46.195","4","00","76 29:59.811","0","0","0","0","36230","0","0","0","N","0","0","0","1","36410","0","","3","01","N","N","0","","0","0","0","0","0","N","1448","0","2","0","0","0","0","0","1","0","1","N","","","","","","","","","","","1520","03","03","","N","N"
"2029","2","0","0","0","0","0","0","0","0","1","0","","36","12","2021","2022000116","5","40.0397","-76.4501","2020","08","0","0","0","0","0","0","0","0","","0","0","0","20","2","0","00","0","40 02:22.798","","00","76 27:00.463","0","0","0","0","36239","0","0","0","N","0","0","0","3","36239","0","","1","01","N","N","0","","0","0","0","0","0","","2019","0","2","0","0","0","0","0","3","0","2","N","","","","","","","","","","","","04","04","","N","N"
"2348","1","0","0","0","0","0","0","0","0","7","0","","36","12","2021","2022000434","4","40.0819","-76.351","2344","08","0","0","0","0","1","0","0","0","","0","0","0","23","2","0","02","0","40 04:54.975","","07","76 21:03.454","0","0","0","0","36214","0","0","0","N","0","0","0","1","36214","0","","5","09","N","N","0","","0","0","0","0","0","","2340","0","1","0","0","0","0","0","3","0","1","N","","","","","","","","","","","","07","","","N",""
"1816","1","0","0","0","0","0","0","0","0","7","0","","36","12","2021","2022000484","7","40.1636","-76.1524","1816","08","0","0","0","0","0","0","0","0","","0","0","0","18","3","1","05","1","40 09:48.933","4","02","76 09:08.579","3","0","0","0","36218","0","0","0","Y","0","0","0","1","36408","0","","4","09","N","N","0","","1","0","0","3","2","N","1815","1","1","0","0","0","0","0","1","0","1","N","","","","","","","","","","","1910","07","","","N","N"
"0736","1","0","0","0","0","0","0","0","0","7","0","","36","12","2021","2022000848","5","40.1312","-76.4052","0728","08","0","0","0","0","1","0","0","0","","0","0","0","07","5","0","00","2","40 07:52.490","6","00","76 24:18.820","0","0","0","0","36227","0","0","0","N","0","0","0","1","36506","0","","5","09","N","N","0","","0","0","0","0","0","Y","0726","0","1","0","0","0","0","0","1","0","1","N","","","","","","","","","","","0856","07","05","","N","N"
"0653","0","0","0","0","0","0","0","0","0","7","0","","36","12","2021","2022000326","3","40.0382","-76.4553","0640","08","0","0","0","0","0","0","0","1","","0","0","0","06","1","0","01","0","40 02:17.614","","03","76 27:18.906","0","0","0","0","36239","0","0","0","N","0","0","0","1","36239","0","","2","09","N","N","1","","0","0","0","3","2","","0636","0","1","0","0","0","0","0","3","0","1","N","","","","","","","","","","","","05","07","","N",""
"0944","0","0","1","0","0","0","0","0","0","4","0","","36","12","2021","2022000699","7","39.9615","-76.1028","0927","08","0","0","0","0","0","0","1","0","","0","0","0","09","1","3","01","2","39 57:41.266","7","00","76 06:10.058","2","0","0","0","36226","0","0","0","N","0","0","0","3","68J01","0","","1","09","N","N","0","","2","1","2","3","3","Y","0924","3","2","0","0","0","0","0","1","0","2","N","","","","","","","","","","","1030","05","07","","N","N"
"0634","0","0","0","0","0","0","0","0","0","7","0","","36","12","2021","2022001925","4","40.232","-76.321","0607","08","0","0","0","0","0","0","0","0","","0","0","0","05","2","0","00","0","40 13:55.074","","00","76 19:15.597","0","0","0","0","36217","0","0","0","Y","0","0","0","1","68J01","0","","4","02","N","N","1","","0","0","0","0","0","","0543","0","1","0","0","0","0","0","1","0","1","N","","","","","","","","","","","","06","","","N","N"
"1413","1","0","0","0","0","0","0","0","0","1","0","","36","12","2021","2022000295","2","40.0251","-76.3177","1410","08","0","0","0","0","0","1","0","0","","0","0","0","14","1","1","01","0","40 01:30.485","","00","76 19:03.655","3","0","0","0","36301","0","0","0","N","0","0","0","3","36301","0","","1","01","N","N","1","","1","0","0","0","0","N","1410","1","2","0","0","0","0","0","3","0","2","N","","","","","","","","","","","","03","03","","N","N"
"1207","0","0","0","0","0","0","0","0","0","7","0","","36","12","2021","2022003370","2","39.8551","-76.0753","1149","08","0","0","0","0","0","0","0","0","","0","0","0","11","1","1","00","0","39 51:18.237","","00","76 04:31.187","3","0","0","0","36205","0","0","0","N","0","0","0","2","68J01","0","","4","02","N","N","0","","1","0","1","0","0","","1147","1","1","0","0","0","0","0","1","0","1","N","","","","","","","","","","","","10","","","N","N"
"1241","1","0","0","0","0","0","0","0","0","1","0","","36","12","2021","2022002433","4","40.0753","-76.3086","1237","08","0","0","0","0","0","2","0","0","","0","0","0","12","1","0","00","0","40 04:31.122","","00","76 18:30.959","0","0","0","0","36101","0","0","0","N","0","0","0","5","36101","0","","1","09","N","N","0","","0","0","2","0","0","","1235","0","3","0","0","0","0","0","3","0","3","N","","","","","","","","","","","","03","","","N","N"
"1014","1","0","0","0","0","0","0","0","0","6","0","","36","12","2021","2022000115","2","40.009","-76.4293","1008","08","0","0","0","1","0","0","0","0","","0","0","0","10","1","0","01","0","40 00:32.544","","00","76 25:45.623","0","0","0","0","36223","0","0","0","N","0","0","0","3","36223","0","","1","01","N","N","1","","0","0","0","3","3","","1006","0","2","0","0","0","0","0","1","0","2","N","","","","","","","","","","","","04","","","N",""
"2147","1","0","0","0","0","0","0","0","0","4","1","","36","12","2021","2022000760","4","40.1895","-76.31","2143","08","0","0","0","0","0","1","0","0","","0","1","0","21","2","1","01","2","40 11:22.225","5","00","76 18:36.138","3","0","0","0","36217","0","0","0","N","0","0","0","2","68J01","0","","1","01","N","N","0","","1","0","0","3","3","Y","2132","1","2","0","0","0","0","0","1","0","2","N","","","","","","","","","","","2204","03","03","","N","N"
"1746","1","0","0","0","0","0","0","0","0","4","0","","36","12","2021","2022000235","3","40.0412","-76.3084","1742","08","0","0","0","0","0","0","0","0","","0","0","0","17","3","1","00","0","40 02:28.476","","00","76 18:30.207","3","0","0","0","36301","1","0","0","N","0","0","0","2","36301","0","","2","09","N","N","0","","1","0","1","0","0","","1704","1","2","0","0","0","0","0","3","0","2","N","","","","","","","","","","","","07","04","","N","N"
"0715","0","0","0","0","0","0","0","0","0","7","0","","36","12","2021","2022004443","3","39.8332","-76.1495","0709","08","0","0","0","0","0","0","0","0","","0","0","0","06","1","0","00","1","39 49:59.570","1","00","76 08:58.246","0","0","0","0","36212","0","0","0","N","0","0","0","1","68J01","0","","4","02","N","N","0","","0","0","1","0","0","N","0658","0","1","0","0","0","0","0","1","0","1","N","","","","","","","","","","","0817","03","","","N","Y"
"1709","1","0","0","0","0","0","0","0","0","8","0","","36","12","2021","2022001846","5","40.0478","-76.2671","1705","08","0","0","0","0","0","0","0","0","","0","0","0","17","2","1","00","1","40 02:51.916","1","00","76 16:01.412","2","0","0","0","36215","1","0","1","N","1","0","1","2","36215","0","","2","01","N","N","0","","0","1","0","0","0","N","1705","1","2","0","0","0","0","0","1","0","1","N","","","","","","","","","","","1730","03","","","N","N"
"0709","1","0","0","0","0","0","0","0","0","1","0","","36","12","2021","2022002435","5","40.1055","-76.4301","0653","08","0","0","0","1","0","0","0","0","","0","0","0","06","6","0","00","0","40 06:19.833","","00","76 25:48.234","0","0","0","0","36214","0","0","0","N","0","0","0","2","36214","0","","1","09","N","N","1","","0","0","0","0","0","","0651","0","2","0","0","0","0","0","3","0","2","N","","","","","","","","","","","","07","07","","N","N"
"1643","2","0","0","0","0","0","0","0","0","4","0","","36","12","2021","2022000849","5","40.2036","-76.2113","1632","08","0","0","0","0","0","1","0","0","","0","0","0","16","3","1","02","1","40 12:12.830","7","00","76 12:40.530","4","0","0","0","36204","0","0","0","N","0","0","0","3","36506","1","","1","01","N","N","0","","0","0","0","3","3","Y","1632","1","2","0","0","0","0","0","1","0","2","N","","","","","","","","","","","0100","03","","","N",""
"1815","2","0","0","0","0","0","0","0","0","1","0","","36","12","2021","2022000644","6","40.0906","-76.4928","1753","08","0","0","0","0","0","1","0","0","","0","0","0","17","2","0","00","2","40 05:26.128","7","00","76 29:34.201","0","0","0","0","36230","0","0","0","N","0","0","0","2","36410","0","","1","01","N","N","0","","0","0","0","0","0","N","1749","0","2","0","0","0","0","0","1","0","2","N","","","","","","","","","","","1900","03","","","N","N"
"0747","0","0","0","0","0","0","0","0","0","7","0","","36","12","2021","2022000648","4","40.1443","-76.4986","0734","08","1","0","0","0","0","0","0","0","","0","0","0","07","5","0","00","2","40 08:39.309","5","03","76 29:55.083","0","0","0","0","36230","0","0","0","N","0","0","0","1","36410","0","","2","02","N","N","0","","0","0","1","0","0","Y","0734","0","1","0","0","0","0","0","1","0","1","N","","","","","","","","","","","0823","05","","","N","N"
"0640","1","0","0","0","0","0","0","0","0","7","0","","36","12","2021","2022001858","5","40.0796","-76.2521","0626","08","0","0","0","0","0","1","0","0","","0","0","0","00","6","0","03","0","40 04:46.730","","00","76 15:07.384","9","0","0","0","36215","0","0","0","N","0","0","0","1","36215","0","","5","99","N","N","0","","0","0","0","3","3","","0000","0","1","0","0","0","0","1","1","0","1","N","","","","","","","","","","","","99","","","N",""
"1758","2","0","0","0","0","0","0","0","0","4","0","","36","12","2021","2022000850","6","40.1326","-76.347","1746","08","0","0","0","0","0","1","0","0","","0","0","0","17","2","1","01","0","40 07:57.364","","00","76 20:49.148","8","0","0","0","36227","0","0","0","N","0","0","0","3","36506","0","","1","09","N","N","0","","0","0","0","3","3","","1746","1","2","0","0","0","1","2","1","0","2","N","","","","","","","","","","","","03","03","","N",""
"1616","2","0","0","0","0","0","0","0","0","1","0","","36","12","2021","2022001324","5","40.0669","-76.2718","1612","08","0","0","0","0","0","0","0","0","","0","0","0","16","1","0","00","0","40 04:00.684","","00","76 16:18.544","9","0","0","0","36101","0","0","0","N","0","0","0","4","36101","0","","1","09","N","N","0","","0","0","0","0","0","","1612","0","2","0","0","0","0","1","3","0","2","N","","","","","","","","","","","","04","","","N","N"
"1923","1","0","0","0","0","0","0","0","0","1","0","","36","12","2021","2022004040","2","40.0377","-76.269","1917","08","0","0","0","1","0","0","0","0","","0","0","0","19","3","1","00","2","40 02:15.617","4","07","76 16:08.220","8","0","0","0","36215","0","0","0","N","0","0","0","3","36215","0","","1","01","N","N","0","","0","0","0","0","0","N","1915","1","2","0","0","0","1","0","1","1","2","N","","","","","","","","","","","1955","04","","","N","N"
"0800","0","0","0","0","0","0","0","0","0","0","0","","36","12","2021","2022000431","4","40.1036","-76.2538","0800","08","0","0","0","0","0","1","0","0","","0","0","0","07","5","1","00","2","40 06:12.813","5","03","76 15:13.698","3","0","0","1","36101","0","0","0","N","0","0","0","1","36101","0","","1","02","N","N","0","","1","0","0","0","0","N","0750","1","1","0","0","0","0","0","3","0","1","N","","","","","","","","","","","0815","05","04","","N","N"
"1935","1","0","0","0","0","0","0","0","0","4","0","","36","12","2021","2022001928","4","39.7806","-76.1789","1919","08","0","0","0","0","0","1","0","0","","0","0","0","19","3","1","02","0","39 46:50.170","","00","76 10:43.978","3","0","0","0","36219","0","0","0","N","0","0","0","2","68J01","0","","1","01","N","N","0","","1","0","1","3","3","","1918","1","2","0","0","0","0","0","1","0","2","N","","","","","","","","","","","","03","","","N","N"
"1616","2","0","0","0","0","0","0","0","0","4","0","","36","12","2021","2022000642","5","40.0837","-76.4861","1602","08","0","0","0","0","0","0","0","0","","0","0","0","16","1","1","01","1","40 05:01.181","3","00","76 29:10.129","3","0","0","0","36230","0","0","0","N","0","0","0","4","36410","0","","1","01","N","N","0","","1","0","0","3","3","Y","1602","1","2","0","0","0","0","0","1","0","2","N","","","","","","","","","","","1700","03","","","N",""
"0826","0","0","0","0","0","0","0","0","0","7","0","","36","11","2021","2022001177","7","40.1352","-75.9554","0801","08","1","0","0","0","0","0","0","0","","1","0","0","07","1","0","00","2","40 08:06.652","6","00","75 57:19.342","1","1","0","1","36203","0","0","0","N","0","0","0","1","68J01","0","2","4","01","N","N","0","0","0","0","0","0","0","Y","0757","0","1","0","0","0","0","0","1","0","1","N","","","","","","","","","","","1228","03","","","N","N"
"2007","0","0","0","0","0","0","0","0","0","7","0","","36","12","2021","2022000775","6","39.871","-76.1734","1956","08","0","0","0","1","0","0","0","0","","0","0","0","19","2","1","00","2","39 52:15.698","6","00","76 10:24.355","3","0","0","0","36212","0","0","0","Y","0","0","0","1","68J01","0","","4","09","N","N","0","","1","0","1","0","0","Y","1954","1","1","0","0","0","0","0","1","0","1","N","","","","","","","","","","","2100","05","","","N","N"
"0748","0","0","0","0","0","0","0","0","0","7","0","","36","11","2021","2022000638","6","40.2139","-76.4303","0741","08","0","0","0","0","0","0","0","0","","0","0","0","07","1","0","00","1","40 12:49.940","1","00","76 25:49.243","0","0","0","0","36230","0","0","0","N","0","0","0","1","36410","0","","4","09","N","N","0","","0","0","1","0","0","N","0739","0","1","0","0","0","0","0","1","0","1","N","","","","","","","","","","","0820","03","03","","N","N"
"1347","0","0","0","0","0","0","0","0","0","4","2","","36","12","2021","2022000737","4","39.9986","-76.0626","1334","08","0","0","0","0","1","0","0","0","","0","2","0","13","1","0","00","2","39 59:54.964","4","07","76 03:45.510","0","0","0","0","36226","0","0","0","N","0","0","0","2","68J01","0","","1","01","N","N","0","","0","0","0","0","0","N","1333","0","2","0","0","0","0","0","1","0","2","N","","","","","","","","","","","1604","03","03","","N","N"
"1727","0","0","0","0","0","0","0","0","0","1","0","","36","12","2021","2022002315","4","40.2359","-76.2831","1717","08","0","0","0","0","0","1","0","0","","0","0","0","17","2","0","00","2","40 14:08.875","3","00","76 17:01.783","0","0","0","0","36204","0","0","0","N","0","0","0","1","68T06","0","","1","01","N","N","1","","0","0","1","3","8","N","1717","0","2","0","0","0","0","0","1","0","2","N","","","","","","","","","","","1830","03","","","N","N"
"0354","0","0","0","0","0","0","0","0","0","7","0","","36","12","2021","2022001110","5","40.0886","-76.3294","0348","08","0","0","0","0","0","0","0","0","","0","0","0","03","2","1","00","1","40 05:18.881","2","00","76 19:45.727","3","0","0","0","36101","0","0","0","N","0","0","0","1","36101","0","","4","09","N","N","0","","1","0","1","0","0","N","0346","1","1","0","0","1","0","0","3","0","1","N","","","","","","","","","","","0452","07","04","","N","N"
"1448","2","0","0","0","0","0","0","0","0","4","0","","36","12","2021","2022000133","3","40.2264","-76.1804","1441","08","0","0","0","0","0","1","1","0","","0","0","0","14","1","1","01","0","40 13:34.893","","00","76 10:49.273","3","0","0","0","36236","0","0","0","N","0","0","0","2","36408","0","","1","01","N","N","0","","1","0","0","3","3","","1441","1","2","0","0","0","0","0","1","0","2","N","","","","","","","","","","","","03","","","N","N"
"1217","2","0","0","0","0","0","0","0","0","2","0","","36","12","2021","2022001856","1","40.074","-76.2041","1209","08","0","0","0","0","0","0","0","0","","0","0","0","12","1","0","03","0","40 04:26.574","","00","76 12:14.922","0","0","0","0","36234","0","0","0","N","0","0","0","1","36215","0","","5","01","N","N","0","","0","0","0","0","0","","1206","0","2","0","0","0","0","0","1","0","2","N","","","","","","","","","","","","03","03","","N",""
"1800","1","0","0","0","0","0","0","0","0","4","0","","36","01","2021","2021009038","6","40.2423","-76.0539","1753","08","0","0","0","0","0","1","0","0","","0","0","0","17","6","0","02","0","40 14:32.232","","00","76 03:14.128","0","0","0","0","36401","0","0","0","N","0","0","0","2","36408","0","","1","01","N","N","0","","0","0","1","2","3","","1740","0","2","0","0","0","0","0","1","0","2","N","","","","","","","","","","","","03","03","","N",""
"2022","0","0","0","0","0","0","0","0","0","4","0","","36","01","2021","2021007207","5","40.0475","-76.3629","2018","08","0","0","0","0","0","0","0","0","","0","0","0","20","3","0","01","1","40 02:50.996","2","00","76 21:46.341","0","0","0","0","36214","0","0","0","N","0","0","0","3","36214","0","","1","01","N","N","0","","0","0","2","3","2","N","2010","0","2","0","0","0","0","0","3","0","2","N","","","","","","","","","","","2115","03","03","","N",""
"1557","2","0","0","0","0","0","0","0","0","1","0","","36","01","2021","2021004747","5","40.0359","-76.3847","1557","08","0","0","0","0","1","1","0","0","","0","0","0","15","1","0","02","0","40 02:09.136","","00","76 23:04.992","0","0","0","0","36223","0","0","0","N","0","0","0","2","36223","0","","1","01","N","N","0","","0","0","0","3","3","","1554","0","2","0","0","0","0","0","1","0","2","N","","","","","","","","","","","","03","","","N",""
"0845","0","0","0","0","0","0","0","0","0","1","0","","36","03","2021","2021035794","3","39.8837","-76.1606","0817","08","0","0","0","0","0","1","0","0","","0","1","0","08","1","0","02","0","39 53:01.176","","00","76 09:38.147","0","0","0","0","36212","0","0","0","N","0","0","0","2","68J01","0","","1","01","N","N","1","","0","0","0","0","0","","0814","0","2","0","0","1","0","0","1","0","2","N","","","","","","","","","","","","03","03","","N","N"
"1521","0","0","0","0","0","0","0","0","0","7","0","","36","04","2021","2021031905","4","40.2755","-76.195","1517","08","0","0","0","0","0","0","0","0","","0","0","0","15","1","0","00","1","40 16:31.837","2","03","76 11:42.151","0","0","0","0","36236","0","0","0","Y","0","0","0","1","36408","0","","5","01","N","N","0","","0","0","1","0","0","N","1516","0","1","0","0","0","0","0","1","0","1","N","","","","","","","","","","","1548","03","","","N","N"
"1311","0","0","0","0","0","0","0","0","0","7","0","","36","04","2021","2021036164","1","39.9782","-76.0301","1258","08","1","0","0","0","0","0","0","0","","0","0","0","12","1","0","00","1","39 58:41.630","4","00","76 01:48.430","0","0","0","0","36232","0","0","0","N","0","0","0","1","68J01","0","","4","09","N","N","1","","0","0","0","0","0","Y","1250","0","1","0","0","0","0","0","1","0","1","N","","","","","","","","","","","1330","04","","","N","N"
"1722","1","0","0","0","0","0","0","0","0","4","0","","36","04","2021","2021034700","6","40.073","-76.3511","1708","08","0","0","0","0","0","1","0","0","","0","0","0","17","1","0","02","0","40 04:22.932","","00","76 21:03.988","0","0","0","0","36214","0","0","0","N","0","0","0","2","36214","0","","1","01","N","N","0","","0","0","1","3","3","","1708","0","2","0","0","0","0","0","3","0","2","N","","","","","","","","","","","","03","","","N",""
"0917","0","0","0","0","0","0","0","0","0","7","0","","36","04","2021","2021033445","5","40.1133","-76.2428","0912","08","0","0","0","0","0","0","0","0","","0","0","0","09","1","1","00","1","40 06:47.965","2","00","76 14:34.242","3","0","0","1","36101","0","0","0","N","0","0","0","1","36101","0","","5","01","N","N","0","","1","0","0","0","0","N","0909","1","1","0","0","0","0","0","3","0","1","N","","","","","","","","","","","1030","03","03","","N","N"
"1554","1","0","0","0","0","0","0","0","0","4","1","","36","04","2021","2021035248","3","40.1651","-76.6427","1547","08","0","0","0","0","0","1","0","0","","0","1","0","15","1","0","02","0","40 09:54.224","","00","76 38:33.855","0","0","0","0","36237","0","0","0","N","0","0","0","2","36505","0","","1","01","N","N","0","","0","0","0","3","3","","1547","0","2","0","0","0","0","0","1","0","2","N","","","","","","","","","","","","03","03","","N",""
"2012","3","0","0","0","0","0","0","0","0","5","0","","36","04","2021","2021036252","4","40.0525","-76.2996","2005","08","0","0","0","0","0","0","0","0","","0","0","0","20","2","0","00","1","40 03:08.989","2","00","76 17:58.444","0","0","0","0","36301","0","0","0","N","0","0","0","4","36301","0","","1","01","N","N","0","","0","0","0","0","0","N","2003","0","3","0","0","0","0","0","3","0","3","N","","","","","","","","","","","2112","03","03","","N","N"
"0752","1","0","0","0","0","0","0","0","0","7","0","","36","01","2021","2021001509","1","40.2421","-76.2441","0747","08","0","0","0","0","0","1","0","0","","0","0","0","07","1","1","00","0","40 14:31.307","","00","76 14:40.306","3","0","0","0","36204","0","0","0","N","0","0","0","1","68T06","0","","3","09","N","N","0","","1","0","0","0","0","","0746","1","1","0","0","0","0","0","1","0","1","N","","","","","","","","","","","","06","","","N","N"
"1511","0","0","0","0","0","0","0","0","0","1","0","","36","01","2021","2021010474","5","40.1622","-76.6095","1446","08","0","0","1","0","0","0","0","0","","0","0","0","14","1","0","00","0","40 09:44.018","","00","76 36:34.068","0","0","0","0","36407","0","0","0","N","0","0","0","2","36505","0","","1","01","N","N","0","","0","0","2","0","0","","1446","0","2","0","0","0","0","0","2","0","2","N","","","","","","","","","","","","03","03","","N","Y"
"1914","0","0","0","0","0","0","0","0","0","7","0","","36","04","2021","2021040990","6","40.0131","-76.3309","1910","08","0","0","0","0","0","0","0","0","","0","0","0","19","1","0","00","2","40 00:47.168","3","00","76 19:51.077","0","0","0","0","36220","0","0","0","N","0","0","0","1","36101","0","","5","01","N","N","0","","0","0","1","0","0","N","1909","0","1","0","0","0","0","0","3","0","1","N","","","","","","","","","","","1954","03","","","N","N"
"1639","1","0","0","0","0","0","0","0","0","4","0","","36","01","2021","2021009878","4","40.0386","-76.1734","1633","08","0","0","0","0","0","1","1","0","","0","0","0","16","1","0","01","2","40 02:18.836","7","00","76 10:24.111","0","0","0","0","36221","0","0","0","N","0","0","0","2","68J01","0","","1","01","N","N","0","","0","0","0","3","2","Y","1625","0","2","0","0","0","0","0","1","1","2","N","","","","","","","","","","","0030","03","","","N",""
"2140","3","0","0","0","0","0","0","0","0","1","0","","36","04","2021","2021034865","6","40.0405","-76.3126","2131","08","0","0","0","0","0","0","0","0","","0","0","0","21","3","0","00","1","40 02:25.694","3","00","76 18:45.204","0","0","0","0","36301","0","0","0","N","0","0","0","4","36301","0","","4","01","N","N","0","","0","0","1","0","0","N","2131","0","4","0","0","0","0","0","3","0","4","N","","","","","","","","","","","2200","03","03","","N","N"
"1253","0","0","0","0","0","0","0","0","0","0","0","","36","01","2021","2021020610","1","40.1062","-75.9507","1253","08","0","0","0","0","0","0","0","0","","0","0","0","11","1","1","00","2","40 06:22.323","6","07","75 57:02.593","3","0","0","1","36232","0","0","0","N","0","0","0","1","68J01","0","","1","01","N","N","0","","1","0","0","0","0","Y","1121","1","2","0","0","0","0","0","1","0","1","N","","","","","","","","","","","0200","03","03","","N","N"
"1036","0","0","0","0","0","0","0","0","0","4","0","","36","01","2021","2021012362","1","40.1799","-76.1829","1033","08","0","0","0","0","0","0","0","0","","0","0","0","10","1","2","01","2","40 10:47.722","4","00","76 10:58.605","3","0","0","0","36408","0","0","0","N","0","0","0","6","36408","0","","1","01","N","N","0","","2","0","0","3","3","Y","1033","2","2","0","0","0","0","0","2","2","2","N","","","","","","","","","","","1115","03","","","N","N"
"1635","1","0","0","1","0","0","0","0","0","1","0","","36","01","2021","2021008144","5","40.1194","-76.0649","1631","08","0","0","0","0","0","0","1","0","","0","0","0","16","1","1","00","2","40 07:10.000","6","00","76 03:53.500","8","0","0","0","36213","1","0","0","N","0","0","0","2","36213","0","","1","01","N","N","0","","0","0","0","0","0","Y","1630","1","2","0","0","0","1","0","1","0","1","N","","","","","","","","","","","1720","03","","","N","N"
"2318","2","0","0","0","0","0","0","0","0","4","0","","36","04","2021","2021033990","6","40.0425","-76.3081","2316","08","0","0","0","0","0","0","0","0","","0","0","0","23","3","0","00","1","40 02:33.162","4","00","76 18:29.216","0","0","0","0","36301","0","0","0","N","0","0","0","1","36301","0","","2","01","","","0","","0","0","0","0","0","N","2312","0","2","0","0","0","0","0","3","0","2","N","","","","","","","","","","","0008","03","03","","N","Y"
"1523","2","0","0","0","0","0","0","0","0","4","0","","36","04","2021","2021033246","5","40.2164","-76.4328","1522","08","0","0","0","0","0","0","0","0","","0","0","0","15","1","0","02","0","40 12:59.206","","00","76 25:58.223","0","0","0","0","36230","0","0","0","N","0","0","0","2","36410","0","","1","01","N","N","0","","0","0","0","3","3","","1518","0","2","0","0","0","0","0","1","0","2","N","","","","","","","","","","","","03","","","N",""
"1801","0","0","0","0","0","0","0","0","0","7","0","","36","01","2021","2021008855","7","40.0343","-76.2263","1759","08","0","0","0","0","0","0","0","0","","0","0","0","17","2","4","00","1","40 02:03.300","6","00","76 13:34.700","3","0","0","0","36215","0","0","0","N","0","0","0","4","36215","0","","4","01","N","N","0","","4","0","0","0","0","Y","1757","4","1","0","0","0","0","0","1","1","1","N","","","","","","","","","","","1917","03","","","N","N"
"1951","1","0","0","0","0","0","0","0","0","8","0","","36","01","2021","2021009316","2","40.0241","-76.316","1943","08","0","0","0","0","0","0","0","0","","0","0","0","19","3","1","01","0","40 01:26.922","","00","76 18:57.776","8","0","0","0","36301","1","0","0","N","1","0","0","2","36301","0","","1","01","N","N","0","","0","0","0","3","2","","1943","1","2","0","0","0","1","0","3","0","1","N","","","","","","","","","","","","03","03","","N",""
"1837","1","0","0","0","0","0","0","0","0","4","0","","36","04","2021","2021032564","6","40.0758","-76.324","1834","08","0","0","0","0","0","0","0","0","","0","0","0","18","4","2","00","1","40 04:33.005","2","07","76 19:26.568","3","0","0","0","36101","0","0","0","N","0","0","0","4","36101","0","","1","01","N","N","0","","2","0","1","0","0","N","1831","2","2","0","0","0","0","0","3","0","2","N","","","","","","","","","","","1920","03","03","","N","N"