"ARRIVAL_TM","AUTOMOBILE_COUNT","BELTED_DEATH_COUNT","BELTED_SUSP_SERIOUS_INJ_COUNT","BICYCLE_COUNT","BICYCLE_DEATH_COUNT","BICYCLE_SUSP_SERIOUS_INJ_COUNT","BUS_COUNT","CHLDPAS_DEATH_COUNT","CHLDPAS_SUSP_SERIOUS_INJ_COUNT","COLLISION_TYPE","COMM_VEH_COUNT","CONS_ZONE_SPD_LIM","COUNTY","CRASH_MONTH","CRASH_YEAR","CRN","DAY_OF_WEEK","DEC_LAT","DEC_LONG","DISPATCH_TM","DISTRICT","DRIVER_COUNT_16YR","DRIVER_COUNT_17YR","DRIVER_COUNT_18YR","DRIVER_COUNT_19YR","DRIVER_COUNT_20YR","DRIVER_COUNT_50_64YR","DRIVER_COUNT_65_74YR","DRIVER_COUNT_75PLUS","EST_HRS_CLOSED","FATAL_COUNT","HEAVY_TRUCK_COUNT","HORSE_BUGGY_COUNT","HOUR_OF_DAY","ILLUMINATION","INJURY_COUNT","INTERSECT_TYPE","LANE_CLOSED","LATITUDE","LN_CLOSE_DIR","LOCATION_TYPE","LONGITUDE","MAX_SEVERITY_LEVEL","MCYCLE_DEATH_COUNT","MCYCLE_SUSP_SERIOUS_INJ_COUNT","MOTORCYCLE_COUNT","MUNICIPALITY","NONMOTR_COUNT","NONMOTR_DEATH_COUNT","NONMOTR_SUSP_SERIOUS_INJ_COUNT","NTFY_HIWY_MAINT","PED_COUNT","PED_DEATH_COUNT","PED_SUSP_SERIOUS_INJ_COUNT","PERSON_COUNT","POLICE_AGCY","POSSIBLE_INJ_COUNT","RDWY_SURF_TYPE_CD","RELATION_TO_ROAD","ROAD_CONDITION","SCH_BUS_IND","SCH_ZONE_IND","SMALL_TRUCK_COUNT","SPEC_JURIS_CD","SUSP_MINOR_INJ_COUNT","SUSP_SERIOUS_INJ_COUNT","SUV_COUNT","TCD_FUNC_CD","TCD_TYPE","TFC_DETOUR_IND","TIME_OF_DAY","TOT_INJ_COUNT","TOTAL_UNITS","UNB_DEATH_COUNT","UNB_SUSP_SERIOUS_INJ_COUNT","UNBELTED_OCC_COUNT","UNK_INJ_DEG_COUNT","UNK_INJ_PER_COUNT","URBAN_RURAL","VAN_COUNT","VEHICLE_COUNT","WORK_ZONE_IND","WORK_ZONE_LOC","WORK_ZONE_TYPE","WORKERS_PRES","WZ_CLOSE_DETOUR","WZ_FLAGGER","WZ_LAW_OFFCR_IND","WZ_LN_CLOSURE","WZ_MOVING","WZ_OTHER","WZ_SHLDER_MDN","ROADWAY_CLEARED","WEATHER1","WEATHER2","WZ_WORKERS_INJ_KILLED","SECONDARY_CRASH","INTERSECTION_RELATED"
"1614","2","0","0","0","0","0","0","0","0","4","0","","36","04","2021","2021032563","5","40.0747","-76.3216","1604","08","0","0","0","0","0","0","0","0","","0","0","0","16","1","0","00","1","40 04:28.777","2","00","76 19:17.658","0","0","0","0","36101","0","0","0","N","0","0","0","2","36101","0","","1","01","N","N","0","","0","0","0","0","0","N","1602","0","2","0","0","0","0","0","3","0","2","N","","","","","","","","","","","1650","03","03","","N","N"
"2115","0","0","0","0","0","0","0","0","0","4","0","","36","01","2021","2021002416","4","40.0378","-76.2707","2113","08","0","0","0","1","0","0","0","0","","0","0","0","21","3","2","03","2","40 02:16.133","3","00","76 16:14.672","3","0","0","0","36215","0","0","0","N","0","0","0","4","36215","0","","1","01","N","N","1","","2","0","1","3","2","Y","2111","2","2","0","0","0","0","0","1","0","2","N","","","","","","","","","","","2157","03","03","","N",""
"1750","1","0","0","0","0","0","0","0","0","5","1","","36","03","2021","2021035883","3","40.0647","-76.3371","1750","08","0","0","0","0","0","1","0","0","","0","1","0","17","1","0","00","0","40 03:53.347","","00","76 20:12.769","9","0","0","0","36301","0","0","0","N","0","0","0","2","36301","0","","1","01","N","N","0","","0","0","0","0","0","","1745","0","2","0","0","0","0","1","3","0","2","N","","","","","","","","","","","","03","03","","N","N"
"1430","0","0","0","0","0","0","0","0","0","7","0","","36","01","2021","2021013875","1","40.0798","-76.2512","1413","08","0","0","0","1","0","0","0","0","","0","0","0","14","1","0","00","1","40 04:47.261","3","00","76 15:04.391","0","0","0","0","36215","0","0","0","N","0","0","0","2","36215","0","","5","07","N","N","1","","0","0","0","0","0","N","1411","0","1","0","0","0","0","0","1","0","1","N","","","","","","","","","","","1506","10","10","","N","N"
"0811","1","0","0","0","0","0","0","0","0","7","0","","36","04","2021","2021032928","1","40.0669","-76.3322","0808","08","0","0","1","0","0","0","0","0","","0","0","0","08","1","0","00","0","40 04:01.080","","00","76 19:55.807","0","0","0","0","36101","0","0","0","N","0","0","0","1","36101","0","","5","09","N","N","0","","0","0","0","0","0","","0804","0","1","0","0","0","0","0","3","0","1","N","","","","","","","","","","","","07","","","N","N"
"1104","0","0","0","0","0","0","0","0","0","4","0","","36","04","2021","2021032565","5","40.0806","-76.4593","1055","08","0","0","0","0","0","0","1","0","","0","0","0","10","1","0","03","0","40 04:50.322","","00","76 27:33.444","0","0","0","0","36239","0","0","0","N","0","0","0","2","36239","0","","1","01","N","N","2","","0","0","0","3","3","","1055","0","2","0","0","0","0","0","3","0","2","N","","","","","","","","","","","","03","03","","N",""
"2120","1","0","0","0","0","0","0","0","0","7","0","","36","04","2021","2021036594","5","40.1701","-76.1051","2113","08","0","0","0","0","0","1","0","0","","0","0","0","21","2","1","02","1","40 10:12.392","2","00","76 06:18.471","8","0","0","0","36218","0","0","0","N","0","0","0","1","36408","0","","5","01","N","N","0","","0","0","0","3","3","N","2112","1","1","0","0","0","1","0","1","0","1","N","","","","","","","","","","","2200","03","03","","N","N"
"1700","1","0","0","0","0","0","0","0","0","4","0","","36","01","2021","2021006682","3","40.1539","-76.5997","1656","08","0","0","0","0","0","1","1","0","","0","0","0","16","1","0","01","0","40 09:14.162","","00","76 35:58.842","0","0","0","0","36407","0","0","0","N","0","0","0","2","36407","0","","1","01","N","N","0","","0","0","1","3","3","","1656","0","2","0","0","0","0","0","2","0","2","N","","","","","","","","","","","","03","03","","N",""
"0747","2","0","0","0","0","0","0","0","0","4","0","","36","01","2021","2021006881","5","40.0466","-76.2965","0743","08","0","0","0","0","0","1","0","0","","0","0","0","07","1","1","00","2","40 02:47.795","6","07","76 17:47.502","3","0","0","0","36301","0","0","0","N","0","0","0","2","36301","0","","1","01","N","N","0","","1","0","0","3","2","Y","0741","1","2","0","0","1","0","0","3","0","2","N","","","","","","","","","","","0845","04","","","N","N"
"2312","1","0","0","0","0","0","0","0","0","4","0","","36","02","2021","2021017807","7","40.207","-76.145","2309","08","0","0","0","0","0","0","0","0","","0","0","0","23","2","0","00","0","40 12:25.056","","07","76 08:41.863","9","0","0","0","36210","0","0","0","N","0","0","0","2","36210","0","","1","01","N","N","0","","0","0","0","0","0","","2309","0","2","0","0","0","0","1","1","0","2","N","","","","","","","","","","","","03","","","N","N"
"1630","2","0","0","0","0","0","0","0","0","1","0","","36","01","2021","2021009935","7","40.0331","-76.3246","1624","08","0","0","0","0","0","0","0","0","","0","0","0","16","1","0","00","0","40 01:59.140","","00","76 19:28.570","0","0","0","0","36220","0","0","0","N","0","0","0","2","36101","0","","1","01","N","N","0","","0","0","0","0","0","","1622","0","2","0","0","0","0","0","3","0","2","N","","","","","","","","","","","","03","","","N","Y"
"0024","2","0","0","0","0","0","0","0","0","1","0","","36","04","2021","2021033396","1","40.0375","-76.2947","0014","08","0","0","0","0","0","1","0","0","","0","0","0","00","3","0","00","1","40 02:14.904","1","00","76 17:40.949","0","0","0","0","36301","0","0","0","N","0","0","0","2","36301","0","","1","01","N","N","0","","0","0","0","0","0","N","0012","0","2","0","0","0","0","0","3","0","2","N","","","","","","","","","","","0154","03","03","","N","N"
"0621","1","0","0","0","0","0","0","0","0","98","0","","36","04","2021","2021032797","2","40.0983","-76.0215","0615","08","0","0","0","0","0","0","0","0","","0","0","0","06","2","0","00","0","40 05:53.985","","00","76 01:17.330","0","0","0","0","36213","0","0","0","N","0","0","0","1","36213","0","","1","01","N","N","0","","0","0","0","0","0","","0610","0","1","0","0","0","0","0","1","0","1","N","","","","","","","","","","","","03","03","","N","N"
"2130","2","0","0","0","0","0","0","0","0","2","0","","36","03","2021","2021023066","3","40.0414","-76.2876","2126","08","0","0","1","0","0","0","0","0","","0","0","0","21","3","1","01","1","40 02:29.125","1","00","76 17:15.339","4","0","0","0","36301","0","0","0","N","0","0","0","4","36301","1","","1","01","N","N","0","","0","0","0","3","2","N","2126","1","2","0","0","0","0","0","3","0","2","N","","","","","","","","","","","2209","03","","","N",""
"0053","0","0","0","0","0","0","0","0","0","7","0","","36","05","2021","2021041157","6","40.1386","-76.2936","0051","08","0","0","0","0","0","0","0","0","","0","0","0","00","6","0","00","2","40 08:19.040","6","00","76 17:37.070","0","0","0","0","36409","0","0","0","N","0","0","0","1","36409","0","","4","01","N","N","0","","0","0","1","0","0","Y","0051","0","1","0","0","1","0","0","3","0","1","N","","","","","","","","","","","0133","03","","","N","N"
"1524","0","0","0","0","0","0","0","0","0","4","0","","36","04","2021","2021039561","6","40.0157","-76.3496","1520","08","0","0","0","0","0","1","0","0","","0","0","0","15","1","0","01","0","40 00:56.470","","00","76 20:58.524","0","0","0","0","36412","0","0","0","N","0","0","0","2","36412","0","","1","01","N","N","1","","0","0","1","3","2","","1520","0","2","0","0","0","0","0","3","0","2","N","","","","","","","","","","","","03","","","N","N"
"0716","1","0","0","0","0","0","0","0","0","7","0","","36","01","2021","2021013416","5","40.2409","-76.1406","0709","08","0","0","0","0","0","0","0","0","","0","0","0","07","1","1","00","1","40 13:53.583","4","00","76 07:32.957","3","0","0","0","36210","0","0","0","N","0","0","0","1","68T06","0","","3","01","N","N","0","","1","0","0","0","0","N","0709","1","1","0","0","0","0","0","1","0","1","N","","","","","","","","","","","0845","03","","","N","N"
"0043","0","0","0","0","0","0","0","0","0","7","0","","36","01","2021","2021000640","1","40.0783","-76.5371","0040","08","0","0","0","0","0","0","0","0","","0","0","0","00","3","1","03","2","40 04:42.020","7","00","76 32:13.568","3","0","0","0","36211","0","0","0","N","0","0","0","1","36504","0","","4","01","N","N","0","","1","0","1","0","0","Y","0036","1","1","0","0","0","0","0","1","0","1","N","","","","","","","","","","","0400","03","","","N",""
"1226","0","0","0","0","0","0","0","0","0","4","1","","36","04","2021","2021041413","5","39.9858","-76.3154","1215","08","0","0","0","0","0","0","1","0","","0","1","0","12","1","0","01","0","39 59:09.014","","00","76 18:55.276","0","0","0","0","36228","0","0","0","N","0","0","0","3","68J01","0","","1","09","N","N","0","","0","0","1","3","2","","1213","0","2","0","0","0","0","0","1","0","2","N","","","","","","","","","","","","07","07","","N","N"
"0110","1","1","0","0","0","0","0","0","0","7","0","","36","04","2021","2021036802","7","40.14","-76.3049","0106","08","0","0","0","0","0","0","0","0","","1","0","0","01","3","1","00","2","40 08:23.870","7","00","76 18:17.610","1","0","0","0","36235","0","0","0","N","0","0","0","2","36506","0","2","5","01","N","N","0","0","0","0","0","0","0","Y","0104","1","1","0","0","0","1","0","1","0","1","N","","","","","","","","","","","0400","03","","","N","N"
"0105","1","0","0","0","0","0","0","0","0","4","1","","36","04","2021","2021034439","1","40.0431","-76.3022","0101","08","0","0","0","0","1","0","0","0","","0","1","0","00","3","1","01","1","40 02:35.283","4","00","76 18:08.098","3","0","0","0","36301","0","0","0","N","0","0","0","2","36301","0","","1","09","N","N","0","","1","0","0","3","2","Y","0056","1","2","0","0","0","0","1","3","0","2","N","","","","","","","","","","","0130","04","07","","N","N"
"1643","2","0","0","0","0","0","0","0","0","4","0","","36","01","2021","2021003904","6","40.0566","-76.215","1638","08","0","0","0","1","0","0","0","0","","0","0","0","16","1","1","01","1","40 03:23.868","7","00","76 12:53.887","3","0","0","0","36215","0","0","0","N","0","0","0","2","36215","0","","1","01","N","N","0","","1","0","0","3","2","Y","1636","1","2","0","0","0","0","0","1","0","2","N","","","","","","","","","","","1735","04","","","N",""
"1605","1","0","0","0","0","0","0","0","0","6","0","","36","03","2021","2021034061","7","40.0522","-75.9923","1537","08","0","1","0","0","0","1","0","0","","0","0","0","15","1","0","00","1","40 03:08.080","5","00","75 59:32.430","0","0","0","0","36232","0","0","0","N","0","0","0","2","68J01","0","","1","01","N","N","1","","0","0","0","0","0","N","1530","0","2","0","0","0","0","0","1","0","2","N","","","","","","","","","","","1634","03","03","","N","N"
"2037","1","0","1","0","0","0","0","0","0","1","0","","36","04","2021","2021032566","5","40.0532","-76.5186","2032","08","0","0","0","1","0","0","0","0","","0","0","0","20","2","1","00","2","40 03:11.476","5","00","76 31:06.857","2","0","0","0","36239","0","0","0","N","0","0","0","3","36239","0","","1","01","N","N","1","","0","1","0","0","0","Y","2027","1","2","0","0","0","0","1","3","0","2","N","","","","","","","","","","","2133","03","","","N","N"
"1012","0","0","0","0","0","0","0","0","0","4","0","","36","04","2021","2021034021","5","40.0315","-76.2382","1006","08","0","0","0","0","0","1","0","0","","0","0","0","10","1","0","01","0","40 01:50.123","","00","76 14:03.641","0","0","0","0","36215","0","0","0","N","0","0","0","3","36215","0","","1","01","N","N","1","","0","0","1","3","2","","1005","0","2","0","0","0","0","0","1","0","2","N","","","","","","","","","","","","03","","","N",""
"0700","0","0","0","0","0","0","0","0","0","7","0","","36","12","2021","2021125813","4","40.2464","-76.1449","0700","08","0","1","0","0","0","0","0","0","","0","0","0","07","1","0","00","0","40 14:46.993","","00","76 08:41.793","0","0","0","0","36236","0","0","0","N","0","0","0","1","36408","0","","4","02","N","N","0","","0","0","1","0","0","","0700","0","1","0","0","0","0","0","1","0","1","N","","","","","","","","","","","","03","","","N","N"
"1436","0","0","0","1","0","0","0","0","0","4","0","","36","11","2021","2021120885","5","39.9112","-76.1867","1406","08","0","0","0","0","0","0","0","0","","0","0","0","14","1","1","00","9","39 54:40.286","","07","76 11:12.064","8","0","0","0","36229","1","0","0","N","0","0","0","2","68J01","0","","2","01","N","N","0","","0","0","0","0","0","","1401","1","2","0","0","0","1","0","1","1","1","N","","","","","","","","","","","","03","03","","N","N"
"0555","1","0","0","0","0","0","0","0","0","7","0","","36","11","2021","2021115543","5","40.1682","-76.1505","0540","08","0","0","0","0","0","0","0","0","","0","0","0","05","2","0","00","0","40 10:05.698","","00","76 09:01.805","0","0","0","0","36218","0","0","0","N","0","0","0","1","36408","0","","4","09","N","N","0","","0","0","0","0","0","","0540","0","1","0","0","0","0","0","1","0","1","N","","","","","","","","","","","","05","","","N","N"
"2307","0","0","0","0","0","0","0","0","0","7","0","","36","11","2021","2021112632","2","40.1503","-76.3819","2303","08","0","0","0","0","0","0","0","0","","0","0","0","23","3","1","00","0","40 09:00.981","","00","76 22:54.829","3","0","0","0","36227","0","0","0","N","0","0","0","1","36506","0","","2","01","N","N","0","","1","0","1","0","0","","2303","1","1","0","0","0","0","0","1","0","1","N","","","","","","","","","","","","03","","","N","N"
"1529","2","0","0","0","0","0","0","0","0","4","0","","36","11","2021","2021118293","1","40.0306","-76.2343","1513","08","0","0","0","0","0","1","1","0","","0","0","0","15","1","0","05","0","40 01:50.356","","07","76 14:03.582","0","0","0","0","36215","0","0","0","N","0","0","0","5","36215","0","","1","01","N","N","0","","0","0","0","3","3","","1513","0","2","0","0","0","0","0","1","0","2","N","","","","","","","","","","","","03","","","N",""
"1730","2","0","0","0","0","0","0","0","0","5","0","","36","11","2021","2021125772","7","40.0316","-76.3034","1718","08","0","0","0","0","0","0","0","0","","0","0","0","17","3","0","01","0","40 01:53.886","","00","76 18:12.063","0","0","0","0","36301","0","0","0","N","0","0","0","1","36301","0","","1","01","N","N","0","","0","0","0","0","0","","1718","0","2","0","0","0","0","0","3","0","2","N","","","","","","","","","","","","03","","","N",""
"0749","1","0","0","0","0","0","0","0","0","4","0","","36","11","2021","2021111569","3","40.1104","-76.5032","0748","08","0","1","0","0","0","1","0","0","","0","0","0","07","1","0","01","1","40 06:37.573","3","00","76 30:11.541","0","0","0","0","36413","0","0","0","N","0","0","0","2","36413","0","","1","01","N","N","0","","0","0","1","3","3","Y","0748","0","2","0","0","0","0","0","2","0","2","N","","","","","","","","","","","0815","03","","","N","N"
"1722","0","0","0","0","0","0","0","0","0","1","0","","36","11","2021","2021112443","4","40.0923","-76.2629","1707","08","0","0","0","0","0","2","0","0","","0","0","0","17","2","1","00","1","40 05:32.263","2","00","76 15:46.377","4","0","0","0","36101","0","0","0","N","0","0","0","4","36101","1","","1","01","N","N","1","","0","0","2","0","0","N","1705","1","3","0","0","0","0","0","3","0","3","N","","","","","","","","","","","1817","03","03","","N","N"
"1400","1","0","0","0","0","0","0","0","0","4","0","","36","11","2021","2021118565","4","40.0819","-76.351","1347","08","0","0","0","0","0","0","0","0","","0","0","0","13","1","0","01","0","40 04:54.975","","00","76 21:03.454","0","0","0","0","36214","0","0","0","N","0","0","0","2","36214","0","","1","01","N","N","0","","0","0","1","3","2","","1343","0","2","0","0","0","0","0","3","0","2","N","","","","","","","","","","","","03","03","","N",""
"0752","0","0","0","0","0","0","0","0","0","7","0","","36","12","2021","2021126275","4","40.1527","-76.2324","0752","08","0","0","0","0","0","0","1","0","","0","0","0","07","5","1","00","2","40 09:09.700","6","00","76 13:56.500","3","0","0","0","36235","0","0","0","N","0","0","0","1","36506","0","","4","02","N","N","0","","1","0","0","0","0","Y","0752","1","1","0","0","0","0","0","1","1","1","N","","","","","","","","","","","0817","03","","","N","N"
"1720","0","0","0","0","0","0","0","0","0","98","0","","36","11","2021","2021114050","1","40.2068","-76.1457","1715","08","0","0","0","0","0","1","0","0","","0","0","0","17","2","0","00","0","40 12:24.637","","00","76 08:44.384","0","0","0","0","36210","0","0","0","N","0","0","0","2","36210","0","","1","01","N","N","0","","0","0","1","0","0","","1715","0","1","0","0","0","0","0","1","0","1","N","","","","","","","","","","","","03","","","N","Y"
"1720","1","0","0","0","0","0","0","0","0","1","0","","36","11","2021","2021111766","3","40.0706","-76.3079","1715","08","0","0","0","0","0","1","1","0","","0","0","0","17","3","0","00","1","40 04:14.213","1","00","76 18:28.585","0","0","0","0","36101","0","0","0","N","0","0","0","3","36101","0","","1","01","N","N","0","","0","0","2","0","0","Y","1712","0","3","0","0","0","0","0","3","0","3","N","","","","","","","","","","","1800","03","","","N","N"
"0923","1","0","0","0","0","0","0","0","0","4","0","","36","11","2021","2021112626","5","40.0819","-76.351","0917","08","0","0","0","0","0","0","0","0","","0","0","0","09","1","3","01","1","40 04:54.975","2","02","76 21:03.454","3","0","0","0","36214","0","0","0","N","0","0","0","4","36214","2","","1","01","N","N","0","","1","0","0","3","2","N","0915","3","2","0","0","0","0","0","3","1","2","N","","","","","","","","","","","1009","03","03","","N",""
"0327","1","0","0","0","0","0","0","0","0","1","0","","36","12","2021","2021123710","4","39.9104","-76.263","0314","08","0","0","0","0","0","0","0","0","","0","0","0","03","2","0","00","0","39 54:37.597","","00","76 15:46.882","0","0","0","0","36229","0","0","0","N","0","0","0","1","68J01","0","","4","01","N","N","2","","0","0","0","0","0","","0309","0","3","0","0","0","0","0","1","0","3","N","","","","","","","","","","","","03","","","N","N"
"1440","1","0","0","1","0","0","0","0","0","4","0","","36","12","2021","2021121280","7","40.1591","-76.2118","1437","08","0","0","0","0","0","0","0","0","","0","0","0","14","1","1","00","9","40 09:32.700","","07","76 12:42.500","3","0","0","0","36402","1","0","0","N","0","0","0","2","36238","0","","1","01","N","N","0","","1","0","0","0","0","","1437","1","2","0","0","0","0","0","2","0","1","N","","","","","","","","","","","","03","","","N","N"
"2347","1","0","0","0","0","0","0","0","0","7","0","","36","12","2021","2021122567","3","39.9887","-76.3139","2344","08","0","0","0","0","0","0","0","0","","0","0","0","23","2","0","00","2","39 59:19.396","5","00","76 18:50.077","9","0","0","0","36228","0","0","0","N","0","0","0","1","36228","0","","5","01","N","N","0","","0","0","0","0","0","N","2343","0","1","0","0","0","0","1","1","0","1","N","","","","","","","","","","","0020","03","","","N","N"
"1133","1","0","0","0","0","0","0","0","0","1","0","","36","11","2021","2021113461","7","40.0719","-76.2872","1129","08","0","0","0","0","0","1","0","0","","0","0","0","11","1","0","00","1","40 04:18.856","2","00","76 17:13.941","0","0","0","0","36101","0","0","0","N","0","0","0","5","36101","0","","1","01","N","N","0","","0","0","1","0","0","N","1127","0","2","0","0","0","0","0","3","0","2","N","","","","","","","","","","","1209","03","03","","N","N"
"0514","2","0","0","0","0","0","0","0","0","5","0","","36","11","2021","2021119733","7","40.0237","-76.1993","0510","08","0","0","0","0","0","1","0","0","","0","0","0","05","3","0","00","2","40 01:25.396","3","00","76 11:57.374","0","0","0","0","36215","0","0","0","N","0","0","0","5","36215","0","","1","01","N","N","0","","0","0","0","0","0","N","0507","0","2","0","0","0","0","0","1","0","2","N","","","","","","","","","","","0622","03","03","","N","N"
"1229","1","0","0","1","0","0","0","0","0","4","0","","36","12","2021","2021119240","5","40.038","-76.3448","1212","08","0","0","0","0","0","0","1","0","","0","0","0","12","1","1","00","0","40 02:16.792","","07","76 20:41.312","8","0","0","0","36223","1","0","0","N","0","0","0","3","36214","0","","2","01","N","N","0","","0","0","0","0","0","","1209","1","2","0","0","0","1","0","1","0","1","N","","","","","","","","","","","","03","03","","N","N"
"1831","2","0","0","0","0","0","0","0","0","1","0","","36","12","2021","2021120803","7","40.1771","-76.6007","1825","08","0","0","0","0","0","0","0","0","","0","0","0","18","2","0","03","0","40 10:37.459","","02","76 36:02.695","0","0","0","0","36225","0","0","0","N","0","0","0","2","36505","0","","1","01","N","N","0","","0","0","0","3","4","","1823","0","2","0","0","0","0","0","2","0","2","N","","","","","","","","","","","","03","03","","N",""
"0622","0","0","0","0","0","0","0","0","0","4","0","","36","11","2021","2021121882","5","39.9044","-76.0319","0609","08","0","0","0","0","0","0","0","0","","0","0","0","06","5","0","01","1","39 54:15.661","2","00","76 01:54.945","0","0","0","0","36201","0","0","0","N","0","0","0","2","68J01","0","","1","01","N","N","0","","0","0","1","3","3","N","0607","0","2","0","0","1","0","0","1","1","2","N","","","","","","","","","","","0700","05","","","N","N"
"1650","0","0","0","0","0","0","0","0","0","1","0","","36","11","2021","2021114847","6","40.0552","-76.268","1642","08","0","0","0","0","0","0","0","0","","0","0","0","16","4","0","00","0","40 03:18.806","","03","76 16:04.943","0","0","0","0","36215","0","0","0","N","0","0","0","3","36215","0","","1","01","N","N","0","","0","0","1","0","0","","1639","0","2","0","0","0","0","0","1","1","2","N","","","","","","","","","","","","03","","","N","N"
"1556","0","0","0","0","0","0","0","0","0","1","0","","36","12","2021","2021124549","2","39.9862","-76.2823","1551","08","0","0","0","0","0","1","0","0","","0","0","0","15","1","0","00","0","39 59:10.183","","00","76 16:56.196","0","0","0","0","36240","0","0","0","N","0","0","0","2","36240","0","","1","01","N","N","0","","0","0","2","3","2","","1549","0","2","0","0","0","0","0","1","0","2","N","","","","","","","","","","","","03","","","N","Y"
"1547","2","0","0","0","0","0","0","0","0","1","0","","36","12","2021","2021122625","3","40.0253","-76.3235","1541","08","0","0","0","0","0","1","0","0","","0","0","0","15","1","1","00","0","40 01:31.200","","00","76 19:24.700","3","0","0","0","36301","0","0","0","N","0","0","0","4","36301","0","","1","01","N","N","1","","1","0","3","0","0","","1538","1","6","0","0","0","0","1","3","0","6","N","","","","","","","","","","","","03","03","","Y","N"
"1556","2","0","0","0","0","0","0","0","0","1","0","","36","11","2021","2021120041","2","40.0053","-76.1071","1548","08","0","0","0","1","0","0","0","0","","0","0","0","15","1","2","00","1","40 00:18.951","3","00","76 06:25.586","3","0","0","0","36226","0","0","0","N","0","0","0","3","68J01","0","","1","01","N","N","0","","1","0","1","0","0","N","1547","2","3","0","0","0","1","0","1","0","3","N","","","","","","","","","","","1612","03","","","N","N"
"0730","1","0","0","0","0","0","0","0","0","1","0","","36","11","2021","2021112664","3","40.1729","-76.1715","0727","08","0","0","0","0","1","0","0","0","","0","0","0","07","1","0","00","2","40 10:22.481","4","00","76 10:17.267","0","0","0","0","36408","0","0","0","N","0","0","0","2","36408","0","","1","01","N","N","0","","0","0","1","0","0","Y","0725","0","2","0","0","0","0","0","2","0","2","N","","","","","","","","","","","0815","03","","","N","N"
"1605","1","0","0","0","0","0","0","0","0","4","0","","36","11","2021","2021112442","4","40.0579","-76.2808","1601","08","0","0","0","0","0","2","0","1","","0","0","0","15","1","2","01","1","40 03:28.276","1","00","76 16:50.908","4","0","0","0","36101","0","0","0","N","0","0","0","3","36101","2","","1","01","N","N","1","","0","0","1","3","2","N","1558","2","3","0","0","0","0","0","3","0","3","N","","","","","","","","","","","1658","04","04","","N",""
"2218","2","0","0","0","0","0","0","0","0","1","0","","36","11","2021","2021117610","6","40.1612","-76.1521","2216","08","0","0","0","0","0","1","0","0","","0","0","0","22","3","1","06","1","40 09:40.421","2","02","76 09:07.452","3","0","0","0","36238","0","0","0","N","0","0","0","2","36238","0","","7","01","N","N","0","","1","0","0","3","4","N","2216","1","2","0","0","0","0","0","3","0","2","N","","","","","","","","","","","2303","03","","","N","N"
"1654","0","0","0","0","0","0","0","0","0","4","0","","36","11","2021","2021115459","5","40.2331","-76.1372","1649","08","0","1","0","0","0","0","0","0","","0","0","0","16","3","2","01","1","40 13:59.328","2","00","76 08:13.950","3","0","0","0","36405","0","0","0","N","0","0","0","2","36210","1","","1","01","N","N","0","","1","0","2","3","2","Y","1649","2","2","0","0","0","0","0","1","0","2","N","","","","","","","","","","","1735","03","","","N","N"
"2315","1","0","0","0","0","0","0","0","0","7","0","","36","12","2021","2021126270","3","40.1507","-76.2648","2312","08","0","1","0","0","0","0","0","0","","0","0","0","23","2","0","00","0","40 09:02.368","","00","76 15:53.280","0","0","0","0","36235","0","0","0","N","0","0","0","1","36506","0","","4","09","N","N","0","","0","0","0","0","0","","2312","0","1","0","0","0","0","0","1","0","1","N","","","","","","","","","","","","07","07","","N","N"
"0639","0","0","0","0","0","0","0","0","0","7","0","","36","12","2021","2021125776","4","40.2181","-76.1511","0625","08","0","0","0","0","1","0","0","0","","0","0","0","06","3","1","00","2","40 13:05.000","5","00","76 09:03.800","3","0","0","0","36210","0","0","0","N","0","0","0","1","36210","0","","4","02","N","N","0","","1","0","1","0","0","Y","0625","1","1","0","0","0","0","0","1","0","1","N","","","","","","","","","","","0740","05","","","N","Y"
"0644","1","0","0","0","0","0","0","0","0","1","0","","36","12","2021","2021118924","2","40.1032","-76.0955","0642","08","0","0","1","0","0","0","0","0","","0","0","0","06","3","1","00","0","40 06:11.524","","00","76 05:43.828","3","0","0","0","36415","0","0","0","N","0","0","0","1","36415","0","","6","09","N","N","0","","1","0","1","0","0","","0642","1","2","0","0","0","0","0","1","0","2","N","","","","","","","","","","","","04","","","N","N"
"1336","0","0","0","0","0","0","0","0","0","7","0","","36","12","2021","2021121269","3","40.038","-76.4042","1332","08","0","0","0","0","0","1","0","0","","0","0","0","13","1","1","00","1","40 02:16.855","3","00","76 24:14.984","4","0","0","0","36223","0","0","0","N","0","0","0","1","36223","1","","4","01","N","N","0","","0","0","1","0","0","Y","1328","1","1","0","0","0","0","0","1","0","1","N","","","","","","","","","","","1408","03","","","N","N"
"1957","0","0","0","0","0","0","0","0","0","8","0","","36","11","2021","2021114060","5","40.1784","-76.1769","1955","08","0","0","0","0","0","0","0","0","","0","0","0","19","3","1","00","0","40 10:42.302","","00","76 10:37.004","4","0","0","0","36408","1","0","0","N","1","0","0","2","36408","1","","1","09","N","N","0","","0","0","0","0","0","","1950","1","2","0","0","0","0","0","2","1","1","N","","","","","","","","","","","","07","","","N","N"