"ARRIVAL_TM","AUTOMOBILE_COUNT","BELTED_DEATH_COUNT","BELTED_SUSP_SERIOUS_INJ_COUNT","BICYCLE_COUNT","BICYCLE_DEATH_COUNT","BICYCLE_SUSP_SERIOUS_INJ_COUNT","BUS_COUNT","CHLDPAS_DEATH_COUNT","CHLDPAS_SUSP_SERIOUS_INJ_COUNT","COLLISION_TYPE","COMM_VEH_COUNT","CONS_ZONE_SPD_LIM","COUNTY","CRASH_MONTH","CRASH_YEAR","CRN","DAY_OF_WEEK","DEC_LAT","DEC_LONG","DISPATCH_TM","DISTRICT","DRIVER_COUNT_16YR","DRIVER_COUNT_17YR","DRIVER_COUNT_18YR","DRIVER_COUNT_19YR","DRIVER_COUNT_20YR","DRIVER_COUNT_50_64YR","DRIVER_COUNT_65_74YR","DRIVER_COUNT_75PLUS","EST_HRS_CLOSED","FATAL_COUNT","HEAVY_TRUCK_COUNT","HORSE_BUGGY_COUNT","HOUR_OF_DAY","ILLUMINATION","INJURY_COUNT","INTERSECT_TYPE","LANE_CLOSED","LATITUDE","LN_CLOSE_DIR","LOCATION_TYPE","LONGITUDE","MAX_SEVERITY_LEVEL","MCYCLE_DEATH_COUNT","MCYCLE_SUSP_SERIOUS_INJ_COUNT","MOTORCYCLE_COUNT","MUNICIPALITY","NONMOTR_COUNT","NONMOTR_DEATH_COUNT","NONMOTR_SUSP_SERIOUS_INJ_COUNT","NTFY_HIWY_MAINT","PED_COUNT","PED_DEATH_COUNT","PED_SUSP_SERIOUS_INJ_COUNT","PERSON_COUNT","POLICE_AGCY","POSSIBLE_INJ_COUNT","RDWY_SURF_TYPE_CD","RELATION_TO_ROAD","ROAD_CONDITION","SCH_BUS_IND","SCH_ZONE_IND","SMALL_TRUCK_COUNT","SPEC_JURIS_CD","SUSP_MINOR_INJ_COUNT","SUSP_SERIOUS_INJ_COUNT","SUV_COUNT","TCD_FUNC_CD","TCD_TYPE","TFC_DETOUR_IND","TIME_OF_DAY","TOT_INJ_COUNT","TOTAL_UNITS","UNB_DEATH_COUNT","UNB_SUSP_SERIOUS_INJ_COUNT","UNBELTED_OCC_COUNT","UNK_INJ_DEG_COUNT","UNK_INJ_PER_COUNT","URBAN_RURAL","VAN_COUNT","VEHICLE_COUNT","WORK_ZONE_IND","WORK_ZONE_LOC","WORK_ZONE_TYPE","WORKERS_PRES","WZ_CLOSE_DETOUR","WZ_FLAGGER","WZ_LAW_OFFCR_IND","WZ_LN_CLOSURE","WZ_MOVING","WZ_OTHER","WZ_SHLDER_MDN","ROADWAY_CLEARED","WEATHER1","WEATHER2","WZ_WORKERS_INJ_KILLED","SECONDARY_CRASH","INTERSECTION_RELATED"
"1609","0","0","0","0","0","0","0","0","0","1","0","","36","11","2021","2021114571","2","40.0623","-76.3432","1605","08","0","0","0","0","0","1","0","0","","0","0","0","16","1","1","00","1","40 03:44.233","4","03","76 20:35.579","8","0","0","0","36214","0","0","0","N","0","0","0","3","36214","0","","1","01","N","N","1","","0","0","1","0","0","N","1603","1","2","0","0","0","1","0","3","0","2","N","","","","","","","","","","","1649","03","03","","N","N"
"0417","0","0","0","0","0","0","0","0","0","7","0","","36","11","2021","2021114346","3","40.1098","-76.4391","0410","08","0","0","0","0","0","0","0","0","","0","0","0","03","2","1","00","1","40 06:35.117","3","03","76 26:20.694","3","0","0","0","36230","0","0","0","N","0","0","0","1","36410","0","","4","01","N","N","0","","1","0","1","0","0","N","0353","1","1","0","0","0","0","0","1","0","1","N","","","","","","","","","","","0439","03","","","N","N"
"2031","0","0","0","0","0","0","0","0","0","1","0","","36","11","2021","2021113836","6","40.0417","-76.3638","2029","08","0","0","0","0","0","1","0","0","","0","0","0","20","3","0","03","0","40 02:30.029","","00","76 21:49.816","0","0","0","0","36214","0","0","0","N","0","0","0","3","36214","0","","1","01","N","N","0","","0","0","2","3","2","","2026","0","3","0","0","0","0","0","3","1","3","N","","","","","","","","","","","","03","","","N",""
"2355","1","0","0","0","0","0","0","0","0","7","0","","36","12","2021","2021123021","7","40.1516","-76.1637","2340","08","0","0","0","0","0","0","0","0","","0","0","0","23","2","0","00","0","40 09:05.808","","00","76 09:49.208","0","0","0","0","36238","0","0","0","Y","0","0","0","1","36238","0","","3","01","N","N","0","","0","0","0","0","0","","2340","0","1","0","0","0","0","0","3","0","1","N","","","","","","","","","","","","03","","","N","N"
"1450","1","0","0","0","0","0","0","0","0","1","0","","36","12","2021","2021124060","2","40.0787","-76.3464","1450","08","0","0","0","0","0","1","0","0","","0","0","0","14","1","0","02","0","40 04:41.635","","00","76 20:46.699","0","0","0","0","36101","0","0","0","N","0","0","0","3","36101","0","","1","01","N","N","0","","0","0","1","3","3","","1450","0","2","0","0","0","0","0","3","0","2","N","","","","","","","","","","","","03","03","","N",""
"1633","3","0","0","0","0","0","0","0","0","1","0","","36","12","2021","2021124109","3","40.0643","-76.338","1627","08","0","0","0","1","0","0","0","0","","0","0","0","16","1","0","00","1","40 03:51.636","4","00","76 20:16.965","9","0","0","0","36301","0","0","0","N","0","0","0","4","36301","0","","1","01","N","N","0","","0","0","0","0","0","N","1627","0","4","0","0","0","0","1","3","0","4","N","","","","","","","","","","","1645","03","03","","Y","N"
"1714","1","0","0","0","0","0","0","0","0","1","0","","36","11","2021","2021115729","6","40.0787","-76.3464","1700","08","0","0","0","0","0","2","0","0","","0","0","0","16","2","0","06","0","40 04:41.635","","02","76 20:46.699","0","0","0","0","36101","0","0","0","N","0","0","0","2","36101","0","","1","01","N","N","0","","0","0","1","3","3","","1649","0","2","0","0","0","0","0","3","0","2","N","","","","","","","","","","","","03","03","","N",""
"0959","0","0","0","0","0","0","0","0","0","4","0","","36","11","2021","2021111469","3","39.9657","-76.273","0954","08","0","0","0","0","0","1","0","0","","0","0","0","09","1","0","01","1","39 57:56.645","2","00","76 16:22.722","0","0","0","0","36228","0","0","0","N","0","0","0","2","36228","0","","1","01","N","N","0","","0","0","2","0","0","N","0954","0","2","0","0","0","0","0","1","0","2","N","","","","","","","","","","","1005","03","","","N","N"
"1122","0","0","0","0","0","0","0","0","0","4","0","","36","11","2021","2021113459","7","40.0569","-76.3112","1113","08","0","0","0","0","0","0","0","0","","0","0","0","11","1","0","01","0","40 03:24.706","","00","76 18:40.172","0","0","0","0","36101","0","0","0","N","0","0","0","2","36101","0","","1","01","N","N","0","","0","0","2","3","2","","1111","0","2","0","0","0","0","0","3","0","2","N","","","","","","","","","","","","03","","","N",""
"1744","0","0","0","0","0","0","0","0","0","1","0","","36","11","2021","2021112058","3","40.0546","-76.3808","1736","08","0","0","0","0","0","0","0","1","","0","0","0","17","2","0","02","0","40 03:16.545","","00","76 22:50.711","0","0","0","0","36214","0","0","0","N","0","0","0","2","36214","0","","1","01","N","N","0","","0","0","2","3","2","","1736","0","2","0","0","0","0","0","3","0","2","N","","","","","","","","","","","","03","","","N",""
"1115","1","0","0","1","0","0","0","0","0","4","0","","36","11","2021","2021112633","3","40.1699","-76.387","1115","08","0","0","0","0","0","1","0","0","","0","0","0","11","1","1","00","2","40 10:11.770","5","07","76 23:13.250","3","0","0","0","36227","1","0","0","N","0","0","0","2","36506","0","","1","01","N","N","0","","1","0","0","0","0","N","1115","1","2","0","0","0","0","0","1","0","1","N","","","","","","","","","","","1120","03","","","N","N"
"1333","1","0","0","0","0","0","0","0","0","1","0","","36","11","2021","2021114339","6","40.1093","-76.2501","1329","08","0","0","0","0","0","2","1","0","","0","0","0","13","1","3","01","2","40 06:33.403","7","00","76 15:00.444","3","0","0","0","36101","0","0","0","N","0","0","0","6","36101","0","","1","01","N","N","0","","3","0","4","0","0","Y","1327","3","5","0","0","0","0","0","3","0","5","N","","","","","","","","","","","1426","03","","","N",""
"1520","1","0","0","0","0","0","0","0","0","8","0","","36","11","2021","2021114929","5","40.2106","-76.0404","1450","08","0","0","0","0","0","1","0","0","","0","0","0","14","1","1","00","0","40 12:38.100","","00","76 02:25.400","8","0","0","0","36202","1","0","0","N","1","0","0","2","68T06","0","","1","01","N","N","0","","0","0","0","0","0","","1450","1","2","0","0","0","1","0","1","0","1","N","","","","","","","","","","","","03","","","N","N"
"1437","0","0","1","0","0","0","0","0","0","1","0","","36","11","2021","2021114097","5","40.087","-76.3287","1434","08","0","0","0","0","0","2","0","0","","0","0","0","14","1","1","00","2","40 05:13.218","5","00","76 19:43.220","2","0","0","0","36101","0","0","0","N","0","0","0","2","36101","0","","1","01","N","N","0","","0","1","2","0","0","Y","1430","1","2","0","0","0","0","0","3","0","2","N","","","","","","","","","","","1534","03","03","","N","Y"
"1541","0","0","0","0","0","0","0","0","0","2","0","","36","11","2021","2021117193","4","40.0399","-76.0133","1514","08","0","0","0","0","0","1","0","0","","0","0","0","14","1","2","00","2","40 02:23.615","5","00","76 00:47.893","3","0","0","0","36232","0","0","0","N","0","0","0","2","68J01","0","","1","01","N","N","2","","2","0","0","0","0","Y","1453","2","2","0","0","0","0","0","1","0","2","N","","","","","","","","","","","1600","03","03","","N","N"
"1459","1","0","0","0","0","0","0","0","0","4","0","","36","11","2021","2021114349","5","40.1133","-76.4512","1441","08","0","0","0","0","0","0","2","0","","0","0","0","14","1","2","01","1","40 06:47.876","5","00","76 27:04.154","3","0","0","0","36230","0","0","0","N","0","0","0","2","36410","0","","1","01","N","N","0","","2","0","1","3","2","N","1441","2","2","0","0","0","0","0","1","0","2","N","","","","","","","","","","","0030","03","03","","N",""
"1212","1","0","0","0","0","0","0","0","0","8","0","","36","11","2021","2021113463","1","40.0602","-76.3078","1206","08","0","0","0","0","0","0","0","0","","0","0","0","11","1","1","00","0","40 03:36.800","","00","76 18:28.100","8","0","0","0","36101","1","0","0","N","1","0","0","2","36101","0","","1","01","N","N","0","","0","0","0","0","0","","1159","1","2","0","0","0","1","0","3","0","1","N","","","","","","","","","","","","04","","","N","N"
"1726","0","0","0","0","0","0","0","0","0","1","0","","36","12","2021","2021124569","4","40.1312","-76.5638","1724","08","0","0","0","0","0","0","0","0","","0","0","0","17","3","0","01","2","40 07:52.429","2","00","76 33:49.559","0","0","0","0","36225","0","0","0","N","0","0","0","2","36505","0","","1","01","N","N","0","","0","0","2","3","2","Y","1724","0","2","0","0","0","0","0","2","0","2","N","","","","","","","","","","","1830","03","03","","N",""
"0747","2","0","0","0","0","0","0","0","0","4","0","","36","11","2021","2021112278","5","40.0428","-76.2899","0746","08","0","0","0","0","0","0","0","1","","0","0","0","07","1","0","01","2","40 02:34.216","2","00","76 17:23.632","0","0","0","0","36301","0","0","0","N","0","0","0","2","36301","0","","1","01","N","N","0","","0","0","0","3","3","Y","0744","0","2","0","0","0","0","0","3","0","2","N","","","","","","","","","","","0830","03","03","","N",""
"1738","0","0","0","0","0","0","0","0","0","4","0","","36","11","2021","2021123489","2","40.0402","-76.2391","1731","08","0","0","0","0","0","1","0","0","","0","0","0","17","3","1","01","1","40 02:24.730","6","00","76 14:20.844","3","0","0","0","36215","0","0","0","N","0","0","0","3","36215","0","","1","01","N","N","0","","1","0","2","3","2","Y","1730","1","2","0","0","0","0","0","1","0","2","N","","","","","","","","","","","1828","03","03","","N",""
"1341","0","0","0","0","0","0","0","0","0","0","0","","36","11","2021","2021126004","1","40.2315","-76.1257","1317","08","0","0","0","0","0","0","0","0","","0","0","0","13","1","1","00","1","40 13:52.576","3","00","76 07:30.315","3","0","0","1","36210","0","0","0","N","0","0","0","1","68T06","0","","1","01","N","N","0","","1","0","0","0","0","N","1315","1","1","0","0","0","0","0","1","0","1","N","","","","","","","","","","","0100","03","","","N","N"
"0118","1","0","0","0","0","0","0","0","0","1","0","","36","11","2021","2021113839","1","40.1478","-76.3016","0118","08","0","0","0","0","0","0","0","0","","0","0","0","01","3","0","00","0","40 08:52.100","","00","76 18:05.700","0","0","0","0","36409","2","0","0","N","0","0","0","3","36409","0","","6","01","N","N","0","","0","0","1","0","0","","0118","0","2","0","0","0","0","0","3","0","2","N","","","","","","","","","","","","03","","","N","N"
"2009","0","0","0","0","0","0","0","0","0","4","0","","36","11","2021","2021117641","1","40.1602","-76.6632","2001","08","0","0","0","0","0","0","0","1","","0","0","0","19","2","0","02","1","40 09:36.720","6","00","76 39:47.415","0","0","0","0","36237","0","0","0","N","0","0","0","2","36505","0","","1","01","N","N","0","","0","0","1","3","3","N","1950","0","2","0","0","0","0","0","1","1","2","N","","","","","","","","","","","2001","03","03","","N",""
"0909","1","0","0","0","0","0","0","0","0","4","0","","36","11","2021","2021113843","7","40.0936","-76.3506","0909","08","0","0","0","0","0","0","1","0","","0","0","0","09","1","0","01","0","40 05:36.817","","00","76 21:02.132","0","0","0","0","36406","0","0","0","N","0","0","0","2","36506","0","","1","01","N","N","0","","0","0","1","3","2","","0908","0","2","0","0","0","0","0","3","0","2","N","","","","","","","","","","","","03","03","","N",""
"1756","1","0","0","0","0","0","0","0","0","4","0","","36","11","2021","2021113835","6","40.0537","-76.3252","1747","08","0","0","0","0","0","1","0","0","","0","0","0","17","3","0","02","1","40 03:13.270","3","00","76 19:30.747","0","0","0","0","36101","0","0","0","N","0","0","0","6","36101","0","","1","01","N","N","1","","0","0","0","0","0","N","1744","0","2","0","0","0","0","0","3","0","2","N","","","","","","","","","","","1628","03","03","","N",""
"0645","1","0","0","0","0","0","0","0","0","7","0","","36","11","2021","2021112631","2","40.2681","-76.2241","0636","08","0","0","0","0","0","0","0","0","","0","0","0","06","2","1","00","2","40 16:05.050","5","00","76 13:26.710","3","0","0","0","36204","0","0","0","N","0","0","0","1","36506","0","","1","09","N","N","0","","1","0","0","0","0","N","0636","1","1","0","0","0","0","0","1","0","1","N","","","","","","","","","","","0045","04","","","N","N"
"0802","1","0","0","0","0","0","0","0","0","1","0","","36","11","2021","2021112635","5","40.2079","-76.2227","0758","08","0","1","0","0","0","0","0","0","","0","0","0","07","1","0","00","0","40 12:28.566","","00","76 13:21.768","0","0","0","0","36204","0","0","0","N","0","0","0","2","36506","0","","1","01","N","N","1","","0","0","0","3","2","","0758","0","2","0","0","0","0","0","1","0","2","N","","","","","","","","","","","","05","05","","N","Y"
"1450","2","0","0","0","0","0","0","0","0","5","0","","36","11","2021","2021114171","4","39.9887","-76.3179","1441","08","0","0","0","0","1","0","1","0","","0","0","0","14","1","2","00","2","39 59:19.396","5","07","76 19:04.338","4","0","0","0","36228","0","0","0","N","0","0","0","2","36228","1","","1","01","N","N","0","","0","0","0","0","0","Y","1441","2","2","0","0","0","1","0","1","0","2","N","","","","","","","","","","","1530","03","","","N","N"
"1804","1","0","0","0","0","0","0","0","0","7","0","","36","12","2021","2021125588","2","39.9514","-76.1189","1753","08","0","0","0","0","0","0","0","0","","0","0","0","17","2","0","00","2","39 57:04.966","6","00","76 07:07.907","0","0","0","0","36216","0","0","0","N","0","0","0","1","68J01","0","","4","09","N","N","0","","0","0","0","0","0","Y","1752","0","1","0","0","0","0","0","1","0","1","N","","","","","","","","","","","1900","07","","","N","N"
"2325","1","0","0","0","0","0","0","0","0","7","0","","36","12","2021","2021120083","1","39.9623","-75.9978","2312","08","0","0","0","1","0","0","0","0","","0","0","0","23","3","1","02","1","39 57:44.260","4","00","75 59:52.117","3","0","0","0","36231","0","0","0","N","0","0","0","1","68J01","0","","2","09","N","N","0","","1","0","0","0","0","N","2305","1","1","0","0","0","0","0","1","0","1","N","","","","","","","","","","","0015","07","","","N",""
"1626","1","0","0","0","0","0","0","0","0","4","0","","36","12","2021","2021127806","7","40.1612","-76.1521","1615","08","0","0","0","0","0","0","1","0","","0","0","0","16","1","1","06","0","40 09:40.421","","00","76 09:07.452","3","0","0","0","36238","0","0","0","N","0","0","0","6","36238","0","","7","01","N","N","1","","1","0","1","0","0","","1615","1","3","0","0","0","0","0","3","0","3","N","","","","","","","","","","","","03","","","N","Y"
"1652","1","0","0","0","0","0","0","0","0","1","0","","36","11","2021","2021114565","4","40.0425","-76.3272","1649","08","0","0","0","0","0","0","0","1","","0","0","0","16","4","1","00","0","40 02:32.885","","00","76 19:37.929","3","0","0","0","36220","0","0","0","N","0","0","0","4","36101","0","","1","01","N","N","2","","1","0","0","0","0","","1647","1","3","0","0","0","0","0","3","0","3","N","","","","","","","","","","","","03","","","N","N"
"2207","2","0","0","0","0","0","0","0","0","1","0","","36","11","2021","2021114848","6","40.0248","-76.2048","2206","08","0","0","0","1","0","1","0","0","","0","0","0","22","3","0","01","1","40 01:29.358","3","00","76 12:17.190","0","0","0","0","36215","0","0","0","N","0","0","0","6","36215","0","","1","01","N","N","0","","0","0","0","3","2","N","2205","0","2","0","0","0","0","0","1","0","2","N","","","","","","","","","","","2304","03","","","N",""
"0430","1","0","0","0","0","0","0","0","0","1","0","","36","11","2021","2021116183","1","40.0384","-76.3013","0429","08","0","0","0","0","0","0","0","0","","0","0","0","04","3","0","01","1","40 02:18.358","1","00","76 18:04.767","9","0","0","0","36301","0","0","0","N","0","0","0","3","36301","0","","1","01","N","N","0","","0","0","0","3","2","N","0425","0","2","0","0","0","0","1","3","1","2","N","","","","","","","","","","","0515","03","","","N",""
"0745","1","0","0","0","0","0","0","0","0","4","0","","36","11","2021","2021112858","6","40.0938","-76.2842","0731","08","1","0","0","0","0","0","0","0","","0","0","0","07","1","1","02","2","40 05:37.800","7","00","76 17:03.220","4","0","0","0","36101","0","0","0","N","0","0","0","3","36101","1","","1","01","N","N","0","","0","0","1","3","3","N","0728","1","2","0","0","0","0","0","3","0","2","N","","","","","","","","","","","0830","03","03","","N",""
"1637","2","0","0","0","0","0","0","0","0","6","0","","36","11","2021","2021122835","1","40.0294","-76.4933","1637","08","0","0","1","0","0","0","0","1","","0","0","0","16","3","1","00","2","40 01:45.800","6","00","76 29:36.000","4","0","0","0","36404","0","0","0","N","0","0","0","4","36404","1","","1","01","N","N","0","","0","0","0","0","0","Y","1632","1","2","0","0","1","0","0","3","0","2","N","","","","","","","","","","","1720","03","","","N","N"
"1432","0","0","0","0","0","0","0","0","0","7","0","","36","12","2021","2021126280","4","40.1269","-76.3062","1422","08","0","0","0","0","0","0","1","0","","0","0","0","14","1","0","02","0","40 07:36.965","","00","76 18:22.332","0","0","0","0","36235","0","0","0","N","0","0","0","1","36506","0","","3","01","N","N","0","","0","0","1","3","8","","1419","0","1","0","0","0","0","0","1","0","1","N","","","","","","","","","","","","03","","","N",""
"0630","2","0","0","0","0","0","0","0","0","4","0","","36","11","2021","2021117683","2","40.2148","-76.0885","0621","08","0","0","0","0","0","0","1","0","","0","0","0","06","2","0","03","0","40 12:53.458","","02","76 05:18.592","0","0","0","0","36210","0","0","0","N","0","0","0","2","36210","0","","1","01","N","N","0","","0","0","0","3","3","","0619","0","2","0","0","0","0","0","1","0","2","N","","","","","","","","","","","","03","","","N","N"
"1712","2","0","0","0","0","0","0","0","0","4","0","","36","11","2021","2021112627","5","40.0427","-76.3688","1704","08","0","0","0","0","0","0","0","0","","0","0","0","17","3","1","02","2","40 02:33.865","5","00","76 22:07.715","4","0","0","0","36214","0","0","0","N","0","0","0","3","36214","1","","1","09","N","N","0","","0","0","0","3","3","Y","1701","1","2","0","0","0","0","0","3","0","2","N","","","","","","","","","","","1800","07","03","","N",""
"1712","1","0","0","0","0","0","0","0","0","2","0","","36","11","2021","2021113302","7","40.1102","-76.3055","1706","08","0","0","0","0","0","0","0","0","","0","0","0","17","4","2","00","2","40 06:36.716","7","00","76 18:19.929","4","0","0","0","36101","0","0","0","N","0","0","0","3","36101","2","","1","01","N","N","0","","0","0","1","0","0","Y","1703","2","2","0","0","1","0","0","3","0","2","N","","","","","","","","","","","1828","03","03","","N","N"
"1241","1","0","0","0","0","0","0","0","0","1","0","","36","11","2021","2021113838","5","40.1498","-76.309","1239","08","0","0","0","0","0","0","2","0","","0","0","0","12","1","0","03","1","40 08:59.413","3","00","76 18:32.301","9","0","0","0","36409","0","0","0","N","0","0","0","2","36409","0","","1","01","N","N","0","","0","0","1","0","0","N","1237","0","2","0","0","0","0","2","3","0","2","N","","","","","","","","","","","1305","03","","","N",""
"1607","0","0","0","0","0","0","0","0","0","1","0","","36","11","2021","2021117609","4","40.1548","-76.206","1558","08","0","0","0","0","0","0","0","0","","0","0","0","15","1","1","00","0","40 09:17.419","","00","76 12:21.474","3","0","0","0","36402","0","0","0","N","0","0","0","3","36238","0","","1","01","N","N","1","","1","0","1","0","0","","1558","1","3","0","0","0","0","0","2","1","3","N","","","","","","","","","","","","03","","","N","N"
"1724","2","0","0","0","0","0","0","0","0","1","0","","36","12","2021","2021123020","3","40.1452","-76.2099","1724","08","0","0","0","1","0","0","1","0","","0","0","0","17","2","0","00","0","40 08:42.599","","00","76 12:35.701","0","0","0","0","36238","0","0","0","N","0","0","0","2","36238","0","","1","01","N","N","0","","0","0","0","0","0","","1724","0","2","0","0","0","0","0","3","0","2","N","","","","","","","","","","","","03","","","N","Y"
"2327","0","0","0","0","0","0","0","0","0","7","0","","36","11","2021","2021113433","7","40.0138","-76.263","2325","08","0","0","0","0","0","0","0","0","","0","0","0","23","2","0","00","0","40 00:49.700","","00","76 15:46.900","0","0","0","0","36240","0","0","0","N","0","0","0","1","36240","0","","5","01","N","N","0","","0","0","1","0","0","","2322","0","1","0","0","0","0","0","1","0","1","N","","","","","","","","","","","","03","03","","N","N"
"0800","2","0","0","0","0","0","0","0","0","1","0","","36","11","2021","2021113630","5","40.0425","-76.3088","0748","08","0","0","0","0","0","0","0","0","","0","0","0","07","1","1","00","1","40 02:33.000","4","00","76 18:31.800","3","0","0","0","36301","0","0","0","N","0","0","0","4","36301","0","","1","01","N","N","0","","1","0","1","0","0","N","0748","1","3","0","0","0","0","0","3","0","3","N","","","","","","","","","","","0839","03","03","","Y","Y"
"2347","0","0","0","0","0","0","0","0","0","0","0","","36","11","2021","2021113304","7","40.0527","-76.3814","2343","08","0","0","0","0","0","0","0","0","","0","0","0","23","2","1","00","1","40 03:09.561","3","00","76 22:52.943","3","0","0","1","36214","0","0","0","N","0","0","0","1","36214","0","","1","01","N","N","0","","1","0","0","0","0","N","2340","1","1","0","0","0","0","0","3","0","1","N","","","","","","","","","","","0023","03","","","N","N"
"0159","1","0","0","0","0","0","0","0","0","0","0","","36","11","2021","2021113844","1","40.1676","-76.2953","0156","08","0","1","0","0","0","0","0","0","","0","0","0","01","3","0","01","2","40 10:03.400","3","00","76 17:43.100","9","0","0","0","36235","0","0","0","N","0","0","0","3","36506","0","","5","01","N","N","0","","0","0","0","3","2","Y","0154","0","1","0","0","0","0","1","1","0","1","N","","","","","","","","","","","0245","03","","","N",""
"0937","1","0","0","0","0","0","0","0","0","1","0","","36","11","2021","2021112859","6","40.1086","-76.3055","0932","08","0","0","0","0","0","2","1","0","","0","0","0","09","1","1","00","0","40 06:30.865","","00","76 18:19.808","4","0","0","0","36101","0","0","0","N","0","0","0","3","36101","1","","1","01","N","N","0","","0","0","2","0","0","","0929","1","3","0","0","0","0","0","3","0","3","N","","","","","","","","","","","","03","","","N","N"
"2047","1","0","0","0","0","0","0","0","0","2","0","","36","05","2021","2021053952","1","40.0605","-76.3205","2047","08","0","1","0","0","0","0","0","0","","0","0","0","20","4","0","00","1","40 03:37.642","3","07","76 19:13.905","9","0","0","0","36301","0","0","0","N","0","0","0","2","36301","0","","1","01","N","N","1","","0","0","0","0","0","Y","2047","0","2","0","0","0","0","1","3","0","2","N","","","","","","","","","","","2047","03","03","","N","N"
"1200","0","0","0","0","0","0","0","0","0","4","0","","36","06","2021","2021060297","1","39.8663","-76.2538","1158","08","0","0","0","0","0","0","0","0","","0","0","0","11","1","2","00","2","39 51:58.644","6","07","76 15:13.597","8","0","0","0","36208","0","0","0","N","0","0","0","4","68J01","0","","1","01","N","N","1","","0","0","1","0","0","Y","1156","2","2","0","0","0","2","0","1","0","2","N","","","","","","","","","","","1650","03","03","","N","N"
"1615","1","0","0","0","0","0","0","0","0","7","0","","36","11","2021","2021116547","2","40.0074","-76.2791","1537","08","0","0","0","1","0","0","0","0","","0","0","0","15","1","1","00","2","40 00:26.700","5","00","76 16:44.800","3","0","0","0","36301","0","0","0","Y","0","0","0","3","36301","0","","4","01","N","N","0","","1","0","0","0","0","Y","1537","1","1","0","0","2","0","0","3","0","1","N","","","","","","","","","","","1730","03","98","","N","N"
"0902","1","0","0","0","0","0","0","0","0","1","0","","36","12","2021","2021128297","4","40.0871","-76.3547","0857","08","0","0","0","0","0","0","0","1","","0","0","0","08","1","0","00","0","40 05:13.440","","00","76 21:16.910","0","0","0","0","36214","0","0","0","N","0","0","0","4","36214","0","","1","09","N","N","0","","0","0","2","0","0","","0855","0","3","0","0","0","0","0","3","0","3","N","","","","","","","","","","","","04","04","","N","N"
"1634","0","0","0","0","0","0","0","0","0","7","0","","36","11","2021","2021108027","5","40.1344","-76.1354","1628","08","0","0","0","0","0","0","0","0","","0","0","0","16","1","0","00","0","40 08:03.693","","00","76 08:07.306","0","0","0","0","36209","0","0","0","N","0","0","0","1","36415","0","","4","01","N","N","0","","0","0","1","0","0","","1628","0","1","0","0","0","0","0","1","0","1","N","","","","","","","","","","","","03","03","","N","N"
"1749","1","0","0","0","0","0","0","0","0","4","0","","36","11","2021","2021114907","1","39.9607","-76.1712","1740","08","0","0","0","0","0","1","0","1","","0","0","0","17","2","1","02","2","39 57:38.389","7","00","76 10:16.146","3","0","0","0","36233","0","0","0","N","0","0","0","4","68J01","0","","1","01","N","N","0","","1","0","1","0","0","Y","1737","1","2","0","0","0","0","0","1","0","2","N","","","","","","","","","","","1835","03","","","N","N"
"1830","1","0","0","0","0","0","0","0","0","6","0","","36","11","2021","2021108299","5","40.136","-76.3037","1822","08","0","0","0","0","0","0","0","0","","0","0","0","18","4","2","00","0","40 08:09.516","","00","76 18:13.489","8","0","0","0","36235","0","0","0","N","0","0","0","3","36506","0","","1","01","N","N","0","","0","0","2","0","0","","1822","2","3","0","0","0","2","0","1","0","3","N","","","","","","","","","","","","03","03","","N","N"
"1949","2","0","0","0","0","0","0","0","0","1","0","","36","12","2021","2021126267","4","40.0335","-76.3246","1929","08","0","1","0","1","0","1","0","0","","0","0","0","19","3","0","01","1","40 02:00.452","2","00","76 19:28.588","0","0","0","0","36220","0","0","0","N","0","0","0","4","36101","0","","1","01","N","N","0","","0","0","1","0","0","N","1927","0","3","0","0","0","0","0","3","0","3","N","","","","","","","","","","","1953","03","03","","N",""
"1052","0","0","0","0","0","0","0","0","0","4","0","","36","11","2021","2021114844","1","40.0306","-76.2343","1048","08","0","0","0","0","0","0","1","0","","0","0","0","10","1","0","05","0","40 01:50.868","","00","76 14:03.471","0","0","0","0","36215","0","0","0","N","0","0","0","2","36215","0","","1","01","N","N","0","","0","0","2","3","2","","1047","0","2","0","0","0","0","0","1","0","2","N","","","","","","","","","","","","03","03","","N",""
"0658","1","0","0","0","0","0","0","0","0","1","0","","36","11","2021","2021112015","5","39.8965","-76.1573","0652","08","0","0","0","0","0","0","0","0","","0","0","0","06","5","0","02","0","39 53:47.283","","00","76 09:26.155","0","0","0","0","36416","0","0","0","N","0","0","0","2","36416","0","","1","01","N","N","1","","0","0","0","0","0","","0651","0","2","0","0","0","0","0","1","0","2","N","","","","","","","","","","","","05","","","N","N"
"2037","1","0","0","0","0","0","0","0","0","5","0","","36","11","2021","2021107180","3","40.047","-76.4848","1949","08","0","0","0","0","0","0","0","0","","0","0","0","19","2","0","00","0","40 02:49.310","","00","76 29:05.220","0","0","0","0","36239","0","0","0","N","0","0","0","1","36239","0","","2","01","N","N","0","","0","0","0","0","0","","1948","0","2","0","0","0","0","0","3","1","2","N","","","","","","","","","","","","03","03","","N","N"