"ARRIVAL_TM","AUTOMOBILE_COUNT","BELTED_DEATH_COUNT","BELTED_SUSP_SERIOUS_INJ_COUNT","BICYCLE_COUNT","BICYCLE_DEATH_COUNT","BICYCLE_SUSP_SERIOUS_INJ_COUNT","BUS_COUNT","CHLDPAS_DEATH_COUNT","CHLDPAS_SUSP_SERIOUS_INJ_COUNT","COLLISION_TYPE","COMM_VEH_COUNT","CONS_ZONE_SPD_LIM","COUNTY","CRASH_MONTH","CRASH_YEAR","CRN","DAY_OF_WEEK","DEC_LAT","DEC_LONG","DISPATCH_TM","DISTRICT","DRIVER_COUNT_16YR","DRIVER_COUNT_17YR","DRIVER_COUNT_18YR","DRIVER_COUNT_19YR","DRIVER_COUNT_20YR","DRIVER_COUNT_50_64YR","DRIVER_COUNT_65_74YR","DRIVER_COUNT_75PLUS","EST_HRS_CLOSED","FATAL_COUNT","HEAVY_TRUCK_COUNT","HORSE_BUGGY_COUNT","HOUR_OF_DAY","ILLUMINATION","INJURY_COUNT","INTERSECT_TYPE","LANE_CLOSED","LATITUDE","LN_CLOSE_DIR","LOCATION_TYPE","LONGITUDE","MAX_SEVERITY_LEVEL","MCYCLE_DEATH_COUNT","MCYCLE_SUSP_SERIOUS_INJ_COUNT","MOTORCYCLE_COUNT","MUNICIPALITY","NONMOTR_COUNT","NONMOTR_DEATH_COUNT","NONMOTR_SUSP_SERIOUS_INJ_COUNT","NTFY_HIWY_MAINT","PED_COUNT","PED_DEATH_COUNT","PED_SUSP_SERIOUS_INJ_COUNT","PERSON_COUNT","POLICE_AGCY","POSSIBLE_INJ_COUNT","RDWY_SURF_TYPE_CD","RELATION_TO_ROAD","ROAD_CONDITION","SCH_BUS_IND","SCH_ZONE_IND","SMALL_TRUCK_COUNT","SPEC_JURIS_CD","SUSP_MINOR_INJ_COUNT","SUSP_SERIOUS_INJ_COUNT","SUV_COUNT","TCD_FUNC_CD","TCD_TYPE","TFC_DETOUR_IND","TIME_OF_DAY","TOT_INJ_COUNT","TOTAL_UNITS","UNB_DEATH_COUNT","UNB_SUSP_SERIOUS_INJ_COUNT","UNBELTED_OCC_COUNT","UNK_INJ_DEG_COUNT","UNK_INJ_PER_COUNT","URBAN_RURAL","VAN_COUNT","VEHICLE_COUNT","WORK_ZONE_IND","WORK_ZONE_LOC","WORK_ZONE_TYPE","WORKERS_PRES","WZ_CLOSE_DETOUR","WZ_FLAGGER","WZ_LAW_OFFCR_IND","WZ_LN_CLOSURE","WZ_MOVING","WZ_OTHER","WZ_SHLDER_MDN","ROADWAY_CLEARED","WEATHER1","WEATHER2","WZ_WORKERS_INJ_KILLED","SECONDARY_CRASH","INTERSECTION_RELATED"
"0121","1","0","1","0","0","0","0","0","0","7","0","","36","11","2021","2021107181","4","40.0398","-76.5062","0117","08","0","0","0","0","0","0","0","0","","0","0","0","01","2","2","00","2","40 02:23.120","5","00","76 30:22.280","2","0","0","0","36239","0","0","0","N","0","0","0","2","36239","0","","4","01","N","N","0","","1","1","0","0","0","Y","0114","2","1","0","0","0","0","0","3","0","1","N","","","","","","","","","","","0206","03","03","","N","N"
"2325","1","0","0","0","0","0","0","0","0","7","0","","36","12","2021","2021126592","7","40.0708","-76.327","2322","08","0","0","0","1","0","0","0","0","","0","0","0","23","2","1","00","0","40 04:14.798","","02","76 19:37.288","4","0","0","0","36101","0","0","0","N","0","0","0","4","36101","1","","3","09","N","N","0","","0","0","0","0","0","","2301","1","1","0","0","0","0","0","3","0","1","N","","","","","","","","","","","","07","07","","N","N"
"1840","0","0","0","0","0","0","0","0","0","4","0","","36","11","2021","2021109932","6","40.1843","-76.6009","1833","08","0","0","0","0","0","1","0","0","","0","0","0","18","4","1","01","1","40 11:03.464","1","00","76 36:03.165","4","0","0","0","36225","0","0","0","N","0","0","0","2","36505","1","","1","01","N","N","1","","0","0","1","0","0","N","1832","1","2","0","0","1","0","0","2","0","2","N","","","","","","","","","","","1915","03","","","N",""
"1002","2","0","0","0","0","0","0","0","0","4","0","","36","11","2021","2021112134","7","39.9887","-75.9846","1000","08","0","0","0","0","0","1","1","0","","0","0","0","09","1","0","01","1","39 59:19.233","2","00","75 59:04.464","0","0","0","0","36232","0","0","0","N","0","0","0","5","68J01","0","","1","01","N","N","0","","0","0","1","3","3","Y","0959","0","3","0","0","0","0","0","1","0","3","N","","","","","","","","","","","0100","03","","","N","N"
"0609","2","0","0","0","0","0","0","0","0","1","0","","36","11","2021","2021110058","3","40.2165","-76.1202","0602","08","0","0","0","0","0","0","0","0","","0","0","0","06","2","0","00","0","40 12:59.556","","00","76 07:12.881","0","0","0","0","36210","1","0","0","N","0","0","0","2","36210","0","","2","01","N","N","0","","0","0","0","0","0","","0602","0","2","0","0","0","0","0","1","0","2","N","","","","","","","","","","","","03","","","N","N"
"1628","0","0","0","0","0","0","0","0","0","7","0","","36","12","2021","2021126531","7","39.9903","-76.2862","1624","08","0","0","0","0","0","0","0","0","","0","0","0","16","1","1","00","0","39 59:25.000","","00","76 17:10.300","8","0","0","0","36240","0","0","0","N","0","0","0","1","36240","0","","5","01","N","N","0","","0","0","1","0","0","","1622","1","1","0","0","1","1","0","1","0","1","N","","","","","","","","","","","","03","","","N","N"
"1258","0","0","0","0","0","0","0","0","0","4","0","","36","12","2021","2021127013","7","40.035","-76.5061","1254","08","0","0","0","0","0","0","0","1","","0","0","0","12","1","0","01","0","40 02:05.974","","00","76 30:21.888","0","0","0","0","36404","0","0","0","N","0","0","0","2","36404","0","","1","09","N","N","0","","0","0","2","3","3","","1254","0","3","0","0","0","0","0","3","1","3","N","","","","","","","","","","","","04","","","N",""
"1550","1","0","0","0","0","0","0","0","0","4","0","","36","11","2021","2021115627","3","40.0897","-76.0989","1545","08","0","0","0","0","1","0","0","0","","0","0","0","15","1","2","02","1","40 05:22.890","7","07","76 05:55.890","8","0","0","0","36209","0","0","0","N","0","0","0","2","36415","0","","1","01","N","N","0","","0","0","1","3","3","Y","1543","2","2","0","0","0","2","0","1","0","2","N","","","","","","","","","","","1628","04","","","N",""
"1825","1","0","0","0","0","0","0","0","0","1","0","","36","11","2021","2021112447","6","40.0401","-76.2315","1823","08","0","0","0","0","0","2","0","0","","0","0","0","18","3","0","00","1","40 02:24.193","4","00","76 13:53.376","0","0","0","0","36215","0","0","0","N","0","0","0","3","36215","0","","1","01","N","N","1","","0","0","1","0","0","N","1821","0","3","0","0","0","0","0","1","0","3","N","","","","","","","","","","","1855","03","03","","N","N"
"0815","0","0","0","0","0","0","0","0","0","7","0","","36","11","2021","2021108987","2","40.0115","-76.2995","0759","08","0","0","0","0","0","0","1","0","","0","0","0","07","1","0","00","0","40 00:41.584","","00","76 17:58.108","0","0","0","0","36240","0","0","0","N","0","0","0","1","36240","0","","4","01","N","N","0","","0","0","1","0","0","","0759","0","1","0","0","0","0","0","1","0","1","N","","","","","","","","","","","","03","","","N","N"
"1446","1","0","0","0","0","0","0","0","0","8","0","","36","09","2021","2021082971","5","39.9975","-76.3562","1443","08","0","0","0","0","1","0","0","0","","0","0","0","14","1","1","00","0","39 59:51.100","","00","76 21:22.300","3","0","0","0","36412","1","0","0","N","1","0","0","2","36501","0","","1","01","N","N","0","","1","0","0","0","0","","1443","1","2","0","0","0","0","0","3","0","1","N","","","","","","","","","","","","03","03","","N","N"
"1031","0","0","0","0","0","0","0","0","0","4","0","","36","11","2021","2021105385","3","39.9841","-76.2913","1026","08","0","0","0","0","0","1","0","0","","0","0","0","10","1","0","01","0","39 59:02.813","","00","76 17:28.847","0","0","0","0","36240","0","0","0","N","0","0","0","3","36228","0","","1","09","N","N","0","","0","0","1","3","2","","1026","0","2","0","0","0","0","0","1","1","2","N","","","","","","","","","","","","07","","","N","N"
"0707","0","0","0","0","0","0","0","0","0","7","0","","36","11","2021","2021108189","6","39.9145","-76.2396","0651","08","0","0","0","0","0","0","0","0","","0","0","0","06","2","1","00","1","39 54:52.100","4","00","76 14:22.700","3","0","0","0","36229","0","0","0","N","0","0","0","1","68J01","0","","4","01","N","N","1","","1","0","0","0","0","N","0648","1","1","0","0","0","0","0","1","0","1","N","","","","","","","","","","","0720","03","03","","N","N"
"0235","1","0","0","0","0","0","0","0","0","0","0","","36","11","2021","2021109933","1","40.128","-76.5151","0229","08","0","0","0","0","0","0","0","0","","0","0","0","02","2","0","00","1","40 07:40.657","4","00","76 30:54.524","0","0","0","0","36225","0","0","0","N","0","0","0","1","36505","0","","4","01","N","N","0","","0","0","0","0","0","Y","0229","0","1","0","0","0","0","0","2","0","1","N","","","","","","","","","","","0330","03","03","","N","N"
"1412","0","0","0","0","0","0","0","0","0","1","0","","36","11","2021","2021120455","5","39.9448","-76.2158","1407","08","0","0","0","0","0","1","1","0","","0","0","0","14","1","0","00","2","39 56:41.412","5","07","76 12:56.896","0","0","0","1","36233","0","0","0","N","0","0","0","2","68J01","0","","1","01","N","N","0","","0","0","1","0","0","Y","1404","0","2","0","0","0","0","0","1","0","2","N","","","","","","","","","","","1504","03","","","N","N"
"0742","1","0","0","0","0","0","0","0","0","4","0","","36","11","2021","2021115378","3","40.1249","-76.5548","0735","08","0","0","0","0","0","0","1","1","","0","0","0","07","1","0","02","0","40 07:29.801","","00","76 33:17.445","0","0","0","0","36237","0","0","0","N","0","0","0","2","36505","0","","1","01","N","N","1","","0","0","0","3","3","","0735","0","2","0","0","0","0","0","1","0","2","N","","","","","","","","","","","","03","03","","N",""
"1024","0","0","0","0","0","0","0","0","0","4","0","","36","11","2021","2021114138","4","40.0404","-76.3132","1022","08","0","0","0","0","0","0","1","0","","0","0","0","10","1","3","01","1","40 02:25.530","3","00","76 18:47.429","8","0","0","0","36301","0","0","0","N","0","0","0","3","36301","0","","1","01","N","N","0","","0","0","3","3","2","N","1022","3","3","0","0","0","3","0","3","0","3","N","","","","","","","","","","","1100","03","03","","Y","N"
"1528","3","0","0","0","0","0","0","0","0","4","0","","36","11","2021","2021109505","2","40.1233","-76.3753","1523","08","0","0","0","0","0","1","0","0","","0","0","0","15","1","0","01","0","40 07:23.702","","00","76 22:31.147","9","0","0","0","36214","0","0","0","N","0","0","0","3","36214","0","","1","01","N","N","0","","0","0","0","3","3","","1520","0","3","0","0","0","0","1","3","0","3","N","","","","","","","","","","","","03","","","N",""
"0738","0","0","0","0","0","0","0","0","0","1","0","","36","11","2021","2021113316","5","40.0546","-76.2693","0726","08","0","0","0","0","0","0","0","0","","0","0","0","07","1","0","03","0","40 03:16.502","","02","76 16:09.406","0","0","0","0","36301","0","0","0","N","0","0","0","2","36301","0","","1","01","N","N","0","","0","0","2","3","4","","0726","0","2","0","0","0","0","0","3","0","2","N","","","","","","","","","","","","03","","","N","N"
"1430","1","0","0","0","0","0","0","0","0","7","0","","36","12","2021","2021127112","7","40.1031","-76.5335","1425","08","0","0","0","0","0","0","0","0","","0","0","0","14","1","1","00","0","40 06:11.262","","00","76 32:00.705","8","0","0","0","36211","0","0","0","N","0","0","0","3","36504","0","","5","09","N","N","0","","0","0","0","0","0","N","1420","1","1","0","0","0","1","0","1","0","1","N","","","","","","","","","","","","03","07","","N","N"
"2232","1","0","0","0","0","0","0","0","0","7","0","","36","11","2021","2021112863","1","40.0564","-76.2703","2226","08","0","0","0","0","0","0","0","0","","0","0","0","22","2","0","06","1","40 03:22.880","4","02","76 16:13.119","0","0","0","0","36215","0","0","0","N","0","0","0","1","36215","0","","3","09","N","N","0","","0","0","0","0","0","Y","2223","0","2","0","0","0","0","0","1","0","1","N","","","","","","","","","","","2322","03","03","","N",""
"0706","1","0","0","0","0","0","0","0","0","7","0","","36","11","2021","2021110125","6","40.0979","-76.4067","0705","08","0","0","0","0","1","0","0","0","","0","0","0","07","2","0","00","1","40 05:52.296","4","00","76 24:24.013","0","0","0","0","36214","0","0","0","N","0","0","0","1","36214","0","","5","09","N","N","0","","0","0","0","0","0","N","0705","0","1","0","0","0","0","0","3","0","1","N","","","","","","","","","","","1000","07","","","N","N"
"1330","1","0","0","0","0","0","0","0","0","7","0","","36","11","2021","2021111532","1","40.1255","-76.5646","1324","08","0","0","0","0","0","0","0","0","","0","0","0","13","1","0","00","9","40 07:31.800","","00","76 33:52.400","9","0","0","0","36237","0","0","0","N","0","0","0","1","36505","0","","5","01","N","N","0","","0","0","0","0","0","","1323","0","1","0","0","0","0","1","1","0","1","N","","","","","","","","","","","","03","03","","N","N"
"0744","0","0","0","0","0","0","0","0","0","4","0","","36","11","2021","2021110464","5","40.001","-76.4215","0737","08","0","0","0","0","1","0","0","0","","0","0","0","07","5","0","01","0","40 00:03.498","","00","76 25:17.439","0","0","0","0","36223","0","0","0","N","0","0","0","2","36223","0","","1","01","N","N","1","","0","0","1","3","3","","0737","0","2","0","0","0","0","0","1","0","2","N","","","","","","","","","","","","03","03","","N",""
"1701","1","0","0","0","0","0","0","0","0","7","0","","36","11","2021","2021106776","5","40.0812","-76.351","1652","08","0","0","0","0","0","0","0","0","","0","0","0","16","1","1","00","1","40 04:52.210","4","03","76 21:03.756","3","0","0","0","36101","0","0","0","N","0","0","0","1","36214","0","","3","01","N","N","0","","1","0","0","0","0","N","1646","1","1","0","0","0","0","0","3","0","1","N","","","","","","","","","","","1735","03","03","","N","N"
"1902","0","0","0","0","0","0","0","0","0","98","0","","36","11","2021","2021108179","5","39.9898","-75.9995","1833","08","0","0","0","0","0","1","0","0","","0","0","0","18","1","0","00","0","39 59:23.284","","00","75 59:58.332","0","0","0","0","36232","0","0","0","N","0","0","0","1","68J01","0","","1","01","N","N","0","","0","0","1","0","0","","1819","0","1","0","0","0","0","0","1","0","1","N","","","","","","","","","","","","03","03","","N","N"
"0911","0","0","0","0","0","0","0","0","0","1","0","","36","11","2021","2021117911","3","40.1208","-76.2135","0906","08","0","0","0","0","0","1","0","0","","0","0","0","09","1","0","02","0","40 07:14.987","","00","76 12:48.553","0","0","0","0","36238","0","0","0","N","0","0","0","2","36238","0","","1","01","N","N","0","","0","0","1","0","0","","0906","0","2","0","0","0","0","0","3","1","2","N","","","","","","","","","","","","03","","","N",""
"1754","1","0","0","0","0","0","0","0","0","4","0","","36","12","2021","2021127843","7","40.2051","-76.3683","1747","08","0","0","0","0","0","0","0","0","","0","0","0","17","2","0","01","0","40 12:18.373","","00","76 22:05.793","0","0","0","0","36227","0","0","0","N","0","0","0","2","36506","0","","1","09","N","N","0","","0","0","1","3","3","","1746","0","2","0","0","0","0","0","1","0","2","N","","","","","","","","","","","","03","","","N",""
"1837","0","0","0","0","0","0","0","0","0","7","0","","36","12","2021","2021126594","7","40.1032","-76.4113","1835","08","0","0","0","0","0","0","0","0","","0","0","0","18","2","0","00","2","40 06:11.500","5","00","76 24:40.500","0","0","0","0","36214","0","0","0","N","0","0","0","1","36214","0","","4","09","N","N","1","","0","0","0","0","0","Y","1834","0","1","0","0","0","0","0","3","0","1","N","","","","","","","","","","","2230","07","","","N","N"
"0001","1","0","0","0","0","0","0","0","0","98","0","","36","11","2021","2021106774","4","40.0843","-76.2717","2354","08","0","0","0","0","0","0","0","0","","0","0","0","23","2","0","00","0","40 05:03.659","","00","76 16:18.228","0","0","0","0","36101","0","0","0","N","0","0","0","1","36101","0","","1","01","N","N","0","","0","0","0","0","0","","2352","0","1","0","0","0","0","0","3","0","1","N","","","","","","","","","","","","03","03","","N","N"
"0955","2","0","0","0","0","0","0","0","0","4","0","","36","11","2021","2021110615","1","40.1057","-76.4264","0950","08","0","0","0","0","0","0","0","0","","0","0","0","09","1","0","03","1","40 06:20.352","2","02","76 25:34.862","0","0","0","0","36214","0","0","0","N","0","0","0","6","36214","0","","1","01","N","N","0","","0","0","0","0","0","N","0950","0","2","0","0","0","0","0","3","0","2","N","","","","","","","","","","","1100","03","","","N",""
"1708","0","0","0","0","0","0","0","0","0","4","0","","36","11","2021","2021106588","5","40.1015","-76.0919","1703","08","0","0","0","0","0","0","1","0","","0","0","0","17","1","1","01","1","40 06:05.302","4","00","76 05:30.717","8","0","0","0","36415","0","0","0","N","0","0","0","2","36415","0","","1","01","N","N","1","","0","0","1","3","2","Y","1703","1","2","0","0","0","1","0","1","0","2","N","","","","","","","","","","","1720","03","03","","N",""
"0804","0","0","0","0","0","0","0","0","0","2","1","","36","12","2021","2022000649","4","40.2061","-76.3948","0746","08","0","0","0","0","0","2","0","0","","0","0","0","07","5","0","00","2","40 12:22.051","6","00","76 23:41.113","0","0","0","0","36227","0","0","0","N","0","0","0","3","36410","0","","1","02","N","N","2","","0","0","0","0","0","Y","0746","0","2","0","0","0","0","0","1","0","2","N","","","","","","","","","","","0840","05","","","N","N"
"0849","0","0","0","0","0","0","0","0","0","0","0","","36","11","2021","2022000683","5","40.0787","-75.9374","0822","08","0","0","0","0","0","0","0","1","","0","0","0","08","1","1","00","0","40 04:43.410","","00","75 56:14.680","3","0","0","0","36232","0","0","0","N","0","0","0","2","68J01","0","","2","01","N","N","1","","1","0","0","0","0","","0820","1","1","0","0","2","0","0","1","0","1","N","","","","","","","","","","","","03","03","","N","N"
"1718","0","0","0","0","0","0","0","0","0","1","0","","36","12","2021","2022000647","3","40.2213","-76.4323","1711","08","0","0","0","0","0","1","0","0","","0","0","0","17","2","1","01","1","40 13:16.697","2","00","76 25:56.245","8","0","0","0","36230","0","0","0","N","0","0","0","13","36410","0","","1","01","N","N","0","","0","0","2","0","0","Y","1710","1","2","0","0","2","1","0","1","0","2","N","","","","","","","","","","","1801","03","03","","N",""
"1225","1","0","0","0","0","0","0","0","0","1","0","","36","12","2021","2022000646","2","40.1618","-76.393","1222","08","0","0","0","0","0","0","0","0","","0","0","0","12","1","0","01","0","40 09:42.560","","00","76 23:34.873","0","0","0","0","36410","0","0","0","N","0","0","0","2","36410","0","","1","01","N","N","0","","0","0","1","0","0","","1213","0","2","0","0","0","0","0","2","0","2","N","","","","","","","","","","","","03","03","","N",""
"0645","0","0","0","0","0","0","0","0","0","7","2","","36","12","2021","2022003828","4","40.2363","-76.1296","0641","08","0","0","0","0","0","1","0","0","","0","1","0","06","5","1","00","0","40 13:40.795","","00","76 06:54.056","3","0","0","0","36210","0","0","0","N","0","0","0","3","68T06","0","","3","02","N","N","1","","1","0","1","0","0","","0641","1","3","0","0","0","0","0","1","0","3","N","","","","","","","","","","","","03","03","","N","N"
"1613","0","0","0","0","0","0","0","0","0","5","0","","36","12","2021","2022000365","5","40.2381","-76.2662","1604","08","0","0","0","0","0","1","0","0","","0","0","0","16","1","0","00","0","40 14:17.505","","00","76 15:56.272","0","0","0","0","36204","0","0","0","N","0","0","0","2","68T06","0","","1","01","N","N","0","","0","0","1","0","0","","1604","0","2","0","0","0","0","0","1","0","2","N","","","","","","","","","","","","03","","","N","N"
"2348","0","0","0","0","0","0","0","0","0","7","0","","36","12","2021","2022001854","5","40.0182","-76.1711","2344","08","0","0","0","0","0","0","0","0","","0","0","0","23","2","2","00","1","40 01:05.432","4","00","76 10:16.065","3","0","0","0","36215","0","0","0","N","0","0","0","4","36215","0","","5","01","N","N","0","","2","0","1","0","0","N","2342","2","1","0","0","0","0","0","1","0","1","N","","","","","","","","","","","0008","03","","","N","N"
"1243","2","0","0","0","0","0","0","0","0","1","0","","36","12","2021","2022002262","7","40.0315","-76.4805","1243","08","0","0","0","0","0","0","2","0","","0","0","0","12","1","0","00","0","40 01:53.328","","00","76 28:49.770","0","0","0","0","36404","0","0","0","N","0","0","0","2","36404","0","","1","09","N","N","0","","0","0","0","3","2","","1243","0","2","0","0","0","0","0","3","0","2","N","","","","","","","","","","","","04","07","","N","N"
"1634","1","0","0","0","0","0","0","0","0","4","1","","36","12","2021","2022000696","3","39.9875","-76.0194","1629","08","0","0","0","1","0","0","0","0","","0","0","0","16","1","0","00","0","39 59:14.990","","07","76 01:09.750","0","0","0","0","36232","0","0","0","N","0","0","0","2","68J01","0","","1","01","N","N","1","","0","0","0","0","0","","1610","0","2","0","0","0","0","0","1","0","2","N","","","","","","","","","","","","03","03","","N","N"
"2028","0","0","1","0","0","0","0","0","0","2","0","","36","10","2021","2022001166","5","40.006","-76.1863","2022","08","1","0","0","0","0","1","1","0","","1","0","0","20","2","3","00","2","40 00:21.668","5","03","76 11:10.789","1","1","0","1","36215","0","0","0","N","0","0","0","4","68J01","0","2","1","01","N","N","0","0","0","1","1","0","0","Y","2020","3","3","0","0","0","2","0","1","1","3","N","","","","","","","","","","","0239","03","03","","Y","N"
"1042","1","0","0","0","0","0","0","0","0","4","0","","36","12","2021","2022004565","5","40.0331","-76.5014","1042","08","0","0","0","0","0","0","0","0","","0","0","0","10","8","0","00","1","40 01:59.300","1","00","76 30:04.860","0","0","0","0","36404","0","0","0","N","0","0","0","2","36404","0","","1","09","N","N","1","","0","0","1","9","8","N","1042","0","3","0","0","0","0","0","3","0","3","N","","","","","","","","","","","1131","07","04","","Y","Y"
"2114","1","0","0","0","0","0","0","0","0","7","0","","36","12","2021","2022000851","6","40.148","-76.2817","2110","08","0","1","0","0","0","0","0","0","","0","0","0","21","2","0","02","2","40 08:52.873","7","00","76 16:54.225","0","0","0","0","36235","0","0","0","N","0","0","0","2","36506","0","","4","09","N","N","0","","0","0","0","3","3","Y","2109","0","1","0","0","0","0","0","1","0","1","N","","","","","","","","","","","2150","03","03","","N",""
"0105","2","0","0","0","0","0","0","0","0","4","0","","36","12","2021","2022003465","5","40.0267","-76.3113","0101","08","0","0","0","0","0","0","0","0","","0","0","0","00","2","0","02","0","40 01:36.001","","00","76 18:40.737","0","0","0","0","36301","0","0","0","N","0","0","0","1","36301","0","","1","01","N","N","0","","0","0","0","0","0","","0056","0","2","0","0","0","0","0","3","0","2","N","","","","","","","","","","","","03","03","","N",""
"2310","0","0","0","0","0","0","0","0","0","4","0","","36","12","2021","2022002014","7","40.0296","-76.2943","2308","08","0","0","0","0","0","1","0","0","","0","0","0","23","2","1","00","2","40 01:46.656","5","07","76 17:39.553","3","0","0","0","36301","0","0","0","N","0","0","0","2","36301","0","","6","09","N","N","0","","1","0","2","0","0","Y","2308","1","2","0","0","0","0","0","3","0","2","N","","","","","","","","","","","0016","07","","","N","N"
"1612","2","0","0","0","0","0","0","0","0","1","0","","36","12","2021","2022000042","6","40.0526","-76.3041","1610","08","0","0","0","1","0","0","0","0","","0","0","0","16","1","1","01","1","40 03:09.338","3","00","76 18:14.646","3","0","0","0","36301","0","0","0","N","0","0","0","2","36301","0","","1","01","N","N","0","","1","0","0","3","2","N","1609","1","2","0","0","0","0","0","3","0","2","N","","","","","","","","","","","1649","03","03","","N",""
"1349","1","0","0","0","0","0","0","0","0","7","0","","36","12","2021","2022001857","4","40.0776","-76.2586","1342","08","0","0","0","0","0","0","0","0","","0","0","0","13","1","1","00","1","40 04:39.312","6","00","76 15:31.108","3","0","0","0","36215","0","0","0","N","0","0","0","1","36215","0","","4","01","N","N","0","","1","0","0","0","0","N","1338","1","1","0","0","1","0","0","1","0","1","N","","","","","","","","","","","1423","03","03","","N","N"
"0618","1","0","0","0","0","0","0","0","0","7","0","","36","01","2021","2022052637","4","40.0694","-76.084","0609","08","0","0","0","0","0","0","0","0","","0","0","0","06","2","0","00","0","40 04:09.990","","00","76 05:02.570","0","0","0","0","36209","0","0","0","N","0","0","0","1","36415","0","","5","09","N","N","0","","0","0","0","0","0","","0605","0","1","0","0","0","0","0","1","0","1","N","","","","","","","","","","","","04","04","","N","N"
"0236","1","0","0","0","0","0","0","0","0","7","0","","36","12","2021","2022008830","5","39.9921","-76.0205","0235","08","0","0","0","0","0","0","0","0","","0","0","0","02","3","0","00","1","39 59:31.553","6","00","76 01:13.689","0","0","0","0","36232","0","0","0","Y","0","0","0","1","68J01","0","","4","01","N","N","0","","0","0","0","0","0","N","0209","0","1","0","0","0","0","0","1","0","1","N","","","","","","","","","","","0045","03","","","N","N"
"1040","1","0","0","0","0","0","0","0","0","4","0","","36","12","2021","2022002610","5","40.1947","-76.1723","1032","08","0","0","0","0","0","0","0","1","","0","0","0","10","1","0","01","0","40 11:40.862","","07","76 10:20.282","0","0","0","0","36408","0","0","0","N","0","0","0","2","36408","0","","1","09","N","N","0","","0","0","1","0","0","","1032","0","2","0","0","0","0","0","2","0","2","N","","","","","","","","","","","","07","","","N",""
"1454","1","0","0","0","0","0","0","0","0","1","0","","36","12","2021","2022000209","5","40.0609","-76.2766","1449","08","0","0","0","0","0","0","1","0","","0","0","0","14","1","0","03","0","40 03:39.311","","02","76 16:35.591","0","0","0","0","36101","0","0","0","N","0","0","0","2","36101","0","","1","01","N","N","0","","0","0","1","3","4","","1440","0","2","0","0","0","0","0","3","0","2","N","","","","","","","","","","","","03","03","","N",""
"1936","1","0","0","0","0","0","0","0","0","7","0","","36","06","2021","2021055558","6","39.995","-76.3492","1936","08","0","0","0","0","0","0","0","0","","0","0","0","19","1","0","00","0","39 59:42.000","","00","76 20:57.200","0","0","0","0","36412","0","0","0","N","0","0","0","1","36501","0","","2","09","N","N","0","","0","0","0","0","0","","1908","0","1","0","0","0","0","0","3","0","1","N","","","","","","","","","","","","07","98","","N","N"
"1809","1","0","0","0","0","0","0","0","0","4","0","","36","11","2021","2021107766","1","40.1832","-76.1918","1759","08","0","0","0","0","0","1","0","0","","0","0","0","17","3","0","01","0","40 10:59.536","","00","76 11:30.551","0","0","0","0","36408","0","0","0","N","0","0","0","2","36408","0","","1","01","N","N","0","","0","0","1","3","2","","1754","0","2","0","0","0","0","0","2","0","2","N","","","","","","","","","","","","03","03","","N","N"
"0901","1","0","0","0","0","0","0","0","0","4","0","","36","11","2021","2021110123","5","40.1093","-76.2501","0858","08","0","1","0","0","0","0","1","0","","0","0","0","08","1","0","01","0","40 06:33.403","","00","76 15:00.444","0","0","0","0","36101","0","0","0","N","0","0","0","2","36101","0","","1","01","N","N","0","","0","0","1","3","3","","0841","0","2","0","0","0","0","0","3","0","2","N","","","","","","","","","","","","03","03","","N",""
"1248","1","0","0","0","0","0","0","0","0","1","0","","36","11","2021","2021111533","2","40.1791","-76.6006","1240","08","0","0","0","0","0","0","0","0","","0","0","0","12","1","2","06","0","40 10:46.324","","02","76 36:01.450","4","0","0","0","36225","0","0","0","N","0","0","0","3","36505","2","","7","01","N","N","1","","0","0","0","3","4","","1238","2","2","0","0","0","0","0","2","0","2","N","","","","","","","","","","","","03","03","","N",""
"1750","2","0","0","0","0","0","0","0","0","4","0","","36","11","2021","2021110864","7","40.0382","-76.3235","1745","08","0","0","0","0","1","0","0","0","","0","0","0","17","4","0","01","0","40 02:17.653","","00","76 19:24.603","0","0","0","0","36301","0","0","0","N","0","0","0","2","36301","0","","1","01","N","N","0","","0","0","0","3","2","","1745","0","2","0","0","1","0","0","3","0","2","N","","","","","","","","","","","","03","03","","N","N"
"0119","1","0","0","0","0","0","0","0","0","98","0","","36","11","2021","2021106777","6","40.0909","-76.385","0109","08","0","0","0","0","0","0","0","0","","0","0","0","01","2","0","00","0","40 05:27.191","","00","76 23:06.003","0","0","0","0","36214","0","0","0","N","0","0","0","1","36214","0","","1","01","N","N","0","","0","0","0","0","0","","0104","0","1","0","0","0","0","0","3","0","1","N","","","","","","","","","","","","03","03","","N","N"
"1628","1","0","0","0","0","0","0","0","0","1","0","","36","11","2021","2021113439","6","39.8947","-76.1523","1624","08","0","0","0","1","0","0","0","0","","0","0","0","16","1","0","00","0","39 53:41.010","","07","76 09:08.208","0","0","0","0","36416","0","0","0","N","0","0","0","4","36416","0","","1","01","N","N","0","","0","0","1","0","0","","1624","0","2","0","0","0","0","0","1","0","2","N","","","","","","","","","","","","03","","","N","N"
"1847","1","0","0","0","0","0","0","0","0","1","0","","36","11","2021","2021111276","2","40.0394","-76.5109","1842","08","0","0","0","0","1","0","0","1","","0","0","0","18","2","0","03","0","40 02:21.855","","02","76 30:39.225","0","0","0","0","36239","0","0","0","N","0","0","0","2","36404","0","","1","01","N","N","0","","0","0","1","3","4","","1839","0","2","0","0","0","0","0","3","0","2","N","","","","","","","","","","","","03","03","","N",""