"ARRIVAL_TM","AUTOMOBILE_COUNT","BELTED_DEATH_COUNT","BELTED_SUSP_SERIOUS_INJ_COUNT","BICYCLE_COUNT","BICYCLE_DEATH_COUNT","BICYCLE_SUSP_SERIOUS_INJ_COUNT","BUS_COUNT","CHLDPAS_DEATH_COUNT","CHLDPAS_SUSP_SERIOUS_INJ_COUNT","COLLISION_TYPE","COMM_VEH_COUNT","CONS_ZONE_SPD_LIM","COUNTY","CRASH_MONTH","CRASH_YEAR","CRN","DAY_OF_WEEK","DEC_LAT","DEC_LONG","DISPATCH_TM","DISTRICT","DRIVER_COUNT_16YR","DRIVER_COUNT_17YR","DRIVER_COUNT_18YR","DRIVER_COUNT_19YR","DRIVER_COUNT_20YR","DRIVER_COUNT_50_64YR","DRIVER_COUNT_65_74YR","DRIVER_COUNT_75PLUS","EST_HRS_CLOSED","FATAL_COUNT","HEAVY_TRUCK_COUNT","HORSE_BUGGY_COUNT","HOUR_OF_DAY","ILLUMINATION","INJURY_COUNT","INTERSECT_TYPE","LANE_CLOSED","LATITUDE","LN_CLOSE_DIR","LOCATION_TYPE","LONGITUDE","MAX_SEVERITY_LEVEL","MCYCLE_DEATH_COUNT","MCYCLE_SUSP_SERIOUS_INJ_COUNT","MOTORCYCLE_COUNT","MUNICIPALITY","NONMOTR_COUNT","NONMOTR_DEATH_COUNT","NONMOTR_SUSP_SERIOUS_INJ_COUNT","NTFY_HIWY_MAINT","PED_COUNT","PED_DEATH_COUNT","PED_SUSP_SERIOUS_INJ_COUNT","PERSON_COUNT","POLICE_AGCY","POSSIBLE_INJ_COUNT","RDWY_SURF_TYPE_CD","RELATION_TO_ROAD","ROAD_CONDITION","SCH_BUS_IND","SCH_ZONE_IND","SMALL_TRUCK_COUNT","SPEC_JURIS_CD","SUSP_MINOR_INJ_COUNT","SUSP_SERIOUS_INJ_COUNT","SUV_COUNT","TCD_FUNC_CD","TCD_TYPE","TFC_DETOUR_IND","TIME_OF_DAY","TOT_INJ_COUNT","TOTAL_UNITS","UNB_DEATH_COUNT","UNB_SUSP_SERIOUS_INJ_COUNT","UNBELTED_OCC_COUNT","UNK_INJ_DEG_COUNT","UNK_INJ_PER_COUNT","URBAN_RURAL","VAN_COUNT","VEHICLE_COUNT","WORK_ZONE_IND","WORK_ZONE_LOC","WORK_ZONE_TYPE","WORKERS_PRES","WZ_CLOSE_DETOUR","WZ_FLAGGER","WZ_LAW_OFFCR_IND","WZ_LN_CLOSURE","WZ_MOVING","WZ_OTHER","WZ_SHLDER_MDN","ROADWAY_CLEARED","WEATHER1","WEATHER2","WZ_WORKERS_INJ_KILLED","SECONDARY_CRASH","INTERSECTION_RELATED"
"1859","1","0","0","0","0","0","0","0","0","98","0","","36","11","2021","2021106773","4","40.1236","-76.3053","1855","08","0","0","0","0","0","0","1","0","","0","0","0","18","2","0","00","0","40 07:25.003","","00","76 18:19.022","0","0","0","0","36101","0","0","0","N","0","0","0","2","36101","0","","1","01","N","N","0","","0","0","0","0","0","","1845","0","1","0","0","0","0","0","3","0","1","N","","","","","","","","","","","","03","03","","N","N"
"1126","1","0","0","0","0","0","0","0","0","7","0","","36","11","2021","2021110279","3","40.1148","-76.5188","1121","08","0","0","1","0","0","0","0","0","","0","0","0","11","1","0","02","0","40 06:53.243","","00","76 31:07.590","0","0","0","0","36413","0","0","0","N","0","0","0","1","36413","0","","2","09","N","N","0","","0","0","0","0","0","","1121","0","1","0","0","0","0","0","2","0","1","N","","","","","","","","","","","","04","","","N","N"
"1050","1","0","0","0","0","0","0","0","0","0","0","","36","11","2021","2021109503","5","40.0604","-76.2772","1031","08","0","0","0","0","0","0","0","0","","0","0","0","10","1","1","00","0","40 03:37.534","","01","76 16:38.031","3","0","0","0","36101","0","0","0","N","0","0","0","3","36101","0","","1","01","N","N","0","","1","0","0","0","0","","1024","1","2","0","0","0","0","1","3","0","2","N","","","","","","","","","","","","03","03","","N","N"
"0801","1","0","0","0","0","0","0","0","0","1","0","","36","11","2021","2021113201","5","39.8971","-76.1733","0740","08","0","1","0","0","0","0","0","0","","0","0","0","07","1","0","00","0","39 53:49.700","","00","76 10:23.900","0","0","0","0","36229","0","0","0","N","0","0","0","1","68J01","0","","6","01","N","N","1","","0","0","0","0","0","","0739","0","2","0","0","0","0","0","1","0","2","N","","","","","","","","","","","","03","03","","N","N"
"1454","0","0","0","0","0","0","0","0","0","4","0","","36","11","2021","2021110616","6","40.0315","-76.3608","1450","08","0","0","0","0","0","0","0","1","","0","0","0","14","1","0","02","1","40 01:53.274","1","00","76 21:38.852","0","0","0","0","36223","0","0","0","N","0","0","0","2","36223","0","","1","01","N","N","1","","0","0","1","3","3","N","1450","0","2","0","0","0","0","0","1","0","2","N","","","","","","","","","","","1458","03","03","","N",""
"2207","1","0","0","0","0","0","0","0","0","7","0","","36","12","2021","2021127155","2","40.0553","-76.2788","2200","08","0","0","0","0","0","0","0","0","","0","0","0","21","3","0","00","1","40 03:18.900","1","00","76 16:43.700","0","0","0","0","36301","0","0","0","N","0","0","0","1","36301","0","","4","09","N","","0","","0","0","0","0","0","Y","2156","0","1","0","0","0","0","0","3","0","1","N","","","","","","","","","","","2250","07","","","N","N"
"1017","1","0","0","0","0","0","0","0","0","4","0","","36","11","2021","2021109927","6","40.1684","-76.3995","1012","08","0","0","0","0","0","0","0","0","","0","0","0","10","1","0","00","0","40 10:06.395","","07","76 23:58.059","0","0","0","0","36410","0","0","0","N","0","0","0","4","36410","0","","1","01","N","N","0","","0","0","1","0","0","","1009","0","2","0","0","0","0","0","2","0","2","N","","","","","","","","","","","","03","","","N","N"
"0247","0","0","0","0","0","0","0","0","0","7","0","","36","11","2021","2021111103","7","40.1374","-75.8949","0228","08","0","0","0","0","0","1","0","0","","0","0","0","02","2","0","00","2","40 08:14.800","6","00","75 53:41.700","0","0","0","0","36203","0","0","0","N","0","0","0","1","68J01","0","","5","01","N","N","0","","0","0","1","0","0","Y","0226","0","1","0","0","0","0","0","1","0","1","N","","","","","","","","","","","0330","03","03","","N","N"
"1713","1","0","0","0","0","0","0","0","0","2","0","","36","11","2021","2021114692","5","40.111","-76.509","1713","08","0","0","0","0","0","0","1","0","","0","0","0","17","1","1","00","1","40 06:39.759","6","00","76 30:32.229","4","0","0","0","36413","0","0","0","N","0","0","0","1","36413","1","","6","01","N","N","0","","0","0","1","0","0","Y","1713","1","2","0","0","0","0","0","2","0","2","N","","","","","","","","","","","1800","03","","","N","N"
"1853","1","0","0","0","0","0","0","0","0","4","0","","36","11","2021","2021112135","7","40.1519","-75.9014","1853","08","1","0","0","0","0","0","0","0","","0","0","0","18","3","0","01","1","40 09:06.984","3","00","75 54:04.898","0","0","0","0","36203","0","0","0","N","0","0","0","5","68J01","0","","1","01","N","N","0","","0","0","1","3","2","N","1853","0","2","0","0","0","0","0","1","0","2","N","","","","","","","","","","","1930","03","03","","N",""
"0726","1","0","0","0","0","0","0","0","0","4","0","","36","11","2021","2021108555","2","40.0889","-76.305","0718","08","0","0","0","0","0","1","1","0","","0","0","0","07","1","1","02","2","40 05:19.907","2","00","76 18:18.172","3","0","0","0","36101","0","0","0","N","0","0","0","2","36101","0","","1","01","N","N","0","","1","0","1","3","2","Y","0716","1","2","0","0","0","0","0","3","0","2","N","","","","","","","","","","","0830","03","03","","N",""
"1750","0","0","0","0","0","0","0","0","0","4","0","","36","11","2021","2021115205","2","40.1694","-76.1978","1744","08","0","0","0","0","1","1","0","0","","0","0","0","17","3","0","05","0","40 10:09.748","","00","76 11:51.952","0","0","0","0","36408","0","0","0","N","0","0","0","2","36408","0","","1","01","N","N","1","","0","0","1","3","2","","1744","0","2","0","0","0","0","0","2","0","2","N","","","","","","","","","","","","03","","","N","N"
"1739","0","0","0","0","0","0","0","0","0","4","0","","36","12","2021","2021127505","4","40.0254","-76.1513","1718","08","0","0","0","0","0","0","1","0","","0","0","0","17","2","0","00","0","40 01:31.400","","00","76 09:04.600","0","0","0","0","36221","0","0","0","N","0","0","0","2","68J01","0","","1","01","N","N","1","","0","0","0","0","0","","1716","0","2","0","0","0","0","0","1","1","2","N","","","","","","","","","","","","03","","","N","N"
"1125","0","0","0","0","0","0","0","0","0","4","0","","36","11","2021","2021105402","3","40.044","-76.2941","1120","08","0","0","0","0","1","1","0","0","","0","0","0","11","1","0","01","1","40 02:38.400","4","00","76 17:38.583","0","0","0","0","36301","0","0","0","N","0","0","0","2","36301","0","","1","09","N","N","0","","0","0","0","3","3","N","1120","0","2","0","0","0","0","0","3","2","2","N","","","","","","","","","","","1150","07","","","N",""
"1810","1","0","0","0","0","0","0","0","0","4","0","","36","11","2021","2021109678","1","40.0364","-76.4552","1808","08","0","0","1","0","0","1","0","0","","0","0","0","18","3","2","01","1","40 02:10.903","6","00","76 27:18.690","8","0","0","0","36239","0","0","0","N","0","0","0","4","36239","0","","1","01","N","N","0","","0","0","1","3","2","Y","1808","2","2","0","0","0","2","0","3","0","2","N","","","","","","","","","","","1925","03","03","","N",""
"1510","3","0","0","0","0","0","0","0","0","4","0","","36","11","2021","2021107549","7","40.0449","-76.2922","1455","08","0","0","0","0","0","2","0","0","","0","0","0","14","1","0","01","1","40 02:41.672","3","00","76 17:32.092","0","0","0","0","36301","0","0","0","N","0","0","0","2","36301","0","","1","01","N","N","0","","0","0","2","0","0","N","1455","0","5","0","0","0","0","0","3","0","5","N","","","","","","","","","","","1600","03","","","N","N"
"2052","0","0","0","0","0","0","0","0","0","7","0","","36","11","2021","2021109934","1","40.1744","-76.5959","2042","08","0","0","0","0","0","0","1","0","","0","0","0","20","2","0","00","0","40 10:27.796","","00","76 35:45.238","0","0","0","0","36225","0","0","0","N","0","0","0","1","36505","0","","3","01","N","N","0","","0","0","1","0","0","","2040","0","1","0","0","0","0","0","2","0","1","N","","","","","","","","","","","","03","","","N","N"
"1155","0","0","0","0","0","0","0","0","0","4","0","","36","11","2021","2021110469","7","40.2191","-76.2409","1147","08","0","0","0","0","0","0","0","2","","0","0","0","11","1","0","01","1","40 13:08.583","1","00","76 14:27.322","0","0","0","0","36204","0","0","0","N","0","0","0","3","36506","0","","1","09","N","N","1","","0","0","1","3","3","N","1146","0","2","0","0","0","0","0","1","0","2","N","","","","","","","","","","","1232","07","","","N",""
"1229","1","0","0","0","0","0","0","0","0","4","0","","36","11","2021","2021111273","2","40.037","-76.4552","1229","08","0","0","0","0","0","0","0","0","","0","0","0","12","1","1","00","0","40 02:13.196","","07","76 27:18.773","3","0","0","0","36239","0","0","0","N","0","0","0","3","36239","0","","1","01","N","N","0","","1","0","1","3","2","","1224","1","2","0","0","0","0","1","3","0","2","N","","","","","","","","","","","","03","03","","N","N"
"0818","0","0","0","0","0","0","0","0","0","4","0","","36","11","2021","2021113833","1","40.0679","-76.3034","0815","08","0","0","0","0","0","2","0","0","","0","0","0","08","1","1","01","1","40 04:04.462","1","00","76 18:12.202","8","0","0","0","36101","0","0","0","N","0","0","0","4","36101","0","","1","01","N","N","0","","0","0","1","3","2","Y","0814","1","2","0","0","0","1","0","3","1","2","N","","","","","","","","","","","0900","03","03","","N",""
"1654","0","0","0","0","0","0","0","0","0","98","0","","36","11","2021","2021106516","4","40.2283","-76.4585","1639","08","0","0","0","0","0","0","1","0","","0","0","0","16","1","1","00","0","40 13:47.042","","02","76 26:13.048","8","0","0","0","36230","0","0","0","N","0","0","0","1","68T06","0","","1","01","N","N","0","","0","0","1","0","0","","1639","1","1","0","0","0","1","0","1","0","1","N","","","","","","","","","","","","03","","","N","N"
"0844","2","0","0","0","0","0","0","0","0","4","0","","36","11","2021","2021115624","6","40.0598","-76.3371","0831","08","0","0","0","0","0","1","1","0","","0","0","0","08","1","0","02","0","40 03:35.200","","00","76 20:13.600","0","0","0","0","36101","0","0","0","N","0","0","0","2","36101","0","","1","01","N","N","0","","0","0","0","0","0","","0829","0","2","0","0","0","0","0","3","0","2","N","","","","","","","","","","","","03","03","","N","N"
"1723","0","0","0","0","0","0","0","0","0","4","0","","36","11","2021","2021111800","2","40.131","-76.2171","1720","08","0","0","1","0","0","0","0","0","","0","0","0","17","1","0","01","1","40 07:51.556","1","00","76 13:01.609","0","0","0","0","36238","0","0","0","N","0","0","0","2","36238","0","","1","01","N","N","0","","0","0","2","3","2","Y","1720","0","2","0","0","0","0","0","3","0","2","N","","","","","","","","","","","1738","03","","","N","N"
"0940","1","0","0","0","0","0","0","0","0","4","0","","36","12","2021","2021126632","7","40.1694","-76.1978","0938","08","0","0","0","0","0","0","0","1","","0","0","0","09","1","2","05","2","40 10:09.748","5","00","76 11:51.952","3","0","0","0","36408","0","0","0","N","0","0","0","4","36408","0","","1","09","N","N","0","","2","0","0","3","2","Y","0938","2","2","0","0","1","0","0","2","1","2","N","","","","","","","","","","","1030","07","","","N","N"
"1814","0","0","0","0","0","0","0","0","0","4","0","","36","11","2021","2021105872","2","40.1266","-76.3051","1812","08","0","0","0","0","0","1","0","0","","0","0","0","18","3","1","01","1","40 07:35.600","5","00","76 18:18.296","8","0","0","0","36235","0","0","0","N","0","0","0","2","36506","0","","1","01","N","N","0","","0","0","2","3","2","N","1812","1","2","0","0","0","1","0","1","0","2","N","","","","","","","","","","","1953","03","","","Y",""
"0018","3","0","0","0","0","0","0","0","0","6","0","","36","11","2021","2021107457","1","40.0393","-76.3038","0016","08","0","0","0","1","1","0","0","0","","0","0","0","00","3","1","00","2","40 02:21.310","2","00","76 18:13.702","4","0","0","0","36301","0","0","0","N","0","0","0","3","36301","1","","1","01","","","0","","0","0","0","0","0","Y","0015","1","3","0","0","0","0","0","3","0","3","N","","","","","","","","","","","0040","03","03","","N","N"
"1652","1","0","0","0","0","0","0","0","0","4","0","","36","11","2021","2021112318","5","40.0289","-76.2977","1643","08","0","0","0","0","0","0","1","0","","0","0","0","16","1","1","01","1","40 01:44.047","6","00","76 17:51.838","3","0","0","0","36301","0","0","0","N","0","0","0","5","36301","0","","1","01","N","N","0","","1","0","1","3","3","N","1643","1","2","0","0","0","0","0","3","0","2","N","","","","","","","","","","","1700","03","","","N","N"
"1646","0","0","0","0","0","0","0","0","0","0","0","","36","11","2021","2021112861","6","40.033","-76.2449","1641","08","0","0","0","0","0","1","0","0","","0","0","0","16","1","1","00","1","40 01:58.887","3","00","76 14:41.743","4","0","0","1","36215","0","0","0","N","0","0","0","1","36215","1","","1","01","N","N","0","","0","0","0","0","0","N","1641","1","1","0","0","0","0","0","1","0","1","N","","","","","","","","","","","1701","03","","","N","N"
"2222","1","0","0","0","0","0","0","0","0","7","0","","36","11","2021","2021114849","3","40.0427","-76.2723","2215","08","0","0","0","0","1","0","0","0","","0","0","0","22","2","2","00","2","40 02:33.833","5","00","76 16:20.195","3","0","0","0","36215","0","0","0","Y","0","0","0","2","36215","1","","4","01","N","N","0","","1","0","0","0","0","Y","2211","2","1","0","0","0","0","0","1","0","1","N","","","","","","","","","","","2315","03","","","N","N"
"1948","1","0","0","0","0","0","0","0","0","5","0","","36","11","2021","2021105194","2","40.1921","-76.1964","1934","08","0","0","0","0","0","1","0","0","","0","0","0","19","3","0","00","1","40 11:31.424","4","00","76 11:47.182","0","0","0","0","36408","0","0","0","N","0","0","0","1","36408","0","","6","01","N","N","0","","0","0","1","0","0","N","1933","0","2","0","0","0","0","0","2","0","2","N","","","","","","","","","","","2010","03","03","","N","N"
"2039","1","0","0","0","0","0","0","0","0","7","0","","36","11","2021","2021106746","4","40.0287","-76.32","2034","08","0","0","0","0","0","0","0","0","","0","0","0","20","3","0","01","1","40 01:43.316","3","00","76 19:11.992","0","0","0","0","36301","0","0","0","N","0","0","0","1","36301","0","","4","01","N","N","0","","0","0","0","0","0","N","2033","0","1","0","0","0","0","0","3","0","1","N","","","","","","","","","","","2105","03","03","","N","N"
"1058","2","0","0","0","0","0","0","0","0","4","0","","36","12","2021","2021127218","5","40.0645","-76.3388","1043","08","0","0","1","0","0","0","0","0","","0","0","0","10","1","0","02","0","40 03:52.300","","00","76 20:19.700","0","0","0","0","36301","0","0","0","N","0","0","0","2","36301","0","","1","01","N","N","0","","0","0","0","0","0","","1043","0","2","0","0","0","0","0","3","0","2","N","","","","","","","","","","","","03","","","N","N"
"2025","1","0","0","0","0","0","0","0","0","4","0","","36","11","2021","2021115461","2","40.0653","-76.3417","2011","08","0","0","0","0","0","0","0","0","","0","0","0","19","3","0","03","0","40 03:55.000","","00","76 20:30.200","0","0","0","0","36301","0","0","0","N","0","0","0","4","36301","0","","1","01","N","N","0","","0","0","1","3","3","","1946","0","2","0","0","0","0","0","3","0","2","N","","","","","","","","","","","","03","03","","N",""
"0954","0","0","0","0","0","0","0","0","0","4","0","","36","11","2021","2021107360","6","40.0658","-76.3138","0945","08","0","0","0","1","0","1","0","0","","0","0","0","09","1","0","01","0","40 03:56.700","","00","76 18:49.500","0","0","0","0","36101","0","0","0","N","0","0","0","3","36101","0","","1","01","N","N","1","","0","0","1","3","3","","0941","0","2","0","0","0","0","0","3","0","2","N","","","","","","","","","","","","03","","","N",""
"2105","1","0","0","0","0","0","0","0","0","1","0","","36","11","2021","2021109501","1","40.0336","-76.3297","2100","08","0","0","0","0","0","0","0","0","","0","0","0","20","3","0","00","0","40 02:01.000","","00","76 19:46.900","0","0","0","0","36220","0","0","0","N","0","0","0","1","36101","0","","6","01","N","N","0","","0","0","1","0","0","","2059","0","2","0","0","0","0","0","3","0","2","N","","","","","","","","","","","","03","03","","N","N"
"1532","0","0","0","0","0","0","0","0","0","1","0","","36","11","2021","2021110226","4","40.1908","-76.1948","1528","08","0","0","0","0","0","1","0","0","","0","0","0","15","1","0","02","1","40 11:26.946","4","00","76 11:41.453","0","0","0","0","36408","0","0","0","N","0","0","0","4","36408","0","","1","01","N","N","0","","0","0","2","0","0","N","1528","0","2","0","0","0","0","0","2","0","2","N","","","","","","","","","","","1608","03","","","N",""
"1412","0","0","0","0","0","0","0","0","0","4","0","","36","11","2021","2021114843","7","40.0087","-76.1874","1407","08","0","0","0","0","0","0","2","0","","0","0","0","14","1","2","02","1","40 00:31.263","1","00","76 11:14.484","3","0","0","0","36215","0","0","0","N","0","0","0","6","36215","1","","1","01","N","N","0","","1","0","2","3","3","Y","1405","2","2","0","0","0","0","0","1","0","2","N","","","","","","","","","","","0130","03","03","","N",""
"0822","2","0","0","0","0","0","0","0","0","1","0","","36","12","2021","2021118825","2","40.006","-76.2961","0817","08","0","0","0","1","0","0","0","0","","0","0","0","08","1","0","00","0","40 00:21.508","","00","76 17:45.884","0","0","0","0","36240","0","0","0","N","0","0","0","3","36240","0","","1","01","N","N","0","","0","0","1","0","0","","0815","0","3","0","0","0","0","0","1","0","3","N","","","","","","","","","","","","03","03","","N","Y"
"2231","1","0","0","0","0","0","0","0","0","7","0","","36","12","2021","2021122066","3","40.2448","-76.115","2228","08","0","0","1","0","0","0","0","0","","0","0","0","22","2","0","00","1","40 14:41.144","4","00","76 06:54.028","0","0","0","0","36210","0","0","0","N","0","0","0","1","36210","0","","4","01","N","N","0","","0","0","0","0","0","N","2228","0","1","0","0","0","0","0","1","0","1","N","","","","","","","","","","","2245","03","","","N","N"
"1551","2","0","0","0","0","0","0","0","0","1","0","","36","12","2021","2021120175","4","40.0557","-76.3292","1547","08","0","0","0","0","0","0","0","0","","0","0","0","15","1","1","02","0","40 03:20.582","","00","76 19:45.226","4","0","0","0","36101","0","0","0","N","0","0","0","2","36101","1","","1","01","N","N","0","","0","0","0","3","2","","1545","1","2","0","0","0","0","1","3","0","2","N","","","","","","","","","","","","03","","","N","N"
"1521","0","0","0","0","0","0","0","0","0","1","0","","36","12","2021","2021123707","2","39.8061","-76.1586","1509","08","0","0","0","0","0","0","0","1","","0","0","1","14","1","2","02","0","39 48:21.964","","07","76 09:31.049","3","0","0","0","36219","1","0","0","N","0","0","0","3","68J01","0","","1","01","N","N","0","","2","0","1","0","0","","1456","2","2","0","0","0","0","0","1","0","1","N","","","","","","","","","","","","03","","","N","N"
"1529","2","0","0","0","0","0","0","0","0","1","0","","36","12","2021","2021123263","2","40.0559","-76.2694","1527","08","0","0","0","0","1","1","1","0","","0","0","0","15","1","0","00","0","40 03:21.107","","00","76 16:09.696","0","0","0","0","36215","0","0","0","N","0","0","0","4","36215","0","","1","01","N","N","1","","0","0","1","0","0","","1525","0","4","0","0","0","0","0","1","0","4","N","","","","","","","","","","","","03","03","","N","N"
"1028","1","0","0","0","0","0","0","0","0","4","0","","36","12","2021","2021127050","2","40.0381","-76.1066","1022","08","0","0","0","1","0","0","1","0","","0","0","0","10","1","0","01","1","40 02:17.056","3","00","76 06:23.604","0","0","0","0","36221","0","0","0","N","0","0","0","3","68J01","0","","1","09","N","N","0","","0","0","1","3","3","Y","1017","0","2","0","0","0","0","0","1","0","2","N","","","","","","","","","","","1135","07","","","N",""
"1719","2","0","0","0","0","0","0","0","0","1","0","","36","12","2021","2021120187","2","39.98","-76.3111","1718","08","0","0","0","1","0","1","0","0","","0","0","0","17","2","0","01","1","39 58:48.043","2","00","76 18:40.056","0","0","0","0","36228","0","0","0","N","0","0","0","2","36228","0","","1","09","N","N","0","","0","0","0","3","2","N","1718","0","2","0","0","0","0","0","1","0","2","N","","","","","","","","","","","1800","07","","","N","N"
"1732","1","0","0","0","0","0","0","0","0","1","0","","36","12","2021","2021122003","4","40.1139","-76.5601","1722","08","0","0","0","0","0","1","1","0","","0","0","0","17","2","1","00","0","40 06:50.200","","00","76 33:36.300","4","0","0","0","36211","0","0","0","N","0","0","0","2","36504","1","","1","01","N","N","0","","0","0","0","0","0","","1722","1","2","0","0","0","0","0","1","0","2","N","","","","","","","","","","","","03","","","N","N"
"1917","0","0","0","0","0","0","0","0","0","4","0","","36","12","2021","2021120177","4","40.0538","-76.3254","1907","08","0","1","0","0","0","0","0","0","","0","0","0","19","3","0","02","0","40 03:13.631","","00","76 19:31.466","0","0","0","0","36101","0","0","0","N","0","0","0","2","36101","0","","1","01","N","N","0","","0","0","2","0","0","","1906","0","2","0","0","0","0","0","3","0","2","N","","","","","","","","","","","","03","03","","N",""
"0403","1","0","0","0","0","0","0","0","0","5","0","","36","12","2021","2021118452","7","40.0343","-76.3071","0402","08","0","0","0","0","0","0","0","0","","0","0","0","04","2","0","00","1","40 02:03.487","2","00","76 18:25.580","0","0","0","0","36301","0","0","0","N","0","0","0","1","36301","0","","6","01","N","N","0","","0","0","1","0","0","N","0401","0","2","0","0","0","0","0","3","0","2","N","","","","","","","","","","","0440","03","03","","N","N"
"1948","2","0","0","0","0","0","0","0","0","6","0","","36","12","2021","2021122297","3","40.1058","-76.3499","1940","08","0","0","0","0","0","0","0","0","","0","0","0","19","3","1","02","0","40 06:20.779","","07","76 20:59.474","3","0","0","0","36406","0","0","0","N","0","0","0","2","36506","0","","1","01","N","N","0","","1","0","0","3","3","","1939","1","2","0","0","0","0","0","3","0","2","N","","","","","","","","","","","","03","","","N",""
"0257","1","0","0","0","0","0","0","0","0","7","0","","36","12","2021","2021121806","2","40.0517","-76.3214","0251","08","0","0","0","1","0","0","0","0","","0","0","0","01","3","0","02","1","40 03:06.147","3","00","76 19:16.872","0","0","0","0","36301","0","0","0","N","0","0","0","1","36101","0","","5","09","N","N","0","","0","0","0","3","2","N","0120","0","1","0","0","0","0","0","3","0","1","N","","","","","","","","","","","0342","07","","","N",""
"1511","0","0","0","0","0","0","0","0","0","4","0","","36","12","2021","2021120567","7","40.0752","-76.3222","1503","08","0","0","0","1","0","0","0","0","","0","0","0","15","1","1","00","0","40 04:30.541","","07","76 19:20.074","3","0","0","0","36101","0","0","0","N","0","0","0","2","36101","0","","1","01","N","N","0","","1","0","2","0","0","","1500","1","2","0","0","0","0","0","3","0","2","N","","","","","","","","","","","","03","03","","N","N"
"1622","1","0","0","0","0","0","0","0","0","1","0","","36","12","2021","2021119243","7","40.1444","-76.2832","1611","08","0","0","0","0","0","0","0","1","","0","0","0","16","1","0","00","2","40 08:39.700","6","00","76 16:59.360","0","0","0","0","36235","0","0","0","N","0","0","0","2","36506","0","","1","01","N","N","1","","0","0","0","0","0","Y","1608","0","2","0","0","1","0","0","1","0","2","N","","","","","","","","","","","1700","03","","","N","N"
"1748","1","0","0","0","0","0","0","0","0","1","0","","36","12","2021","2021120392","2","40.1601","-76.4011","1744","08","0","1","0","0","0","0","0","0","","0","0","0","17","3","1","00","0","40 09:36.195","","00","76 24:04.067","3","0","0","0","36410","0","0","0","N","0","0","0","1","36410","0","","6","09","N","N","0","","1","0","1","0","0","","1740","1","2","0","0","0","0","0","2","0","2","N","","","","","","","","","","","","07","","","N","N"
"0907","0","0","0","0","0","0","0","0","0","4","0","","36","12","2021","2021120483","7","39.9848","-76.0612","0856","08","0","0","0","0","0","0","1","0","","0","0","0","08","1","1","01","2","39 59:05.434","6","00","76 03:40.418","3","0","0","0","36226","0","0","0","N","0","0","0","3","68J01","0","","1","01","N","N","1","","1","0","1","0","0","Y","0853","1","2","0","0","0","0","0","1","0","2","N","","","","","","","","","","","1008","03","03","","N","N"
"1318","1","0","0","0","0","0","0","0","0","1","0","","36","12","2021","2021119475","2","40.0513","-76.3206","1318","08","0","0","0","0","0","0","0","0","","0","0","0","13","1","0","00","1","40 03:04.716","3","00","76 19:14.050","0","0","0","0","36301","0","0","0","N","0","0","0","3","36101","0","","1","01","N","N","0","","0","0","1","0","0","N","1305","0","2","0","0","0","0","0","3","0","2","N","","","","","","","","","","","1322","03","03","","N","N"
"0500","0","0","0","0","0","0","0","0","0","98","0","","36","12","2021","2021120802","7","40.1291","-76.5032","0456","08","0","0","0","0","0","0","0","0","","0","0","0","04","2","0","00","0","40 07:44.701","","00","76 30:11.636","0","0","0","0","36225","0","0","0","N","0","0","0","1","36505","0","","1","01","N","N","0","","0","0","1","0","0","","0456","0","1","0","0","0","0","0","2","0","1","N","","","","","","","","","","","","03","03","","N","N"
"1853","0","0","0","0","0","0","0","0","0","5","0","","36","12","2021","2021119238","2","40.064","-76.3411","1839","08","0","0","0","0","0","0","0","0","","0","0","0","16","4","0","00","1","40 03:50.576","3","00","76 20:27.950","0","0","0","0","36101","0","0","0","N","0","0","0","4","36101","0","","1","09","N","N","0","","0","0","2","0","0","N","1631","0","2","0","0","0","0","0","3","0","2","N","","","","","","","","","","","1926","07","07","","N","N"
"1725","1","0","0","0","0","0","0","0","0","5","0","","36","11","2021","2021105344","2","40.0495","-76.3035","1722","08","0","0","0","0","0","1","0","0","","0","0","0","17","1","0","00","1","40 02:58.093","1","00","76 18:12.553","0","0","0","0","36301","0","0","0","N","0","0","0","2","36301","0","","1","01","N","N","1","","0","0","2","0","0","N","1722","0","4","0","0","0","0","0","3","0","4","N","","","","","","","","","","","1800","03","","","N","N"
"1223","2","0","0","0","0","0","0","0","0","4","0","","36","10","2021","2021109931","6","40.1421","-76.5665","1222","08","0","0","0","0","0","1","0","0","","0","0","0","12","1","0","01","1","40 08:31.700","2","00","76 33:59.551","0","0","0","0","36225","0","0","0","N","0","0","0","2","36505","0","","1","09","N","N","0","","0","0","0","3","3","N","1219","0","2","0","0","0","0","0","2","0","2","N","","","","","","","","","","","1300","07","04","","N",""
"1136","1","0","1","0","0","0","0","0","0","1","0","","36","10","2021","2021109296","5","40.0563","-76.5561","1133","08","0","0","0","0","0","1","0","0","","0","0","0","11","1","1","00","2","40 03:22.700","6","00","76 33:22.000","2","0","0","0","36411","0","0","0","N","0","0","0","1","36504","0","","6","01","N","N","0","","0","1","1","0","0","Y","1120","1","2","0","0","0","0","0","1","0","2","N","","","","","","","","","","","1241","03","03","","N","N"