"ARRIVAL_TM","AUTOMOBILE_COUNT","BELTED_DEATH_COUNT","BELTED_SUSP_SERIOUS_INJ_COUNT","BICYCLE_COUNT","BICYCLE_DEATH_COUNT","BICYCLE_SUSP_SERIOUS_INJ_COUNT","BUS_COUNT","CHLDPAS_DEATH_COUNT","CHLDPAS_SUSP_SERIOUS_INJ_COUNT","COLLISION_TYPE","COMM_VEH_COUNT","CONS_ZONE_SPD_LIM","COUNTY","CRASH_MONTH","CRASH_YEAR","CRN","DAY_OF_WEEK","DEC_LAT","DEC_LONG","DISPATCH_TM","DISTRICT","DRIVER_COUNT_16YR","DRIVER_COUNT_17YR","DRIVER_COUNT_18YR","DRIVER_COUNT_19YR","DRIVER_COUNT_20YR","DRIVER_COUNT_50_64YR","DRIVER_COUNT_65_74YR","DRIVER_COUNT_75PLUS","EST_HRS_CLOSED","FATAL_COUNT","HEAVY_TRUCK_COUNT","HORSE_BUGGY_COUNT","HOUR_OF_DAY","ILLUMINATION","INJURY_COUNT","INTERSECT_TYPE","LANE_CLOSED","LATITUDE","LN_CLOSE_DIR","LOCATION_TYPE","LONGITUDE","MAX_SEVERITY_LEVEL","MCYCLE_DEATH_COUNT","MCYCLE_SUSP_SERIOUS_INJ_COUNT","MOTORCYCLE_COUNT","MUNICIPALITY","NONMOTR_COUNT","NONMOTR_DEATH_COUNT","NONMOTR_SUSP_SERIOUS_INJ_COUNT","NTFY_HIWY_MAINT","PED_COUNT","PED_DEATH_COUNT","PED_SUSP_SERIOUS_INJ_COUNT","PERSON_COUNT","POLICE_AGCY","POSSIBLE_INJ_COUNT","RDWY_SURF_TYPE_CD","RELATION_TO_ROAD","ROAD_CONDITION","SCH_BUS_IND","SCH_ZONE_IND","SMALL_TRUCK_COUNT","SPEC_JURIS_CD","SUSP_MINOR_INJ_COUNT","SUSP_SERIOUS_INJ_COUNT","SUV_COUNT","TCD_FUNC_CD","TCD_TYPE","TFC_DETOUR_IND","TIME_OF_DAY","TOT_INJ_COUNT","TOTAL_UNITS","UNB_DEATH_COUNT","UNB_SUSP_SERIOUS_INJ_COUNT","UNBELTED_OCC_COUNT","UNK_INJ_DEG_COUNT","UNK_INJ_PER_COUNT","URBAN_RURAL","VAN_COUNT","VEHICLE_COUNT","WORK_ZONE_IND","WORK_ZONE_LOC","WORK_ZONE_TYPE","WORKERS_PRES","WZ_CLOSE_DETOUR","WZ_FLAGGER","WZ_LAW_OFFCR_IND","WZ_LN_CLOSURE","WZ_MOVING","WZ_OTHER","WZ_SHLDER_MDN","ROADWAY_CLEARED","WEATHER1","WEATHER2","WZ_WORKERS_INJ_KILLED","SECONDARY_CRASH","INTERSECTION_RELATED"
"1436","1","0","0","0","0","0","0","0","0","1","0","","36","10","2021","2021103853","4","40.1311","-76.5325","1435","08","0","0","1","0","0","0","0","0","","0","0","0","14","1","0","00","1","40 07:52.041","4","00","76 31:57.178","0","0","0","0","36225","0","0","0","N","0","0","0","2","36505","0","","1","01","N","N","0","","0","0","1","0","0","Y","1435","0","2","0","0","0","0","0","2","0","2","N","","","","","","","","","","","1515","03","03","","N","N"
"0646","0","0","0","0","0","0","0","0","0","4","0","","36","10","2021","2021114840","4","40.0507","-76.2558","0638","08","0","0","0","0","0","0","0","0","","0","0","0","06","3","0","01","0","40 03:02.347","","00","76 15:20.935","0","0","0","0","36215","0","0","0","N","0","0","0","2","36215","0","","1","01","N","N","1","","0","0","1","3","2","","0637","0","2","0","0","0","0","0","1","0","2","N","","","","","","","","","","","","03","","","N",""
"0905","0","0","0","0","0","0","0","0","0","4","0","","36","12","2021","2021127983","2","40.0008","-76.0798","0854","08","0","0","0","0","0","1","1","0","","0","0","0","08","1","1","01","0","40 00:02.749","","00","76 04:47.208","3","0","0","0","36226","0","0","0","N","0","0","0","3","68J01","0","","1","01","N","N","1","","1","0","2","3","3","","0837","1","3","0","0","0","0","0","1","0","3","N","","","","","","","","","","","","04","","","Y","N"
"0704","0","0","0","1","0","0","0","0","0","4","0","","36","10","2021","2021103841","3","40.072","-76.334","0700","08","0","0","0","0","0","0","0","0","","0","0","0","06","3","1","00","1","40 04:19.361","2","07","76 20:02.563","4","0","0","0","36101","1","0","0","N","0","0","0","2","36101","1","","1","09","N","N","0","","0","0","1","0","0","N","0658","1","2","0","0","0","0","0","3","0","1","N","","","","","","","","","","","0730","07","04","","N","N"
"2317","1","0","0","0","0","0","0","0","0","7","0","","36","11","2021","2021114044","1","39.9913","-76.3602","2312","08","0","0","0","0","0","0","0","0","","0","0","0","23","2","0","00","0","39 59:28.700","","00","76 21:36.800","0","0","0","0","36412","0","0","0","N","0","0","0","1","36412","0","","3","09","N","N","0","","0","0","0","0","0","","2312","0","1","0","0","0","0","0","3","0","1","N","","","","","","","","","","","","04","","","N","N"
"1124","1","0","0","0","0","0","0","0","0","7","0","","36","11","2021","2021121867","4","40.2454","-76.2996","1050","08","0","0","0","0","0","0","0","0","","0","0","0","10","1","0","00","2","40 14:43.397","2","00","76 17:58.396","0","0","0","0","36217","0","0","0","N","0","0","0","1","68J01","0","","4","01","N","N","0","","0","0","0","0","0","N","1048","0","1","0","0","0","0","0","1","0","1","N","","","","","","","","","","","0100","03","","","N","N"
"1730","2","0","0","0","0","0","0","0","0","4","0","","36","11","2021","2021113841","2","40.1383","-76.3051","1724","08","0","0","0","0","0","0","1","0","","0","0","0","17","2","0","01","0","40 08:17.700","","00","76 18:18.500","0","0","0","0","36235","0","0","0","N","0","0","0","2","36506","0","","1","01","N","N","0","","0","0","0","3","3","","1724","0","2","0","0","0","0","0","1","0","2","N","","","","","","","","","","","","03","","","N",""
"0705","1","0","0","0","0","0","0","0","0","1","0","","36","12","2021","2021126509","6","40.0639","-76.3067","0701","08","0","0","0","0","0","0","0","0","","0","0","0","06","5","0","02","1","40 03:50.011","2","00","76 18:24.594","0","0","0","0","36101","0","0","0","N","0","0","0","2","36101","0","","1","01","N","N","0","","0","0","1","0","0","N","0654","0","2","0","0","0","0","0","3","0","2","N","","","","","","","","","","","0730","03","","","N",""
"1436","0","0","0","0","0","0","0","0","0","6","1","","36","11","2021","2021114846","2","40.0867","-76.196","1433","08","0","0","0","0","0","0","2","0","","0","1","0","14","1","4","00","2","40 05:12.170","6","00","76 11:45.711","3","0","0","0","36234","0","0","0","N","0","0","0","4","36215","0","","1","01","N","N","0","","4","0","0","0","0","Y","1433","4","2","0","0","0","0","0","1","1","2","N","","","","","","","","","","","0100","03","03","","N","N"
"2111","1","0","0","0","0","0","0","0","0","5","0","","36","10","2021","2021109477","5","40.0379","-76.2933","2108","08","0","0","0","0","0","0","0","0","","0","0","0","21","3","1","00","1","40 02:16.600","4","00","76 17:35.700","4","0","0","0","36301","2","0","0","N","0","0","0","3","36301","1","","6","01","","","0","","0","0","1","3","3","N","2107","1","2","0","0","0","0","0","3","0","2","N","","","","","","","","","","","2145","03","","","N","N"
"1445","2","0","0","0","0","0","0","0","0","4","0","","36","10","2021","2021104747","6","40.1","-76.3556","1445","08","0","0","0","0","0","1","0","0","","0","0","0","14","1","1","01","1","40 05:59.944","3","00","76 21:20.163","4","0","0","0","36406","0","0","0","N","0","0","0","2","36506","1","","1","09","N","N","0","","0","0","0","3","2","N","1445","1","2","0","0","0","0","0","3","0","2","N","","","","","","","","","","","0030","07","07","","N",""
"1854","1","0","1","0","0","0","0","0","0","7","0","","36","10","2021","2021104034","6","40.1878","-76.1257","1849","08","0","0","0","0","0","0","1","0","","0","0","0","18","2","1","00","1","40 11:16.089","1","00","76 07:32.562","2","0","0","0","36210","0","0","0","Y","0","0","0","1","36210","0","","2","09","N","N","0","","0","1","0","0","0","N","1849","1","1","0","0","0","0","0","1","0","1","N","","","","","","","","","","","1926","07","","","N","N"
"1614","1","0","0","0","0","0","0","0","0","8","0","","36","10","2021","2021107668","5","40.0205","-76.3285","1610","08","0","0","0","0","0","0","0","0","","0","0","0","16","1","1","00","0","40 01:13.770","","00","76 19:42.590","3","0","0","0","36220","1","0","0","N","1","0","0","2","36101","0","","1","01","N","N","0","","1","0","0","0","0","","1609","1","2","0","0","0","0","0","3","0","1","N","","","","","","","","","","","","03","03","","N","N"
"1927","1","0","0","0","0","0","0","0","0","1","0","","36","10","2021","2021108278","7","40.1249","-76.2204","1924","08","0","0","0","0","0","1","0","0","","0","0","0","19","2","2","00","9","40 07:29.740","","00","76 13:13.563","3","0","0","0","36238","0","0","0","N","0","0","0","2","36238","1","","1","01","N","N","1","","1","0","0","0","0","","1924","2","2","0","0","0","0","0","3","0","2","N","","","","","","","","","","","","03","","","Y","N"
"1621","0","0","0","0","0","0","0","0","0","7","0","","36","10","2021","2021104346","6","40.2254","-76.3998","1621","08","0","0","1","0","0","0","0","0","","0","0","0","15","1","1","00","0","40 13:31.300","","00","76 24:01.900","8","0","0","0","36230","0","0","0","N","0","0","0","1","68T06","0","","4","09","N","N","0","","0","0","1","0","0","","1552","1","1","0","0","0","1","0","1","0","1","N","","","","","","","","","","","","07","","","N","N"
"0800","2","0","0","0","0","0","0","0","0","4","0","","36","11","2021","2021109918","2","40.019","-76.3258","0757","08","0","1","0","0","0","0","0","0","","0","0","0","07","1","1","02","2","40 01:08.281","6","00","76 19:32.732","3","0","0","0","36220","0","0","0","N","0","0","0","4","36101","0","","1","01","N","N","0","","1","0","0","3","3","Y","0753","1","2","0","0","0","0","0","3","0","2","N","","","","","","","","","","","0900","03","03","","N",""
"1907","1","0","0","0","0","0","0","0","0","2","0","","36","11","2021","2021112158","1","40.2036","-76.0176","1847","08","0","0","1","0","0","0","0","0","","0","0","0","18","2","1","00","2","40 12:12.971","5","00","76 01:03.439","3","0","0","0","36202","0","0","0","N","0","0","0","3","68J01","0","","1","09","N","N","0","","1","0","1","0","0","Y","1845","1","2","0","0","0","0","0","1","0","2","N","","","","","","","","","","","1955","07","07","","N","N"
"1519","1","0","0","0","0","0","0","0","0","4","0","","36","11","2021","2021108557","2","40.0501","-76.3543","1514","08","0","0","0","0","0","0","1","0","","0","0","0","15","1","1","02","1","40 03:00.421","2","00","76 21:15.570","2","0","1","1","36214","0","0","0","N","0","0","0","2","36214","0","","1","01","N","N","0","","0","1","0","0","0","N","1514","1","2","0","0","0","0","0","3","0","2","N","","","","","","","","","","","1600","03","","","N",""
"0843","1","0","0","0","0","0","0","0","0","4","0","","36","11","2021","2021115625","4","40.1015","-76.0919","0841","08","0","0","0","0","0","0","0","0","","0","0","0","08","1","0","01","9","40 06:05.302","","00","76 05:30.717","0","0","0","0","36415","0","0","0","N","0","0","0","3","36415","0","","1","01","N","N","1","","0","0","0","3","2","","0838","0","2","0","0","0","0","0","1","0","2","N","","","","","","","","","","","","03","03","","N",""
"1421","0","0","0","0","0","0","0","0","0","6","0","","36","10","2021","2021103860","4","40.2245","-76.3767","1407","08","0","0","0","0","0","0","0","0","","0","0","0","14","1","0","00","0","40 13:28.245","","00","76 22:36.109","0","0","0","0","36227","0","0","0","N","0","0","0","5","36506","0","","1","01","N","N","0","","0","0","2","0","0","","1405","0","2","0","0","0","0","0","1","0","2","N","","","","","","","","","","","","03","","","N","N"
"0933","2","0","0","0","0","0","0","0","0","4","0","","36","10","2021","2021104084","6","40.0369","-76.3083","0929","08","0","0","0","0","0","0","0","0","","0","0","0","09","1","0","01","0","40 02:12.681","","00","76 18:30.027","0","0","0","0","36301","0","0","0","N","0","0","0","2","36301","0","","1","09","N","N","0","","0","0","0","0","0","","0926","0","2","0","0","0","0","0","3","0","2","N","","","","","","","","","","","","04","07","","N",""
"2341","1","0","0","0","0","0","0","0","0","7","0","","36","10","2021","2021103207","3","40.0631","-76.4092","2335","08","0","0","0","0","0","0","0","0","","0","0","0","23","3","0","00","0","40 03:47.289","","07","76 24:33.019","0","0","0","0","36239","0","0","0","N","0","0","0","1","36239","0","","2","09","N","N","0","","0","0","0","0","0","","2335","0","1","0","0","0","0","0","3","0","1","N","","","","","","","","","","","","07","07","","N","N"
"0658","0","0","0","0","0","0","0","0","0","1","0","","36","11","2021","2021114842","2","40.0199","-76.1799","0655","08","0","0","0","0","0","3","0","0","","0","0","0","06","5","1","00","1","40 01:11.665","3","00","76 10:47.539","3","0","0","0","36215","0","0","0","N","0","0","0","3","36215","0","","1","01","N","N","1","","1","0","2","0","0","N","0649","1","3","0","0","0","0","0","1","0","3","N","","","","","","","","","","","0100","03","03","","N","N"
"1902","1","0","0","0","0","0","0","0","0","4","0","","36","11","2021","2021108238","2","40.1216","-76.06","1859","08","0","0","1","0","0","0","1","0","","0","0","0","18","2","1","01","2","40 07:17.847","6","00","76 03:36.087","3","0","0","0","36213","0","0","0","N","0","0","0","2","36213","0","","1","01","N","N","0","","1","0","1","3","2","Y","1857","1","2","0","0","0","0","0","1","0","2","N","","","","","","","","","","","1950","03","","","N",""
"1938","1","0","0","0","0","0","0","0","0","1","0","","36","11","2021","2021110794","1","40.0222","-76.3613","1929","08","1","0","0","0","0","1","0","0","","0","0","0","19","3","0","00","0","40 01:19.790","","00","76 21:40.733","0","0","0","0","36223","0","0","0","N","0","0","0","3","36223","0","","1","09","N","N","0","","0","0","1","0","0","","1926","0","2","0","0","0","0","0","1","0","2","N","","","","","","","","","","","","07","04","","N","Y"
"1838","0","0","0","0","0","0","0","0","0","4","0","","36","11","2021","2021109935","2","40.1421","-76.5665","1831","08","0","0","0","0","1","0","1","0","","0","0","0","18","3","0","01","1","40 08:31.700","6","00","76 33:59.551","0","0","0","0","36225","0","0","0","N","0","0","0","3","36505","0","","1","01","N","N","1","","0","0","1","3","3","Y","1830","0","2","0","0","0","0","0","2","0","2","N","","","","","","","","","","","1845","03","03","","N",""
"1846","1","0","0","0","0","0","0","0","0","4","0","","36","11","2021","2021114541","6","40.1315","-76.1479","1839","08","0","0","0","0","0","2","0","0","","0","0","0","18","2","1","01","1","40 07:53.254","7","00","76 08:52.441","8","0","0","0","36238","0","0","0","N","0","0","0","4","36238","0","","1","01","N","N","0","","0","0","1","0","0","Y","1839","1","2","0","0","0","1","0","3","0","2","N","","","","","","","","","","","1934","03","","","N","N"
"0037","1","0","0","0","0","0","0","0","0","98","0","","36","11","2021","2021112450","5","40.0177","-76.1688","0037","08","0","0","0","0","0","0","0","0","","0","0","0","00","3","0","00","0","40 01:03.764","","00","76 10:07.670","0","0","0","0","36215","0","0","0","N","0","0","0","3","36215","0","","1","01","N","N","0","","0","0","0","0","0","","0036","0","1","0","0","0","0","0","1","0","1","N","","","","","","","","","","","","03","","","N","N"
"0822","0","0","0","0","0","0","0","0","0","4","0","","36","11","2021","2021109502","5","40.0961","-76.2959","0812","08","0","0","0","0","0","0","0","0","","0","0","0","08","1","0","00","2","40 05:45.840","5","00","76 17:45.370","0","0","0","0","36101","0","0","0","N","0","0","0","3","36101","0","","1","01","N","N","1","","0","0","0","0","0","Y","0810","0","2","0","0","0","0","0","3","1","2","N","","","","","","","","","","","0933","03","03","","N","N"
"1112","1","0","0","0","0","0","0","0","0","5","0","","36","10","2021","2021108754","3","40.1763","-76.1739","1108","08","0","0","0","0","0","0","0","1","","0","0","0","11","1","0","00","2","40 10:34.800","5","00","76 10:26.100","0","0","0","0","36408","0","0","0","N","0","0","0","1","36408","0","","6","01","N","N","0","","0","0","0","0","0","Y","1106","0","2","0","0","0","0","0","2","0","2","N","","","","","","","","","","","1148","03","","","N","N"
"1501","1","0","0","0","0","0","0","0","0","4","0","","36","11","2021","2021106875","2","40.1825","-76.1745","1458","08","0","0","0","0","1","0","0","1","","0","0","0","14","1","0","01","1","40 10:57.079","2","00","76 10:28.081","0","0","0","0","36408","0","0","0","N","0","0","0","3","36408","0","","1","01","N","N","0","","0","0","1","3","3","Y","1458","0","2","0","0","0","0","0","2","0","2","N","","","","","","","","","","","1450","03","03","","N",""
"0825","0","0","0","0","0","0","0","0","0","1","0","","36","11","2021","2021111268","5","40.0843","-76.2889","0824","08","0","0","0","0","0","1","0","0","","0","0","0","08","1","1","01","0","40 05:03.483","","00","76 17:20.096","4","0","0","0","36101","0","0","0","N","0","0","0","2","36101","1","","1","01","N","N","0","","0","0","2","3","2","","0812","1","2","0","0","0","0","0","3","0","2","N","","","","","","","","","","","","03","","","N",""
"0748","0","0","0","0","0","0","0","0","0","98","0","","36","11","2021","2021114838","5","40.0765","-76.3754","0739","08","0","0","0","0","0","0","0","0","","0","0","0","07","1","0","00","0","40 04:35.234","","00","76 22:31.383","0","0","0","0","36214","0","0","0","N","0","0","0","1","36214","0","","1","01","N","N","0","","0","0","0","0","0","","0725","0","1","0","0","0","0","0","3","1","1","N","","","","","","","","","","","","04","04","","N","N"
"1731","1","0","0","0","0","0","0","0","0","1","0","","36","11","2021","2021112139","2","40.1122","-75.9823","1701","08","0","1","0","0","0","0","0","0","","0","0","0","16","1","0","00","0","40 06:43.854","","00","75 58:56.159","0","0","0","0","36203","0","0","0","N","0","0","0","2","68J01","0","","1","01","N","N","1","","0","0","0","0","0","","1614","0","2","0","0","0","0","0","1","0","2","N","","","","","","","","","","","","03","03","","N","N"
"1108","1","0","0","0","0","0","0","0","0","1","0","","36","10","2021","2021109922","5","40.1805","-76.4042","1100","08","0","0","0","0","0","0","0","0","","0","0","0","11","1","0","02","0","40 10:49.804","","00","76 24:15.102","0","0","0","0","36230","0","0","0","N","0","0","0","2","36410","0","","1","01","N","N","0","","0","0","1","0","0","","1100","0","2","0","0","0","0","0","1","0","2","N","","","","","","","","","","","","03","03","","N",""
"2132","1","0","0","0","0","0","0","0","0","7","0","","36","11","2021","2021121873","7","39.9402","-76.0201","2126","08","0","0","0","0","1","0","0","0","","0","0","0","21","2","1","00","2","39 56:24.800","6","00","76 01:12.200","3","0","0","0","36231","0","0","0","N","0","0","0","1","68J01","0","","5","01","N","N","0","","1","0","0","0","0","Y","2120","1","1","0","0","0","0","0","1","0","1","N","","","","","","","","","","","2230","03","","","N","N"
"0730","0","0","0","0","0","0","0","0","0","4","0","","36","11","2021","2021110466","4","40.1109","-76.1102","0727","08","0","0","0","0","0","0","0","0","","0","0","0","07","1","2","02","1","40 06:39.092","5","00","76 06:36.899","4","0","0","0","36209","0","0","0","N","0","0","0","2","36415","1","","1","01","N","N","0","","0","0","2","3","3","N","0725","2","2","0","0","0","1","0","1","0","2","N","","","","","","","","","","","0755","04","","","N",""
"1745","0","0","0","0","0","0","0","0","0","4","0","","36","11","2021","2021108300","2","40.1736","-76.3384","1740","08","0","0","0","0","0","1","0","0","","0","0","0","17","2","0","01","0","40 10:25.133","","00","76 20:18.061","0","0","0","0","36227","0","0","0","N","0","0","0","2","36506","0","","1","01","N","N","0","","0","0","2","0","0","","1740","0","2","0","0","0","0","0","1","0","2","N","","","","","","","","","","","","03","03","","N",""
"1229","1","0","0","0","0","0","0","0","0","4","0","","36","11","2021","2021119968","5","40.0756","-76.3233","1221","08","0","0","0","0","0","0","0","0","","0","0","0","12","1","0","02","0","40 04:32.225","","00","76 19:23.748","0","0","0","0","36101","0","0","0","N","0","0","0","2","36101","0","","1","01","N","N","0","","0","0","1","3","3","","1218","0","2","0","0","0","0","0","3","0","2","N","","","","","","","","","","","","04","","","N",""
"1745","1","0","0","0","0","0","0","0","0","1","0","","36","10","2021","2021110985","5","40.1602","-76.3076","1741","08","0","0","1","0","0","1","0","0","","0","0","0","17","4","0","01","2","40 09:36.663","1","00","76 18:27.476","0","0","0","0","36409","0","0","0","N","0","0","0","2","36409","0","","1","01","N","N","1","","0","0","0","3","2","N","1740","0","2","0","0","0","0","0","3","0","2","N","","","","","","","","","","","0010","03","","","N",""
"1707","0","0","0","0","0","0","0","0","0","7","0","","36","11","2021","2021109533","5","40.2607","-76.1418","1703","08","1","0","0","0","0","0","0","0","","0","0","0","17","4","2","00","2","40 15:38.400","5","00","76 08:30.600","3","0","0","0","36236","0","0","0","N","0","0","0","2","36408","0","","4","01","N","N","1","","2","0","0","0","0","N","1700","2","1","0","0","0","0","0","1","0","1","N","","","","","","","","","","","1740","03","03","","N","N"
"0819","1","0","0","0","0","0","0","0","0","4","0","","36","11","2021","2021114845","5","40.0831","-76.2236","0808","08","0","0","0","0","0","0","0","0","","0","0","0","08","1","1","00","0","40 04:59.200","","07","76 13:25.100","3","0","0","0","36234","0","0","0","N","0","0","0","4","36215","0","","1","01","N","N","1","","1","0","0","0","0","","0808","1","2","0","0","0","0","0","1","0","2","N","","","","","","","","","","","","03","03","","N","N"
"0757","1","0","0","0","0","0","0","0","0","4","0","","36","10","2021","2021102784","4","40.1611","-76.6057","0747","08","0","0","1","0","0","0","0","0","","0","0","0","07","1","0","01","1","40 09:39.812","2","00","76 36:20.656","0","0","0","0","36407","0","0","0","N","0","0","0","3","36407","0","","1","01","N","N","0","","0","0","1","3","3","N","0747","0","2","0","0","3","0","0","2","0","2","N","","","","","","","","","","","0853","04","03","","N","N"
"0735","1","0","0","0","0","0","0","0","0","98","0","","36","10","2021","2021103208","4","40.032","-76.4688","0726","08","0","0","0","0","0","0","1","0","","0","0","0","07","1","0","02","0","40 01:55.131","","00","76 28:07.596","0","0","0","0","36239","0","0","0","N","0","0","0","1","36239","0","","1","01","N","N","0","","0","0","0","3","3","","0725","0","1","0","0","0","0","0","3","0","1","N","","","","","","","","","","","","03","03","","N",""
"1536","1","0","0","0","0","0","0","0","0","1","0","","36","10","2021","2021108295","1","40.0699","-76.3112","1527","08","0","0","0","0","0","0","0","0","","0","0","0","15","1","0","00","0","40 04:11.522","","00","76 18:40.482","0","0","0","0","36101","0","0","0","N","0","0","0","3","36101","0","","1","01","N","N","0","","0","0","1","0","0","","1524","0","2","0","0","0","0","0","3","0","2","N","","","","","","","","","","","","03","03","","N","N"
"1700","1","0","0","0","0","0","0","0","0","4","0","","36","11","2021","2021112057","4","40.0384","-76.3249","1655","08","0","0","0","0","0","2","0","0","","0","0","0","16","4","0","02","0","40 02:18.109","","00","76 19:29.786","9","0","0","0","36301","0","0","0","N","0","0","0","2","36101","0","","1","01","N","N","0","","0","0","1","3","3","","1655","0","2","0","0","0","0","1","3","0","2","N","","","","","","","","","","","","03","","","N",""
"1538","0","0","0","0","0","0","0","0","0","4","0","","36","11","2021","2021110467","6","40.1297","-76.3113","1532","08","0","0","0","0","0","0","2","0","","0","0","0","15","1","2","01","0","40 07:46.855","","00","76 18:40.680","4","0","0","0","36235","0","0","0","N","0","0","0","2","36506","2","","1","01","N","N","0","","0","0","1","3","3","","1532","2","2","0","0","0","0","0","1","1","2","N","","","","","","","","","","","","03","03","","N",""
"1647","1","0","0","0","0","0","0","0","0","5","0","","36","11","2021","2021110702","3","40.2282","-76.0943","1647","08","0","0","0","0","0","0","0","0","","0","0","0","16","1","0","00","0","40 13:41.400","","07","76 05:39.600","0","0","0","0","36210","0","0","0","N","0","0","0","4","36210","0","","1","01","N","N","0","","0","0","1","0","0","","1647","0","2","0","0","0","0","0","1","0","2","N","","","","","","","","","","","","03","","","N","N"
"2319","1","0","0","0","0","0","0","0","0","7","0","","36","11","2021","2021111535","7","40.1204","-76.5639","2315","08","0","0","0","0","0","0","0","0","","0","0","0","23","3","0","00","0","40 07:13.600","","00","76 33:49.900","0","0","0","0","36237","0","0","0","N","0","0","0","1","36505","0","","4","01","N","N","0","","0","0","0","0","0","","2313","0","1","0","0","0","0","0","1","0","1","N","","","","","","","","","","","","03","","","N","N"
"2128","0","0","0","0","0","0","0","0","0","7","0","","36","09","2021","2021089027","2","40.1055","-76.4264","2122","08","0","0","0","0","0","0","0","0","","0","0","0","21","3","0","00","2","40 06:19.667","1","02","76 25:35.034","0","0","0","0","36214","0","0","0","N","0","0","0","1","36214","0","","4","01","N","N","0","","0","0","1","0","0","N","2120","0","1","0","0","0","0","0","3","0","1","N","","","","","","","","","","","1011","03","03","","N","N"
"0703","0","0","0","0","0","0","0","0","0","8","0","","36","10","2021","2021102971","4","40.0451","-76.3632","0659","08","0","0","0","0","0","0","0","0","","0","0","0","06","2","1","00","1","40 02:42.282","1","00","76 21:47.682","3","0","0","0","36214","1","0","0","N","1","0","0","2","36214","0","","1","01","N","N","0","","1","0","1","0","0","N","0657","1","2","0","0","0","0","0","3","0","1","N","","","","","","","","","","","0729","03","03","","N","N"
"0425","0","0","0","0","0","0","0","0","0","7","0","","36","10","2021","2021103906","4","40.1535","-76.5972","0422","08","0","0","0","0","0","0","0","0","","0","0","0","04","3","0","01","2","40 09:12.621","5","00","76 35:49.743","0","0","0","0","36407","0","0","0","N","0","0","0","1","36407","0","","4","09","N","N","0","","0","0","1","3","3","Y","0420","0","1","0","0","0","0","0","2","0","1","N","","","","","","","","","","","0523","07","04","","N",""
"2038","1","0","0","0","0","0","0","0","0","4","0","","36","10","2021","2021109923","5","40.0745","-76.4927","2027","08","0","0","0","0","0","0","0","0","","0","0","0","20","2","1","05","1","40 04:28.250","2","00","76 29:33.818","3","0","0","0","36230","0","0","0","N","0","0","0","3","36410","0","","1","01","N","N","0","","1","0","1","3","3","Y","2025","1","2","0","0","0","0","0","1","0","2","N","","","","","","","","","","","2122","03","03","","N",""
"0618","1","0","0","0","0","0","0","0","0","7","0","","36","11","2021","2021113538","2","40.0507","-76.3116","0601","08","0","0","0","0","0","0","0","0","","0","0","0","03","3","0","11","1","40 03:02.394","3","00","76 18:41.842","9","0","0","0","36301","0","0","0","N","0","0","0","1","36301","0","","4","01","N","N","0","","0","0","0","0","0","N","0320","0","1","0","0","0","0","1","3","0","1","N","","","","","","","","","","","0655","03","03","","N",""
"1730","1","0","0","0","0","0","0","0","0","98","0","","36","11","2021","2021111787","1","39.9903","-76.3186","1727","08","0","0","0","0","0","0","0","0","","0","0","0","17","2","0","00","0","39 59:25.252","","00","76 19:06.860","0","0","0","0","36228","0","0","0","N","0","0","0","1","36228","0","","1","01","N","N","0","","0","0","0","0","0","","1727","0","1","0","0","0","0","0","1","0","1","N","","","","","","","","","","","","03","","","N","Y"
"2035","0","0","0","0","0","0","0","0","0","7","0","","36","11","2021","2021114344","1","40.2063","-76.3955","2028","08","0","0","0","0","1","0","0","0","","0","0","0","20","2","1","00","0","40 12:22.817","","00","76 23:43.705","3","0","0","0","36227","0","0","0","N","0","0","0","1","36410","0","","4","09","N","N","0","","1","0","1","0","0","","2026","1","1","0","0","0","0","0","1","0","1","N","","","","","","","","","","","","07","07","","N","N"
"0740","1","0","0","0","0","0","0","0","0","7","0","","36","11","2021","2021110068","6","40.2208","-76.076","0734","08","0","0","0","0","0","0","0","0","","0","0","0","07","1","0","00","1","40 13:14.831","1","00","76 04:33.446","0","0","0","0","36210","0","0","0","Y","0","0","0","1","36210","0","","3","08","N","N","0","","0","0","0","0","0","N","0732","0","1","0","0","0","0","0","1","0","1","N","","","","","","","","","","","0822","07","","","N","N"
"1746","1","0","0","0","0","0","0","0","0","1","0","","36","11","2021","2021111808","3","40.0616","-76.3218","1738","08","0","0","0","0","0","1","0","0","","0","0","0","17","3","1","00","0","40 03:41.601","","00","76 19:18.591","4","0","0","0","36101","0","0","0","N","0","0","0","3","36301","1","","1","01","N","N","0","","0","0","1","0","0","","1732","1","3","0","0","0","0","0","3","1","3","N","","","","","","","","","","","","03","03","","Y","N"
"2013","1","0","0","0","0","0","0","0","0","1","0","","36","10","2021","2021104386","3","40.0376","-76.309","2002","08","0","0","0","0","0","0","0","0","","0","0","0","20","3","1","00","0","40 02:15.368","","00","76 18:32.416","3","0","0","0","36301","0","0","0","N","0","0","0","2","36301","0","","1","09","N","N","0","","1","0","1","0","0","","2000","1","2","0","0","0","0","1","3","0","2","N","","","","","","","","","","","","03","03","","N","Y"