"ARRIVAL_TM","AUTOMOBILE_COUNT","BELTED_DEATH_COUNT","BELTED_SUSP_SERIOUS_INJ_COUNT","BICYCLE_COUNT","BICYCLE_DEATH_COUNT","BICYCLE_SUSP_SERIOUS_INJ_COUNT","BUS_COUNT","CHLDPAS_DEATH_COUNT","CHLDPAS_SUSP_SERIOUS_INJ_COUNT","COLLISION_TYPE","COMM_VEH_COUNT","CONS_ZONE_SPD_LIM","COUNTY","CRASH_MONTH","CRASH_YEAR","CRN","DAY_OF_WEEK","DEC_LAT","DEC_LONG","DISPATCH_TM","DISTRICT","DRIVER_COUNT_16YR","DRIVER_COUNT_17YR","DRIVER_COUNT_18YR","DRIVER_COUNT_19YR","DRIVER_COUNT_20YR","DRIVER_COUNT_50_64YR","DRIVER_COUNT_65_74YR","DRIVER_COUNT_75PLUS","EST_HRS_CLOSED","FATAL_COUNT","HEAVY_TRUCK_COUNT","HORSE_BUGGY_COUNT","HOUR_OF_DAY","ILLUMINATION","INJURY_COUNT","INTERSECT_TYPE","LANE_CLOSED","LATITUDE","LN_CLOSE_DIR","LOCATION_TYPE","LONGITUDE","MAX_SEVERITY_LEVEL","MCYCLE_DEATH_COUNT","MCYCLE_SUSP_SERIOUS_INJ_COUNT","MOTORCYCLE_COUNT","MUNICIPALITY","NONMOTR_COUNT","NONMOTR_DEATH_COUNT","NONMOTR_SUSP_SERIOUS_INJ_COUNT","NTFY_HIWY_MAINT","PED_COUNT","PED_DEATH_COUNT","PED_SUSP_SERIOUS_INJ_COUNT","PERSON_COUNT","POLICE_AGCY","POSSIBLE_INJ_COUNT","RDWY_SURF_TYPE_CD","RELATION_TO_ROAD","ROAD_CONDITION","SCH_BUS_IND","SCH_ZONE_IND","SMALL_TRUCK_COUNT","SPEC_JURIS_CD","SUSP_MINOR_INJ_COUNT","SUSP_SERIOUS_INJ_COUNT","SUV_COUNT","TCD_FUNC_CD","TCD_TYPE","TFC_DETOUR_IND","TIME_OF_DAY","TOT_INJ_COUNT","TOTAL_UNITS","UNB_DEATH_COUNT","UNB_SUSP_SERIOUS_INJ_COUNT","UNBELTED_OCC_COUNT","UNK_INJ_DEG_COUNT","UNK_INJ_PER_COUNT","URBAN_RURAL","VAN_COUNT","VEHICLE_COUNT","WORK_ZONE_IND","WORK_ZONE_LOC","WORK_ZONE_TYPE","WORKERS_PRES","WZ_CLOSE_DETOUR","WZ_FLAGGER","WZ_LAW_OFFCR_IND","WZ_LN_CLOSURE","WZ_MOVING","WZ_OTHER","WZ_SHLDER_MDN","ROADWAY_CLEARED","WEATHER1","WEATHER2","WZ_WORKERS_INJ_KILLED","SECONDARY_CRASH","INTERSECTION_RELATED"
"2310","1","0","0","0","0","0","0","0","0","1","0","","36","11","2021","2021111735","2","40.0549","-76.2675","2306","08","0","0","0","0","0","1","0","0","","0","0","0","23","3","1","00","1","40 03:17.578","3","00","76 16:02.956","4","0","0","0","36215","0","0","0","N","0","0","0","2","36301","1","","1","01","N","N","0","","0","0","1","0","0","N","2305","1","2","0","0","0","0","0","1","0","2","N","","","","","","","","","","","0010","03","","","N","N"
"0638","1","0","0","0","0","0","0","0","0","4","0","","36","10","2021","2021105007","6","40.0619","-76.4988","0631","08","0","0","1","0","0","1","0","0","","0","0","0","06","2","1","01","2","40 03:42.752","6","00","76 29:55.590","8","0","0","0","36239","0","0","0","N","0","0","0","2","36239","0","","1","08","N","N","0","","0","0","1","3","3","Y","0631","1","2","0","0","1","1","1","3","0","2","N","","","","","","","","","","","0655","07","07","","N",""
"2036","0","0","0","0","0","0","0","0","0","1","0","","36","10","2021","2021112446","6","40.0292","-76.2281","2034","08","0","0","0","0","0","0","0","0","","0","0","0","20","3","0","01","0","40 01:45.621","","00","76 13:41.370","0","0","0","0","36215","0","0","0","N","0","0","0","8","36215","0","","1","09","N","N","1","","0","0","0","3","2","","2032","0","2","0","0","0","0","0","1","1","2","N","","","","","","","","","","","","07","","","N",""
"1644","1","0","0","0","0","0","0","0","0","4","0","","36","10","2021","2021104259","6","40.1752","-76.308","1636","08","0","0","0","0","1","1","0","0","","0","0","0","16","1","0","00","0","40 10:30.800","","07","76 18:28.900","0","0","0","0","36235","0","0","0","N","0","0","0","2","36506","0","","1","09","N","N","0","","0","0","1","3","3","","1635","0","2","0","0","0","0","0","1","0","2","N","","","","","","","","","","","","07","","","N","N"
"2340","1","0","0","0","0","0","0","0","0","2","0","","36","10","2021","2021102713","3","40.0411","-76.2997","2337","08","0","0","0","1","0","0","0","0","","0","0","0","23","3","0","00","2","40 02:27.992","2","00","76 17:59.088","0","0","0","0","36301","0","0","0","N","0","0","0","4","36301","0","","1","01","N","N","0","","0","0","1","0","0","Y","2337","0","2","0","0","0","0","0","3","0","2","N","","","","","","","","","","","0043","03","","","N","N"
"1825","1","0","0","0","0","0","0","0","0","7","0","","36","10","2021","2021104746","1","40.0533","-76.3888","1800","08","0","0","0","0","0","3","0","0","","0","0","0","17","4","1","00","0","40 03:11.793","","00","76 23:19.852","4","0","0","0","36214","0","0","0","Y","0","0","0","6","36214","1","","3","01","N","N","1","","0","0","3","0","0","","1753","1","5","0","0","2","0","0","3","0","5","N","","","","","","","","","","","","03","03","","N","N"
"0822","1","0","0","0","0","0","0","0","0","8","0","","36","11","2021","2021109738","6","40.033","-76.3068","0816","08","0","0","0","0","0","0","0","0","","0","0","0","08","1","2","01","0","40 01:58.902","","00","76 18:24.637","8","0","0","0","36301","2","0","0","N","2","0","0","3","36301","0","","1","09","N","N","0","","0","0","0","3","2","","0816","2","3","0","0","0","2","0","3","0","1","N","","","","","","","","","","","","07","07","","N",""
"0637","1","0","0","0","0","0","0","0","0","1","0","","36","11","2021","2021110846","2","39.9657","-76.273","0628","08","0","0","0","0","0","0","0","0","","0","0","0","06","5","1","01","0","39 57:56.645","","00","76 16:22.722","8","0","0","0","36228","0","0","0","N","0","0","0","2","36228","0","","1","01","N","N","0","","0","0","0","0","0","","0626","1","2","0","0","0","1","0","1","1","2","N","","","","","","","","","","","","04","","","N","N"
"2230","3","0","0","0","0","0","0","0","0","1","0","","36","10","2021","2021107179","1","40.0386","-76.4258","2221","08","0","0","0","0","0","0","0","0","","0","0","0","22","3","0","00","0","40 02:19.117","","00","76 25:32.804","0","0","0","0","36414","0","0","0","N","0","0","0","1","36239","0","","6","01","N","N","0","","0","0","1","0","0","","2221","0","4","0","0","0","0","0","3","0","4","N","","","","","","","","","","","","03","","","N","N"
"1447","2","0","0","0","0","0","0","0","0","4","0","","36","10","2021","2021104605","6","40.1305","-76.3062","1446","08","0","0","0","0","0","0","0","0","","0","0","0","14","1","0","02","0","40 07:49.800","","00","76 18:22.300","0","0","0","0","36235","0","0","0","N","0","0","0","4","36506","0","","1","09","N","N","0","","0","0","1","9","3","","1446","0","3","0","0","0","0","0","1","0","3","N","","","","","","","","","","","","07","","","Y",""
"0654","2","0","0","0","0","0","0","0","0","6","0","","36","10","2021","2021105833","1","40.0468","-76.3232","0649","08","0","0","0","0","0","1","0","0","","0","0","0","06","3","0","00","1","40 02:48.500","2","00","76 19:23.600","0","0","0","0","36301","0","0","0","N","0","0","0","1","36301","0","","6","01","N","N","0","","0","0","1","0","0","N","0638","0","3","0","0","0","0","0","3","0","3","N","","","","","","","","","","","0658","03","03","","N","N"
"1316","0","0","0","0","0","0","0","0","0","1","0","","36","11","2021","2021113020","1","40.0388","-76.1846","1313","08","0","0","0","0","0","0","0","0","","0","0","0","13","1","4","00","2","40 02:19.567","6","00","76 11:04.652","3","0","0","0","36215","0","0","0","N","0","0","0","8","36215","0","","1","01","N","N","0","","4","0","3","0","0","Y","1310","4","3","0","0","0","0","0","1","0","3","N","","","","","","","","","","","1418","03","","","N","N"
"1836","1","0","0","0","0","0","0","0","0","5","0","","36","11","2021","2021108786","3","40.0398","-76.3039","1831","08","0","0","0","0","0","1","0","0","","0","0","0","18","3","1","01","2","40 02:23.108","2","00","76 18:14.080","2","0","1","1","36301","0","0","0","N","0","0","0","4","36301","0","","1","01","N","N","0","","0","1","0","3","2","Y","1831","1","2","0","0","0","0","0","3","0","2","N","","","","","","","","","","","2051","03","","","N",""
"1810","0","0","0","0","0","0","0","0","0","1","0","","36","11","2021","2021109676","5","40.0701","-76.3192","1801","08","0","0","0","0","0","0","1","0","","0","0","0","18","3","0","00","0","40 04:12.230","","00","76 19:09.236","0","0","0","0","36101","0","0","0","N","0","0","0","2","36101","0","","1","01","N","N","1","","0","0","1","3","2","","1800","0","2","0","0","0","0","0","3","0","2","N","","","","","","","","","","","","03","","","N","N"
"0604","1","0","0","0","0","0","0","0","0","7","0","","36","11","2021","2021110124","4","40.1146","-76.2899","0555","08","0","0","0","0","0","0","0","0","","0","0","0","05","2","0","00","1","40 06:52.600","3","00","76 17:23.600","0","0","0","0","36101","0","0","0","N","0","0","0","1","36101","0","","2","01","N","N","0","","0","0","0","0","0","N","0554","0","1","0","0","0","0","0","3","0","1","N","","","","","","","","","","","0655","03","","","N","N"
"1935","0","0","0","0","0","0","0","0","0","7","0","","36","11","2021","2021121582","3","39.8941","-76.1732","1926","08","0","0","0","0","0","0","0","0","","0","0","0","19","3","0","00","9","39 53:38.843","","07","76 10:23.571","0","0","0","0","36416","0","0","0","N","0","0","0","1","36416","0","","2","01","N","N","0","","0","0","1","3","3","","1926","0","2","0","0","0","0","0","1","0","1","N","","","","","","","","","","","","03","","","Y","N"
"1101","1","0","0","0","0","0","0","0","0","4","0","","36","11","2021","2021115197","7","40.1956","-76.1709","1054","08","0","1","0","0","0","0","0","0","","0","0","0","10","1","0","00","1","40 11:44.272","3","07","76 10:15.379","0","0","0","0","36218","0","0","0","N","0","0","0","5","36408","0","","1","09","N","N","0","","0","0","1","3","2","N","1054","0","2","0","0","0","0","0","1","0","2","N","","","","","","","","","","","1146","07","","","N","N"
"1748","0","0","0","0","0","0","0","0","0","7","0","","36","11","2021","2021114341","3","40.192","-76.415","1741","08","0","0","0","0","0","1","0","0","","0","0","0","17","2","1","00","0","40 11:31.215","","00","76 24:54.104","4","0","0","0","36230","0","0","0","N","0","0","0","1","36410","1","","5","01","N","N","0","","0","0","0","0","0","","1739","1","1","0","0","0","0","0","1","1","1","N","","","","","","","","","","","","03","","","N","N"
"1648","0","0","0","0","0","0","0","0","0","6","0","","36","10","2021","2021106587","6","40.0498","-76.1882","1642","08","0","0","0","0","0","0","0","1","","0","0","1","16","1","1","00","2","40 02:59.420","7","00","76 11:17.500","3","0","0","0","36234","2","0","0","N","0","0","0","3","36215","0","","1","09","N","N","0","","1","0","0","0","0","N","1641","1","2","0","0","0","0","0","1","1","1","N","","","","","","","","","","","1708","07","07","","N","N"
"2300","0","0","0","0","0","0","0","0","0","1","0","","36","10","2021","2021103177","4","40.0408","-76.2875","2258","08","0","0","0","0","0","1","0","0","","0","0","0","22","3","1","00","1","40 02:26.900","1","00","76 17:15.000","3","0","0","0","36301","0","0","0","N","0","0","0","2","36301","0","","1","01","N","N","1","","1","0","1","0","0","N","2258","1","2","0","0","0","0","0","3","0","2","N","","","","","","","","","","","2345","03","03","","N","N"
"0655","1","0","0","0","0","0","0","0","0","7","0","","36","10","2021","2021106998","1","40.0822","-76.2333","0648","08","0","0","0","0","0","0","0","0","","0","0","0","06","2","0","00","2","40 04:55.932","6","00","76 13:59.935","0","0","0","0","36234","0","0","0","N","0","0","0","1","36215","0","","2","09","N","N","0","","0","0","0","0","0","Y","0645","0","1","0","0","0","0","0","1","0","1","N","","","","","","","","","","","0733","05","05","","N","N"
"0645","0","0","0","0","0","0","0","0","0","8","0","","36","10","2021","2021103239","5","40.0522","-76.3084","0639","08","0","0","0","0","0","0","0","0","","0","0","0","06","5","1","01","0","40 03:07.752","","00","76 18:30.128","8","0","0","0","36301","1","0","0","N","1","0","0","2","36301","0","","1","01","N","N","1","","0","0","0","3","2","","0639","1","2","0","0","0","1","0","3","0","1","N","","","","","","","","","","","","03","03","","N",""
"0544","1","0","0","0","0","0","0","0","0","0","0","","36","12","2021","2021128449","1","40.0672","-76.288","0539","08","0","0","0","0","0","0","0","0","","0","0","0","05","5","2","06","0","40 04:01.811","","02","76 17:16.925","3","0","0","0","36101","0","0","0","N","0","0","0","2","36101","0","","3","09","N","N","0","","2","0","0","0","0","","0536","2","1","0","0","0","0","0","3","0","1","N","","","","","","","","","","","","07","04","","N",""
"1832","1","0","0","0","0","0","0","0","0","4","0","","36","11","2021","2021115008","7","40.0319","-76.471","1821","08","0","0","1","0","0","0","0","0","","0","0","0","18","3","0","02","1","40 01:54.857","3","00","76 28:15.714","0","0","0","0","36239","0","0","0","N","0","0","0","2","36239","0","","1","01","N","N","0","","0","0","1","0","0","N","1821","0","2","0","0","0","0","0","3","0","2","N","","","","","","","","","","","1916","03","03","","N",""
"0735","1","0","0","0","0","0","0","0","0","1","0","","36","11","2021","2021109928","2","40.19","-76.4139","0727","08","0","0","0","0","0","0","0","0","","0","0","0","07","1","1","00","0","40 11:24.171","","00","76 24:50.019","3","0","0","0","36230","0","0","0","N","0","0","0","2","36410","0","","1","01","N","N","0","","1","0","1","0","0","","0725","1","2","0","0","0","0","0","1","0","2","N","","","","","","","","","","","","03","","","N","N"
"2112","0","0","0","0","0","0","0","0","0","98","0","","36","11","2021","2021112122","2","39.9085","-76.2427","2106","08","0","0","0","0","0","0","0","0","","0","0","0","21","2","1","00","0","39 54:30.500","","00","76 14:33.609","3","0","0","0","36229","0","0","0","N","0","0","0","1","68J01","0","","1","01","N","N","0","","1","0","1","0","0","","2104","1","1","0","0","0","0","0","1","0","1","N","","","","","","","","","","","","03","03","","N","N"
"1703","1","0","0","0","0","0","0","0","0","2","0","","36","10","2021","2021107177","6","40.0591","-76.4629","1700","08","0","0","0","1","0","0","0","0","","0","0","0","17","1","0","03","2","40 03:32.814","7","00","76 27:46.398","0","0","0","0","36239","0","0","0","N","0","0","0","7","36239","0","","1","09","N","N","0","","0","0","1","0","0","N","1700","0","2","0","0","0","0","0","3","0","2","N","","","","","","","","","","","1800","07","","","N",""
"0920","0","0","0","0","0","0","0","0","0","0","0","","36","10","2021","2021104258","7","40.0967","-76.3989","0911","08","0","0","0","0","0","1","1","0","","0","0","0","09","1","0","00","1","40 05:48.090","4","00","76 23:55.872","0","0","0","0","36214","0","0","0","N","0","0","0","2","36214","0","","1","09","N","N","1","","0","0","1","0","0","N","0911","0","2","0","0","0","0","0","3","0","2","N","","","","","","","","","","","1000","07","","","N","N"
"1956","2","0","0","0","0","0","0","0","0","4","0","","36","10","2021","2021103615","4","40.0385","-76.2775","1947","08","0","0","0","0","0","0","0","0","","0","0","0","19","3","1","02","1","40 02:18.491","6","00","76 16:38.946","3","0","0","0","36220","0","0","0","N","0","0","0","2","36101","0","","1","01","N","N","0","","1","0","0","0","0","N","1946","1","2","0","0","0","0","0","3","0","2","N","","","","","","","","","","","2102","03","","","N",""
"1957","1","0","0","0","0","0","0","0","0","4","1","","36","12","2021","2021125672","4","40.1596","-76.6094","1953","08","0","0","0","0","0","1","0","0","","0","1","0","19","3","0","01","1","40 09:34.505","2","00","76 36:33.761","0","0","0","0","36407","0","0","0","N","0","0","0","2","36407","0","","1","01","N","N","0","","0","0","0","3","3","Y","1952","0","2","0","0","0","0","0","2","0","2","N","","","","","","","","","","","2108","03","03","","N",""
"1939","1","0","0","0","0","0","0","0","0","4","0","","36","12","2021","2021128591","4","40.0374","-76.4552","1930","08","0","0","0","0","0","0","0","0","","0","0","0","19","3","0","00","0","40 02:14.550","","00","76 27:18.814","9","0","0","0","36239","0","0","0","N","0","0","0","2","36239","0","","1","01","N","N","0","","0","0","1","0","0","","1929","0","2","0","0","0","0","1","3","0","2","N","","","","","","","","","","","","03","03","","N","N"
"1247","0","0","0","0","0","0","0","0","0","7","0","","36","11","2021","2021110465","7","40.0265","-76.3945","1243","08","0","0","0","0","0","0","0","0","","0","0","0","12","1","0","00","0","40 01:35.543","","00","76 23:40.209","0","0","0","0","36223","0","0","0","N","0","0","0","3","36223","0","","5","09","N","N","0","","0","0","1","0","0","","1240","0","1","0","0","0","0","0","1","0","1","N","","","","","","","","","","","","07","","","N","N"
"1739","0","0","0","0","0","0","0","0","0","1","0","","36","11","2021","2021120879","2","39.9887","-75.9845","1735","08","0","0","0","0","0","0","0","0","","0","0","0","17","2","1","01","2","39 59:19.233","3","00","75 59:04.464","2","0","1","1","36232","0","0","0","N","0","0","0","2","68J01","0","","1","01","N","N","1","","0","1","0","0","0","N","1735","1","2","0","0","0","0","0","1","0","2","N","","","","","","","","","","","0100","03","","","N","N"
"1029","0","0","0","0","0","0","0","0","0","1","0","","36","11","2021","2021106845","2","40.1866","-76.1886","1024","08","0","0","0","0","0","0","0","0","","0","0","0","10","1","1","00","0","40 11:11.675","","00","76 11:19.007","8","0","0","0","36408","0","0","0","N","0","0","0","2","36408","0","","1","01","N","N","1","","0","0","1","0","0","","1024","1","2","0","0","1","1","0","2","0","2","N","","","","","","","","","","","","03","03","","N","N"
"2116","1","0","0","0","0","0","0","0","0","4","0","","36","10","2021","2021104431","7","40.0585","-76.4037","2112","08","0","0","0","0","0","0","0","0","","0","0","0","21","2","0","01","2","40 03:30.572","6","00","76 24:13.331","0","0","0","0","36214","0","0","0","N","0","0","0","5","36214","0","","1","01","N","N","0","","0","0","1","3","2","Y","2110","0","2","0","0","0","0","0","3","0","2","N","","","","","","","","","","","2215","03","03","","N",""
"0655","0","0","0","0","0","0","0","0","0","4","0","","36","11","2021","2021105871","2","40.0922","-76.0986","0653","08","0","0","0","0","0","2","0","0","","0","0","0","06","2","0","02","0","40 05:31.974","","00","76 05:55.118","0","0","0","0","36415","0","0","0","N","0","0","0","3","36415","0","","1","01","N","N","0","","0","0","2","3","3","","0650","0","2","0","0","0","0","0","1","0","2","N","","","","","","","","","","","","03","","","N",""
"1815","2","0","0","0","0","0","0","0","0","4","0","","36","10","2021","2021104260","6","40.1437","-76.2933","1810","08","0","0","0","0","0","1","0","0","","0","0","0","18","2","0","00","0","40 08:37.235","","00","76 17:35.706","0","0","0","0","36235","0","0","0","N","0","0","0","2","36506","0","","1","09","N","N","0","","0","0","0","3","3","","1809","0","2","0","0","0","0","0","1","0","2","N","","","","","","","","","","","","07","","","N","N"
"0024","1","0","0","0","0","0","0","0","0","98","0","","36","10","2021","2021109924","6","40.1126","-76.4456","0009","08","0","0","0","0","0","0","0","0","","0","0","0","00","2","0","00","0","40 06:45.466","","03","76 26:44.233","0","0","0","0","36230","0","0","0","N","0","0","0","1","36410","0","","1","01","N","N","0","","0","0","0","0","0","","0006","0","1","0","0","0","0","0","1","0","1","N","","","","","","","","","","","","03","03","","N","N"
"2135","0","0","0","0","0","0","0","0","0","8","0","","36","10","2021","2021104704","6","40.0431","-76.3086","2130","08","0","0","0","0","0","0","0","0","","0","0","0","18","3","1","00","0","40 02:35.200","","00","76 18:30.800","3","0","0","0","36301","1","0","0","N","1","0","0","2","36301","0","","1","09","N","N","0","","1","0","1","0","0","","1800","1","2","0","0","0","0","0","3","0","1","N","","","","","","","","","","","","07","","","N","N"
"1352","1","0","0","0","0","0","0","0","0","7","0","","36","12","2021","2021128299","4","40.0236","-76.3627","1342","08","0","0","0","0","0","0","0","1","","0","0","0","13","1","0","00","0","40 01:24.895","","00","76 21:45.686","0","0","0","0","36223","0","0","0","N","0","0","0","2","36223","0","","2","01","N","N","0","","0","0","0","0","0","","1339","0","1","0","0","0","0","0","1","0","1","N","","","","","","","","","","","","03","","","N","N"
"0804","0","0","0","0","0","0","0","0","0","7","0","","36","12","2021","2021127939","4","39.7976","-76.1627","0742","08","0","0","0","0","0","0","0","0","","0","0","0","07","1","0","00","1","39 47:51.523","2","00","76 09:45.887","0","0","0","0","36219","0","0","0","N","0","0","0","1","68J01","0","","4","02","N","N","0","","0","0","1","0","0","N","0738","0","1","0","0","0","0","0","1","0","1","N","","","","","","","","","","","0835","03","","","N","N"
"0844","1","0","0","0","0","0","0","0","0","4","0","","36","12","2021","2021123924","3","40.2609","-76.1141","0841","08","0","0","0","0","0","0","1","0","","0","0","0","08","1","1","01","0","40 15:39.299","","00","76 06:50.884","3","0","0","0","36236","0","0","0","N","0","0","0","2","36408","0","","1","01","N","N","0","","1","0","1","3","3","","0840","1","2","0","0","0","0","0","1","0","2","N","","","","","","","","","","","","03","03","","N","N"
"1455","1","0","0","0","0","0","0","0","0","1","0","","36","11","2021","2021109464","5","40.1259","-76.205","1452","08","0","0","1","0","0","0","0","0","","0","0","0","14","1","0","00","2","40 07:33.146","6","00","76 12:18.098","0","0","0","0","36238","0","0","0","N","0","0","0","5","36408","0","","1","01","N","N","0","","0","0","1","0","0","Y","1452","0","3","0","0","0","0","0","3","1","3","N","","","","","","","","","","","1530","03","03","","Y","N"
"1737","0","0","1","0","0","0","0","0","0","1","0","","36","11","2021","2021121876","2","40.0386","-76.1734","1710","08","0","0","0","0","0","1","0","0","","0","0","0","17","3","2","01","2","40 02:18.836","7","00","76 10:24.111","2","0","0","0","36221","0","0","0","N","0","0","0","4","68J01","0","","1","01","N","N","1","","1","1","2","3","2","Y","1710","2","3","0","0","0","0","0","1","0","3","N","","","","","","","","","","","1853","03","","","N","N"
"0223","1","0","0","0","0","0","0","0","0","98","0","","36","11","2021","2021114345","2","40.1169","-76.4541","0201","08","0","0","0","1","0","0","0","0","","0","0","0","02","2","0","00","0","40 07:00.712","","00","76 27:14.754","0","0","0","0","36230","0","0","0","N","0","0","0","1","36410","0","","1","09","N","N","0","","0","0","0","0","0","","0200","0","1","0","0","0","0","0","1","0","1","N","","","","","","","","","","","","03","03","","N","N"
"1645","1","0","0","0","0","0","0","0","0","1","0","","36","11","2021","2021110067","3","40.227","-76.1307","1639","08","0","1","0","0","0","0","0","0","","0","0","0","16","1","1","02","2","40 13:37.095","2","00","76 07:50.358","3","0","0","0","36405","0","0","0","N","0","0","0","2","36210","0","","1","01","N","N","1","","1","0","0","3","3","N","1639","1","2","0","0","0","0","0","1","0","2","N","","","","","","","","","","","1712","03","","","N","N"
"1357","2","0","0","0","0","0","0","0","0","4","0","","36","10","2021","2021106348","1","40.0334","-76.3135","1354","08","0","0","1","1","0","0","0","0","","0","0","0","13","1","2","01","0","40 02:00.124","","00","76 18:48.650","3","0","0","0","36301","0","0","0","N","0","0","0","2","36301","1","","1","09","N","N","0","","1","0","0","3","3","","1353","2","2","0","0","0","0","0","3","0","2","N","","","","","","","","","","","","07","07","","N","N"
"1445","1","0","0","0","0","0","0","0","0","7","0","","36","10","2021","2021108796","1","40.0027","-76.3563","1439","08","0","0","0","1","0","1","0","0","","0","0","0","14","1","0","01","0","40 00:09.820","","00","76 21:22.613","0","0","0","0","36412","0","0","0","N","0","0","0","2","36412","0","","2","09","N","N","1","","0","0","0","3","2","","1439","0","2","0","0","0","0","0","3","0","2","N","","","","","","","","","","","","07","","","N","N"
"1937","2","0","0","0","0","0","0","0","0","4","0","","36","10","2021","2021108388","7","40.131","-76.2171","1932","08","0","0","1","0","0","1","0","0","","0","0","0","19","2","1","01","1","40 07:51.600","6","00","76 13:01.400","3","0","0","0","36238","0","0","0","N","0","0","0","5","36238","0","","1","01","N","N","0","","1","0","0","3","2","Y","1932","1","2","0","0","0","0","0","3","0","2","N","","","","","","","","","","","2014","03","","","N","N"
"2126","2","0","0","0","0","0","0","0","0","5","1","","36","12","2021","2021125728","4","40.0591","-76.4975","2115","08","0","1","0","0","0","0","0","0","","0","1","0","21","2","0","00","0","40 03:32.587","","07","76 29:50.979","0","0","0","0","36239","0","0","0","N","0","0","0","2","36239","0","","1","01","N","N","0","","0","0","0","0","0","","2115","0","3","0","0","0","0","0","3","0","3","N","","","","","","","","","","","","03","","","N","N"
"0618","1","0","0","0","0","0","0","0","0","7","0","","36","11","2021","2021110468","7","40.1533","-76.3688","0616","08","0","0","0","0","0","0","0","0","","0","0","0","06","2","0","02","2","40 09:11.989","6","00","76 22:07.535","9","0","0","0","36227","0","0","0","N","0","0","0","1","36506","0","","5","01","N","N","0","","0","0","0","0","0","Y","0616","0","1","0","0","0","0","1","1","0","1","N","","","","","","","","","","","0100","03","03","","N",""
"0615","1","0","0","0","0","0","0","0","0","7","0","","36","10","2021","2021103861","5","40.1678","-76.2956","0611","08","0","0","0","0","0","0","0","0","","0","0","0","06","3","1","01","0","40 10:03.939","","00","76 17:44.145","3","0","0","0","36235","0","0","0","N","0","0","0","1","36506","0","","2","01","N","N","0","","1","0","0","3","2","","0608","1","1","0","0","0","0","0","1","0","1","N","","","","","","","","","","","","03","","","N",""
"1530","2","0","0","0","0","0","0","0","0","1","0","","36","12","2021","2021126085","4","40.0042","-76.3496","1528","08","0","0","2","0","0","0","0","0","","0","0","0","14","1","0","00","0","40 00:15.100","","00","76 20:58.700","0","0","0","0","36412","0","0","0","N","0","0","0","4","36412","0","","1","01","N","N","0","","0","0","0","0","0","","1456","0","2","0","0","0","0","0","3","0","2","N","","","","","","","","","","","","03","","","N","N"
"0648","3","0","0","0","0","0","0","0","0","5","0","","36","11","2021","2021115554","7","40.037","-76.3145","0645","08","0","0","0","0","0","0","0","0","","0","0","0","06","3","2","00","1","40 02:13.284","3","00","76 18:52.100","3","0","0","0","36301","0","0","0","N","0","0","0","2","36301","0","","6","01","N","N","0","","2","0","0","0","0","N","0643","2","4","0","0","0","0","0","3","1","4","N","","","","","","","","","","","0720","03","","","N","N"
"2329","1","0","0","0","0","0","0","0","0","1","0","","36","12","2021","2021121282","7","40.1396","-76.2039","2327","08","0","0","0","0","0","0","0","0","","0","0","0","23","2","1","00","1","40 08:22.593","1","00","76 12:14.123","8","0","0","0","36238","0","0","0","Y","0","0","0","2","36238","0","","1","01","N","N","0","","0","0","1","0","0","N","2327","1","2","0","0","0","1","0","3","0","2","N","","","","","","","","","","","0019","03","","","N","Y"
"1722","0","0","0","0","0","0","0","0","0","8","0","","36","12","2021","2021125466","2","40.1145","-76.522","1718","08","0","0","0","0","0","1","0","0","","0","0","0","17","3","1","00","0","40 06:52.085","","00","76 31:19.160","8","0","0","0","36413","1","0","0","N","1","0","0","2","36413","0","","1","01","N","N","0","","0","0","1","0","0","","1718","1","2","0","0","0","1","0","2","0","1","N","","","","","","","","","","","","03","","","N","N"
"1828","1","0","0","0","0","0","0","0","0","1","0","","36","12","2021","2021127504","3","40.0325","-76.0806","1814","08","0","1","0","0","0","0","0","0","","0","0","0","18","2","1","03","0","40 01:57.143","","07","76 04:50.152","4","0","0","0","36221","0","0","0","N","0","0","0","3","68J01","1","","1","01","N","N","0","","0","0","1","0","0","","1810","1","2","0","0","0","0","0","1","0","2","N","","","","","","","","","","","","03","","","N","N"
"1518","1","0","0","0","0","0","0","0","0","7","0","","36","12","2021","2021121985","2","40.1671","-76.0519","1505","08","0","0","0","0","1","0","0","0","","0","0","0","15","1","0","00","2","40 10:01.581","5","00","76 03:06.860","0","0","0","0","36213","0","0","0","N","0","0","0","1","36213","0","","4","01","N","N","0","","0","0","0","0","0","Y","1504","0","1","0","0","0","0","0","1","0","1","N","","","","","","","","","","","1539","03","03","","N","N"
"0116","1","0","0","0","0","0","0","0","0","0","0","","36","11","2021","2021118339","2","40.1689","-76.1981","0113","08","0","0","0","0","0","0","0","0","","0","0","0","01","3","0","00","0","40 10:08.010","","00","76 11:53.336","0","0","0","0","36408","0","0","0","Y","0","0","0","1","36408","0","","1","09","N","N","0","","0","0","0","0","0","","0113","0","1","0","0","0","0","0","2","0","1","N","","","","","","","","","","","","07","","","N","N"