"ARRIVAL_TM","AUTOMOBILE_COUNT","BELTED_DEATH_COUNT","BELTED_SUSP_SERIOUS_INJ_COUNT","BICYCLE_COUNT","BICYCLE_DEATH_COUNT","BICYCLE_SUSP_SERIOUS_INJ_COUNT","BUS_COUNT","CHLDPAS_DEATH_COUNT","CHLDPAS_SUSP_SERIOUS_INJ_COUNT","COLLISION_TYPE","COMM_VEH_COUNT","CONS_ZONE_SPD_LIM","COUNTY","CRASH_MONTH","CRASH_YEAR","CRN","DAY_OF_WEEK","DEC_LAT","DEC_LONG","DISPATCH_TM","DISTRICT","DRIVER_COUNT_16YR","DRIVER_COUNT_17YR","DRIVER_COUNT_18YR","DRIVER_COUNT_19YR","DRIVER_COUNT_20YR","DRIVER_COUNT_50_64YR","DRIVER_COUNT_65_74YR","DRIVER_COUNT_75PLUS","EST_HRS_CLOSED","FATAL_COUNT","HEAVY_TRUCK_COUNT","HORSE_BUGGY_COUNT","HOUR_OF_DAY","ILLUMINATION","INJURY_COUNT","INTERSECT_TYPE","LANE_CLOSED","LATITUDE","LN_CLOSE_DIR","LOCATION_TYPE","LONGITUDE","MAX_SEVERITY_LEVEL","MCYCLE_DEATH_COUNT","MCYCLE_SUSP_SERIOUS_INJ_COUNT","MOTORCYCLE_COUNT","MUNICIPALITY","NONMOTR_COUNT","NONMOTR_DEATH_COUNT","NONMOTR_SUSP_SERIOUS_INJ_COUNT","NTFY_HIWY_MAINT","PED_COUNT","PED_DEATH_COUNT","PED_SUSP_SERIOUS_INJ_COUNT","PERSON_COUNT","POLICE_AGCY","POSSIBLE_INJ_COUNT","RDWY_SURF_TYPE_CD","RELATION_TO_ROAD","ROAD_CONDITION","SCH_BUS_IND","SCH_ZONE_IND","SMALL_TRUCK_COUNT","SPEC_JURIS_CD","SUSP_MINOR_INJ_COUNT","SUSP_SERIOUS_INJ_COUNT","SUV_COUNT","TCD_FUNC_CD","TCD_TYPE","TFC_DETOUR_IND","TIME_OF_DAY","TOT_INJ_COUNT","TOTAL_UNITS","UNB_DEATH_COUNT","UNB_SUSP_SERIOUS_INJ_COUNT","UNBELTED_OCC_COUNT","UNK_INJ_DEG_COUNT","UNK_INJ_PER_COUNT","URBAN_RURAL","VAN_COUNT","VEHICLE_COUNT","WORK_ZONE_IND","WORK_ZONE_LOC","WORK_ZONE_TYPE","WORKERS_PRES","WZ_CLOSE_DETOUR","WZ_FLAGGER","WZ_LAW_OFFCR_IND","WZ_LN_CLOSURE","WZ_MOVING","WZ_OTHER","WZ_SHLDER_MDN","ROADWAY_CLEARED","WEATHER1","WEATHER2","WZ_WORKERS_INJ_KILLED","SECONDARY_CRASH","INTERSECTION_RELATED"
"0946","2","0","0","0","0","0","0","0","0","4","0","","36","12","2021","2021126583","4","40.131","-76.2171","0943","08","0","0","0","0","0","0","2","0","","0","0","0","09","1","1","01","0","40 07:51.556","","00","76 13:01.609","3","0","0","0","36238","0","0","0","N","0","0","0","3","36238","0","","1","01","N","N","0","","1","0","1","3","2","","0943","1","3","0","0","0","0","0","3","0","3","N","","","","","","","","","","","","03","","","N","N"
"1423","1","0","0","0","0","0","0","0","0","4","0","","36","12","2021","2021122565","6","40.044","-76.3096","1421","08","0","0","0","0","0","1","0","0","","0","0","0","14","1","0","01","0","40 02:38.526","","00","76 18:34.563","0","0","0","0","36301","0","0","0","N","0","0","0","2","36301","0","","1","01","N","N","0","","0","0","1","3","3","","1409","0","2","0","0","0","0","0","3","0","2","N","","","","","","","","","","","","03","03","","N","N"
"0750","0","0","0","0","0","0","0","0","0","1","0","","36","12","2021","2021127841","4","40.1478","-76.2265","0735","08","0","0","0","0","0","2","0","0","","0","0","0","07","5","0","00","0","40 08:51.980","","00","76 13:35.470","0","0","0","0","36235","0","0","0","N","0","0","0","4","36506","0","","1","02","N","N","0","","0","0","3","0","0","","0730","0","4","0","0","0","0","0","1","1","4","N","","","","","","","","","","","","98","98","","N","N"
"0650","0","0","0","0","0","0","0","0","0","7","0","","36","12","2021","2021125817","4","40.2727","-76.1554","0615","08","0","0","0","0","0","0","0","0","","0","0","0","06","2","1","00","1","40 16:21.788","1","03","76 09:19.374","3","0","0","0","36236","0","0","0","N","0","0","0","1","36408","0","","4","02","N","N","1","","1","0","0","0","0","Y","0615","1","1","0","0","0","0","0","1","0","1","N","","","","","","","","","","","0750","06","","","N","N"
"1719","1","0","0","0","0","0","0","0","0","1","0","","36","12","2021","2021121394","7","40.0386","-76.3079","1717","08","0","0","0","0","0","0","0","0","","0","0","0","17","3","1","00","0","40 02:19.089","","00","76 18:28.606","4","0","0","0","36301","0","0","0","N","0","0","0","4","36301","1","","1","09","N","N","0","","0","0","1","0","0","","1717","1","2","0","0","0","0","0","3","0","2","N","","","","","","","","","","","","07","","","N","N"
"1520","2","0","0","0","0","0","0","0","0","4","0","","36","12","2021","2021119976","5","40.0763","-76.2324","1510","08","0","0","0","1","0","0","0","0","","0","0","0","15","1","0","02","1","40 04:34.615","3","00","76 13:56.485","0","0","0","0","36215","0","0","0","N","0","0","0","5","36215","0","","1","01","N","N","0","","0","0","0","3","3","N","1508","0","2","0","0","0","0","0","1","0","2","N","","","","","","","","","","","1556","03","03","","N",""
"1710","1","0","0","0","0","0","0","0","0","4","0","","36","12","2021","2021125363","7","40.0359","-76.2996","1708","08","0","0","0","0","1","0","0","0","","0","0","0","17","3","1","01","1","40 02:09.146","3","00","76 17:58.466","4","0","0","0","36301","0","0","0","N","0","0","0","2","36301","1","","1","01","N","N","0","","0","0","1","3","3","Y","1704","1","2","0","0","0","0","0","3","0","2","N","","","","","","","","","","","1730","03","03","","N",""
"1050","2","0","0","0","0","0","0","0","0","4","0","","36","12","2021","2021125757","4","40.2379","-76.1366","1046","08","0","0","0","0","0","1","0","0","","0","0","0","10","1","1","01","1","40 14:16.312","5","00","76 08:11.870","4","0","0","0","36405","0","0","0","N","0","0","0","5","36210","1","","1","09","N","N","1","","0","0","0","3","3","Y","1046","1","3","0","0","0","0","0","1","0","3","N","","","","","","","","","","","1140","03","","","N","N"
"2144","2","0","0","0","0","0","0","0","0","4","0","","36","12","2021","2021125524","6","40.0404","-76.2463","2142","08","0","1","0","0","0","0","0","0","","0","0","0","21","3","2","01","2","40 02:25.433","3","02","76 14:46.844","8","0","0","0","36215","0","0","0","N","0","0","0","3","36215","0","","1","01","N","N","0","","0","0","0","3","2","N","2139","2","2","0","0","1","2","0","1","0","2","N","","","","","","","","","","","2227","03","","","N",""
"1547","0","0","0","0","0","0","0","0","0","1","0","","36","12","2021","2021123493","3","40.1518","-76.2448","1556","08","0","1","0","0","0","0","0","0","","0","0","0","15","1","1","00","0","40 09:06.471","","00","76 14:41.436","8","0","0","0","36235","0","0","0","N","0","0","0","3","36506","0","","1","01","N","N","1","","0","0","2","0","0","","1547","1","3","0","0","0","1","0","1","0","3","N","","","","","","","","","","","","03","","","Y","N"
"1946","0","0","0","0","0","0","0","0","0","4","0","","36","11","2021","2021128624","1","40.2144","-76.0162","1943","08","0","0","0","0","0","0","0","0","","0","0","0","19","2","1","00","0","40 12:51.805","","07","76 00:58.203","3","0","0","1","36202","0","0","0","N","0","0","0","2","68J01","0","","1","01","N","N","0","","1","0","1","0","0","","1941","1","2","0","0","0","0","0","1","0","2","N","","","","","","","","","","","","03","","","N","N"
"1410","1","0","0","0","0","0","0","0","0","1","0","","36","11","2021","2021119978","4","40.0459","-76.4183","1404","08","0","0","0","0","0","0","1","0","","0","0","0","14","1","2","00","0","40 02:45.251","","00","76 25:05.977","3","0","0","0","36239","0","0","0","N","0","0","0","2","36239","1","","1","01","N","N","0","","1","0","1","0","0","","1404","2","2","0","0","0","0","0","3","0","2","N","","","","","","","","","","","","03","03","","N","N"
"1709","0","0","1","0","0","0","0","0","0","7","0","","36","12","2021","2021125056","6","40.104","-76.2545","1700","08","0","0","0","0","0","0","0","0","","0","0","0","16","3","1","00","1","40 06:14.478","2","03","76 15:16.280","2","0","0","0","36101","0","0","0","N","0","0","0","2","36101","0","","3","01","N","N","0","","0","1","2","0","0","N","1655","1","2","0","0","0","0","0","3","0","2","N","","","","","","","","","","","1810","03","","","N","N"
"0838","0","0","0","0","0","0","0","0","0","7","0","","36","12","2021","2021126630","4","40.1819","-76.2043","0833","08","0","0","0","0","0","0","0","0","","0","0","0","08","1","0","00","0","40 10:54.854","","00","76 12:15.316","0","0","0","0","36218","0","0","0","N","0","0","0","1","36408","0","","5","02","N","N","1","","0","0","0","0","0","","0833","0","1","0","0","0","0","0","1","0","1","N","","","","","","","","","","","","05","","","N","N"
"1117","1","0","0","0","0","0","0","0","0","6","0","","36","11","2021","2021117982","4","40.1932","-76.1573","1112","08","0","0","0","0","0","1","0","0","","0","0","0","11","1","2","00","2","40 11:35.500","5","00","76 09:26.100","2","0","0","0","36218","0","0","0","N","0","0","0","2","36408","0","","1","01","N","N","0","","1","1","1","0","0","Y","1112","2","2","0","1","2","0","0","1","0","2","N","","","","","","","","","","","1212","03","03","","N","N"
"1408","1","0","0","0","0","0","0","0","0","7","0","","36","12","2021","2021123088","7","40.2242","-76.1113","1359","08","0","1","0","0","0","0","0","0","","0","0","0","13","1","1","00","0","40 13:27.100","","00","76 06:40.600","8","0","0","0","36210","0","0","0","N","0","0","0","3","36210","0","","2","09","N","N","0","","0","0","0","0","0","","1358","1","1","0","0","0","1","0","1","0","1","N","","","","","","","","","","","","04","","","N","N"
"1400","1","0","0","0","0","0","0","0","0","7","0","","36","12","2021","2021124851","5","40.2198","-76.1304","1359","08","0","0","0","0","0","0","0","0","","0","0","0","13","1","1","00","0","40 13:11.395","","00","76 07:49.308","8","0","0","0","36210","0","0","0","N","0","0","0","2","36210","0","","5","01","N","N","0","","0","0","0","0","0","","1359","1","1","0","0","0","1","1","1","0","1","N","","","","","","","","","","","","03","","","N","N"
"1335","0","0","0","0","0","0","0","0","0","1","0","","36","12","2021","2021125063","5","40.1046","-76.0915","1331","08","0","0","0","0","0","0","0","0","","0","0","0","13","1","0","00","1","40 06:16.720","3","00","76 05:29.370","0","0","0","0","36415","0","0","0","N","0","0","0","2","36415","0","","6","01","N","N","1","","0","0","0","0","0","N","1331","0","2","0","0","1","0","0","1","1","2","N","","","","","","","","","","","1408","03","03","","N","N"
"1910","1","0","0","0","0","0","0","0","0","4","0","","36","12","2021","2021126147","1","40.1828","-76.1846","1904","08","1","0","0","0","0","0","0","0","","0","0","0","19","3","0","02","0","40 10:58.188","","00","76 11:04.638","0","0","0","0","36408","0","0","0","N","0","0","0","5","36408","0","","1","01","N","N","0","","0","0","0","3","2","","1904","0","2","0","0","0","0","0","2","1","2","N","","","","","","","","","","","","03","","","N","N"
"1504","1","0","0","0","0","0","0","0","0","5","0","","36","12","2021","2021124902","2","40.1463","-76.6026","1502","08","0","0","1","0","0","0","0","0","","0","0","0","15","1","0","01","2","40 08:46.700","2","00","76 36:09.265","0","0","0","0","36407","0","0","0","N","0","0","0","2","36407","0","","1","01","N","N","0","","0","0","1","0","0","Y","1502","0","2","0","0","0","0","0","2","0","2","N","","","","","","","","","","","1545","03","","","N",""
"2023","2","0","0","0","0","0","0","0","0","4","0","","36","11","2021","2021115381","5","40.1","-76.3541","2021","08","1","0","0","0","0","0","1","0","","0","0","0","20","3","1","01","1","40 06:00.025","6","00","76 21:14.898","4","0","0","0","36406","0","0","0","N","0","0","0","2","36506","1","","1","01","N","N","0","","0","0","0","3","2","N","2021","1","2","0","0","1","0","0","3","0","2","N","","","","","","","","","","","2106","03","","","N",""
"1257","1","0","0","0","0","0","0","0","0","7","0","","36","12","2021","2021121284","5","40.1413","-76.2009","1246","08","0","0","0","0","0","0","0","0","","0","0","0","12","1","0","00","0","40 08:28.680","","00","76 12:03.154","0","0","0","0","36238","0","0","0","N","0","0","0","1","36238","0","","4","01","N","N","0","","0","0","0","0","0","","1246","0","1","0","0","0","0","0","3","0","1","N","","","","","","","","","","","","03","","","N","N"
"1441","1","0","0","0","0","0","0","0","0","4","0","","36","12","2021","2021120390","7","40.1293","-76.4446","1424","08","0","0","0","0","0","0","0","1","","0","0","0","14","1","0","00","0","40 07:45.502","","07","76 26:40.603","0","0","0","0","36230","0","0","0","N","0","0","0","4","36410","0","","1","01","N","N","1","","0","0","0","0","0","","1404","0","2","0","0","0","0","0","1","0","2","N","","","","","","","","","","","","03","","","N","N"
"2141","0","0","0","0","0","0","0","0","0","1","0","","36","11","2021","2021123696","3","39.9913","-76.0158","2131","08","0","0","0","0","0","0","1","0","","0","0","0","21","3","0","00","0","39 59:28.803","","00","76 00:56.931","0","0","0","0","36101","0","0","0","N","0","0","0","2","68J01","0","","1","01","N","N","0","","0","0","2","3","2","","2124","0","2","0","0","0","0","0","3","0","2","N","","","","","","","","","","","","03","","","N","N"
"1556","0","0","0","0","0","0","0","0","0","4","0","","36","12","2021","2021124916","6","40.2331","-76.1372","1544","08","0","0","0","0","0","0","0","0","","0","0","0","15","1","0","01","2","40 13:59.328","7","00","76 08:13.950","0","0","0","0","36405","0","0","0","N","0","0","0","2","36210","0","","1","01","N","N","1","","0","0","1","3","2","N","1544","0","2","0","0","0","0","0","1","0","2","N","","","","","","","","","","","1630","03","","","N",""
"0532","2","0","0","0","0","0","0","0","0","6","0","","36","12","2021","2021125763","4","40.2245","-76.1119","0528","08","0","0","0","0","0","0","0","0","","0","0","0","05","3","2","00","2","40 13:28.326","6","03","76 06:42.763","3","0","0","0","36210","0","0","0","N","0","0","0","2","36210","0","","1","02","N","N","0","","2","0","0","0","0","Y","0528","2","2","0","0","0","0","0","1","0","2","N","","","","","","","","","","","0630","05","","","N","Y"
"0025","0","0","0","0","0","0","0","0","0","98","0","","36","12","2021","2021126034","2","40.2098","-76.0338","2353","08","0","0","0","0","0","0","0","0","","0","0","0","23","2","0","00","0","40 12:14.640","","00","76 00:59.720","0","0","0","0","36202","0","0","0","N","0","0","0","2","68T06","0","","1","01","N","N","0","","0","0","1","0","0","","2353","0","1","0","0","0","0","0","1","0","1","N","","","","","","","","","","","","03","","","N","N"
"1415","1","0","0","0","0","0","0","0","0","4","0","","36","12","2021","2021125068","2","40.1326","-76.347","1406","08","0","0","0","0","0","0","0","0","","0","0","0","14","1","1","01","0","40 07:57.364","","00","76 20:49.148","3","0","0","0","36227","0","0","0","N","0","0","0","2","36506","0","","1","01","N","N","0","","1","0","1","3","3","","1405","1","2","0","0","1","0","0","1","0","2","N","","","","","","","","","","","","03","03","","N",""
"1131","1","0","0","0","0","0","0","0","0","4","0","","36","12","2021","2021126510","6","40.0684","-76.3143","1119","08","0","1","1","0","0","0","0","0","","0","0","0","11","1","0","01","0","40 04:06.400","","00","76 18:51.600","0","0","0","0","36101","0","0","0","N","0","0","0","2","36101","0","","1","01","N","N","0","","0","0","1","3","3","","1116","0","2","0","0","0","0","0","3","0","2","N","","","","","","","","","","","","03","","","N",""
"1752","1","0","0","0","0","0","0","0","0","98","0","","36","12","2021","2021126148","4","40.2662","-76.1573","1745","08","0","0","0","1","0","0","0","0","","0","0","0","17","2","0","02","0","40 15:58.403","","00","76 09:26.286","0","0","0","0","36236","0","0","0","N","0","0","0","1","36408","0","","1","01","N","N","0","","0","0","0","0","0","","1745","0","1","0","0","0","0","0","1","0","1","N","","","","","","","","","","","","03","03","","N","N"
"2059","0","0","0","0","0","0","0","0","0","7","0","","36","12","2021","2021126060","5","40.0816","-76.0179","2055","08","0","0","0","0","0","0","0","0","","0","0","0","20","2","1","00","2","40 04:53.810","5","00","76 01:04.324","8","0","0","0","36213","0","0","0","N","0","0","0","1","36213","0","","4","01","N","N","0","","0","0","1","0","0","Y","2053","1","1","0","0","0","1","0","1","0","1","N","","","","","","","","","","","2131","03","","","N","N"
"0716","0","0","0","0","0","0","0","0","0","7","0","","36","12","2021","2021126580","4","40.1249","-76.2207","0709","08","0","0","0","1","0","0","0","0","","0","0","0","07","1","0","00","1","40 07:29.716","6","03","76 13:14.407","0","0","0","0","36235","0","0","0","N","0","0","0","1","36238","0","","2","02","N","N","1","","0","0","0","0","0","N","0709","0","1","0","0","0","0","0","1","0","1","N","","","","","","","","","","","0716","03","","","N","N"
"1302","1","0","0","0","0","0","0","0","0","7","0","","36","12","2021","2021121783","1","40.1968","-76.1521","1256","08","0","0","0","0","0","0","0","0","","0","0","0","12","1","2","00","2","40 11:48.600","6","00","76 09:07.700","2","0","0","0","36210","0","0","0","N","0","0","0","2","36210","1","","4","01","N","N","0","","0","1","0","0","0","Y","1256","2","1","0","1","2","0","0","1","0","1","N","","","","","","","","","","","1339","03","","","N","Y"
"0742","2","0","0","0","0","0","0","0","0","4","0","","36","12","2021","2021127638","4","40.0924","-76.41","0731","08","0","0","0","0","0","1","0","0","","0","0","0","07","5","1","01","2","40 05:32.675","5","00","76 24:35.883","4","0","0","0","36214","0","0","0","N","0","0","0","3","36214","1","","1","09","N","N","0","","0","0","0","3","3","Y","0727","1","2","0","0","0","0","0","3","0","2","N","","","","","","","","","","","0810","05","07","","N",""
"1751","2","0","0","0","0","0","0","0","0","4","0","","36","11","2021","2021117903","4","40.1389","-76.2223","1743","08","0","0","0","0","0","0","0","0","","0","0","0","17","2","0","01","1","40 08:20.182","3","00","76 13:20.414","0","0","0","0","36238","0","0","0","N","0","0","0","2","36238","0","","1","01","N","N","0","","0","0","0","3","3","N","1743","0","2","0","0","0","0","0","3","0","2","N","","","","","","","","","","","1830","03","","","N","N"
"1745","1","0","0","0","0","0","0","0","0","1","0","","36","11","2021","2021115376","2","40.1293","-76.5017","1734","08","0","0","0","0","0","1","0","0","","0","0","0","17","2","0","00","0","40 07:45.404","","00","76 30:06.049","0","0","0","0","36225","0","0","0","N","0","0","0","2","36505","0","","1","01","N","N","0","","0","0","1","0","0","","1734","0","2","0","0","0","0","0","2","0","2","N","","","","","","","","","","","","03","03","","N","N"
"1809","1","0","0","0","0","0","0","0","0","7","0","","36","11","2021","2021114494","3","40.104","-76.0502","1804","08","0","0","0","0","0","0","0","0","","0","0","0","18","2","0","00","0","40 06:14.300","","00","76 03:00.800","0","0","0","0","36213","0","0","0","N","0","0","0","1","36213","0","","4","01","N","N","0","","0","0","0","0","0","N","1800","0","1","0","0","0","0","0","1","0","1","N","","","","","","","","","","","","03","03","","N","N"
"1146","2","0","0","0","0","0","0","0","0","1","0","","36","11","2021","2021115372","3","40.079","-76.2976","1144","08","0","0","0","0","0","2","0","0","","0","0","0","11","1","0","00","1","40 04:44.450","3","00","76 17:51.210","0","0","0","0","36101","0","0","0","N","0","0","0","3","36101","0","","1","01","N","N","0","","0","0","0","0","0","N","1142","0","3","0","0","0","0","0","3","1","3","N","","","","","","","","","","","1233","03","03","","N","N"
"0321","1","0","0","0","0","0","0","0","0","0","0","","36","12","2021","2021126297","4","40.1645","-76.5835","0313","08","0","0","0","0","0","1","0","0","","0","0","0","03","2","0","00","1","40 09:52.287","3","00","76 35:00.731","0","0","0","0","36407","0","0","0","N","0","0","0","1","36407","0","","1","01","N","N","0","","0","0","0","0","0","N","0309","0","1","0","0","0","0","0","2","0","1","N","","","","","","","","","","","0402","03","03","","N","N"
"1041","1","0","0","0","0","0","0","0","0","4","0","","36","12","2021","2021121754","2","40.0424","-76.2938","1036","08","0","0","0","0","0","0","0","1","","0","0","0","10","1","0","01","0","40 02:32.780","","00","76 17:37.618","0","0","0","0","36301","0","0","0","N","0","0","0","3","36301","0","","1","01","N","N","0","","0","0","0","3","3","N","1030","0","2","0","0","1","0","0","3","1","2","N","","","","","","","","","","","","03","","","N",""
"1636","2","0","0","0","0","0","0","0","0","4","0","","36","12","2021","2021123097","6","40.0698","-76.3424","1615","08","0","0","0","0","0","0","0","1","","0","0","0","16","4","0","00","1","40 04:11.100","2","07","76 20:32.700","0","0","0","0","36301","0","0","0","N","0","0","0","2","36301","0","","1","01","N","N","0","","0","0","0","3","3","Y","1613","0","2","0","0","0","0","0","3","0","2","N","","","","","","","","","","","1726","03","03","","N","N"
"0637","0","0","0","0","0","0","0","0","0","4","0","","36","12","2021","2021125325","4","40.0493","-76.3257","0627","08","0","0","0","0","0","1","0","0","","0","0","0","06","3","0","01","0","40 02:57.472","","00","76 19:32.347","0","0","0","0","36301","0","0","0","N","0","0","0","2","36301","0","","1","09","N","N","0","","0","0","1","3","3","","0625","0","2","0","0","0","0","0","3","1","2","N","","","","","","","","","","","","07","","","N","N"
"0659","0","0","0","0","0","0","0","0","0","7","0","","36","12","2021","2021126038","4","40.2427","-76.2403","0646","08","0","0","0","0","0","0","0","0","","0","0","0","06","5","1","00","0","40 14:44.700","","00","76 13:15.000","4","0","0","0","36204","0","0","0","N","0","0","0","1","68T06","1","","4","02","N","N","0","","0","0","1","0","0","","0646","1","1","0","0","0","0","0","1","0","1","N","","","","","","","","","","","","05","","","N","N"
"1052","0","0","0","0","0","0","0","0","0","4","0","","36","12","2021","2021125064","6","40.1009","-76.1027","1049","08","0","0","0","0","0","1","1","0","","0","0","0","10","1","1","01","0","40 06:03.088","","00","76 06:09.802","3","0","0","0","36415","0","0","0","N","0","0","0","2","36415","0","","1","01","N","N","1","","1","0","1","3","3","","1049","1","2","0","0","1","0","0","1","0","2","N","","","","","","","","","","","","03","","","N",""
"1627","1","0","0","0","0","0","0","0","0","4","0","","36","12","2021","2021125263","3","40.1298","-76.2166","1624","08","0","0","0","0","0","1","0","0","","0","0","0","16","1","0","01","0","40 07:47.738","","02","76 12:59.285","0","0","0","0","36238","0","0","0","N","0","0","0","2","36238","0","","1","01","N","N","0","","0","0","1","3","2","","1624","0","2","0","0","0","0","0","3","0","2","N","","","","","","","","","","","","03","","","N",""
"1726","2","0","0","0","0","0","0","0","0","4","0","","36","11","2021","2021116029","6","40.0651","-76.344","1717","08","0","0","0","0","0","0","1","0","","0","0","0","17","3","0","02","0","40 03:54.350","","07","76 20:38.377","0","0","0","0","36101","0","0","0","N","0","0","0","2","36101","0","","1","01","N","N","0","","0","0","0","3","2","","1706","0","2","0","0","0","0","0","3","0","2","N","","","","","","","","","","","","03","","","N",""
"1221","0","0","0","0","0","0","0","0","0","4","0","","36","11","2021","2021115270","5","39.9724","-76.2739","1212","08","0","0","0","0","0","0","0","1","","0","0","0","12","1","0","02","0","39 58:20.589","","00","76 16:25.897","0","0","0","0","36240","0","0","0","N","0","0","0","2","36240","0","","1","01","N","N","0","","0","0","2","0","0","N","1209","0","2","0","0","0","0","0","1","0","2","N","","","","","","","","","","","","03","03","","N",""
"0830","1","0","0","0","0","0","0","0","0","7","0","","36","12","2021","2021122039","7","40.076","-76.461","0817","08","0","0","0","0","1","0","0","0","","0","0","0","08","1","0","00","2","40 04:33.674","5","00","76 27:39.537","0","0","0","0","36239","0","0","0","N","0","0","0","1","36239","0","","4","09","N","N","0","","0","0","0","0","0","Y","0815","0","1","0","0","0","0","0","3","0","1","N","","","","","","","","","","","0907","07","","","N","N"
"1528","2","0","0","0","0","0","0","0","0","1","0","","36","12","2021","2021124575","6","40.14","-76.3194","1522","08","0","1","0","0","0","0","0","1","","0","0","0","15","1","0","02","1","40 08:24.050","2","00","76 19:09.904","0","0","0","0","36235","0","0","0","N","0","0","0","2","36506","0","","1","01","N","N","0","","0","0","0","0","0","N","1520","0","2","0","0","0","0","0","1","0","2","N","","","","","","","","","","","1600","04","","","N",""
"1145","1","0","0","0","0","0","0","0","0","4","0","","36","12","2021","2021127650","7","40.0443","-76.3069","1138","08","0","0","0","0","0","0","0","0","","0","0","0","11","1","0","01","1","40 02:39.403","1","00","76 18:24.797","0","0","0","0","36301","0","0","0","N","0","0","0","3","36301","0","","1","09","N","N","0","","0","0","1","3","2","N","1136","0","2","0","0","0","0","0","3","0","2","N","","","","","","","","","","","1205","07","","","N",""
"0445","0","0","0","0","0","0","0","0","0","5","0","","36","12","2021","2021123274","3","40.1014","-76.1006","0440","08","0","0","0","0","0","1","0","0","","0","0","0","04","3","1","00","0","40 06:05.200","","00","76 06:02.000","8","0","0","0","36415","0","0","0","N","0","0","0","1","36415","0","","6","01","N","N","0","","0","0","3","0","0","","0439","1","3","0","0","0","1","0","1","0","3","N","","","","","","","","","","","","03","","","N","N"
"2200","2","0","0","0","0","0","0","0","0","5","0","","36","12","2021","2021125552","1","40.0911","-76.6678","2109","08","0","0","0","0","0","0","0","0","","0","0","0","21","3","0","00","0","40 05:28.000","","00","76 40:04.200","0","0","0","0","36207","0","0","0","N","0","0","0","1","36504","0","","4","01","N","N","0","","0","0","1","0","0","","2107","0","3","0","0","0","0","0","1","0","3","N","","","","","","","","","","","","03","","","N","N"
"0309","3","0","0","0","0","0","0","0","0","1","0","","36","12","2021","2021126388","7","40.0294","-76.3156","0307","08","0","0","0","0","0","0","0","0","","0","0","0","03","3","0","00","2","40 01:45.700","2","00","76 18:56.300","9","0","0","0","36301","0","0","0","N","0","0","0","1","36301","0","","6","01","N","N","1","","0","0","0","0","0","Y","0307","0","4","0","0","1","0","1","3","0","4","N","","","","","","","","","","","0415","03","03","","Y","N"
"1129","1","0","0","0","0","0","0","0","0","5","0","","36","12","2021","2021127838","6","40.1088","-76.0698","1125","08","0","0","0","0","0","1","1","0","","0","0","0","11","1","0","00","0","40 06:31.593","","00","76 04:11.288","0","0","0","0","36415","0","0","0","N","0","0","0","3","36415","0","","1","01","N","N","0","","0","0","1","3","2","","1125","0","2","0","0","0","0","0","1","0","2","N","","","","","","","","","","","","03","03","","N","N"
"1431","2","0","1","0","0","0","0","0","0","4","0","","36","12","2021","2021124587","2","40.1478","-76.0462","1427","08","0","0","0","0","0","0","0","0","","0","0","0","14","1","4","01","1","40 08:52.092","1","00","76 02:46.167","2","0","0","0","36418","0","0","0","N","0","0","0","4","36213","0","","1","01","N","N","0","","3","1","0","3","3","N","1423","4","2","0","0","1","0","0","1","0","2","N","","","","","","","","","","","1510","03","03","","N",""
"0109","0","0","0","0","0","0","0","0","0","1","0","","36","12","2021","2021127498","1","39.9837","-76.1218","0104","08","0","0","0","0","0","0","0","0","","0","0","1","01","2","2","00","2","39 59:01.171","6","00","76 07:18.505","2","0","0","0","36226","2","0","2","N","0","0","0","3","68J01","0","","1","01","N","N","0","","0","2","1","0","0","Y","0101","2","2","0","0","0","0","0","1","0","1","N","","","","","","","","","","","0200","03","","","N","N"
"1932","2","0","0","0","0","0","0","0","0","4","0","","36","12","2021","2021121807","5","40.0657","-76.3138","1931","08","0","0","0","0","0","0","0","0","","0","0","0","19","3","0","01","0","40 03:56.640","","00","76 18:49.520","0","0","0","0","36101","0","0","0","N","0","0","0","2","36101","0","","1","01","N","N","0","","0","0","0","3","3","","1928","0","2","0","0","0","0","0","3","0","2","N","","","","","","","","","","","","03","03","","N",""
"2118","1","0","0","0","0","0","0","0","0","5","0","","36","12","2021","2021121267","6","40.0957","-76.3117","2116","08","0","0","0","0","0","0","0","0","","0","0","0","21","2","0","00","1","40 05:44.550","1","00","76 18:42.070","0","0","0","0","36101","0","0","0","N","0","0","0","1","36101","0","","6","01","N","N","1","","0","0","1","0","0","N","2114","0","3","0","0","0","0","0","3","0","3","N","","","","","","","","","","","2253","03","03","","N","N"
"1613","1","0","0","0","0","0","0","0","0","1","0","","36","12","2021","2021119735","4","40.0205","-76.183","1603","08","0","0","0","0","0","0","0","0","","0","0","0","15","1","0","00","1","40 01:13.890","3","00","76 10:58.674","0","0","0","0","36215","0","0","0","N","0","0","0","2","36215","0","","1","01","N","N","0","","0","0","1","0","0","N","1558","0","2","0","0","0","0","0","1","0","2","N","","","","","","","","","","","1545","03","03","","N","N"
"0902","1","0","0","0","0","0","0","0","0","4","0","","36","11","2021","2021114177","3","39.9901","-76.285","0852","08","0","0","0","0","0","0","0","0","","0","0","0","08","1","0","00","0","39 59:24.406","","07","76 17:06.132","0","0","0","0","36240","0","0","0","N","0","0","0","2","36240","0","","1","01","N","N","0","","0","0","1","0","0","","0852","0","2","0","0","0","0","0","1","0","2","N","","","","","","","","","","","","03","03","","N","N"