"ARRIVAL_TM","AUTOMOBILE_COUNT","BELTED_DEATH_COUNT","BELTED_SUSP_SERIOUS_INJ_COUNT","BICYCLE_COUNT","BICYCLE_DEATH_COUNT","BICYCLE_SUSP_SERIOUS_INJ_COUNT","BUS_COUNT","CHLDPAS_DEATH_COUNT","CHLDPAS_SUSP_SERIOUS_INJ_COUNT","COLLISION_TYPE","COMM_VEH_COUNT","CONS_ZONE_SPD_LIM","COUNTY","CRASH_MONTH","CRASH_YEAR","CRN","DAY_OF_WEEK","DEC_LAT","DEC_LONG","DISPATCH_TM","DISTRICT","DRIVER_COUNT_16YR","DRIVER_COUNT_17YR","DRIVER_COUNT_18YR","DRIVER_COUNT_19YR","DRIVER_COUNT_20YR","DRIVER_COUNT_50_64YR","DRIVER_COUNT_65_74YR","DRIVER_COUNT_75PLUS","EST_HRS_CLOSED","FATAL_COUNT","HEAVY_TRUCK_COUNT","HORSE_BUGGY_COUNT","HOUR_OF_DAY","ILLUMINATION","INJURY_COUNT","INTERSECT_TYPE","LANE_CLOSED","LATITUDE","LN_CLOSE_DIR","LOCATION_TYPE","LONGITUDE","MAX_SEVERITY_LEVEL","MCYCLE_DEATH_COUNT","MCYCLE_SUSP_SERIOUS_INJ_COUNT","MOTORCYCLE_COUNT","MUNICIPALITY","NONMOTR_COUNT","NONMOTR_DEATH_COUNT","NONMOTR_SUSP_SERIOUS_INJ_COUNT","NTFY_HIWY_MAINT","PED_COUNT","PED_DEATH_COUNT","PED_SUSP_SERIOUS_INJ_COUNT","PERSON_COUNT","POLICE_AGCY","POSSIBLE_INJ_COUNT","RDWY_SURF_TYPE_CD","RELATION_TO_ROAD","ROAD_CONDITION","SCH_BUS_IND","SCH_ZONE_IND","SMALL_TRUCK_COUNT","SPEC_JURIS_CD","SUSP_MINOR_INJ_COUNT","SUSP_SERIOUS_INJ_COUNT","SUV_COUNT","TCD_FUNC_CD","TCD_TYPE","TFC_DETOUR_IND","TIME_OF_DAY","TOT_INJ_COUNT","TOTAL_UNITS","UNB_DEATH_COUNT","UNB_SUSP_SERIOUS_INJ_COUNT","UNBELTED_OCC_COUNT","UNK_INJ_DEG_COUNT","UNK_INJ_PER_COUNT","URBAN_RURAL","VAN_COUNT","VEHICLE_COUNT","WORK_ZONE_IND","WORK_ZONE_LOC","WORK_ZONE_TYPE","WORKERS_PRES","WZ_CLOSE_DETOUR","WZ_FLAGGER","WZ_LAW_OFFCR_IND","WZ_LN_CLOSURE","WZ_MOVING","WZ_OTHER","WZ_SHLDER_MDN","ROADWAY_CLEARED","WEATHER1","WEATHER2","WZ_WORKERS_INJ_KILLED","SECONDARY_CRASH","INTERSECTION_RELATED"
"1715","1","0","0","0","0","0","0","0","0","4","0","","36","12","2021","2021127645","4","40.1127","-76.5252","1711","08","0","0","0","0","0","1","0","0","","0","0","0","17","3","1","02","0","40 06:45.601","","00","76 31:30.655","3","0","0","0","36413","0","0","0","N","0","0","0","2","36413","0","","1","01","N","N","0","","1","0","1","3","3","","1711","1","2","0","0","0","0","0","2","0","2","N","","","","","","","","","","","","03","","","N","N"
"1732","2","0","0","0","0","0","0","0","0","1","0","","36","12","2021","2021121437","6","40.0579","-76.2732","1725","08","0","0","1","0","0","1","0","0","","0","0","0","17","3","1","00","2","40 03:28.604","4","03","76 16:23.500","3","0","0","0","36101","0","0","0","N","0","0","0","4","36101","0","","1","01","N","N","0","","1","0","1","0","0","N","1717","1","3","0","0","0","0","0","3","0","3","N","","","","","","","","","","","1744","04","","","N","N"
"1639","0","0","0","0","0","0","0","0","0","4","0","","36","12","2021","2021126450","6","40.1755","-76.1779","1637","08","0","0","0","0","0","0","1","0","","0","0","0","16","1","2","01","1","40 10:31.641","5","00","76 10:40.267","3","0","0","0","36408","0","0","0","N","0","0","0","3","36408","0","","1","01","N","N","0","","2","0","2","3","3","Y","1637","2","2","0","0","0","0","0","2","0","2","N","","","","","","","","","","","1730","03","03","","N",""
"1600","0","0","0","0","0","0","0","0","0","4","0","","36","12","2021","2021125727","4","40.0459","-76.4223","1546","08","0","0","0","0","0","0","0","0","","0","0","0","15","1","1","01","1","40 02:45.782","2","02","76 25:20.075","3","0","0","0","36239","0","0","0","N","0","0","0","2","36239","0","","1","01","N","N","0","","1","0","2","3","2","N","1546","1","2","0","0","0","0","0","3","0","2","N","","","","","","","","","","","1630","03","","","N",""
"0104","0","0","0","0","0","0","0","0","0","7","0","","36","12","2021","2021125249","7","40.1822","-76.207","0101","08","0","0","0","0","0","0","0","0","","0","0","0","01","2","0","00","2","40 10:55.774","4","00","76 12:25.107","0","0","0","0","36218","0","0","0","N","0","0","0","1","36408","0","","4","09","N","N","1","","0","0","0","0","0","N","0100","0","1","0","0","0","0","0","1","0","1","N","","","","","","","","","","","0600","07","","","N","Y"
"0858","1","0","0","0","0","0","0","0","0","7","0","","36","12","2021","2021127942","4","40.0663","-75.9475","0840","08","0","0","0","0","0","1","0","0","","0","0","0","08","1","0","00","0","40 03:58.550","","00","75 56:51.060","0","0","0","0","36232","0","0","0","N","0","0","0","1","68J01","0","","4","02","N","N","0","","0","0","0","0","0","","0838","0","1","0","0","0","0","0","1","0","1","N","","","","","","","","","","","","03","03","","N","N"
"1750","0","0","0","0","0","0","0","0","0","5","0","","36","12","2021","2021121565","1","40.0926","-76.2627","1745","08","0","0","0","0","0","0","0","0","","0","0","0","17","2","0","00","0","40 05:33.377","","00","76 15:45.652","9","0","0","0","36101","0","0","0","N","0","0","0","2","36101","0","","1","01","N","N","1","","0","0","1","0","0","","1743","0","2","0","0","0","0","1","3","0","2","N","","","","","","","","","","","","03","03","","N","N"
"1025","2","0","0","0","0","0","0","0","0","4","0","","36","12","2021","2021123560","6","40.0441","-76.3089","1020","08","0","0","0","0","0","1","0","0","","0","0","0","10","1","1","01","1","40 02:38.824","2","00","76 18:32.014","8","0","0","0","36301","0","0","0","N","0","0","0","2","36301","0","","1","01","N","N","0","","0","0","0","3","2","N","1016","1","2","0","0","0","1","0","3","0","2","N","","","","","","","","","","","1030","03","","","N",""
"1822","1","0","0","0","0","0","0","0","0","7","0","","36","12","2021","2021121268","7","40.0703","-76.3013","1816","08","0","0","0","0","0","0","1","0","","0","0","0","18","3","0","01","1","40 04:12.969","4","00","76 18:04.751","0","0","0","0","36101","0","0","0","N","0","0","0","2","36101","0","","4","09","N","N","0","","0","0","0","3","2","N","1813","0","1","0","0","0","0","0","3","0","1","N","","","","","","","","","","","1900","07","","","N",""
"0925","1","0","0","0","0","0","0","0","0","4","0","","36","12","2021","2021125298","3","40.2089","-76.4204","0915","08","0","0","0","0","0","0","0","0","","0","0","0","09","1","0","11","0","40 12:31.930","","00","76 25:13.337","0","0","0","0","36227","0","0","0","N","0","0","0","2","36506","0","","1","01","N","N","1","","0","0","0","0","0","","0915","0","2","0","0","0","0","0","1","0","2","N","","","","","","","","","","","","03","03","","N",""
"1812","1","0","0","0","0","0","0","0","0","4","0","","36","12","2021","2021121159","6","40.0611","-76.5693","1805","08","0","0","0","0","0","1","0","0","","0","0","0","18","3","0","00","2","40 03:40.125","5","07","76 34:09.482","0","0","0","0","36211","0","0","0","N","0","0","0","2","36504","0","","1","01","N","N","0","","0","0","0","0","0","Y","1804","0","2","0","0","0","0","0","1","1","2","N","","","","","","","","","","","1900","03","03","","N","N"
"1356","2","0","0","0","0","0","0","0","0","4","0","","36","12","2021","2021128088","7","40.0537","-76.3974","1353","08","0","0","0","0","0","0","0","1","","0","0","0","13","1","0","00","1","40 03:13.200","1","07","76 23:50.500","0","0","0","0","36214","0","0","0","N","0","0","0","2","36214","0","","1","01","N","N","0","","0","0","0","0","0","N","1353","0","2","0","0","0","0","0","3","0","2","N","","","","","","","","","","","1430","04","","","N","N"
"0759","1","0","0","0","0","0","0","0","0","4","0","","36","12","2021","2021124458","2","40.0428","-76.2899","0759","08","0","0","0","0","0","0","0","0","","0","0","0","07","1","2","01","2","40 02:34.216","3","00","76 17:23.632","3","0","0","0","36301","0","0","0","N","0","0","0","4","36301","0","","1","01","N","N","0","","2","0","0","3","3","N","0759","2","2","0","0","0","0","0","3","1","2","N","","","","","","","","","","","0905","03","03","","Y","N"
"0752","1","0","0","0","0","0","0","0","0","6","0","","36","12","2021","2021122296","2","40.1068","-76.2826","0734","08","0","0","0","0","0","0","0","0","","0","0","0","20","2","0","00","0","40 06:24.300","","00","76 16:57.300","9","0","0","0","36101","0","0","0","N","0","0","0","1","36101","0","","1","01","N","N","0","","0","0","0","0","0","","2000","0","2","0","0","0","0","1","3","0","2","N","","","","","","","","","","","","03","03","","N","N"
"0822","0","0","0","0","0","0","0","0","0","6","0","","36","12","2021","2021126277","4","40.1875","-76.2977","0813","08","0","0","0","0","0","0","1","0","","0","0","0","07","5","1","00","0","40 11:15.112","","00","76 17:51.801","8","0","0","0","36235","0","0","0","N","0","0","0","3","36506","0","","1","02","N","N","0","","0","0","2","0","0","","0745","1","2","0","0","0","1","0","1","0","2","N","","","","","","","","","","","","06","05","","N","N"
"1646","0","0","0","0","0","0","0","0","0","4","0","","36","11","2021","2021115468","4","40.2225","-76.0968","1644","08","0","0","0","0","0","1","0","0","","0","0","0","16","3","0","01","0","40 13:20.882","","00","76 05:48.548","0","0","0","0","36210","0","0","0","N","0","0","0","3","36210","0","","1","01","N","N","0","","0","0","1","3","2","","1644","0","2","0","0","0","0","0","1","1","2","N","","","","","","","","","","","","03","","","N",""
"1635","1","0","0","0","0","0","0","0","0","7","0","","36","12","2021","2021124345","5","40.0424","-76.3099","1629","08","0","0","0","0","0","0","0","0","","0","0","0","16","1","1","00","2","40 02:32.700","4","00","76 18:35.500","8","0","0","0","36301","0","0","0","N","0","0","0","3","36301","0","","6","01","N","N","0","","0","0","0","0","0","N","1625","1","1","0","0","0","1","0","3","0","1","N","","","","","","","","","","","1645","03","","","N","N"
"0329","1","0","0","0","0","0","0","0","0","7","0","","36","11","2021","2021123702","2","39.966","-76.0654","0308","08","0","0","0","0","0","0","0","0","","0","0","0","02","2","0","03","0","39 57:57.550","","00","76 03:55.420","0","0","0","0","36231","0","0","0","N","0","0","0","1","68J01","0","","4","01","N","N","0","","0","0","0","3","3","","0255","0","1","0","0","1","0","0","1","0","1","N","","","","","","","","","","","","03","03","","N","N"
"2138","1","0","0","0","0","0","0","0","0","7","0","","36","12","2021","2021125295","2","40.1136","-76.3971","2132","08","0","0","0","0","0","0","0","0","","0","0","0","21","2","0","00","0","40 06:49.010","","00","76 23:49.460","0","0","0","0","36214","0","0","0","N","0","0","0","1","36214","0","","1","01","N","N","0","","0","0","0","0","0","","2132","0","1","0","0","0","0","0","3","0","1","N","","","","","","","","","","","","03","","","N","N"
"1529","0","0","0","0","0","0","0","0","0","1","0","","36","12","2021","2021125265","3","40.1292","-76.216","1527","08","0","0","0","0","0","1","0","0","","0","0","0","15","1","2","00","1","40 07:45.104","1","00","76 12:57.718","3","0","0","0","36238","0","0","0","N","0","0","0","2","36238","1","","1","01","N","N","0","","1","0","2","0","0","Y","1527","2","2","0","0","0","0","0","3","0","2","N","","","","","","","","","","","1611","03","","","N","Y"
"1608","0","0","0","0","0","0","0","0","0","7","0","","36","12","2021","2021124307","6","40.0194","-76.3413","1605","08","0","0","0","0","0","0","1","0","","0","0","0","16","1","0","02","0","40 01:09.994","","00","76 20:28.522","0","0","0","0","36412","0","0","0","N","0","0","0","1","36412","0","","4","01","N","N","0","","0","0","1","0","0","","1601","0","1","0","0","0","0","0","3","0","1","N","","","","","","","","","","","","03","","","N","N"
"1920","1","0","0","0","0","0","0","0","0","98","0","","36","12","2021","2021124297","5","40.0621","-76.5752","1916","08","0","0","0","0","0","0","1","0","","0","0","0","19","2","0","00","0","40 03:43.542","","00","76 34:30.810","0","0","0","0","36211","0","0","0","N","0","0","0","1","36504","0","","1","01","N","N","0","","0","0","0","0","0","","1910","0","1","0","0","0","0","0","1","0","1","N","","","","","","","","","","","","03","","","N","N"
"1848","0","0","0","0","0","0","0","0","0","1","0","","36","11","2021","2021119478","2","40.0925","-76.1533","1842","08","0","0","0","0","0","0","0","0","","0","0","0","18","6","2","00","0","40 05:33.108","","00","76 09:11.806","2","0","0","0","36234","0","0","0","N","0","0","0","2","36215","0","","2","01","N","N","1","","1","1","0","0","0","","1840","2","2","0","1","2","0","0","1","1","2","N","","","","","","","","","","","","03","03","","N","N"
"1801","1","0","0","0","0","0","0","0","0","98","0","","36","11","2021","2021117843","1","40.056","-76.5264","1756","08","0","0","0","0","0","0","0","0","","0","0","0","17","2","0","00","0","40 03:21.601","","00","76 31:35.082","0","0","0","0","36211","0","0","0","N","0","0","0","1","36504","0","","1","01","N","N","0","","0","0","0","0","0","","1755","0","1","0","0","0","0","0","1","0","1","N","","","","","","","","","","","","03","","","N","N"
"0934","1","0","0","0","0","0","0","0","0","4","0","","36","11","2021","2021120049","5","39.8517","-76.3057","0906","08","0","0","0","0","0","1","0","0","","0","0","0","09","1","0","01","0","39 51:06.178","","00","76 18:20.426","0","0","0","0","36224","0","0","0","N","0","0","0","2","68J01","0","","1","01","N","N","0","","0","0","0","3","3","","0903","0","2","0","0","0","0","0","1","1","2","N","","","","","","","","","","","","03","03","","N","N"
"2037","0","0","0","0","0","0","0","0","0","1","0","","36","11","2021","2021116000","1","40.0515","-76.29","2030","08","0","0","0","0","0","1","0","0","","0","0","0","20","3","1","01","1","40 03:05.315","3","00","76 17:24.091","4","0","0","0","36301","0","0","0","N","0","0","0","2","36301","1","","1","01","N","N","0","","0","0","1","3","2","N","2025","1","2","0","0","0","0","0","3","0","2","N","","","","","","","","","","","2125","03","","","N",""
"1425","2","0","0","0","0","0","0","0","0","4","0","","36","11","2021","2021116929","4","40.0682","-76.3074","1420","08","0","0","0","0","0","1","0","0","","0","0","0","14","1","0","00","2","40 04:05.395","3","07","76 18:26.533","0","0","0","0","36101","0","0","0","N","0","0","0","2","36101","0","","1","01","N","N","0","","0","0","0","0","0","Y","1418","0","2","0","0","0","0","0","3","0","2","N","","","","","","","","","","","1515","03","","","N","N"
"0704","2","0","0","0","0","0","0","0","0","6","0","","36","12","2021","2021125756","4","40.2225","-76.0907","0650","08","0","0","0","0","0","1","0","0","","0","0","0","06","5","1","00","0","40 13:21.100","","00","76 05:26.400","4","0","0","0","36210","0","0","0","N","0","0","0","3","36210","1","","1","02","N","N","0","","0","0","0","0","0","","0650","1","2","0","0","0","0","0","1","0","2","N","","","","","","","","","","","","04","","","N","N"
"1319","2","0","0","0","0","0","0","0","0","4","0","","36","12","2021","2021124364","5","40.0426","-76.2918","1315","08","0","0","0","0","0","1","0","0","","0","0","0","13","1","1","01","2","40 02:33.489","3","00","76 17:30.624","3","0","0","0","36301","0","0","0","N","0","0","0","5","36301","0","","1","01","N","N","0","","1","0","0","3","2","Y","1307","1","2","0","0","0","0","0","3","0","2","N","","","","","","","","","","","1426","03","03","","N","N"
"0730","1","0","0","0","0","0","0","0","0","0","0","","36","12","2021","2021124079","6","40.0397","-76.2913","0727","08","0","0","0","0","0","0","0","0","","0","0","0","07","1","0","01","0","40 02:22.965","","00","76 17:28.737","0","0","0","0","36301","0","0","0","N","0","0","0","1","36301","0","","1","01","N","N","0","","0","0","2","0","0","","0725","0","3","0","0","0","0","0","3","0","3","N","","","","","","","","","","","","03","03","","N",""
"1717","1","0","0","0","0","0","0","0","0","1","0","","36","12","2021","2021122298","2","40.1668","-76.2913","1717","08","0","0","0","0","1","0","0","0","","0","0","0","17","2","0","00","1","40 10:00.370","6","00","76 17:28.610","9","0","0","0","36235","0","0","0","N","0","0","0","4","36506","0","","1","01","N","N","2","","0","0","0","0","0","N","1717","0","4","0","0","0","0","1","1","1","4","N","","","","","","","","","","","1819","03","","","Y","Y"
"0104","0","0","0","0","0","0","0","0","0","7","0","","36","12","2021","2021122037","5","40.0271","-76.4548","0052","08","0","0","0","0","0","0","0","0","","0","0","0","00","2","0","00","2","40 01:37.500","5","00","76 27:17.400","0","0","0","0","36239","0","0","0","N","0","0","0","1","36239","0","","4","01","N","N","0","","0","0","1","0","0","Y","0052","0","1","0","0","0","0","0","3","0","1","N","","","","","","","","","","","0145","03","","","N","N"
"1230","0","0","0","0","0","0","0","0","0","7","0","","36","11","2021","2021116358","2","39.9797","-76.2891","1223","08","0","0","0","0","0","1","0","0","","0","0","0","12","1","0","00","2","39 58:46.900","6","00","76 17:20.800","0","0","0","0","36228","0","0","0","N","0","0","0","1","36228","0","","4","01","N","N","0","","0","0","1","0","0","Y","1223","0","1","0","0","0","0","0","1","0","1","N","","","","","","","","","","","1300","03","","","N","N"
"1814","0","0","0","0","0","0","0","0","0","8","0","","36","10","2021","2021110093","6","40.041","-76.3083","1745","08","0","0","0","0","0","1","0","0","","1","0","0","17","1","0","01","1","40 02:27.420","6","00","76 18:30.009","1","0","0","0","36301","1","1","0","N","1","1","0","2","36301","0","2","1","09","N","N","0","0","0","0","0","3","2","Y","1745","0","2","0","0","1","0","0","3","1","1","N","","","","","","","","","","","1856","07","07","","N",""
"1151","1","0","0","0","0","0","0","0","0","7","0","","36","12","2021","2021121211","7","40.0119","-76.2653","1140","08","0","0","0","0","0","0","0","0","","0","0","0","11","1","0","00","0","40 00:42.800","","00","76 15:54.900","0","0","0","0","36240","0","0","0","N","0","0","0","1","36240","0","","4","09","N","N","0","","0","0","0","0","0","","1138","0","1","0","0","0","0","0","1","0","1","N","","","","","","","","","","","","03","03","","N","N"
"1102","0","0","0","0","0","0","0","0","0","1","0","","36","12","2021","2021127925","1","39.998","-76.0582","1100","08","0","0","0","0","0","0","0","0","","0","0","0","10","1","0","00","1","39 59:52.979","3","00","76 03:29.636","0","0","0","0","36232","0","0","0","N","0","0","0","3","68J01","0","","1","01","N","N","0","","0","0","3","0","0","N","1056","0","3","0","0","0","0","0","1","0","3","N","","","","","","","","","","","1147","03","","","N","N"
"1701","0","0","0","0","0","0","0","0","0","4","0","","36","12","2021","2021125404","7","40.1641","-76.1539","1701","08","0","0","0","0","0","1","1","0","","0","0","0","17","3","1","02","1","40 09:50.746","4","07","76 09:14.014","4","0","0","0","36218","0","0","0","N","0","0","0","3","36408","1","","1","01","N","N","1","","0","0","1","3","2","N","1700","1","2","0","0","0","0","0","1","0","2","N","","","","","","","","","","","1740","03","","","N","N"
"0940","1","0","0","0","0","0","0","0","0","4","0","","36","12","2021","2021121431","7","40.1099","-76.5033","0935","08","0","0","0","0","0","2","0","0","","0","0","0","09","1","2","01","1","40 06:35.543","5","00","76 30:11.885","4","0","0","0","36413","0","0","0","N","0","0","0","3","36413","2","","1","09","N","N","1","","0","0","0","3","2","N","0934","2","2","0","0","0","0","0","2","0","2","N","","","","","","","","","","","1025","04","","","N","N"
"0052","2","0","0","0","0","0","0","0","0","5","0","","36","12","2021","2021120550","6","40.0391","-76.2958","0048","08","0","0","0","0","0","0","0","0","","0","0","0","00","3","0","00","2","40 02:20.622","3","00","76 17:45.017","0","0","0","0","36301","0","0","0","N","0","0","0","1","36301","0","","6","01","","","0","","0","0","1","0","0","Y","0048","0","3","0","0","0","0","0","3","0","3","N","","","","","","","","","","","0148","04","03","","N","N"
"1832","0","0","0","0","0","0","0","0","0","4","0","","36","12","2021","2021126116","7","40.0951","-76.3049","1825","08","0","0","0","0","0","0","1","0","","0","0","0","18","3","0","00","2","40 05:42.285","5","07","76 18:17.534","0","0","0","0","36101","0","0","0","N","0","0","0","4","36101","0","","1","01","N","N","0","","0","0","2","0","0","Y","1823","0","2","0","0","0","0","0","3","0","2","N","","","","","","","","","","","1915","03","03","","N","N"
"1635","1","0","0","0","0","0","0","0","0","4","0","","36","12","2021","2021122275","2","40.1181","-76.0471","1631","08","0","0","0","0","0","0","0","0","","0","0","0","16","1","0","00","2","40 07:05.158","6","07","76 02:49.671","0","0","0","0","36213","0","0","0","N","0","0","0","2","36213","0","","1","01","N","N","0","","0","0","1","0","0","Y","1631","0","2","0","0","0","0","0","1","0","2","N","","","","","","","","","","","1703","03","03","","N","N"
"1613","1","0","0","0","0","0","0","0","0","4","0","","36","12","2021","2021125264","3","40.1293","-76.2191","1610","08","0","0","0","0","0","1","0","1","","0","0","0","16","1","1","02","1","40 07:45.550","6","07","76 13:08.764","4","0","0","0","36238","0","0","0","N","0","0","0","2","36238","1","","1","01","N","N","0","","0","0","1","0","0","Y","1610","1","2","0","0","0","0","0","3","0","2","N","","","","","","","","","","","1620","03","","","N","Y"
"1530","0","0","0","0","0","0","0","0","0","4","0","","36","12","2021","2021123271","6","40.1648","-76.3936","1524","08","0","0","0","0","0","0","0","1","","0","0","0","15","1","0","01","1","40 09:53.148","3","00","76 23:36.797","0","0","0","0","36410","0","0","0","N","0","0","0","2","36410","0","","1","01","N","N","0","","0","0","2","3","3","N","1524","0","2","0","0","0","0","0","2","0","2","N","","","","","","","","","","","0025","03","03","","N",""
"0225","1","0","0","0","0","0","0","0","0","7","0","","36","12","2021","2021124062","7","39.9764","-76.4064","0215","08","0","0","0","0","0","0","0","0","","0","0","0","02","2","1","00","2","39 58:35.212","6","00","76 24:22.866","3","0","0","0","36223","0","0","0","N","0","0","0","1","36223","0","","4","09","N","N","0","","1","0","0","0","0","Y","0213","1","1","0","0","1","0","0","1","0","1","N","","","","","","","","","","","0320","07","","","N","N"
"1855","1","0","0","0","0","0","0","0","0","7","0","","36","11","2021","2021117643","3","40.1464","-76.6189","1852","08","0","0","0","0","0","0","0","0","","0","0","0","18","2","0","02","1","40 08:46.975","2","00","76 37:08.045","0","0","0","0","36237","0","0","0","N","0","0","0","1","36505","0","","4","01","N","N","0","","0","0","0","0","0","Y","1852","0","1","0","0","0","0","0","1","0","1","N","","","","","","","","","","","1940","03","03","","N",""
"0847","1","0","0","0","0","0","0","0","0","5","0","","36","11","2021","2021116713","2","40.1781","-75.988","0844","08","0","0","0","0","0","0","0","0","","0","0","0","08","1","1","00","2","40 10:19.800","4","00","75 58:30.100","3","0","0","0","36202","0","0","0","N","0","0","0","3","68T06","0","","1","01","N","N","0","","1","0","1","0","0","N","0843","1","2","0","0","0","0","0","1","0","2","N","","","","","","","","","","","0905","03","","","N","N"
"1133","0","0","0","0","0","0","0","0","0","4","0","","36","11","2021","2021117622","3","40.2227","-76.0981","1128","08","0","0","0","0","0","0","0","0","","0","0","0","11","1","1","00","0","40 13:21.899","","07","76 05:53.178","3","0","0","0","36210","0","0","0","N","0","0","0","3","36210","0","","1","01","N","N","0","","1","0","1","0","0","","1128","1","2","0","0","0","0","0","1","1","2","N","","","","","","","","","","","","99","","","N","N"
"2037","1","0","0","0","0","0","0","0","0","7","0","","36","12","2021","2021125523","6","40.0306","-76.239","2033","08","0","0","0","0","0","0","0","0","","0","0","0","20","3","1","00","1","40 01:50.119","3","00","76 14:20.430","8","0","0","0","36215","0","0","0","N","0","0","0","1","36215","0","","4","01","N","N","0","","0","0","0","0","0","N","2031","1","1","0","0","0","1","0","1","0","1","N","","","","","","","","","","","2134","03","03","","N","N"
"2111","0","0","0","0","0","0","0","0","0","8","0","","36","12","2021","2021125722","7","40.0399","-76.2249","2110","08","0","0","0","0","0","1","0","0","","0","0","0","21","3","1","00","2","40 02:23.690","6","00","76 13:29.694","2","0","0","0","36215","1","0","1","N","1","0","1","2","36215","0","","1","01","N","N","0","","0","1","1","0","0","N","2109","1","2","0","0","0","0","0","1","0","1","N","","","","","","","","","","","0045","03","03","","N","N"
"0548","1","0","0","0","0","0","0","0","0","5","0","","36","12","2021","2021124356","5","40.2126","-76.1224","0540","08","0","0","0","0","0","1","0","0","","0","0","0","05","3","0","00","0","40 12:45.300","","00","76 07:20.500","0","0","0","0","36210","0","0","0","N","0","0","0","1","36210","0","","6","01","N","N","1","","0","0","0","0","0","","0540","0","2","0","0","0","0","0","1","0","2","N","","","","","","","","","","","","03","","","N","N"
"1803","1","0","0","0","0","0","0","0","0","0","0","","36","12","2021","2021125362","6","40.0376","-76.3035","1657","08","0","0","0","0","0","0","0","0","","0","0","0","16","4","1","00","1","40 02:15.207","2","00","76 18:12.442","8","0","0","1","36301","0","0","0","N","0","0","0","1","36301","0","","1","01","N","N","0","","0","0","0","0","0","Y","1652","1","3","0","0","0","1","0","3","0","2","N","","","","","","","","","","","1720","03","03","","N","N"
"1248","1","0","0","0","0","0","0","0","0","4","0","","36","12","2021","2021122834","1","40.0569","-76.3112","1243","08","0","0","0","0","1","1","0","0","","0","0","0","12","1","0","01","1","40 03:24.706","2","00","76 18:40.172","0","0","0","0","36101","0","0","0","N","0","0","0","3","36101","0","","1","01","N","N","0","","0","0","1","3","2","N","1241","0","2","0","0","0","0","0","3","0","2","N","","","","","","","","","","","1344","03","03","","N",""
"1609","0","0","0","0","0","0","0","0","0","1","0","","36","12","2021","2021125961","4","40.069","-76.3077","1601","08","0","0","0","0","0","0","0","0","","0","0","0","15","1","0","00","0","40 04:08.276","","03","76 18:27.834","0","0","0","0","36101","0","0","0","N","0","0","0","2","36101","0","","1","01","N","N","0","","0","0","2","0","0","","1559","0","2","0","0","0","0","0","3","0","2","N","","","","","","","","","","","","03","","","N","N"
"0820","1","0","0","0","0","0","0","0","0","7","0","","36","12","2021","2021127940","4","39.7789","-76.1544","0758","08","0","0","0","0","0","1","0","0","","0","0","0","07","1","1","00","0","39 46:44.190","","00","76 09:16.000","3","0","0","0","36219","0","0","0","N","0","0","0","1","68J01","0","","5","02","N","N","0","","1","0","0","0","0","","0757","1","1","0","0","0","0","0","1","0","1","N","","","","","","","","","","","","04","","","N","N"
"1755","1","0","0","0","0","0","0","0","0","1","0","","36","12","2021","2021125520","6","40.0898","-76.2646","1755","08","0","0","0","0","0","1","0","0","","0","0","0","17","2","0","00","0","40 05:23.103","","00","76 15:52.650","0","0","0","0","36101","0","0","0","N","0","0","0","2","36101","0","","1","01","N","N","0","","0","0","1","0","0","","1745","0","2","0","0","0","0","0","3","0","2","N","","","","","","","","","","","","03","03","","N","N"
"1259","0","0","0","0","0","0","0","0","0","4","0","","36","12","2021","2021124574","5","40.1559","-76.3435","1253","08","0","0","0","0","0","0","1","1","","0","0","0","12","1","2","01","2","40 09:21.372","6","00","76 20:36.769","3","0","0","0","36227","0","0","0","N","0","0","0","2","36506","0","","1","01","N","N","0","","2","0","2","3","3","Y","1252","2","2","0","0","0","0","0","1","0","2","N","","","","","","","","","","","1340","03","","","N",""
"1652","0","0","0","0","0","0","0","0","0","1","0","","36","11","2021","2021117079","2","40.0797","-76.345","1643","08","0","0","0","0","0","1","0","0","","0","0","0","16","4","1","00","0","40 04:47.033","","00","76 20:41.869","4","0","0","0","36101","0","0","0","N","0","0","0","2","36101","1","","1","01","N","N","2","","0","0","0","0","0","","1639","1","2","0","0","0","0","0","3","0","2","N","","","","","","","","","","","","03","03","","N","N"
"0939","3","0","0","0","0","0","0","0","0","1","0","","36","12","2021","2021118453","6","40.0678","-76.3037","0939","08","0","0","0","0","0","1","0","1","","0","0","0","09","1","1","00","0","40 04:04.204","","00","76 18:13.223","3","0","0","0","36101","0","0","0","N","0","0","0","5","36101","0","","1","01","N","N","0","","1","0","0","3","2","","0935","1","3","0","0","0","0","0","3","0","3","N","","","","","","","","","","","","03","","","N","N"
"1741","2","0","0","0","0","0","0","0","0","5","0","","36","12","2021","2021121539","1","40.1816","-76.1832","1738","08","0","0","0","0","0","0","0","0","","0","0","0","17","4","0","00","0","40 10:53.688","","00","76 10:59.511","0","0","0","0","36408","0","0","0","N","0","0","0","1","36408","0","","6","01","N","N","0","","0","0","0","0","0","","1738","0","2","0","0","0","0","0","2","0","2","N","","","","","","","","","","","","03","03","","N","N"