"ARRIVAL_TM","AUTOMOBILE_COUNT","BELTED_DEATH_COUNT","BELTED_SUSP_SERIOUS_INJ_COUNT","BICYCLE_COUNT","BICYCLE_DEATH_COUNT","BICYCLE_SUSP_SERIOUS_INJ_COUNT","BUS_COUNT","CHLDPAS_DEATH_COUNT","CHLDPAS_SUSP_SERIOUS_INJ_COUNT","COLLISION_TYPE","COMM_VEH_COUNT","CONS_ZONE_SPD_LIM","COUNTY","CRASH_MONTH","CRASH_YEAR","CRN","DAY_OF_WEEK","DEC_LAT","DEC_LONG","DISPATCH_TM","DISTRICT","DRIVER_COUNT_16YR","DRIVER_COUNT_17YR","DRIVER_COUNT_18YR","DRIVER_COUNT_19YR","DRIVER_COUNT_20YR","DRIVER_COUNT_50_64YR","DRIVER_COUNT_65_74YR","DRIVER_COUNT_75PLUS","EST_HRS_CLOSED","FATAL_COUNT","HEAVY_TRUCK_COUNT","HORSE_BUGGY_COUNT","HOUR_OF_DAY","ILLUMINATION","INJURY_COUNT","INTERSECT_TYPE","LANE_CLOSED","LATITUDE","LN_CLOSE_DIR","LOCATION_TYPE","LONGITUDE","MAX_SEVERITY_LEVEL","MCYCLE_DEATH_COUNT","MCYCLE_SUSP_SERIOUS_INJ_COUNT","MOTORCYCLE_COUNT","MUNICIPALITY","NONMOTR_COUNT","NONMOTR_DEATH_COUNT","NONMOTR_SUSP_SERIOUS_INJ_COUNT","NTFY_HIWY_MAINT","PED_COUNT","PED_DEATH_COUNT","PED_SUSP_SERIOUS_INJ_COUNT","PERSON_COUNT","POLICE_AGCY","POSSIBLE_INJ_COUNT","RDWY_SURF_TYPE_CD","RELATION_TO_ROAD","ROAD_CONDITION","SCH_BUS_IND","SCH_ZONE_IND","SMALL_TRUCK_COUNT","SPEC_JURIS_CD","SUSP_MINOR_INJ_COUNT","SUSP_SERIOUS_INJ_COUNT","SUV_COUNT","TCD_FUNC_CD","TCD_TYPE","TFC_DETOUR_IND","TIME_OF_DAY","TOT_INJ_COUNT","TOTAL_UNITS","UNB_DEATH_COUNT","UNB_SUSP_SERIOUS_INJ_COUNT","UNBELTED_OCC_COUNT","UNK_INJ_DEG_COUNT","UNK_INJ_PER_COUNT","URBAN_RURAL","VAN_COUNT","VEHICLE_COUNT","WORK_ZONE_IND","WORK_ZONE_LOC","WORK_ZONE_TYPE","WORKERS_PRES","WZ_CLOSE_DETOUR","WZ_FLAGGER","WZ_LAW_OFFCR_IND","WZ_LN_CLOSURE","WZ_MOVING","WZ_OTHER","WZ_SHLDER_MDN","ROADWAY_CLEARED","WEATHER1","WEATHER2","WZ_WORKERS_INJ_KILLED","SECONDARY_CRASH","INTERSECTION_RELATED"
"2134","2","0","0","0","0","0","0","0","0","5","0","","36","12","2021","2021120555","5","40.0434","-76.3047","2129","08","0","0","0","0","0","0","0","0","","0","0","0","21","3","0","00","1","40 02:36.295","2","00","76 18:16.777","0","0","0","0","36301","0","0","0","N","0","0","0","1","36301","0","","6","01","","","0","","0","0","1","0","0","Y","2126","0","3","0","0","0","0","0","3","0","3","N","","","","","","","","","","","2229","04","03","","N","N"
"1700","0","0","0","0","0","0","0","0","0","4","0","","36","12","2021","2021124576","6","40.2393","-76.2283","1649","08","0","0","0","0","0","0","1","0","","0","0","0","16","2","0","01","0","40 14:21.393","","00","76 13:41.855","0","0","0","0","36204","0","0","0","N","0","0","0","2","36506","0","","1","01","N","N","0","","0","0","1","3","3","","1648","0","2","0","0","0","0","0","1","1","2","N","","","","","","","","","","","","03","03","","N",""
"0812","0","0","0","0","0","0","0","0","0","4","0","","36","11","2021","2021117900","3","40.1454","-76.1834","0807","08","0","0","0","0","0","1","0","0","","0","0","0","08","1","1","00","1","40 08:43.416","5","07","76 11:00.353","3","0","0","0","36238","0","0","0","N","0","0","0","2","36238","0","","1","01","N","N","0","","1","0","1","0","0","Y","0807","1","2","0","0","0","0","0","3","1","2","N","","","","","","","","","","","0851","03","","","N","N"
"0753","1","0","0","0","0","0","0","0","0","1","0","","36","12","2021","2021125723","2","40.0431","-76.2472","0749","08","0","0","0","0","0","3","0","0","","0","0","0","07","1","1","00","1","40 02:35.310","3","03","76 14:50.067","3","0","0","0","36215","0","0","0","N","0","0","0","3","36215","0","","1","01","N","N","0","","1","0","1","0","0","N","0747","1","3","0","0","0","0","0","1","1","3","N","","","","","","","","","","","0840","03","03","","N","N"
"1705","1","0","0","0","0","0","0","0","0","4","0","","36","12","2021","2021122455","6","39.9115","-76.1869","1702","08","0","0","0","0","0","0","0","0","","0","0","0","17","4","1","00","0","39 54:41.387","","00","76 11:12.707","4","0","0","0","36229","0","0","0","N","0","0","0","3","68J01","1","","1","01","N","N","0","","0","0","1","0","0","","1701","1","2","0","0","0","0","0","1","0","2","N","","","","","","","","","","","","03","","","N","N"
"1130","1","0","0","0","0","0","0","0","0","8","0","","36","12","2021","2021120259","5","40.1546","-76.5979","1130","08","0","0","0","0","0","1","0","0","","0","0","0","11","1","1","01","1","40 09:16.676","1","00","76 35:52.370","3","0","0","0","36407","1","0","0","N","1","0","0","2","36407","0","","1","01","N","N","0","","1","0","0","3","3","Y","1130","1","2","0","0","0","0","0","2","0","1","N","","","","","","","","","","","1205","03","03","","N",""
"1730","2","0","0","0","0","0","0","0","0","1","0","","36","12","2021","2021124772","2","40.1653","-76.1591","1725","08","0","0","0","0","0","0","0","0","","0","0","0","17","3","0","00","0","40 09:55.220","","00","76 09:32.892","0","0","0","0","36218","0","0","0","N","0","0","0","4","36408","0","","1","01","N","N","0","","0","0","1","0","0","","1722","0","3","0","0","0","0","0","1","0","3","N","","","","","","","","","","","","03","03","","N","N"
"1815","0","0","0","0","0","0","0","0","0","2","0","","36","12","2021","2021123275","4","40.128","-76.0755","1810","08","0","0","0","0","0","0","0","1","","0","0","0","18","2","0","02","0","40 07:40.726","","00","76 04:31.787","0","0","0","0","36209","0","0","0","N","0","0","0","12","36415","0","","1","01","N","N","1","","0","0","0","0","0","","1809","0","2","0","0","1","0","0","1","1","2","N","","","","","","","","","","","","03","03","","N",""
"2142","1","0","0","0","0","0","0","0","0","7","0","","36","12","2021","2021120744","5","39.9694","-76.2727","2139","08","0","0","0","0","0","0","0","0","","0","0","0","21","2","0","00","0","39 58:09.899","","00","76 16:21.667","0","0","0","0","36228","0","0","0","N","0","0","0","1","36228","0","","1","01","N","N","0","","0","0","0","0","0","","2139","0","1","0","0","0","0","0","1","0","1","N","","","","","","","","","","","","03","","","N","N"
"0837","1","0","0","0","0","0","0","0","0","4","0","","36","12","2021","2021123267","1","40.0831","-76.1876","0835","08","0","0","0","0","0","0","0","1","","0","0","0","08","1","1","01","2","40 04:59.032","7","00","76 11:15.349","3","0","0","0","36234","0","0","0","N","0","0","0","2","36215","0","","1","01","N","N","0","","1","0","1","3","2","Y","0835","1","2","0","0","0","0","0","1","0","2","N","","","","","","","","","","","0926","03","03","","N",""
"1643","1","0","0","0","0","0","0","0","0","0","0","","36","12","2021","2021125716","4","40.1034","-76.2975","1632","08","0","0","0","0","0","0","1","0","","0","0","0","16","1","1","00","0","40 06:12.400","","00","76 17:51.000","4","0","0","0","36101","0","0","0","N","0","0","0","1","36101","1","","1","01","N","Y","0","","0","0","0","0","0","","1628","1","1","0","0","0","0","0","3","0","1","N","","","","","","","","","","","","08","03","","N","N"
"0910","1","0","0","0","0","0","0","0","0","4","0","","36","12","2021","2021125724","2","40.0761","-76.2059","0903","08","0","0","0","0","0","1","0","0","","0","0","0","08","1","0","01","0","40 04:34.113","","00","76 12:21.249","0","0","0","0","36234","0","0","0","N","0","0","0","2","36215","0","","1","01","N","N","0","","0","0","1","3","3","","0858","0","2","0","0","0","0","0","1","0","2","N","","","","","","","","","","","","03","03","","N",""
"2017","1","0","0","0","0","0","0","0","0","4","0","","36","09","2021","2021092022","5","40.0224","-76.1929","2017","08","0","0","0","0","0","0","1","0","","0","0","0","20","3","0","01","2","40 01:21.007","3","00","76 11:34.501","0","0","0","0","36215","0","0","0","N","0","0","0","2","36215","0","","1","01","N","N","1","","0","0","0","3","2","N","2017","0","2","0","0","0","0","0","1","0","2","N","","","","","","","","","","","2129","03","03","","N",""
"1220","1","0","0","0","0","0","0","0","0","1","0","","36","09","2021","2021093948","5","40.0812","-76.3515","1215","08","0","0","1","0","0","0","0","0","","0","0","0","12","1","1","00","2","40 04:52.148","3","03","76 21:05.428","4","0","0","0","36101","0","0","0","N","0","0","0","2","36214","1","","1","01","N","N","1","","0","0","0","0","0","N","1214","1","2","0","0","0","0","0","3","0","2","N","","","","","","","","","","","1256","03","","","N","N"
"0655","1","0","0","0","0","0","0","0","0","4","0","","36","09","2021","2021090845","6","39.9334","-76.1686","0640","08","0","0","0","0","0","0","1","0","","0","0","0","06","5","0","00","1","39 56:00.270","3","07","76 10:07.050","0","0","0","0","36233","0","0","0","N","0","0","0","2","68J01","0","","1","01","N","N","0","","0","0","0","0","0","N","0635","0","2","0","0","0","0","0","1","1","2","N","","","","","","","","","","","0740","03","03","","N","N"
"1053","1","0","0","0","0","0","0","0","0","0","0","","36","09","2021","2021090743","1","40.1715","-76.1485","1048","08","0","0","0","0","0","1","0","0","","0","0","0","10","1","0","00","0","40 10:17.237","","00","76 08:54.773","0","0","0","0","36218","0","0","0","N","0","0","0","1","36408","0","","1","01","N","N","0","","0","0","0","0","0","","1048","0","1","0","0","0","0","0","1","0","1","N","","","","","","","","","","","","03","","","N","N"
"1011","1","0","0","0","0","0","0","0","0","4","0","","36","09","2021","2021091550","3","40.1358","-76.0941","1002","08","0","0","0","0","0","0","0","0","","0","0","0","10","1","0","01","1","40 08:08.710","1","00","76 05:38.857","0","0","0","0","36209","0","0","0","N","0","0","0","2","36415","0","","1","09","N","N","0","","0","0","1","3","3","N","1002","0","2","0","0","1","0","0","1","0","2","N","","","","","","","","","","","1038","07","","","N",""
"1248","1","0","0","0","0","0","0","0","0","4","0","","36","11","2021","2021118292","4","40.0327","-76.2451","1241","08","0","0","0","0","0","0","0","1","","0","0","0","12","1","0","00","2","40 01:57.663","1","07","76 14:42.421","0","0","0","0","36215","0","0","0","N","0","0","0","2","36215","0","","1","01","N","N","0","","0","0","1","0","0","N","1240","0","2","0","0","0","0","0","1","0","2","N","","","","","","","","","","","1321","03","03","","N","N"
"1137","0","0","0","0","0","0","0","0","0","4","0","","36","11","2021","2021117082","1","40.2341","-76.2377","1128","08","0","0","0","0","0","0","0","1","","0","0","0","11","1","0","01","0","40 14:02.705","","00","76 14:15.550","0","0","0","0","36204","0","0","0","N","0","0","0","2","36506","0","","1","01","N","N","0","","0","0","2","3","3","","1126","0","2","0","0","0","0","0","1","0","2","N","","","","","","","","","","","","03","","","N",""
"1752","1","0","0","0","0","0","0","0","0","1","0","","36","11","2021","2021115730","7","40.069","-76.3109","1744","08","0","0","0","0","0","0","0","0","","0","0","0","17","3","3","00","1","40 04:08.569","3","00","76 18:39.131","4","0","0","0","36101","0","0","0","N","0","0","0","4","36101","3","","1","01","N","N","0","","0","0","2","0","0","N","1743","3","3","0","0","0","0","0","3","0","3","N","","","","","","","","","","","1850","03","03","","N","N"
"1756","2","0","0","0","0","0","0","0","0","1","0","","36","09","2021","2021089900","3","40.2194","-76.2579","1726","08","0","0","0","0","0","0","0","0","","0","0","0","17","1","0","00","0","40 13:09.736","","00","76 15:28.399","0","0","0","0","36217","0","0","0","N","0","0","0","2","68J01","0","","1","01","N","N","0","","0","0","0","0","0","","1722","0","2","0","0","0","0","0","1","0","2","N","","","","","","","","","","","","03","","","N","Y"
"1703","0","0","0","1","0","0","0","0","0","4","0","","36","09","2021","2021094030","4","40.0414","-76.2876","1700","08","0","0","0","0","0","0","0","0","","0","0","0","17","1","1","01","0","40 02:29.121","","00","76 17:15.377","3","0","0","0","36301","1","0","0","N","0","0","0","2","36301","0","","1","01","N","N","0","","1","0","1","3","2","","1700","1","2","0","0","0","0","0","3","0","1","N","","","","","","","","","","","","03","","","N",""
"1100","2","0","0","0","0","0","0","0","0","1","0","","36","09","2021","2021095198","5","40.1774","-76.6014","1055","08","0","0","0","0","1","0","0","0","","0","0","0","10","1","0","06","0","40 10:36.614","","02","76 36:06.036","0","0","0","0","36225","0","0","0","N","0","0","0","2","36505","0","","1","09","N","N","0","","0","0","0","3","3","","1055","0","2","0","0","0","0","0","2","0","2","N","","","","","","","","","","","","07","07","","N",""
"0927","0","0","0","0","0","0","0","0","0","4","0","","36","09","2021","2021091310","4","40.0135","-76.3081","0913","08","0","0","0","0","0","0","0","0","","0","0","0","09","1","1","01","0","40 00:48.629","","00","76 18:29.079","4","0","0","0","36220","0","0","0","N","0","0","0","2","36101","1","","1","01","N","N","0","","0","0","2","0","0","","0911","1","2","0","0","0","0","0","3","0","2","N","","","","","","","","","","","","03","03","","N",""
"2157","1","0","0","0","0","0","0","0","0","4","0","","36","09","2021","2021090604","6","40.1515","-76.606","2155","08","0","1","0","0","0","0","0","0","","0","0","0","21","3","0","01","2","40 09:05.436","6","00","76 36:21.498","0","0","0","0","36407","0","0","0","N","0","0","0","5","36407","0","","1","01","N","N","0","","0","0","1","3","2","Y","2150","0","2","0","0","1","0","0","2","0","2","N","","","","","","","","","","","2245","03","","","N",""
"2244","1","0","0","0","0","0","0","0","0","1","0","","36","09","2021","2021113019","2","40.0387","-76.1992","2244","08","0","0","0","0","0","1","0","0","","0","0","0","22","2","1","00","2","40 02:19.482","5","00","76 11:57.171","2","0","1","1","36215","0","0","0","N","0","0","0","2","36215","0","","1","01","N","N","0","","0","1","0","3","2","Y","2237","1","2","0","0","0","0","0","1","0","2","N","","","","","","","","","","","2331","03","03","","N","N"
"1655","0","0","0","0","0","0","0","0","0","4","0","","36","12","2021","2021117123","4","40.214","-76.1583","1649","08","0","0","0","0","0","1","0","0","","0","0","0","16","3","4","01","2","40 12:50.259","7","00","76 09:29.735","8","0","0","0","36210","0","0","0","N","0","0","0","4","36408","0","","1","01","N","N","0","","0","0","2","3","3","Y","1639","4","2","0","0","0","4","0","1","0","2","N","","","","","","","","","","","1715","03","03","","N","N"
"0556","2","0","0","0","0","0","0","0","0","4","0","","36","12","2021","2021118723","7","40.0547","-76.2687","0544","08","0","0","0","0","0","0","1","0","","0","0","0","05","3","1","01","1","40 03:16.814","3","00","76 16:07.218","4","0","0","0","36301","0","0","0","N","0","0","0","2","36301","1","","1","01","N","N","0","","0","0","0","3","3","N","0544","1","2","0","0","0","0","0","3","0","2","N","","","","","","","","","","","0615","03","03","","N",""
"1143","1","0","0","0","0","0","0","0","0","4","0","","36","12","2021","2021119734","4","40.085","-76.2158","1126","08","0","0","0","0","0","1","1","0","","0","0","0","11","1","1","02","0","40 05:06.088","","00","76 12:56.735","3","0","0","0","36234","0","0","0","N","0","0","0","2","36215","0","","1","01","N","N","0","","1","0","1","0","0","","1123","1","2","0","0","0","0","0","1","0","2","N","","","","","","","","","","","","03","03","","N","N"
"1303","1","0","0","0","0","0","0","0","0","4","0","","36","12","2021","2021123260","4","40.0506","-76.248","1258","08","0","0","0","0","0","1","1","0","","0","0","0","12","1","2","02","0","40 03:02.030","","07","76 14:52.951","3","0","0","0","36215","0","0","0","N","0","0","0","2","36215","0","","1","01","N","N","0","","2","0","1","0","0","","1255","2","2","0","0","0","0","0","1","0","2","N","","","","","","","","","","","","03","03","","N",""
"0734","1","0","0","0","0","0","0","0","0","7","0","","36","11","2021","2021117403","1","40.0788","-76.3271","0729","08","0","0","0","0","0","0","0","0","","0","0","0","00","3","0","00","0","40 04:43.562","","00","76 19:37.733","0","0","0","0","36101","0","0","0","N","0","0","0","1","36101","0","","2","09","N","N","0","","0","0","0","0","0","","0000","0","1","0","0","0","0","0","3","0","1","N","","","","","","","","","","","","07","07","","N","N"
"1435","1","0","0","0","0","0","0","0","0","6","0","","36","11","2021","2021117080","6","40.09","-76.3045","1433","08","0","0","0","0","0","0","1","0","","0","0","0","14","1","0","02","2","40 05:23.951","2","00","76 18:16.076","0","0","0","0","36101","0","0","0","N","0","0","0","9","36101","0","","1","01","N","N","1","","0","0","1","0","0","Y","1432","0","4","0","0","0","0","0","3","1","4","N","","","","","","","","","","","1516","03","03","","N",""
"1156","0","0","0","0","0","0","0","0","0","1","0","","36","09","2021","2021090787","6","40.0832","-76.3645","1146","08","0","0","0","0","1","0","1","0","","0","0","0","11","1","2","00","1","40 04:59.456","3","00","76 21:52.195","3","0","0","0","36214","0","0","0","N","0","0","0","2","36214","0","","1","01","N","N","0","","2","0","2","0","0","N","1145","2","2","0","0","0","0","0","3","0","2","N","","","","","","","","","","","1245","03","03","","N","N"
"1345","1","0","0","0","0","0","0","0","0","1","0","","36","09","2021","2021092233","4","40.0748","-76.3366","1342","08","0","0","0","0","0","0","0","0","","0","0","0","13","1","0","00","0","40 04:29.332","","00","76 20:11.776","0","0","0","0","36101","0","0","0","N","0","0","0","2","36101","0","","1","01","N","N","0","","0","0","1","0","0","","1341","0","2","0","0","0","0","0","3","0","2","N","","","","","","","","","","","","03","","","N","N"
"0622","0","0","0","0","0","0","0","0","0","4","0","","36","10","2021","2021102686","6","40.1237","-76.2139","0617","08","0","0","0","0","0","0","0","1","","0","0","0","06","2","1","02","0","40 07:25.263","","00","76 12:49.889","4","0","0","1","36238","0","0","0","N","0","0","0","2","36238","1","","1","01","N","N","0","","0","0","0","0","0","","0617","1","2","0","0","0","0","0","3","1","2","N","","","","","","","","","","","","03","","","N","Y"
"2331","3","0","0","0","0","0","0","0","0","4","0","","36","12","2021","2021126823","3","40.0334","-76.3048","2326","08","0","0","0","0","0","0","0","0","","0","0","0","23","3","2","01","1","40 02:00.239","1","00","76 18:17.396","3","0","0","0","36301","0","0","0","N","0","0","0","3","36301","0","","1","09","N","N","0","","2","0","0","3","2","N","2327","2","3","0","0","0","0","0","3","0","3","N","","","","","","","","","","","0007","07","","","N",""
"1801","0","0","0","0","0","0","0","0","0","7","0","","36","11","2021","2021125133","1","39.8599","-76.3145","1752","08","0","0","1","0","0","0","0","0","","0","0","0","17","2","0","00","2","39 51:35.600","5","00","76 18:52.300","0","0","0","0","36224","0","0","0","Y","0","0","0","1","68J01","0","","4","01","N","N","1","","0","0","0","0","0","Y","1746","0","1","0","0","0","0","0","1","0","1","N","","","","","","","","","","","1909","03","","","N","N"
"1732","1","0","0","0","0","0","0","0","0","1","0","","36","12","2021","2021123491","5","40.0401","-76.2602","1729","08","1","0","0","0","0","1","0","0","","0","0","0","17","3","1","00","2","40 02:24.543","6","07","76 15:36.738","3","0","0","0","36215","0","0","0","N","0","0","0","3","36215","0","","1","09","N","N","0","","1","0","1","3","3","Y","1725","1","2","0","0","0","0","0","1","0","2","N","","","","","","","","","","","1820","07","","","N","N"
"1624","2","0","0","0","0","0","0","0","0","4","0","","36","11","2021","2021123490","3","40.0187","-76.174","1619","08","0","0","0","0","0","1","0","0","","0","0","0","16","1","0","01","1","40 01:07.467","6","00","76 10:26.363","0","0","0","0","36215","0","0","0","N","0","0","0","3","36215","0","","1","01","N","N","0","","0","0","0","3","3","N","1618","0","2","0","0","0","0","0","1","0","2","N","","","","","","","","","","","1705","03","03","","N",""
"0524","0","0","0","0","0","0","0","0","0","7","0","","36","12","2021","2021123261","5","40.0406","-76.215","0521","08","0","0","1","0","0","0","0","0","","0","0","0","05","2","2","00","0","40 02:26.010","","00","76 12:53.900","3","0","0","0","36215","0","0","0","N","0","0","0","3","36215","0","","4","01","N","N","0","","2","0","0","0","0","","0518","2","1","0","0","0","0","0","1","1","1","N","","","","","","","","","","","","03","03","","N","N"
"1750","2","0","0","0","0","0","0","0","0","1","0","","36","11","2021","2021119969","3","40.0582","-76.2804","1739","08","0","0","0","0","0","1","0","0","","0","0","0","17","3","0","00","1","40 03:29.503","4","00","76 16:49.274","0","0","0","0","36101","0","0","0","N","0","0","0","2","36101","0","","1","01","N","N","0","","0","0","0","3","2","N","1735","0","2","0","0","0","0","0","3","0","2","N","","","","","","","","","","","1845","03","03","","N","Y"
"1018","2","0","0","0","0","0","0","0","0","1","0","","36","11","2021","2021115125","4","40.0631","-76.3067","1018","08","0","0","0","0","0","1","0","1","","0","0","0","10","1","1","00","1","40 03:47.085","2","00","76 18:24.131","3","0","0","0","36101","0","0","0","N","0","0","0","2","36101","0","","1","01","N","N","0","","1","0","0","0","0","N","1018","1","2","0","0","0","0","0","3","0","2","N","","","","","","","","","","","1050","03","","","N","Y"
"1450","0","0","0","0","0","0","0","0","0","4","0","","36","11","2021","2021115511","6","40.0688","-76.3437","1440","08","0","0","0","0","0","2","0","0","","0","0","0","14","1","0","00","0","40 04:07.500","","07","76 20:37.300","0","0","0","0","36101","0","0","0","N","0","0","0","2","36101","0","","1","01","N","N","1","","0","0","1","0","0","","1424","0","2","0","0","0","0","0","3","0","2","N","","","","","","","","","","","","03","03","","N","N"
"1422","0","0","0","0","0","0","0","0","0","4","0","","36","09","2021","2021095583","5","40.1177","-76.5347","1422","08","0","0","0","0","0","1","0","1","","0","0","0","14","1","1","00","0","40 07:03.626","","07","76 32:05.054","3","0","0","0","36225","0","0","0","N","0","0","0","2","36505","0","","1","01","N","N","1","","1","0","1","0","0","","1421","1","2","0","0","0","0","0","2","0","2","N","","","","","","","","","","","","03","03","","N","N"
"1653","1","0","0","0","0","0","0","0","0","1","0","","36","09","2021","2021095582","4","40.1445","-76.5722","1646","08","0","0","0","0","0","0","0","0","","0","0","0","16","1","2","01","0","40 08:40.370","","00","76 34:20.092","4","0","0","0","36225","0","0","0","N","0","0","0","2","36505","2","","1","04","N","N","0","","0","0","0","3","3","","1644","2","2","0","0","1","0","0","2","1","2","N","","","","","","","","","","","","04","04","","N",""
"0919","2","0","0","0","0","0","0","0","0","4","0","","36","09","2021","2021089611","5","40.0491","-76.3057","0911","08","0","0","0","0","0","1","0","0","","0","0","0","09","8","0","01","0","40 02:56.626","","00","76 18:20.639","0","0","0","0","36301","0","0","0","N","0","0","0","3","36301","0","","1","09","N","N","0","","0","0","0","3","3","","0909","0","2","0","0","0","0","0","3","0","2","N","","","","","","","","","","","","07","07","","N",""
"1804","2","0","0","0","0","0","0","0","0","4","0","","36","09","2021","2021092641","3","40.0414","-76.2876","1801","08","0","0","0","0","0","0","0","0","","0","0","0","17","1","0","01","1","40 02:29.125","2","00","76 17:15.339","0","0","0","0","36301","0","0","0","N","0","0","0","2","36301","0","","1","01","N","N","0","","0","0","0","3","2","N","1741","0","2","0","0","0","0","0","3","0","2","N","","","","","","","","","","","1828","03","03","","N","N"
"1925","2","0","0","0","0","0","0","0","0","4","0","","36","10","2021","2021093490","6","40.0605","-76.3356","1921","08","0","0","2","0","0","0","0","0","","0","0","0","19","4","1","01","1","40 03:37.638","4","00","76 20:08.042","3","0","0","0","36301","0","0","0","N","0","0","0","7","36301","0","","1","01","N","N","0","","1","0","0","3","2","Y","1920","1","3","0","0","0","0","0","3","1","3","N","","","","","","","","","","","2010","03","03","","Y",""
"0756","2","0","0","0","0","0","0","0","0","1","0","","36","09","2021","2021092611","5","40.0812","-76.3517","0749","08","0","0","0","0","0","0","0","0","","0","0","0","07","1","1","00","2","40 04:52.251","3","00","76 21:06.079","4","0","0","0","36101","0","0","0","N","0","0","0","3","36214","1","","1","01","N","N","0","","0","0","1","0","0","N","0734","1","4","0","0","0","0","0","3","0","3","N","","","","","","","","","","","0100","03","03","","N","N"
"1730","1","0","0","0","0","0","0","0","0","4","1","","36","12","2021","2021123289","5","40.1133","-76.03","1730","08","0","0","0","0","0","1","1","0","","0","1","0","17","2","2","02","2","40 06:47.782","7","00","76 01:48.032","3","0","0","0","36213","0","0","0","N","0","0","0","4","36213","0","","1","01","N","N","0","","2","0","1","0","0","Y","1729","2","3","0","0","0","0","0","1","0","3","N","","","","","","","","","","","1810","03","03","","N",""
"0738","1","0","0","0","0","0","0","0","0","1","0","","36","09","2021","2021090292","5","40.2449","-76.2991","0715","08","0","0","0","0","0","0","0","0","","0","0","0","07","1","2","00","2","40 14:41.591","5","00","76 17:56.919","3","0","0","0","36217","0","0","0","N","0","0","0","4","68J01","0","","1","09","N","N","0","","2","0","3","0","0","Y","0715","2","4","0","0","0","0","0","1","0","4","N","","","","","","","","","","","0840","07","05","","N","N"
"1838","3","0","0","0","0","0","0","0","0","4","0","","36","11","2021","2021116933","4","40.0752","-76.4081","1830","08","0","0","0","0","0","0","0","0","","0","0","0","18","2","0","01","0","40 04:30.775","","00","76 24:29.114","0","0","0","0","36214","0","0","0","N","0","0","0","2","36214","0","","1","01","N","N","0","","0","0","0","3","3","","1829","0","4","0","0","0","0","0","3","1","4","N","","","","","","","","","","","","03","03","","N",""
"1902","2","0","0","0","0","0","0","0","0","7","0","","36","11","2021","2021116940","7","40.0479","-76.4099","1852","08","0","1","0","0","0","0","0","0","","0","0","0","18","2","2","00","2","40 02:52.550","4","00","76 24:35.686","3","0","0","0","36239","0","0","0","Y","0","0","0","11","36239","0","","5","01","N","N","1","","2","0","2","0","0","N","1850","2","5","0","0","0","0","0","3","0","5","N","","","","","","","","","","","2016","03","","","N","N"
"0818","2","0","0","0","0","0","0","0","0","4","0","","36","12","2021","2021117485","5","40.043","-76.3036","0814","08","0","0","0","0","0","0","0","0","","0","0","0","08","1","0","01","2","40 02:34.742","4","00","76 18:12.891","0","0","0","0","36301","0","0","0","N","0","0","0","5","36301","0","","1","09","N","N","0","","0","0","1","3","3","Y","0801","0","3","0","0","0","0","0","3","0","3","N","","","","","","","","","","","0922","04","04","","Y",""
"0358","0","0","0","0","0","0","0","0","0","98","0","","36","11","2021","2021114495","3","40.2055","-76.1166","0350","08","0","0","0","0","0","0","0","0","","0","0","0","03","2","0","00","0","40 12:19.692","","00","76 06:59.898","0","0","0","0","36210","0","0","0","N","0","0","0","1","36210","0","","1","01","N","N","0","","0","0","1","0","0","","0350","0","1","0","0","0","0","0","1","0","1","N","","","","","","","","","","","","03","","","N","N"
"1813","2","0","0","0","0","0","0","0","0","4","0","","36","11","2021","2021115209","4","40.077","-76.5541","1809","08","0","0","0","0","0","0","0","0","","0","0","0","18","3","0","01","2","40 04:37.275","7","00","76 33:14.778","0","0","0","0","36211","0","0","0","N","0","0","0","3","36504","0","","1","01","N","N","0","","0","0","1","3","3","Y","1808","0","3","0","0","0","0","0","1","0","3","N","","","","","","","","","","","1930","03","","","N",""
"1929","1","0","0","0","0","0","0","0","0","1","0","","36","10","2021","2021110258","6","40.0651","-76.3362","1927","08","0","0","0","0","0","0","0","0","","0","0","0","16","3","0","00","0","40 03:54.410","","00","76 20:10.274","0","0","0","0","36301","0","0","0","N","0","0","0","2","36101","0","","1","01","N","N","1","","0","0","0","0","0","","1630","0","2","0","0","0","0","0","3","0","2","N","","","","","","","","","","","","03","03","","N","N"
"2211","1","0","0","0","0","0","0","0","0","99","0","","36","10","2021","2021099844","6","39.9865","-76.2812","2203","08","0","0","0","0","0","1","0","0","","0","0","0","21","3","0","01","0","39 59:11.342","","00","76 16:52.253","0","0","0","0","36240","0","0","0","N","0","0","0","2","36240","0","","9","01","N","N","0","","0","0","0","3","2","N","2130","0","1","0","0","0","0","0","1","0","1","N","","","","","","","","","","","","03","03","","N",""
"1234","2","0","0","0","0","0","0","0","0","4","0","","36","12","2021","2021126885","6","40.1797","-76.1842","1231","08","0","1","0","0","0","0","0","0","","0","0","0","12","1","0","01","0","40 10:46.848","","00","76 11:02.979","0","0","0","0","36408","0","0","0","N","0","0","0","2","36408","0","","1","01","N","N","0","","0","0","0","3","3","","1229","0","2","0","0","0","0","0","2","0","2","N","","","","","","","","","","","","03","","","N",""