"ARRIVAL_TM","AUTOMOBILE_COUNT","BELTED_DEATH_COUNT","BELTED_SUSP_SERIOUS_INJ_COUNT","BICYCLE_COUNT","BICYCLE_DEATH_COUNT","BICYCLE_SUSP_SERIOUS_INJ_COUNT","BUS_COUNT","CHLDPAS_DEATH_COUNT","CHLDPAS_SUSP_SERIOUS_INJ_COUNT","COLLISION_TYPE","COMM_VEH_COUNT","CONS_ZONE_SPD_LIM","COUNTY","CRASH_MONTH","CRASH_YEAR","CRN","DAY_OF_WEEK","DEC_LAT","DEC_LONG","DISPATCH_TM","DISTRICT","DRIVER_COUNT_16YR","DRIVER_COUNT_17YR","DRIVER_COUNT_18YR","DRIVER_COUNT_19YR","DRIVER_COUNT_20YR","DRIVER_COUNT_50_64YR","DRIVER_COUNT_65_74YR","DRIVER_COUNT_75PLUS","EST_HRS_CLOSED","FATAL_COUNT","HEAVY_TRUCK_COUNT","HORSE_BUGGY_COUNT","HOUR_OF_DAY","ILLUMINATION","INJURY_COUNT","INTERSECT_TYPE","LANE_CLOSED","LATITUDE","LN_CLOSE_DIR","LOCATION_TYPE","LONGITUDE","MAX_SEVERITY_LEVEL","MCYCLE_DEATH_COUNT","MCYCLE_SUSP_SERIOUS_INJ_COUNT","MOTORCYCLE_COUNT","MUNICIPALITY","NONMOTR_COUNT","NONMOTR_DEATH_COUNT","NONMOTR_SUSP_SERIOUS_INJ_COUNT","NTFY_HIWY_MAINT","PED_COUNT","PED_DEATH_COUNT","PED_SUSP_SERIOUS_INJ_COUNT","PERSON_COUNT","POLICE_AGCY","POSSIBLE_INJ_COUNT","RDWY_SURF_TYPE_CD","RELATION_TO_ROAD","ROAD_CONDITION","SCH_BUS_IND","SCH_ZONE_IND","SMALL_TRUCK_COUNT","SPEC_JURIS_CD","SUSP_MINOR_INJ_COUNT","SUSP_SERIOUS_INJ_COUNT","SUV_COUNT","TCD_FUNC_CD","TCD_TYPE","TFC_DETOUR_IND","TIME_OF_DAY","TOT_INJ_COUNT","TOTAL_UNITS","UNB_DEATH_COUNT","UNB_SUSP_SERIOUS_INJ_COUNT","UNBELTED_OCC_COUNT","UNK_INJ_DEG_COUNT","UNK_INJ_PER_COUNT","URBAN_RURAL","VAN_COUNT","VEHICLE_COUNT","WORK_ZONE_IND","WORK_ZONE_LOC","WORK_ZONE_TYPE","WORKERS_PRES","WZ_CLOSE_DETOUR","WZ_FLAGGER","WZ_LAW_OFFCR_IND","WZ_LN_CLOSURE","WZ_MOVING","WZ_OTHER","WZ_SHLDER_MDN","ROADWAY_CLEARED","WEATHER1","WEATHER2","WZ_WORKERS_INJ_KILLED","SECONDARY_CRASH","INTERSECTION_RELATED"
"2110","3","0","0","0","0","0","0","0","0","1","0","","36","09","2021","2021092826","1","40.0919","-76.1586","2105","08","0","0","1","0","0","0","0","0","","0","0","0","21","3","3","02","2","40 05:30.713","6","00","76 09:30.825","3","0","0","0","36234","0","0","0","N","0","0","0","4","36215","0","","1","01","N","N","0","","1","0","0","0","0","Y","2104","3","3","0","0","0","2","0","1","0","3","N","","","","","","","","","","","2221","03","03","","N",""
"","2","0","0","0","0","0","0","0","0","1","0","","36","09","2021","2021105774","6","40.089","-76.3809","","08","0","0","0","0","0","0","1","0","","0","0","0","17","1","1","00","0","40 05:20.363","","00","76 22:51.331","8","0","0","0","36214","0","0","0","N","0","0","0","2","00000","0","","1","01","N","N","0","","0","0","0","0","0","","1730","1","2","0","0","0","1","0","3","0","2","N","","","","","","","","","","","","03","","","N","N"
"0945","0","0","0","0","0","0","0","0","0","4","0","","36","09","2021","2021092452","5","40.0863","-76.3285","0940","08","0","0","0","0","0","0","1","0","","0","0","0","09","1","1","02","1","40 05:10.700","2","00","76 19:42.740","3","0","0","0","36101","0","0","0","N","0","0","0","2","36101","0","","1","01","N","N","0","","1","0","1","0","0","N","0938","1","2","0","0","0","0","0","3","1","2","N","","","","","","","","","","","1035","03","","","N",""
"1617","2","0","0","0","0","0","0","0","0","1","0","","36","10","2021","2021093250","6","40.079","-76.2957","1616","08","0","0","0","0","0","2","0","0","","0","0","0","16","1","0","00","2","40 04:44.340","3","00","76 17:44.640","0","0","0","0","36101","0","0","0","N","0","0","0","3","36101","0","","1","01","N","N","0","","0","0","0","0","0","N","1612","0","3","0","0","0","0","0","3","1","3","N","","","","","","","","","","","1650","03","03","","N","N"
"1946","0","0","0","0","0","0","0","0","0","4","0","","36","09","2021","2021100424","7","40.035","-76.2941","1944","08","0","0","0","0","0","1","0","0","","0","0","0","19","3","1","01","0","40 02:06.010","","00","76 17:38.882","4","0","0","1","36301","0","0","0","N","0","0","0","4","36301","1","","1","01","N","N","0","","0","0","1","3","3","","1944","1","2","0","0","0","0","0","3","0","2","N","","","","","","","","","","","","03","03","","N",""
"1631","1","0","0","0","0","0","0","0","0","5","0","","36","12","2021","2021124622","2","39.9924","-76.2859","1550","08","0","0","0","0","0","0","0","2","","0","0","0","15","1","0","01","0","39 59:32.484","","00","76 17:09.068","0","0","0","0","36240","0","0","0","N","0","0","0","3","36240","0","","1","01","N","N","1","","0","0","0","3","2","","1548","0","2","0","0","1","0","0","1","0","2","N","","","","","","","","","","","","03","","","N",""
"2336","2","0","0","0","0","0","0","0","0","1","0","","36","12","2021","2021118680","6","40.0461","-76.4222","2326","08","0","0","0","0","0","0","0","0","","0","0","0","23","2","0","01","1","40 02:46.102","4","02","76 25:20.020","0","0","0","0","36239","0","0","0","N","0","0","0","2","36239","0","","1","01","N","N","0","","0","0","0","0","0","N","2300","0","2","0","0","0","0","0","3","0","2","N","","","","","","","","","","","0020","03","03","","N",""
"1957","1","0","0","0","0","0","0","0","0","98","0","","36","11","2021","2021115377","2","40.15","-76.5646","1945","08","0","0","1","0","0","0","0","0","","0","0","0","19","2","0","00","0","40 08:59.841","","00","76 33:52.735","0","0","0","0","36225","0","0","0","N","0","0","0","1","36505","0","","1","01","N","N","0","","0","0","0","0","0","","1941","0","1","0","0","0","0","0","2","0","1","N","","","","","","","","","","","","03","03","","N","N"
"1110","1","0","0","0","0","0","0","0","0","1","0","","36","12","2021","2021116830","4","40.1494","-76.6046","1105","08","0","0","0","0","0","1","1","0","","0","0","0","11","1","1","00","0","40 08:58.011","","00","76 36:16.682","3","0","0","0","36407","0","0","0","N","0","0","0","2","36407","0","","1","01","N","N","0","","1","0","0","0","0","","1105","1","2","0","0","0","0","0","2","1","2","N","","","","","","","","","","","","03","03","","N","N"
"1716","1","0","0","0","0","0","0","0","0","5","0","","36","12","2021","2021118564","6","40.072","-76.3277","1708","08","0","0","0","0","0","0","0","0","","0","0","0","17","3","0","00","1","40 04:19.357","3","00","76 19:39.718","9","0","0","0","36101","0","0","0","N","0","0","0","2","36101","0","","1","01","N","N","0","","0","0","0","0","0","N","1706","0","2","0","0","0","0","1","3","0","2","N","","","","","","","","","","","1800","03","","","N","N"
"1715","1","0","0","0","0","0","0","0","0","1","0","","36","12","2021","2021122579","4","40.1139","-76.5203","1656","08","0","0","0","0","0","1","1","0","","0","0","0","16","4","0","00","0","40 06:49.994","","00","76 31:12.900","0","0","0","0","36413","0","0","0","N","0","0","0","2","36413","0","","1","01","N","N","0","","0","0","1","0","0","","1656","0","2","0","0","2","0","0","2","0","2","N","","","","","","","","","","","","03","","","N","N"
"1655","1","0","0","0","0","0","0","0","0","4","0","","36","11","2021","2021117685","3","40.2137","-76.1264","1654","08","0","0","0","0","0","0","0","0","","0","0","0","16","4","0","01","0","40 12:49.356","","00","76 07:35.127","0","0","0","0","36210","0","0","0","N","0","0","0","2","36210","0","","1","01","N","N","0","","0","0","0","3","2","","1655","0","2","0","0","0","0","0","1","1","2","N","","","","","","","","","","","","04","","","N","N"
"0621","0","0","0","0","0","0","0","0","0","5","0","","36","12","2021","2021123270","5","40.1649","-76.3933","0615","08","0","0","0","0","0","0","0","0","","0","0","0","06","3","0","00","0","40 09:53.692","","00","76 23:35.897","0","0","0","0","36410","0","0","0","N","0","0","0","1","36410","0","","6","09","N","N","0","","0","0","3","0","0","","0615","0","3","0","0","0","0","0","2","0","3","N","","","","","","","","","","","","07","04","","N","N"
"2017","2","0","0","0","0","0","0","0","0","1","0","","36","11","2021","2021119477","4","40.0807","-76.2444","2006","08","0","0","0","0","1","0","0","0","","0","0","0","20","2","0","00","0","40 04:50.628","","00","76 14:39.910","0","0","0","0","36215","0","0","0","N","0","0","0","2","36215","0","","1","01","N","N","0","","0","0","0","0","0","","2002","0","2","0","0","0","0","0","1","0","2","N","","","","","","","","","","","","03","","","N","Y"
"2229","0","0","0","0","0","0","0","0","0","7","0","","36","09","2021","2021096381","7","40.1168","-76.214","2225","08","0","0","0","0","0","0","0","0","","0","0","0","22","3","1","00","2","40 07:00.528","6","00","76 12:50.543","2","0","0","0","36238","0","0","0","N","0","0","0","1","36238","0","","4","01","N","N","1","","0","1","0","0","0","Y","2225","1","1","0","1","1","0","0","3","0","1","N","","","","","","","","","","","9999","03","","","N","N"
"2201","0","0","0","0","0","0","0","0","0","1","0","65","36","10","2021","2021093856","6","40.1469","-76.1848","2201","08","0","0","0","0","0","1","0","0","","0","0","0","21","2","1","00","1","40 08:48.912","1","00","76 11:05.386","4","0","0","0","36238","0","0","0","N","0","0","0","2","68J01","1","","1","01","N","N","0","","0","0","2","0","0","N","2146","1","2","0","0","0","0","0","3","0","2","Y","3","1","N","","","Y","Y","","","","0200","03","03","N","N","N"
"1629","0","0","0","0","0","0","0","0","0","4","0","","36","09","2021","2021091775","4","40.0769","-76.507","1614","08","0","0","0","0","0","0","0","0","","0","0","0","16","1","0","02","1","40 04:36.786","6","00","76 30:25.171","0","0","0","0","36230","0","0","0","N","0","0","0","2","36410","0","","1","09","N","N","2","","0","0","0","3","3","N","1612","0","2","0","0","0","0","0","1","0","2","N","","","","","","","","","","","1720","07","07","","N",""
"1949","1","0","0","0","0","0","0","0","0","2","0","","36","09","2021","2021095001","5","40.2197","-76.0796","1945","08","0","0","0","0","0","1","0","0","","0","0","0","19","2","3","00","2","40 13:11.016","1","00","76 04:46.564","3","0","0","0","36210","0","0","0","N","0","0","0","4","36210","0","","1","01","N","N","0","","1","0","2","0","0","Y","1945","3","3","0","0","0","2","0","1","0","3","N","","","","","","","","","","","2051","03","","","N","N"
"0102","3","0","0","0","0","0","0","0","0","4","0","","36","09","2021","2021090337","7","40.0404","-76.2974","0102","08","0","0","0","0","0","1","0","0","","0","0","0","01","3","0","01","2","40 02:25.538","4","00","76 17:50.699","0","0","0","0","36301","0","0","0","N","0","0","0","2","36301","0","","1","01","","","0","","0","0","0","3","2","Y","0102","0","3","0","0","0","0","0","3","0","3","N","","","","","","","","","","","0259","03","04","","N",""
"1800","1","0","0","0","0","0","0","0","0","1","0","","36","09","2021","2021095031","1","39.9842","-76.2911","1755","08","1","1","0","0","0","0","0","0","","0","0","0","17","1","2","00","0","39 59:03.032","","00","76 17:27.886","8","0","0","0","36240","0","0","0","N","0","0","0","6","36228","0","","1","01","N","N","0","","0","0","1","3","2","","1755","2","2","0","0","0","2","0","1","0","2","N","","","","","","","","","","","","03","","","N","Y"
"1613","0","0","0","0","0","0","0","0","0","4","1","","36","12","2021","2021124755","2","40.1171","-76.0436","1601","08","0","0","0","0","0","0","1","1","","0","1","0","15","1","2","00","2","40 07:01.731","6","07","76 02:37.087","8","0","0","0","36213","0","0","0","N","0","0","0","3","36213","0","","1","01","N","N","0","","0","0","1","0","0","Y","1555","2","2","0","0","0","2","0","1","0","2","N","","","","","","","","","","","1654","03","03","","N","N"
"0510","0","0","0","0","0","0","0","0","0","7","0","","36","09","2021","2021089999","1","40.1443","-76.2281","0506","08","0","0","0","0","0","0","0","0","","0","0","0","05","2","0","00","0","40 08:39.632","","00","76 13:41.072","0","0","0","0","36235","0","0","0","N","0","0","0","2","36506","0","","4","01","N","N","1","","0","0","0","0","0","","0506","0","1","0","0","0","0","0","1","0","1","N","","","","","","","","","","","","03","03","","N","N"
"1611","1","0","0","0","0","0","0","0","0","7","0","","36","09","2021","2021089898","3","40.0153","-76.055","1554","08","0","0","0","0","0","0","0","0","","0","0","0","15","1","0","00","0","40 00:55.221","","00","76 03:17.887","0","0","0","0","36232","0","0","0","N","0","0","0","2","68J01","0","","4","01","N","N","0","","0","0","0","0","0","","1549","0","1","0","0","0","0","0","1","0","1","N","","","","","","","","","","","","03","03","","N","N"
"1620","1","0","0","0","0","0","0","0","0","1","0","","36","09","2021","2021097387","4","40.143","-76.5566","1610","08","0","0","0","0","0","1","0","0","","0","0","0","16","1","1","06","0","40 08:34.826","","02","76 33:23.835","4","0","0","0","36225","0","0","0","N","0","0","0","2","36505","1","","1","01","N","N","0","","0","0","0","3","3","","1603","1","2","0","0","0","0","0","2","1","2","N","","","","","","","","","","","","03","03","","N",""
"0748","0","0","0","0","0","0","0","0","0","1","0","","36","12","2021","2021117084","4","40.1537","-76.2589","0745","08","0","0","0","1","0","1","0","0","","0","0","0","07","1","0","00","0","40 09:13.260","","00","76 15:32.170","0","0","0","0","36235","0","0","0","N","0","0","0","2","36506","0","","1","01","N","N","0","","0","0","2","0","0","","0740","0","2","0","0","0","0","0","1","0","2","N","","","","","","","","","","","","03","03","","N","N"
"2120","2","0","0","0","0","0","0","0","0","4","0","","36","12","2021","2021118471","6","40.0274","-76.3213","2110","08","0","0","0","0","0","0","0","0","","0","0","0","21","3","1","01","0","40 01:38.751","","00","76 19:16.769","8","0","0","0","36301","0","0","0","N","0","0","0","5","36301","0","","1","01","N","N","0","","0","0","0","3","3","","2105","1","2","0","0","0","1","0","3","0","2","N","","","","","","","","","","","","03","03","","N",""
"0740","1","0","0","0","0","0","0","0","0","4","0","","36","11","2021","2021116062","4","40.0626","-76.3137","0736","08","0","0","0","0","0","0","0","0","","0","0","0","07","1","0","02","1","40 03:45.299","2","00","76 18:49.471","0","0","0","0","36101","0","0","0","N","0","0","0","2","36301","0","","1","01","N","N","0","","0","0","1","3","2","N","0736","0","2","0","0","0","0","0","3","0","2","N","","","","","","","","","","","0800","03","03","","N","N"
"2126","1","0","0","0","0","0","0","0","0","4","0","","36","09","2021","2021091278","5","40.0289","-76.2977","2126","08","0","0","0","0","0","1","1","0","","0","0","0","21","3","0","01","0","40 01:44.047","","00","76 17:51.838","0","0","0","0","36301","0","0","0","N","0","0","0","2","36301","0","","1","01","N","N","0","","0","0","0","0","0","","2126","0","2","0","0","0","0","0","3","1","2","N","","","","","","","","","","","","03","","","N","N"
"1921","1","0","0","0","0","0","0","0","0","1","0","","36","09","2021","2021095740","5","40.0824","-76.3413","1918","08","0","0","0","0","0","0","0","0","","0","0","0","19","3","0","00","1","40 04:56.680","1","00","76 20:28.822","0","0","0","0","36101","0","0","0","N","0","0","0","2","36101","0","","1","01","N","N","0","","0","0","1","0","0","Y","1917","0","2","0","0","0","0","0","3","0","2","N","","","","","","","","","","","1957","03","03","","N","N"
"1002","1","0","0","0","0","0","0","0","0","1","0","","36","09","2021","2021091553","6","40.1063","-76.3544","1002","08","0","0","0","0","0","0","1","0","","0","0","0","10","1","0","01","0","40 06:22.809","","00","76 21:16.002","0","0","0","0","36406","0","0","0","N","0","0","0","2","36506","0","","1","01","N","N","0","","0","0","1","3","2","","1001","0","2","0","0","0","0","0","3","0","2","N","","","","","","","","","","","","03","","","N",""
"0737","1","0","0","0","0","0","0","0","0","4","0","","36","10","2021","2021102494","2","40.1128","-76.3965","0732","08","0","0","0","0","0","0","0","0","","0","0","0","07","1","0","01","2","40 06:45.982","3","00","76 23:47.576","0","0","0","0","36214","0","0","0","N","0","0","0","3","36214","0","","1","01","N","N","0","","0","0","1","3","3","N","0709","0","2","0","0","0","0","0","3","0","2","N","","","","","","","","","","","0833","03","","","N",""
"1719","2","0","0","0","0","0","0","0","0","4","0","","36","10","2021","2021102227","5","40.0513","-76.3062","1713","08","0","0","0","0","0","0","0","0","","0","0","0","17","1","1","01","0","40 03:04.511","","00","76 18:22.162","4","0","0","0","36301","0","0","0","N","0","0","0","2","36301","1","","1","09","N","N","0","","0","0","0","3","3","","1712","1","2","0","0","0","0","0","3","0","2","N","","","","","","","","","","","","07","04","","N","N"
"1742","1","0","0","0","0","0","0","0","0","4","0","","36","10","2021","2021108026","5","40.0916","-76.1295","1742","08","0","0","1","0","0","1","0","0","","0","0","0","17","1","0","02","0","40 05:29.605","","00","76 07:46.311","0","0","0","0","36209","0","0","0","N","0","0","0","3","36415","0","","1","01","N","N","0","","0","0","1","3","3","","1742","0","2","0","0","0","0","0","1","0","2","N","","","","","","","","","","","","03","03","","N",""
"1227","2","0","0","0","0","0","0","0","0","1","0","","36","11","2021","2021115239","5","40.0694","-76.3111","1207","08","0","0","0","0","0","0","0","1","","0","0","0","12","1","0","00","0","40 04:09.922","","00","76 18:39.811","0","0","0","0","36101","0","0","0","N","0","0","0","4","36101","0","","1","01","N","N","0","","0","0","0","0","0","","1203","0","2","0","0","0","0","0","3","0","2","N","","","","","","","","","","","","03","","","N","N"
"0017","1","0","0","0","0","0","0","0","0","7","0","","36","09","2021","2021096377","5","40.1517","-76.1642","0011","08","0","1","0","0","0","0","0","0","","0","0","0","00","2","0","00","0","40 09:05.967","","00","76 09:50.962","0","0","0","0","36238","0","0","0","N","0","0","0","1","36238","0","","4","01","N","N","0","","0","0","0","0","0","","0011","0","1","0","0","0","0","0","3","0","1","N","","","","","","","","","","","","03","","","N","N"
"1534","2","0","0","0","0","0","0","0","0","1","0","","36","10","2021","2021092990","6","40.0284","-76.3223","1530","08","0","0","0","0","0","0","0","0","","0","0","0","15","1","0","00","1","40 01:42.400","1","00","76 19:20.300","9","0","0","0","36301","0","0","0","N","0","0","0","3","36301","0","","1","01","N","N","0","","0","0","0","0","0","N","1530","0","2","0","0","0","0","1","3","0","2","N","","","","","","","","","","","1610","03","","","N","Y"
"2219","4","0","0","0","0","0","0","0","0","1","0","","36","12","2021","2021126817","3","40.0387","-76.2993","2219","08","0","0","0","0","0","0","0","0","","0","0","0","22","3","0","01","1","40 02:19.148","3","00","76 17:57.346","0","0","0","0","36301","0","0","0","N","0","0","0","2","36301","0","","1","09","N","N","0","","0","0","0","0","0","N","2217","0","4","0","0","0","0","0","3","0","4","N","","","","","","","","","","","2331","07","07","","N",""
"1556","1","0","0","0","0","0","0","0","0","1","0","","36","09","2021","2021095021","7","40.2218","-76.0957","1554","08","0","0","0","1","0","0","0","0","","0","0","0","15","1","0","02","0","40 13:19.000","","00","76 05:44.424","0","0","0","0","36210","0","0","0","N","0","0","0","3","36210","0","","1","01","N","N","1","","0","0","0","3","3","","1554","0","2","0","0","0","0","0","1","0","2","N","","","","","","","","","","","","03","","","N","N"
"1214","0","0","0","0","0","0","0","0","0","7","0","","36","09","2021","2021093131","3","40.0843","-76.2889","1210","08","0","0","0","0","0","0","1","0","","0","0","0","11","1","0","01","0","40 05:03.483","","00","76 17:20.096","0","0","0","0","36101","0","0","0","N","0","0","0","1","36101","0","","2","01","N","N","0","","0","0","1","3","2","","1130","0","1","0","0","0","0","0","3","0","1","N","","","","","","","","","","","","03","03","","N",""
"1536","1","0","0","0","0","0","0","0","0","1","0","","36","09","2021","2021091778","6","40.1499","-76.4115","1531","08","0","0","0","1","0","0","0","0","","0","0","0","15","1","0","02","0","40 08:59.638","","00","76 24:41.226","0","0","0","0","36230","0","0","0","N","0","0","0","2","36410","0","","1","01","N","N","1","","0","0","0","0","0","","1528","0","3","0","0","0","0","0","1","0","2","N","","","","","","","","","","","","03","","","N",""
"1534","1","0","0","0","0","0","0","0","0","4","0","","36","09","2021","2021091774","4","40.1607","-76.4","1527","08","0","0","0","0","0","1","0","0","","0","0","0","15","1","1","01","0","40 09:38.669","","00","76 24:00.175","4","0","0","0","36410","0","0","0","N","0","0","0","2","36410","1","","1","09","N","N","0","","0","0","1","3","3","","1527","1","2","0","0","0","0","0","2","0","2","N","","","","","","","","","","","","07","04","","N",""
"1725","1","0","0","0","0","0","0","0","0","7","0","","36","10","2021","2021100988","6","39.9902","-76.2465","1718","08","0","0","0","0","1","0","0","0","","0","0","0","17","1","0","00","0","39 59:24.884","","07","76 14:47.406","0","0","0","0","36240","0","0","0","N","0","0","0","1","36240","0","","2","01","N","N","0","","0","0","0","3","3","","1718","0","2","0","0","0","0","0","1","0","1","N","","","","","","","","","","","","03","","","N","Y"
"1427","1","0","0","0","0","0","0","0","0","1","0","","36","10","2021","2021107667","7","40.078","-76.3089","1419","08","0","0","0","0","0","1","0","0","","0","0","0","14","1","0","00","1","40 04:40.809","2","00","76 18:31.864","0","0","0","0","36101","0","0","0","N","0","0","0","4","36101","0","","1","01","N","N","0","","0","0","1","3","2","N","1417","0","2","0","0","0","0","0","3","0","2","N","","","","","","","","","","","1533","03","03","","N","Y"
"1405","1","0","0","0","0","0","0","0","0","4","0","","36","10","2021","2021102684","6","40.131","-76.2171","1354","08","0","0","0","0","0","1","0","0","","0","0","0","13","1","1","05","2","40 07:51.556","7","00","76 13:01.609","4","0","0","0","36238","0","0","0","N","0","0","0","2","36238","1","","1","01","N","N","0","","0","0","1","3","2","Y","1354","1","2","0","0","0","0","0","3","0","2","N","","","","","","","","","","","1437","03","","","N","N"
"0832","0","0","0","0","0","0","0","0","0","8","0","","36","10","2021","2021100294","5","40.0299","-76.2948","0825","08","0","0","0","0","0","0","1","0","","0","0","0","08","1","1","01","0","40 01:47.729","","00","76 17:41.305","3","0","0","0","36301","1","0","0","N","1","0","0","2","36301","0","","1","01","N","N","0","","1","0","1","3","2","","0818","1","2","0","0","0","0","0","3","0","1","N","","","","","","","","","","","","03","03","","N",""
"0215","1","0","0","0","0","0","0","0","0","2","0","","36","11","2021","2021115701","4","40.0458","-76.3096","0212","08","0","0","0","0","0","0","0","0","","0","0","0","02","3","1","00","2","40 02:44.825","6","00","76 18:34.387","8","0","0","0","36301","0","0","0","N","0","0","0","2","36301","0","","1","01","N","N","0","","0","0","1","0","0","Y","0212","1","2","0","0","0","1","0","3","0","2","N","","","","","","","","","","","0307","03","03","","N","N"
"1728","4","0","0","0","0","0","0","0","0","1","0","","36","11","2021","2021117487","3","40.0643","-76.3381","1713","08","0","0","0","1","1","1","0","0","","0","0","0","17","3","1","00","1","40 03:51.583","4","00","76 20:17.090","4","0","0","0","36301","0","0","0","N","0","0","0","4","36301","1","","1","01","N","N","0","","0","0","0","0","0","Y","1704","1","4","0","0","1","0","0","3","0","4","N","","","","","","","","","","","1812","03","03","","N","N"
"1100","0","0","0","0","0","0","0","0","0","8","0","","36","11","2021","2021124907","4","39.9883","-76.3347","1054","08","0","0","0","0","0","0","1","0","","0","0","0","10","1","1","00","2","39 59:17.800","5","00","76 20:04.900","2","0","0","0","36228","1","0","1","N","1","0","1","2","36228","0","","1","01","N","N","0","","0","1","0","0","0","Y","1054","1","2","0","0","0","0","0","1","1","1","N","","","","","","","","","","","1130","03","","","N","N"
"1834","1","0","0","0","0","0","0","0","0","0","0","","36","11","2021","2021117642","7","40.1603","-76.5777","1745","08","0","0","0","0","0","0","0","0","","0","0","0","17","3","0","00","0","40 09:37.246","","00","76 34:39.715","0","0","0","0","36225","0","0","0","N","0","0","0","2","36505","0","","1","01","N","N","0","","0","0","0","0","0","","1745","0","1","0","0","0","0","0","2","0","1","N","","","","","","","","","","","","03","03","","Y","N"
"1154","1","0","0","0","0","0","0","0","0","4","0","","36","11","2021","2021115243","5","40.0634","-76.4323","1147","08","0","0","0","0","1","0","1","0","","0","0","0","11","1","1","02","1","40 03:48.252","4","00","76 25:56.442","8","0","0","0","36239","0","0","0","N","0","0","0","2","36239","0","","1","01","N","N","0","","0","0","1","3","3","N","1147","1","2","0","0","0","1","0","3","0","2","N","","","","","","","","","","","1230","03","03","","N",""
"1753","1","0","0","0","0","0","0","0","0","1","0","","36","11","2021","2021115373","3","40.0766","-76.3382","1748","08","0","0","1","0","0","0","0","0","","0","0","0","17","2","0","00","0","40 04:35.713","","00","76 20:17.656","0","0","0","0","36101","0","0","0","N","0","0","0","2","36101","0","","1","01","N","N","0","","0","0","1","0","0","","1747","0","2","0","0","0","0","0","3","0","2","N","","","","","","","","","","","","03","","","N","N"
"1719","3","0","0","0","0","0","0","0","0","1","0","","36","09","2021","2021095038","2","40.1208","-76.2135","1711","08","0","0","0","0","0","1","0","0","","0","0","0","17","1","1","02","1","40 07:14.987","1","00","76 12:48.553","3","0","0","0","36238","0","0","0","N","0","0","0","5","36238","0","","1","01","N","N","0","","1","0","0","0","0","N","1711","1","3","0","0","0","0","0","3","0","3","N","","","","","","","","","","","1808","03","","","N","N"
"1145","0","0","0","0","0","0","0","0","0","4","0","","36","09","2021","2021103616","4","40.0593","-76.2386","1137","08","1","0","0","0","0","1","0","0","","0","0","0","11","1","0","01","1","40 03:33.566","2","00","76 14:19.057","0","0","0","0","36215","0","0","0","N","0","0","0","3","36215","0","","1","01","N","N","0","","0","0","0","3","3","N","1135","0","2","0","0","0","0","0","1","2","2","N","","","","","","","","","","","1244","03","03","","N",""
"0835","0","0","0","0","0","0","0","0","0","8","0","","36","09","2021","2021095759","5","40.0411","-76.3063","0833","08","0","0","0","0","0","0","0","0","","0","0","0","08","1","1","01","1","40 02:27.991","1","00","76 18:22.594","8","0","0","0","36301","1","0","0","N","1","0","0","2","36301","0","","1","01","N","N","0","","0","0","1","3","2","Y","0833","1","2","0","0","0","1","0","3","0","1","N","","","","","","","","","","","0920","03","03","","N","N"
"2027","0","0","0","0","0","0","0","0","0","7","0","","36","09","2021","2021095058","3","40.2437","-76.1034","2022","08","0","0","0","0","0","0","0","0","","0","0","0","20","2","0","00","0","40 14:37.400","","00","76 06:12.200","0","0","0","0","36210","0","0","0","N","0","0","0","1","36210","0","","4","09","N","N","0","","0","0","1","0","0","","2022","0","1","0","0","0","0","0","1","0","1","N","","","","","","","","","","","","03","","","N","N"
"0816","1","0","0","0","0","0","0","0","0","4","0","","36","12","2021","2021127372","6","39.9813","-76.282","0811","08","0","0","0","0","0","0","1","0","","1","0","0","08","1","0","01","2","39 58:52.515","7","00","76 16:55.238","1","0","0","0","36240","0","0","0","Y","0","0","0","2","36240","0","2","1","01","N","N","1","0","0","0","0","3","3","Y","0809","0","2","1","0","2","0","0","1","0","2","N","","","","","","","","","","","1058","03","03","","N",""
"1147","0","0","0","0","0","0","0","0","0","4","0","","36","12","2021","2021120388","6","40.1609","-76.3894","1141","08","0","0","0","0","0","0","0","0","","0","0","0","11","1","1","02","0","40 09:39.204","","00","76 23:21.699","3","0","0","0","36410","0","0","0","N","0","0","0","2","36410","0","","1","01","N","N","0","","1","0","2","3","3","","1141","1","2","0","0","0","0","0","2","0","2","N","","","","","","","","","","","","03","","","N",""
"1254","0","0","0","0","0","0","0","0","0","4","0","","36","11","2021","2021122396","1","39.9904","-76.0205","1221","08","1","0","0","0","0","1","0","0","","0","0","0","12","1","1","00","0","39 59:25.300","","07","76 01:13.976","3","0","0","0","36232","0","0","0","N","0","0","0","3","68J01","0","","1","01","N","N","2","","1","0","0","0","0","","1218","1","2","0","0","0","0","0","1","0","2","N","","","","","","","","","","","","03","03","","N","N"
"1053","1","0","0","0","0","0","0","0","0","4","0","","36","11","2021","2021117638","5","40.0636","-76.3015","1053","08","0","0","1","0","0","0","0","0","","0","0","0","10","1","0","02","0","40 03:49.096","","00","76 18:05.295","0","0","0","0","36101","0","0","0","N","0","0","0","4","36101","0","","1","01","N","N","1","","0","0","0","0","0","","1051","0","2","0","0","0","0","0","3","0","2","N","","","","","","","","","","","","03","03","","N",""