"ARRIVAL_TM","AUTOMOBILE_COUNT","BELTED_DEATH_COUNT","BELTED_SUSP_SERIOUS_INJ_COUNT","BICYCLE_COUNT","BICYCLE_DEATH_COUNT","BICYCLE_SUSP_SERIOUS_INJ_COUNT","BUS_COUNT","CHLDPAS_DEATH_COUNT","CHLDPAS_SUSP_SERIOUS_INJ_COUNT","COLLISION_TYPE","COMM_VEH_COUNT","CONS_ZONE_SPD_LIM","COUNTY","CRASH_MONTH","CRASH_YEAR","CRN","DAY_OF_WEEK","DEC_LAT","DEC_LONG","DISPATCH_TM","DISTRICT","DRIVER_COUNT_16YR","DRIVER_COUNT_17YR","DRIVER_COUNT_18YR","DRIVER_COUNT_19YR","DRIVER_COUNT_20YR","DRIVER_COUNT_50_64YR","DRIVER_COUNT_65_74YR","DRIVER_COUNT_75PLUS","EST_HRS_CLOSED","FATAL_COUNT","HEAVY_TRUCK_COUNT","HORSE_BUGGY_COUNT","HOUR_OF_DAY","ILLUMINATION","INJURY_COUNT","INTERSECT_TYPE","LANE_CLOSED","LATITUDE","LN_CLOSE_DIR","LOCATION_TYPE","LONGITUDE","MAX_SEVERITY_LEVEL","MCYCLE_DEATH_COUNT","MCYCLE_SUSP_SERIOUS_INJ_COUNT","MOTORCYCLE_COUNT","MUNICIPALITY","NONMOTR_COUNT","NONMOTR_DEATH_COUNT","NONMOTR_SUSP_SERIOUS_INJ_COUNT","NTFY_HIWY_MAINT","PED_COUNT","PED_DEATH_COUNT","PED_SUSP_SERIOUS_INJ_COUNT","PERSON_COUNT","POLICE_AGCY","POSSIBLE_INJ_COUNT","RDWY_SURF_TYPE_CD","RELATION_TO_ROAD","ROAD_CONDITION","SCH_BUS_IND","SCH_ZONE_IND","SMALL_TRUCK_COUNT","SPEC_JURIS_CD","SUSP_MINOR_INJ_COUNT","SUSP_SERIOUS_INJ_COUNT","SUV_COUNT","TCD_FUNC_CD","TCD_TYPE","TFC_DETOUR_IND","TIME_OF_DAY","TOT_INJ_COUNT","TOTAL_UNITS","UNB_DEATH_COUNT","UNB_SUSP_SERIOUS_INJ_COUNT","UNBELTED_OCC_COUNT","UNK_INJ_DEG_COUNT","UNK_INJ_PER_COUNT","URBAN_RURAL","VAN_COUNT","VEHICLE_COUNT","WORK_ZONE_IND","WORK_ZONE_LOC","WORK_ZONE_TYPE","WORKERS_PRES","WZ_CLOSE_DETOUR","WZ_FLAGGER","WZ_LAW_OFFCR_IND","WZ_LN_CLOSURE","WZ_MOVING","WZ_OTHER","WZ_SHLDER_MDN","ROADWAY_CLEARED","WEATHER1","WEATHER2","WZ_WORKERS_INJ_KILLED","SECONDARY_CRASH","INTERSECTION_RELATED"
"0108","0","0","0","0","0","0","0","0","0","7","0","","36","11","2021","2021117905","1","40.1097","-76.1386","0052","08","0","0","0","0","0","1","0","0","","0","0","0","00","2","0","05","1","40 06:35.000","1","00","76 08:18.800","9","0","0","0","36238","0","0","0","Y","0","0","0","1","36238","0","","4","09","N","N","0","","0","0","1","3","3","Y","0052","0","1","0","0","0","0","1","3","0","1","N","","","","","","","","","","","0135","10","","","N","N"
"0740","1","0","0","0","0","0","0","0","0","7","0","","36","09","2021","2021090864","1","40.0001","-76.0747","0736","08","0","0","0","0","0","0","0","0","","0","0","0","07","1","0","00","0","40 00:00.459","","00","76 04:28.916","0","0","0","0","36226","0","0","0","N","0","0","0","1","68J01","0","","4","01","N","N","0","","0","0","0","0","0","","0729","0","1","0","0","0","0","0","1","0","1","N","","","","","","","","","","","","03","","","N","N"
"0835","1","0","0","0","0","0","0","0","0","4","0","","36","09","2021","2021108622","4","40.0011","-76.1846","0828","08","0","0","0","0","0","1","0","0","","0","0","0","08","1","0","00","1","40 00:03.995","2","00","76 11:04.421","0","0","0","0","36233","0","0","0","N","0","0","0","2","68J01","0","","1","01","N","N","0","","0","0","1","0","0","N","0824","0","2","0","0","0","0","0","1","0","2","N","","","","","","","","","","","1022","03","03","","N","N"
"1546","1","0","0","0","0","0","0","0","0","5","1","","36","12","2021","2021128589","2","40.0749","-76.3345","1546","08","0","0","0","0","1","0","0","0","","0","1","0","15","1","0","00","0","40 04:29.492","","00","76 20:04.337","0","0","0","0","36101","0","0","0","N","0","0","0","3","36101","0","","1","01","N","N","0","","0","0","0","0","0","","1536","0","2","0","0","0","0","0","3","0","2","N","","","","","","","","","","","","04","04","","N","N"
"1405","1","0","0","0","0","0","0","0","0","4","0","","36","10","2021","2021093653","6","39.7739","-76.1791","1334","08","0","0","0","0","0","0","0","0","","0","0","0","13","1","0","01","1","39 46:25.988","2","00","76 10:44.934","0","0","0","0","36219","0","0","0","N","0","0","0","3","68J01","0","","1","01","N","N","0","","0","0","1","0","0","Y","1330","0","2","0","0","0","0","0","1","0","2","N","","","","","","","","","","","1415","03","","","N","Y"
"1658","0","0","0","0","0","0","0","0","0","1","0","","36","09","2021","2021090789","6","40.0586","-76.3979","1656","08","0","0","0","0","0","0","1","0","","0","0","0","16","1","0","00","0","40 03:31.040","","00","76 23:52.270","0","0","0","0","36214","0","0","0","N","0","0","0","2","36214","0","","1","01","N","N","1","","0","0","1","3","2","","1650","0","2","0","0","0","0","0","3","0","2","N","","","","","","","","","","","","03","","","N","Y"
"1530","1","0","0","0","0","0","0","0","0","4","0","","36","10","2021","2021093282","6","40.0476","-76.3095","1510","08","0","0","0","1","0","1","0","0","","0","0","0","15","1","0","01","1","40 02:51.198","2","00","76 18:34.141","0","0","0","0","36301","0","0","0","N","0","0","0","2","36301","0","","1","01","N","N","0","","0","0","1","3","3","N","1510","0","2","0","0","0","0","0","3","0","2","N","","","","","","","","","","","1615","03","","","N","N"
"1628","0","0","0","0","0","0","0","0","0","4","0","","36","10","2021","2021093038","6","40.1596","-76.6094","1622","08","0","0","0","0","0","0","0","0","","0","0","0","16","1","1","01","0","40 09:34.505","","00","76 36:33.761","4","0","0","0","36407","0","0","0","N","0","0","0","4","36407","1","","1","01","N","N","0","","0","0","1","3","3","","1618","1","2","0","0","0","0","0","2","1","2","N","","","","","","","","","","","","03","","","N",""
"1602","0","0","0","0","0","0","0","0","0","7","0","","36","11","2021","2021118805","7","40.1574","-76.1538","1556","08","0","0","0","0","0","0","0","0","","0","0","0","15","1","1","00","9","40 09:26.561","","03","76 09:13.822","3","0","0","0","36238","0","0","0","N","0","0","0","1","36238","0","","3","01","N","N","0","","1","0","1","0","0","","1556","1","1","0","0","0","0","0","3","0","1","N","","","","","","","","","","","","03","","","N","N"
"1055","1","0","0","0","0","0","0","0","0","7","0","","36","11","2021","2021118291","2","40.0302","-76.2324","1053","08","0","0","0","0","0","0","0","0","","0","0","0","10","1","1","00","0","40 01:48.782","","07","76 13:56.680","3","0","0","0","36215","0","0","0","N","0","0","0","2","36215","0","","2","09","N","N","0","","1","0","0","0","0","","1051","1","1","0","0","0","0","0","1","0","1","N","","","","","","","","","","","","07","03","","N","N"
"0940","0","0","0","0","0","0","0","0","0","4","0","","36","09","2021","2021091773","3","40.0745","-76.4927","0926","08","0","0","0","0","0","0","0","1","","0","0","0","09","1","0","05","0","40 04:28.250","","00","76 29:33.818","0","0","0","0","36230","0","0","0","N","0","0","0","4","36410","0","","1","01","N","N","1","","0","0","1","3","3","","0926","0","2","0","0","0","0","0","1","0","2","N","","","","","","","","","","","","03","","","N",""
"1950","1","0","0","0","0","0","0","0","0","4","0","","36","09","2021","2021090512","6","40.1691","-76.1342","1945","08","0","0","0","0","0","1","0","0","","0","0","0","19","2","1","02","2","40 10:08.921","1","00","76 08:03.201","3","0","0","0","36218","0","0","0","N","0","0","0","3","36408","0","","1","01","N","N","0","","1","0","1","3","3","N","1940","1","2","0","0","0","0","0","1","0","2","N","","","","","","","","","","","2045","03","","","N","N"
"1652","2","0","0","0","0","0","0","0","0","1","0","","36","09","2021","2021090323","6","40.0629","-76.5802","1648","08","0","0","0","0","0","0","0","0","","0","0","0","16","1","1","00","1","40 03:46.504","1","00","76 34:48.693","8","0","0","0","36211","0","0","0","N","0","0","0","3","36504","0","","1","01","N","N","0","","0","0","0","0","0","N","1647","1","3","0","0","0","1","1","1","0","3","N","","","","","","","","","","","1739","03","03","","N","N"
"2050","1","0","0","0","0","0","0","0","0","7","0","","36","09","2021","2021089998","4","40.1057","-76.4289","2040","08","0","0","0","0","0","0","0","0","","0","0","0","20","2","0","00","0","40 06:20.358","","00","76 25:43.969","0","0","0","0","36214","0","0","0","N","0","0","0","1","36214","0","","3","01","N","N","0","","0","0","0","0","0","","2039","0","1","0","0","0","0","0","3","0","1","N","","","","","","","","","","","","04","","","N","N"
"1236","3","0","0","0","0","0","0","0","0","1","0","","36","09","2021","2021095026","7","40.0119","-76.3538","1233","08","0","0","1","0","0","0","0","0","","0","0","0","12","1","2","00","9","40 00:42.911","","00","76 21:13.816","3","0","0","0","36412","0","0","0","N","0","0","0","4","36412","0","","1","01","N","N","0","","2","0","0","0","0","","1233","2","3","0","0","0","0","0","3","0","3","N","","","","","","","","","","","","03","03","","N","Y"
"1022","0","0","0","0","0","0","0","0","0","7","0","","36","09","2021","2021092827","3","40.0873","-76.1232","1018","08","0","0","0","0","0","0","0","1","","0","0","0","10","1","3","00","0","40 05:14.318","","07","76 07:23.683","3","0","0","0","36209","0","0","0","N","0","0","0","3","36415","2","","2","01","N","N","0","","1","0","1","0","0","","1015","3","2","0","0","1","0","0","1","0","1","N","","","","","","","","","","","","03","03","","N","N"
"1135","0","0","0","0","0","0","0","0","0","4","0","","36","09","2021","2021092157","3","39.9501","-76.1202","1129","08","0","0","0","0","0","1","1","0","","0","0","0","11","1","0","01","0","39 57:00.187","","00","76 07:12.579","0","0","0","0","36216","0","0","0","N","0","0","0","2","68J01","0","","1","01","N","N","1","","0","0","0","3","3","","1127","0","2","0","0","0","0","0","1","1","2","N","","","","","","","","","","","","03","","","N","N"
"1729","1","0","0","0","0","0","0","0","0","4","0","","36","09","2021","2021092607","4","40.0598","-76.3371","1722","08","0","0","0","0","1","0","0","0","","0","0","0","17","1","0","02","1","40 03:35.200","2","00","76 20:13.600","0","0","0","0","36101","0","0","0","N","0","0","0","2","36101","0","","1","01","N","N","0","","0","0","1","0","0","N","1720","0","2","0","0","0","0","0","3","0","2","N","","","","","","","","","","","0045","03","","","N",""
"1626","0","0","0","0","0","0","0","0","0","1","0","","36","09","2021","2021091117","3","40.0298","-76.2303","1625","08","0","0","0","0","0","1","0","0","","0","0","0","16","1","0","00","1","40 01:47.220","3","00","76 13:49.008","0","0","0","0","36215","0","0","0","N","0","0","0","3","36215","0","","1","01","N","N","0","","0","0","1","0","0","N","1622","0","2","0","0","0","0","0","1","1","2","N","","","","","","","","","","","1630","03","","","N","N"
"2235","3","0","0","0","0","0","0","0","0","1","0","","36","09","2021","2021091555","6","40.1697","-76.2985","2227","08","0","1","0","1","0","0","0","0","","0","0","0","22","2","0","02","0","40 10:11.024","","00","76 17:54.635","0","0","0","0","36235","0","0","0","N","0","0","0","3","36506","0","","1","01","N","N","0","","0","0","0","0","0","","2224","0","3","0","0","0","0","0","1","0","3","N","","","","","","","","","","","","03","","","N",""
"0913","2","0","0","0","0","0","0","0","0","4","0","","36","12","2021","2021127378","1","40.0342","-76.316","0913","08","0","0","0","0","0","0","1","0","","0","0","0","09","1","1","03","0","40 02:02.960","","00","76 18:57.653","3","0","0","0","36301","0","0","0","N","0","0","0","2","36301","0","","1","01","N","N","0","","1","0","0","3","3","","0911","1","2","0","0","0","0","0","3","0","2","N","","","","","","","","","","","","03","03","","N",""
"1926","0","0","0","0","0","0","0","0","0","7","0","","36","09","2021","2021098627","2","40.0371","-76.3863","1924","08","0","0","0","0","0","0","1","0","","0","0","0","19","3","1","00","1","40 02:13.700","5","00","76 23:10.700","8","0","0","0","36223","0","0","0","N","0","0","0","1","36223","0","","4","01","N","N","1","","0","0","0","0","0","N","1923","1","1","0","0","0","1","0","1","0","1","N","","","","","","","","","","","2006","04","","","N","N"
"0729","2","0","0","0","0","0","0","0","0","1","0","","36","09","2021","2021109681","5","40.0406","-76.5008","0725","08","0","0","0","0","0","2","0","0","","0","0","0","07","1","0","00","1","40 02:26.184","3","00","76 30:03.058","0","0","0","0","36404","0","0","0","N","0","0","0","6","36404","0","","1","01","N","N","0","","0","0","2","0","0","N","0725","0","5","0","0","0","0","0","3","0","4","N","","","","","","","","","","","0833","03","","","N","N"
"1640","1","0","0","0","0","0","0","0","0","4","1","","36","12","2021","2021128366","1","40.0309","-75.9743","1637","08","0","0","0","0","0","1","0","0","","0","1","0","16","1","2","00","2","40 01:51.150","6","00","75 58:27.631","2","0","0","0","36232","0","0","0","N","0","0","0","4","68J01","0","","1","01","N","N","0","","0","2","0","0","0","Y","1636","2","2","0","2","2","0","0","1","0","2","N","","","","","","","","","","","1922","03","03","","N","N"
"1425","2","0","0","0","0","0","0","0","0","4","0","","36","10","2021","2021093390","6","40.0723","-76.2681","1413","08","0","0","0","0","0","1","0","0","","0","0","0","14","1","0","02","1","40 04:20.400","3","00","76 16:05.210","0","0","0","0","36101","0","0","0","N","0","0","0","3","36101","0","","1","01","N","N","0","","0","0","1","3","2","N","1411","0","3","0","0","0","0","0","3","0","3","N","","","","","","","","","","","1505","03","03","","N",""
"0307","1","0","0","0","0","0","0","0","0","1","0","","36","09","2021","2021095041","2","40.1377","-76.2068","0307","08","0","0","0","0","0","0","0","0","","0","0","0","03","2","0","00","1","40 08:15.776","2","00","76 12:24.471","0","0","0","0","36238","0","0","0","N","0","0","0","2","36238","0","","1","01","N","N","0","","0","0","1","0","0","N","0307","0","2","0","0","1","0","0","3","0","2","N","","","","","","","","","","","0325","03","03","","N","Y"
"1638","1","0","0","0","0","0","0","0","0","1","0","","36","09","2021","2021093333","5","39.9988","-76.064","1604","08","0","0","0","0","0","1","0","0","","0","0","0","16","1","0","00","0","39 59:55.568","","00","76 03:50.255","0","0","0","0","36226","0","0","0","N","0","0","0","2","68J01","0","","1","01","N","N","0","","0","0","1","0","0","","1608","0","2","0","0","0","0","0","1","0","2","N","","","","","","","","","","","","03","","","N","N"
"1125","1","0","0","0","0","0","0","0","0","4","0","","36","12","2021","2021127386","7","40.1761","-76.2249","1119","08","0","0","0","0","0","0","0","0","","0","0","0","11","1","0","01","0","40 10:34.041","","00","76 13:29.758","0","0","0","0","36218","0","0","0","N","0","0","0","4","36408","0","","1","09","N","N","0","","0","0","1","3","3","","1118","0","2","0","0","0","0","0","1","0","2","N","","","","","","","","","","","","03","","","N",""
"1354","0","0","0","0","0","0","0","0","0","0","0","","36","09","2021","2021096303","2","40.2431","-76.1231","1348","08","0","0","0","0","0","0","0","0","","0","0","0","13","1","0","02","1","40 14:35.309","1","00","76 07:23.193","0","0","0","0","36210","0","0","0","N","0","0","0","1","36210","0","","2","01","N","N","0","","0","0","0","0","0","Y","1348","0","1","0","0","0","0","0","1","0","1","N","","","","","","","","","","","1454","03","","","N","N"
"0642","2","0","0","0","0","0","0","0","0","4","0","","36","10","2021","2021092992","6","40.1476","-76.6044","0634","08","0","0","0","2","0","0","0","0","","0","0","0","06","1","0","01","0","40 08:51.392","","07","76 36:15.770","0","0","0","0","36407","0","0","0","N","0","0","0","2","36407","0","","1","01","N","N","0","","0","0","0","3","8","","0628","0","2","0","0","0","0","0","2","0","2","N","","","","","","","","","","","","03","03","","N",""
"1202","0","0","0","0","0","0","0","0","0","4","0","","36","09","2021","2021090625","7","40.1938","-76.1736","1157","08","0","0","0","0","0","0","0","0","","0","0","0","11","1","1","00","0","40 11:37.581","","07","76 10:25.109","8","0","0","1","36408","0","0","0","N","0","0","0","5","36408","0","","1","01","N","N","1","","0","0","0","3","2","","1155","1","2","0","0","0","1","0","2","0","2","N","","","","","","","","","","","","03","","","N","N"
"1828","0","0","0","0","0","0","0","0","0","7","0","","36","10","2021","2021103844","7","40.0264","-76.3945","1821","08","0","0","0","0","0","0","0","0","","0","0","0","18","4","0","00","0","40 01:35.095","","00","76 23:40.048","0","0","0","0","36223","0","0","0","N","0","0","0","1","36223","0","","4","01","N","N","0","","0","0","1","0","0","","1820","0","1","0","0","0","0","0","1","0","1","N","","","","","","","","","","","","03","","","N","N"
"0847","2","0","0","0","0","0","0","0","0","1","0","","36","10","2021","2021105277","7","40.115","-76.2395","0840","08","0","0","0","0","1","0","0","0","","0","0","0","08","1","0","00","0","40 06:53.900","","00","76 14:22.103","0","0","0","0","36101","0","0","0","N","0","0","0","3","36101","0","","1","09","N","N","0","","0","0","0","0","0","","0838","0","2","0","0","0","0","0","3","0","2","N","","","","","","","","","","","","98","04","","N","N"
"1537","2","0","0","0","0","0","0","0","0","4","0","","36","09","2021","2021089386","2","40.0756","-76.3233","1533","08","0","0","0","0","0","0","0","0","","0","0","0","15","1","1","02","1","40 04:31.883","2","00","76 19:23.856","3","0","0","0","36101","0","0","0","N","0","0","0","2","36101","0","","1","01","N","N","0","","1","0","0","0","0","N","1530","1","2","0","0","0","0","0","3","0","2","N","","","","","","","","","","","1615","03","","","N",""
"0735","1","0","0","0","0","0","0","0","0","1","0","","36","09","2021","2021092451","5","40.0745","-76.3337","0733","08","0","0","0","0","0","0","0","0","","0","0","0","07","1","0","00","1","40 04:28.060","3","00","76 20:01.205","0","0","0","0","36101","0","0","0","N","0","0","0","3","36101","0","","1","01","N","N","0","","0","0","2","0","0","N","0729","0","3","0","0","0","0","0","3","0","3","N","","","","","","","","","","","0825","03","","","N","N"
"0338","0","0","0","0","0","0","0","0","0","7","0","","36","09","2021","2021092857","4","40.077","-76.5541","0334","08","0","0","0","0","0","0","0","0","","0","0","0","03","2","0","01","2","40 04:37.275","5","00","76 33:14.778","0","0","0","0","36211","0","0","0","N","0","0","0","2","36504","0","","5","01","N","N","0","","0","0","1","3","3","Y","0333","0","1","0","0","0","0","0","1","0","1","N","","","","","","","","","","","0420","04","","","N",""
"2057","0","0","0","0","0","0","0","0","0","7","0","","36","09","2021","2021095033","1","39.9501","-76.2628","2054","08","0","0","0","0","0","0","0","0","","0","0","0","20","3","0","00","0","39 57:00.301","","00","76 15:46.089","0","0","0","0","36228","0","0","0","N","0","0","0","1","36228","0","","3","01","N","N","0","","0","0","1","0","0","","2054","0","1","0","0","0","0","0","1","0","1","N","","","","","","","","","","","","03","","","N","N"
"1835","0","0","0","0","0","0","0","0","0","4","0","","36","09","2021","2021092151","2","40.0049","-76.1051","1827","08","0","0","0","0","1","1","0","0","","0","0","0","18","1","0","01","1","40 00:17.506","3","00","76 06:18.451","0","0","0","0","36226","0","0","0","N","0","0","0","2","68J01","0","","1","01","N","N","1","","0","0","1","3","2","N","1825","0","2","0","0","0","0","0","1","0","2","N","","","","","","","","","","","0030","03","","","N","N"
"1851","0","0","0","0","0","0","0","0","0","7","0","55","36","10","2021","2021103752","7","40.1792","-75.9892","1840","08","0","0","0","0","0","0","0","0","","0","0","0","18","2","0","00","1","40 10:19.539","4","00","75 58:29.638","0","0","0","0","36202","0","0","0","N","0","0","0","1","68T06","0","","4","09","N","N","0","","0","0","1","0","0","N","1840","0","1","0","0","0","0","0","1","0","1","Y","8","1","N","N","N","N","N","N","Y","N","1920","03","","","N","N"
"0750","0","0","0","1","0","0","0","0","0","4","0","","36","10","2021","2021103845","2","40.1534","-76.3162","0747","08","0","0","0","0","0","0","0","0","","0","0","0","07","1","1","01","0","40 09:12.324","","00","76 18:58.406","3","0","0","0","36409","1","0","0","N","0","0","0","2","36409","0","","1","01","N","N","0","","1","0","1","3","2","","0746","1","2","0","0","0","0","0","3","0","1","N","","","","","","","","","","","","03","","","N",""
"1118","1","0","0","0","0","0","0","0","0","7","0","","36","12","2021","2021120800","5","40.1608","-76.5719","1113","08","0","1","0","0","0","0","0","0","","0","0","0","11","1","0","00","1","40 09:38.700","2","00","76 34:18.700","0","0","0","0","36225","0","0","0","N","0","0","0","1","36505","0","","5","09","N","N","0","","0","0","0","0","0","N","1108","0","1","0","0","0","0","0","2","0","1","N","","","","","","","","","","","1135","03","03","","N","N"
"2140","1","0","0","0","0","0","0","0","0","4","0","","36","09","2021","2021091554","6","40.1","-76.3541","2138","08","0","0","0","0","0","1","0","0","","0","0","0","21","3","1","01","2","40 06:00.025","2","00","76 21:14.898","8","0","0","0","36406","0","0","0","N","0","0","0","2","36506","0","","1","01","N","N","0","","0","0","1","3","2","Y","2136","1","2","0","0","0","1","0","3","0","2","N","","","","","","","","","","","2215","03","","","N",""
"0821","0","0","0","0","0","0","0","0","0","7","0","","36","09","2021","2021103614","1","40.0297","-76.3397","0806","08","0","0","0","0","0","0","0","0","","0","0","0","08","1","0","00","1","40 01:46.800","1","00","76 20:22.900","0","0","0","0","36220","0","0","0","N","0","0","0","1","36101","0","","4","01","N","N","1","","0","0","0","0","0","N","0803","0","1","0","0","0","0","0","3","0","1","N","","","","","","","","","","","0915","03","03","","N","N"
"0831","2","0","0","0","0","0","0","0","0","4","0","","36","09","2021","2021109682","5","40.0375","-76.5007","0824","08","0","0","0","0","0","0","0","0","","0","0","0","08","1","0","01","1","40 02:15.025","1","00","76 30:02.624","0","0","0","0","36404","0","0","0","N","0","0","0","4","36404","0","","1","01","N","N","0","","0","0","0","3","3","N","0823","0","2","0","0","0","0","0","3","0","2","N","","","","","","","","","","","0851","03","03","","N",""
"2059","1","0","0","0","0","0","0","0","0","2","0","","36","09","2021","2021092236","4","40.0591","-76.4629","2050","08","0","0","0","0","0","0","1","0","","0","0","0","20","3","1","02","2","40 03:32.814","5","00","76 27:46.398","3","0","0","0","36239","0","0","0","N","0","0","0","3","36239","0","","1","09","N","N","0","","1","0","1","0","0","N","2050","1","2","0","0","0","0","0","3","0","2","N","","","","","","","","","","","2136","07","","","N",""
"1459","0","0","0","0","0","0","0","0","0","4","0","","36","09","2021","2021090347","6","40.0379","-76.2745","1451","08","0","0","0","0","1","0","0","0","","0","0","0","14","1","0","02","1","40 02:16.839","3","00","76 16:28.341","0","0","0","0","36220","0","0","0","N","0","0","0","2","36101","0","","1","01","N","N","0","","0","0","1","3","2","N","1445","0","2","0","0","0","0","0","3","1","2","N","","","","","","","","","","","1600","03","","","N",""
"1141","0","0","0","0","0","0","0","0","0","1","1","","36","12","2021","2021128294","4","40.0701","-76.3144","1136","08","0","0","0","0","0","0","0","0","","0","1","0","11","1","1","00","0","40 04:12.242","","00","76 18:51.956","4","0","0","0","36101","0","0","0","N","0","0","0","2","36101","1","","1","01","N","N","1","","0","0","0","0","0","","1133","1","2","0","0","0","0","0","3","0","2","N","","","","","","","","","","","","03","","","N","N"
"1505","0","0","0","0","0","0","0","0","0","3","1","","36","10","2021","2021093076","6","40.2267","-76.3904","1431","08","0","0","0","0","0","0","0","0","","0","1","0","14","1","1","00","0","40 13:35.865","","00","76 23:28.234","3","0","0","0","36230","0","0","0","N","0","0","0","2","68T06","0","","2","01","N","N","0","","1","0","1","0","0","","1431","1","2","0","0","1","0","1","1","0","2","N","","","","","","","","","","","","03","","","Y","N"
"1055","2","0","0","0","0","0","0","0","0","4","0","","36","09","2021","2021091870","4","40.1557","-76.6042","1050","08","0","2","0","0","0","0","0","0","","0","0","0","10","1","2","02","2","40 09:20.455","6","00","76 36:15.029","8","0","0","0","36407","0","0","0","N","0","0","0","2","36407","0","","1","01","N","N","0","","0","0","0","0","0","Y","1050","2","2","0","0","0","2","0","2","0","2","N","","","","","","","","","","","1137","03","03","","N",""
"1257","0","0","0","0","0","0","0","0","0","4","0","","36","11","2021","2021115326","6","39.9898","-76.2566","1256","08","0","0","0","0","0","0","1","0","","0","0","0","12","1","2","02","2","39 59:23.416","5","00","76 15:23.588","8","0","0","0","36240","0","0","0","N","0","0","0","3","36240","0","","1","01","N","N","0","","0","0","2","0","0","Y","1255","2","2","0","0","0","2","0","1","0","2","N","","","","","","","","","","","1321","04","03","","N",""
"1644","0","0","0","0","0","0","0","0","0","7","0","","36","11","2021","2021116004","1","40.2256","-76.1128","1639","08","0","0","0","0","0","1","0","0","","0","0","0","16","1","0","00","2","40 13:32.200","5","00","76 06:45.900","0","0","0","0","36210","0","0","0","N","0","0","0","1","36210","0","","4","01","N","N","0","","0","0","1","0","0","Y","1639","0","1","0","0","0","0","0","1","0","1","N","","","","","","","","","","","1726","03","","","N","N"
"1806","0","0","0","0","0","0","0","0","0","1","0","","36","11","2021","2021114569","2","40.0849","-76.2714","1800","08","0","0","0","0","0","1","0","0","","0","0","0","17","2","0","00","0","40 05:05.552","","00","76 16:16.914","0","0","0","0","36101","0","0","0","N","0","0","0","2","36101","0","","1","01","N","N","1","","0","0","0","0","0","","1751","0","2","0","0","0","0","0","3","1","2","N","","","","","","","","","","","","03","","","N","N"
"1936","0","0","0","0","0","0","0","0","0","4","0","","36","09","2021","2021093731","4","40.0412","-76.3902","1931","08","0","0","0","0","0","0","0","0","","0","0","0","19","3","0","01","0","40 02:28.220","","00","76 23:24.681","9","0","0","0","36214","0","0","0","N","0","0","0","2","36223","0","","1","01","N","N","0","","0","0","2","3","2","","1930","0","2","0","0","0","0","1","3","0","2","N","","","","","","","","","","","","03","03","","N",""
"0629","0","0","0","0","0","0","0","0","0","4","0","","36","09","2021","2021100210","3","40.1155","-76.2427","0616","08","0","0","0","0","0","0","0","0","","0","0","0","06","5","0","02","0","40 06:55.751","","00","76 14:33.696","0","0","0","0","36101","0","0","0","N","0","0","0","2","36101","0","","1","01","N","N","0","","0","0","2","3","3","","0614","0","2","0","0","0","0","0","3","0","2","N","","","","","","","","","","","","03","03","","N",""
"2239","3","0","0","0","0","0","0","0","0","1","0","","36","12","2021","2021117825","4","40.037","-76.3154","2236","08","0","0","2","0","0","0","0","0","","0","0","0","22","3","1","00","1","40 02:13.184","3","00","76 18:55.545","3","0","0","0","36301","0","0","0","N","0","0","0","5","36301","0","","1","09","N","N","0","","1","0","0","0","0","N","2235","1","3","0","0","0","0","1","3","0","3","N","","","","","","","","","","","2300","07","07","","N","N"
"0345","1","0","0","0","0","0","0","0","0","7","0","","36","09","2021","2021090619","7","40.0661","-76.312","0335","08","0","0","0","0","0","0","0","0","","0","0","0","03","3","0","02","2","40 03:58.050","4","00","76 18:43.276","0","0","0","0","36101","0","0","0","N","0","0","0","1","36101","0","","1","01","N","N","0","","0","0","0","0","0","N","0330","0","1","0","0","1","0","0","3","0","1","N","","","","","","","","","","","0343","03","03","","N","N"
"0840","2","0","0","0","0","0","0","0","0","4","0","","36","09","2021","2021099821","6","40.0656","-76.4112","0834","08","0","0","0","0","0","1","0","0","","0","0","0","08","1","0","02","1","40 03:56.105","2","00","76 24:40.252","0","0","0","0","36239","0","0","0","N","0","0","0","3","36239","0","","1","01","N","N","0","","0","0","0","3","3","N","0834","0","2","0","0","0","0","0","3","0","2","N","","","","","","","","","","","0930","03","03","","N",""
"1531","1","0","0","1","0","0","0","0","0","4","0","","36","09","2021","2021090525","6","40.0595","-76.2873","1524","08","0","0","0","0","0","0","0","0","","0","0","0","15","1","1","02","0","40 03:34.376","","00","76 17:14.359","3","0","0","0","36101","1","0","0","N","0","0","0","2","36101","0","","1","01","N","N","0","","1","0","0","3","3","","1504","1","2","0","0","0","0","0","3","0","1","N","","","","","","","","","","","","03","03","","N",""
"1205","0","0","0","0","0","0","0","0","0","1","0","","36","09","2021","2021090739","7","40.1694","-76.1662","1203","08","0","0","0","0","0","0","1","0","","0","0","0","12","1","0","00","0","40 10:09.900","","07","76 09:58.300","0","0","0","0","36218","0","0","0","N","0","0","0","2","36408","0","","1","01","N","N","0","","0","0","2","0","0","","1203","0","2","0","0","0","0","0","1","0","2","N","","","","","","","","","","","","03","","","N","N"
"0100","0","0","0","0","0","0","0","0","0","5","0","","36","11","2021","2021115134","5","40.0354","-76.3134","0058","08","0","0","0","0","0","0","0","0","","0","0","0","00","2","0","00","0","40 02:07.500","","00","76 18:48.200","0","0","0","0","36301","0","0","0","N","0","0","0","1","36301","0","","6","01","N","N","0","","0","0","2","0","0","","0056","0","2","0","0","0","0","0","3","0","2","N","","","","","","","","","","","","03","03","","N","N"