"ARRIVAL_TM","AUTOMOBILE_COUNT","BELTED_DEATH_COUNT","BELTED_SUSP_SERIOUS_INJ_COUNT","BICYCLE_COUNT","BICYCLE_DEATH_COUNT","BICYCLE_SUSP_SERIOUS_INJ_COUNT","BUS_COUNT","CHLDPAS_DEATH_COUNT","CHLDPAS_SUSP_SERIOUS_INJ_COUNT","COLLISION_TYPE","COMM_VEH_COUNT","CONS_ZONE_SPD_LIM","COUNTY","CRASH_MONTH","CRASH_YEAR","CRN","DAY_OF_WEEK","DEC_LAT","DEC_LONG","DISPATCH_TM","DISTRICT","DRIVER_COUNT_16YR","DRIVER_COUNT_17YR","DRIVER_COUNT_18YR","DRIVER_COUNT_19YR","DRIVER_COUNT_20YR","DRIVER_COUNT_50_64YR","DRIVER_COUNT_65_74YR","DRIVER_COUNT_75PLUS","EST_HRS_CLOSED","FATAL_COUNT","HEAVY_TRUCK_COUNT","HORSE_BUGGY_COUNT","HOUR_OF_DAY","ILLUMINATION","INJURY_COUNT","INTERSECT_TYPE","LANE_CLOSED","LATITUDE","LN_CLOSE_DIR","LOCATION_TYPE","LONGITUDE","MAX_SEVERITY_LEVEL","MCYCLE_DEATH_COUNT","MCYCLE_SUSP_SERIOUS_INJ_COUNT","MOTORCYCLE_COUNT","MUNICIPALITY","NONMOTR_COUNT","NONMOTR_DEATH_COUNT","NONMOTR_SUSP_SERIOUS_INJ_COUNT","NTFY_HIWY_MAINT","PED_COUNT","PED_DEATH_COUNT","PED_SUSP_SERIOUS_INJ_COUNT","PERSON_COUNT","POLICE_AGCY","POSSIBLE_INJ_COUNT","RDWY_SURF_TYPE_CD","RELATION_TO_ROAD","ROAD_CONDITION","SCH_BUS_IND","SCH_ZONE_IND","SMALL_TRUCK_COUNT","SPEC_JURIS_CD","SUSP_MINOR_INJ_COUNT","SUSP_SERIOUS_INJ_COUNT","SUV_COUNT","TCD_FUNC_CD","TCD_TYPE","TFC_DETOUR_IND","TIME_OF_DAY","TOT_INJ_COUNT","TOTAL_UNITS","UNB_DEATH_COUNT","UNB_SUSP_SERIOUS_INJ_COUNT","UNBELTED_OCC_COUNT","UNK_INJ_DEG_COUNT","UNK_INJ_PER_COUNT","URBAN_RURAL","VAN_COUNT","VEHICLE_COUNT","WORK_ZONE_IND","WORK_ZONE_LOC","WORK_ZONE_TYPE","WORKERS_PRES","WZ_CLOSE_DETOUR","WZ_FLAGGER","WZ_LAW_OFFCR_IND","WZ_LN_CLOSURE","WZ_MOVING","WZ_OTHER","WZ_SHLDER_MDN","ROADWAY_CLEARED","WEATHER1","WEATHER2","WZ_WORKERS_INJ_KILLED","SECONDARY_CRASH","INTERSECTION_RELATED"
"0740","2","0","0","0","0","0","0","0","0","4","0","","36","09","2021","2021089555","3","40.1689","-76.2735","0737","08","0","0","1","0","0","1","0","0","","0","0","0","07","1","1","01","1","40 10:08.205","7","00","76 16:24.473","3","0","0","0","36235","0","0","0","N","0","0","0","2","36506","0","","1","01","N","N","0","","1","0","0","3","3","N","0736","1","2","0","0","0","0","0","1","0","2","N","","","","","","","","","","","0848","03","","","N",""
"1555","1","0","0","0","0","0","0","0","0","4","0","","36","09","2021","2021094176","3","40.0399","-76.3659","1552","08","0","0","0","0","0","0","0","1","","0","0","0","15","1","0","02","0","40 02:23.570","","00","76 21:57.088","0","0","0","0","36223","0","0","0","N","0","0","0","4","36223","0","","1","01","N","N","0","","0","0","1","0","0","","1550","0","2","0","0","0","0","0","1","0","2","N","","","","","","","","","","","","03","03","","N",""
"2213","2","0","0","0","0","0","0","0","0","6","0","","36","09","2021","2021090565","5","39.9083","-76.3291","2203","08","0","0","0","0","0","1","0","0","","0","0","0","21","2","0","00","0","39 54:29.700","","00","76 19:44.600","0","0","0","0","36206","0","0","0","N","0","0","0","2","68J01","0","","1","01","N","N","0","","0","0","0","0","0","","2156","0","2","0","0","0","0","0","1","0","2","N","","","","","","","","","","","","03","","","N","N"
"1727","1","0","0","0","0","0","0","0","0","4","0","","36","09","2021","2021091777","5","40.1117","-76.4517","1717","08","1","0","0","0","0","0","1","0","","0","0","0","17","1","1","01","1","40 06:42.333","2","00","76 27:05.926","4","0","0","0","36230","0","0","0","N","0","0","0","2","36410","1","","1","01","N","N","0","","0","0","1","3","2","N","1717","1","2","0","0","0","0","0","1","0","2","N","","","","","","","","","","","0030","03","03","","N",""
"1639","0","0","0","0","0","0","0","0","0","1","0","","36","10","2021","2021095571","6","40.0763","-76.2229","1637","08","0","0","0","0","0","1","0","0","","0","0","0","16","1","0","02","1","40 04:34.500","3","00","76 13:22.300","0","0","0","0","36234","0","0","0","N","0","0","0","2","36215","0","","1","01","N","N","1","","0","0","1","0","0","Y","1634","0","2","0","0","0","0","0","1","0","2","N","","","","","","","","","","","1540","03","03","","N",""
"0611","0","0","0","0","0","0","0","0","0","7","0","","36","09","2021","2021095391","3","39.98","-76.3111","0609","08","0","0","0","0","1","0","0","0","","0","0","0","06","3","0","01","1","39 58:48.043","6","00","76 18:40.056","0","0","0","0","36228","0","0","0","Y","0","0","0","2","36228","0","","4","01","N","N","0","","0","0","2","0","0","N","0609","0","2","0","0","0","0","0","1","0","2","N","","","","","","","","","","","0615","03","","","N","N"
"0954","1","0","0","0","0","0","0","0","0","4","1","","36","12","2021","2021128383","4","39.7822","-76.0899","0931","08","0","0","0","0","0","0","1","0","","0","1","0","09","1","0","01","0","39 46:56.066","","00","76 05:23.608","0","0","0","0","36222","0","0","0","N","0","0","0","2","68J01","0","","1","09","N","N","0","","0","0","0","3","3","","0927","0","2","0","0","0","0","0","1","0","2","N","","","","","","","","","","","","03","03","","N","N"
"1503","1","0","0","0","0","0","0","0","0","1","0","","36","09","2021","2021094999","4","40.2324","-76.0979","1458","08","0","1","0","0","0","0","0","0","","0","0","0","14","1","0","00","2","40 13:56.700","6","00","76 05:52.500","0","0","0","0","36210","0","0","0","N","0","0","0","7","36210","0","","1","09","N","N","0","","0","0","1","0","0","N","1458","0","2","0","0","0","0","0","1","0","2","N","","","","","","","","","","","1539","07","","","N","N"
"1342","1","0","0","0","0","0","0","0","0","4","0","","36","10","2021","2021093732","6","40.1027","-76.4328","1335","08","0","0","1","0","0","0","1","0","","0","0","0","13","1","0","01","1","40 06:09.698","5","00","76 25:58.025","0","0","0","0","36239","0","0","0","N","0","0","0","2","36239","0","","1","01","N","N","0","","0","0","1","3","3","N","1335","0","2","0","0","0","0","0","3","0","2","N","","","","","","","","","","","1500","03","03","","N",""
"1459","1","0","0","0","0","0","0","0","0","1","0","","36","09","2021","2021093944","6","40.0676","-76.3312","1454","08","0","0","1","0","0","1","0","0","","0","0","0","14","1","2","00","1","40 04:03.434","3","00","76 19:52.286","3","0","0","0","36101","0","0","0","N","0","0","0","5","36101","0","","1","01","N","N","0","","2","0","2","0","0","N","1444","2","3","0","0","0","0","0","3","0","3","N","","","","","","","","","","","1606","03","03","","N","N"
"0803","2","0","0","0","0","0","0","0","0","1","0","","36","11","2021","2021120474","3","39.8559","-76.0765","0745","08","0","0","0","0","0","0","0","0","","0","0","0","07","5","3","00","1","39 51:21.297","5","07","76 04:35.488","3","0","0","0","36205","0","0","0","N","0","0","0","3","68J01","0","","1","01","N","N","0","","3","0","0","0","0","N","0742","3","3","0","0","0","0","0","1","1","3","N","","","","","","","","","","","0900","03","","","N","N"
"1741","1","0","0","0","0","0","0","0","0","1","0","","36","11","2021","2021114568","2","40.0586","-76.3179","1731","08","0","0","0","1","0","1","0","0","","0","0","0","17","3","0","00","0","40 03:30.923","","00","76 19:04.444","0","0","0","0","36301","0","0","0","N","0","0","0","2","36101","0","","1","01","N","N","1","","0","0","0","0","0","","1722","0","2","0","0","0","0","0","3","0","2","N","","","","","","","","","","","","03","","","N","N"
"1806","1","0","0","0","0","0","0","0","0","1","0","","36","12","2021","2021117863","5","40.0746","-76.3365","1804","08","0","0","0","0","0","0","0","0","","0","0","0","18","2","0","06","0","40 04:27.533","","02","76 20:10.879","0","0","0","0","36101","0","0","0","N","0","0","0","2","36101","0","","1","01","N","N","0","","0","0","1","3","4","","1800","0","2","0","0","0","0","0","3","0","2","N","","","","","","","","","","","","03","03","","N","N"
"1714","1","0","0","0","0","0","0","0","0","4","0","","36","11","2021","2021117901","3","40.1301","-76.2182","1708","08","0","0","0","0","0","1","0","0","","0","0","0","17","3","0","00","0","40 07:48.334","","07","76 13:05.454","0","0","0","0","36238","0","0","0","N","0","0","0","2","36238","0","","1","01","N","N","0","","0","0","1","0","0","","1708","0","2","0","0","0","0","0","3","0","2","N","","","","","","","","","","","","03","","","N","N"
"2209","0","0","0","1","0","0","0","0","0","4","0","","36","09","2021","2021100426","7","40.0377","-76.2948","2203","08","0","0","0","0","0","0","1","0","","0","0","0","22","3","1","01","0","40 02:15.878","","00","76 17:41.132","4","0","0","0","36301","1","0","0","N","0","0","0","2","36301","1","","1","01","N","N","0","","0","0","0","3","3","","2203","1","2","0","0","0","0","0","3","1","1","N","","","","","","","","","","","","03","03","","N",""
"1343","1","0","0","0","0","0","0","0","0","7","0","","36","09","2021","2021090859","7","39.9632","-76.3623","1305","08","0","0","0","0","0","0","0","0","","0","0","0","12","1","0","00","0","39 57:47.375","","00","76 21:44.438","0","0","0","0","36206","0","0","0","N","0","0","0","1","68J01","0","","4","01","N","N","0","","0","0","0","0","0","","1253","0","1","0","0","0","0","0","1","0","1","N","","","","","","","","","","","","03","","","N","N"
"1720","1","0","0","0","0","0","0","0","0","4","0","","36","09","2021","2021092450","6","40.0941","-76.3119","1715","08","0","0","0","0","0","1","0","0","","0","0","0","17","1","0","01","1","40 05:38.605","5","00","76 18:42.660","0","0","0","0","36101","0","0","0","N","0","0","0","6","36101","0","","1","01","N","N","0","","0","0","2","3","3","N","1713","0","3","0","0","0","0","0","3","0","3","N","","","","","","","","","","","1747","03","","","N",""
"1131","0","0","0","0","0","0","0","0","0","4","0","","36","09","2021","2021091328","2","40.0433","-76.29","1130","08","0","0","0","1","0","0","1","0","","0","0","0","11","1","0","00","0","40 02:36.000","","07","76 17:24.000","0","0","0","1","36301","0","0","0","N","0","0","0","2","36301","0","","1","01","N","N","1","","0","0","0","3","3","","1130","0","2","0","0","0","0","0","3","0","2","N","","","","","","","","","","","","03","03","","N","N"
"1028","1","0","0","0","0","0","0","0","0","4","0","","36","10","2021","2021093133","6","40.1568","-76.3815","1023","08","0","0","0","0","0","0","0","0","","0","0","0","10","1","0","01","0","40 09:24.452","","00","76 22:53.325","0","0","0","0","36227","0","0","0","N","0","0","0","2","36506","0","","1","01","N","N","0","","0","0","0","3","3","","1022","0","2","0","0","0","0","0","1","1","2","N","","","","","","","","","","","","03","03","","N",""
"1420","2","0","0","0","0","0","0","0","0","1","0","","36","12","2021","2021127177","7","40.0637","-76.34","1413","08","0","0","0","0","1","0","0","1","","0","0","0","14","1","0","00","0","40 03:49.316","","00","76 20:24.109","0","0","0","0","36101","0","0","0","N","0","0","0","4","36101","0","","1","01","N","N","0","","0","0","0","0","0","","1410","0","2","0","0","0","0","0","3","0","2","N","","","","","","","","","","","","04","","","N","N"
"0807","1","0","0","0","0","0","0","0","0","4","0","","36","12","2021","2021125906","4","40.2382","-76.1436","0701","08","0","0","0","0","1","0","0","0","","0","0","0","07","1","0","00","0","40 14:17.483","","00","76 08:37.136","0","0","0","0","36236","0","0","0","N","0","0","0","2","36408","0","","1","02","N","N","0","","0","0","1","0","0","","0700","0","2","0","0","0","0","0","1","0","2","N","","","","","","","","","","","","03","","","N","N"
"2116","2","0","0","0","0","0","0","0","0","4","0","","36","12","2021","2021126997","4","40.0372","-76.3127","2113","08","0","0","0","0","1","0","0","0","","0","0","0","21","3","0","01","1","40 02:13.971","4","00","76 18:45.697","0","0","0","0","36301","0","0","0","N","0","0","0","2","36301","0","","1","01","N","N","0","","0","0","0","3","2","N","2112","0","2","0","0","0","0","0","3","0","2","N","","","","","","","","","","","2150","03","03","","N",""
"1405","2","0","0","0","0","0","0","0","0","4","0","","36","12","2021","2021127833","7","40.0739","-76.3499","1357","08","0","0","0","0","0","0","1","0","","0","0","0","13","1","1","01","2","40 04:25.922","1","00","76 20:59.809","8","0","0","0","36214","0","0","0","N","0","0","0","2","36214","0","","1","01","N","N","0","","0","0","0","3","3","Y","1355","1","2","0","0","0","1","0","3","0","2","N","","","","","","","","","","","1445","03","03","","N",""
"1854","1","0","0","0","0","0","0","0","0","7","0","","36","12","2021","2021127972","7","39.985","-76.0479","1843","08","0","1","0","0","0","0","0","0","","0","0","0","18","2","0","00","0","39 59:06.140","","00","76 02:52.562","0","0","0","0","36232","0","0","0","N","0","0","0","3","68J01","0","","4","09","N","N","0","","0","0","0","0","0","","1841","0","1","0","0","0","0","0","1","0","1","N","","","","","","","","","","","","07","05","","N","N"
"1651","0","0","0","0","0","0","0","0","0","1","0","","36","12","2021","2021120270","4","40.184","-76.1905","1646","08","0","0","0","0","0","0","0","1","","0","0","0","16","1","0","00","0","40 11:02.494","","00","76 11:25.959","0","0","0","0","36408","0","0","0","N","0","0","0","5","36408","0","","1","01","N","N","1","","0","0","2","0","0","","1645","0","3","0","0","0","0","0","2","0","3","N","","","","","","","","","","","","03","03","","N","N"
"0215","1","0","0","0","0","0","0","0","0","7","0","","36","12","2021","2021121154","7","40.0395","-76.306","0215","08","0","0","0","0","0","0","0","0","","0","0","0","02","3","1","00","2","40 02:22.311","4","00","76 18:21.631","8","0","0","0","36301","0","0","0","N","0","0","0","1","36301","0","","5","01","N","N","0","","0","0","0","3","2","Y","0214","1","1","0","0","1","1","0","3","0","1","N","","","","","","","","","","","0305","03","03","","N","N"
"0637","1","0","0","0","0","0","0","0","0","98","0","","36","12","2021","2021128295","5","40.0689","-76.3071","0630","08","0","0","0","0","0","0","0","0","","0","0","0","06","3","0","00","0","40 04:07.988","","00","76 18:25.710","0","0","0","0","36101","0","0","0","N","0","0","0","1","36101","0","","1","09","N","N","0","","0","0","0","0","0","","0627","0","1","0","0","0","0","0","3","0","1","N","","","","","","","","","","","","03","03","","N","N"
"1512","1","0","0","0","0","0","0","0","0","7","0","","36","12","2021","2021126575","7","40.1203","-76.2137","1510","08","0","0","0","0","0","1","0","0","","0","0","0","15","1","0","00","1","40 07:13.057","6","00","76 12:49.431","0","0","0","0","36238","0","0","0","Y","0","0","0","1","36238","0","","4","01","N","N","0","","0","0","0","0","0","N","1510","0","1","0","0","0","0","0","3","0","1","N","","","","","","","","","","","1606","03","","","N","N"
"1241","1","0","0","0","0","0","0","0","0","4","0","","36","12","2021","2021127926","1","39.9914","-76.0166","1238","08","0","0","0","0","0","0","0","0","","0","0","0","12","1","0","01","1","39 59:29.214","3","00","76 00:59.722","0","0","0","0","36232","0","0","0","N","0","0","0","6","68J01","0","","1","01","N","N","0","","0","0","1","3","2","N","1225","0","2","0","0","0","0","0","1","0","2","N","","","","","","","","","","","1314","03","","","N","N"
"0737","0","0","0","0","0","0","0","0","0","4","0","","36","12","2021","2021127419","4","40.1201","-76.2359","0722","08","0","0","0","0","0","0","0","0","","1","0","0","07","5","3","00","2","40 07:12.454","5","03","76 14:09.344","1","0","0","0","36235","0","0","0","N","0","0","0","4","36506","1","2","1","02","N","N","0","0","2","0","1","0","0","Y","0721","3","2","1","0","1","0","0","1","1","2","N","","","","","","","","","","","1101","06","05","","N","N"
"1214","2","0","0","0","0","0","0","0","0","4","0","","36","12","2021","2021127906","1","40.1559","-76.0434","1151","08","0","0","0","0","0","0","0","1","","0","0","0","11","1","0","01","2","40 09:21.104","7","00","76 02:36.199","0","0","0","0","36418","0","0","0","N","0","0","0","2","68J01","0","","1","01","N","N","0","","0","0","0","3","3","Y","1149","0","2","0","0","0","0","0","1","0","2","N","","","","","","","","","","","1300","03","","","N","N"
"2039","0","0","0","0","0","0","0","0","0","7","0","","36","12","2021","2021127836","7","40.1033","-76.084","2037","08","0","0","0","0","0","0","0","0","","0","0","0","20","3","0","00","2","40 06:11.983","5","00","76 05:02.462","0","0","0","0","36415","0","0","0","N","0","0","0","1","36415","0","","5","01","N","N","0","","0","0","1","0","0","N","2032","0","1","0","0","0","0","0","1","0","1","N","","","","","","","","","","","2041","04","","","N","N"
"1437","1","0","0","0","0","0","0","0","0","7","0","","36","12","2021","2021127842","7","40.1729","-76.3565","1434","08","0","0","1","0","0","0","0","0","","0","0","0","14","1","1","00","0","40 10:22.280","","00","76 21:23.340","4","0","0","0","36227","0","0","0","N","0","0","0","2","36506","1","","5","09","N","N","0","","0","0","0","0","0","","1434","1","1","0","0","0","0","0","1","0","1","N","","","","","","","","","","","","07","07","","N","N"
"1137","0","0","0","0","0","0","0","0","0","4","0","","36","12","2021","2021128296","5","40.0478","-76.3406","1135","08","0","1","0","0","0","0","1","0","","0","0","0","11","1","2","01","2","40 02:51.947","3","00","76 20:26.229","4","0","0","0","36220","0","0","0","N","0","0","0","5","36101","2","","1","09","N","N","0","","0","0","1","3","3","N","1131","2","2","0","0","0","0","0","3","1","2","N","","","","","","","","","","","1230","03","","","N",""
"1524","2","0","0","0","0","0","0","0","0","5","0","","36","12","2021","2021127921","7","39.9822","-76.1138","1507","08","0","0","0","0","0","1","0","0","","0","0","0","15","1","1","00","2","39 58:55.890","5","00","76 06:49.760","3","0","0","0","36226","0","0","0","N","0","0","0","2","68J01","0","","1","01","N","N","0","","1","0","0","0","0","Y","1507","1","2","0","0","0","0","0","1","0","2","N","","","","","","","","","","","1600","03","03","","N","N"
"0220","0","0","0","0","0","0","0","0","0","7","0","","36","12","2021","2021127839","7","40.0966","-76.1063","0218","08","0","0","0","0","0","1","0","0","","0","0","0","02","3","0","00","2","40 05:47.708","6","00","76 06:22.807","0","0","0","0","36415","0","0","0","N","0","0","0","1","36415","0","","4","01","N","N","0","","0","0","1","0","0","Y","0218","0","1","0","0","1","0","0","1","0","1","N","","","","","","","","","","","0100","03","03","","N","N"
"1158","2","0","0","0","0","0","0","0","0","4","0","","36","12","2021","2021127832","1","40.0685","-76.3074","1154","08","0","0","0","0","0","0","1","0","","0","0","0","11","1","1","01","1","40 04:06.527","3","00","76 18:26.750","4","0","0","0","36101","0","0","0","N","0","0","0","6","36101","1","","1","01","N","N","0","","0","0","1","3","2","Y","1154","1","3","0","0","0","0","0","3","0","3","N","","","","","","","","","","","1235","03","","","N",""
"2006","0","0","0","0","0","0","0","0","0","1","0","","36","12","2021","2021127637","3","40.0244","-76.3309","2006","08","0","0","0","0","0","0","0","0","","0","0","0","19","3","2","02","0","40 01:27.969","","00","76 19:51.335","3","0","0","0","36220","0","0","0","N","0","0","0","3","36101","0","","1","09","N","N","0","","2","0","1","3","2","","1937","2","2","0","0","0","0","1","3","0","2","N","","","","","","","","","","","","07","","","N",""
"1703","1","0","0","0","0","0","0","0","0","8","0","","36","12","2021","2021127913","5","39.9991","-76.103","1701","08","0","0","0","0","0","0","0","0","","0","0","0","17","2","1","00","1","39 59:56.703","5","00","76 06:10.631","8","0","0","0","36226","1","0","0","N","1","0","0","3","68J01","0","","1","01","N","N","0","","0","0","0","0","0","N","1701","1","2","0","0","0","1","0","1","0","1","N","","","","","","","","","","","1745","03","03","","N","N"
"1759","1","0","0","0","0","0","0","0","0","4","1","","36","12","2021","2021124792","2","40.0637","-76.5843","1753","08","0","0","0","0","0","0","0","0","","0","1","0","17","3","0","00","2","40 03:49.357","5","07","76 35:03.407","0","0","0","0","36211","0","0","0","N","0","0","0","3","36504","0","","1","01","N","N","0","","0","0","0","0","0","Y","1751","0","2","0","0","0","0","0","1","0","2","N","","","","","","","","","","","2023","03","","","N","N"
"0218","4","0","0","0","0","0","0","0","0","1","0","","36","12","2021","2021126579","6","40.0427","-76.3001","0213","08","0","0","0","0","0","0","0","0","","0","0","0","02","3","0","00","0","40 02:33.875","","00","76 18:00.317","0","0","0","0","36301","0","0","0","N","0","0","0","1","36301","0","","1","01","N","N","0","","0","0","0","0","0","","0211","0","4","0","0","0","0","0","3","0","4","N","","","","","","","","","","","","03","03","","N","N"
"0852","2","0","0","0","0","0","0","0","0","4","0","","36","12","2021","2021124169","2","40.0461","-76.3052","0847","08","0","0","0","0","0","1","0","0","","0","0","0","08","1","0","01","0","40 02:45.784","","00","76 18:18.607","0","0","0","0","36301","0","0","0","N","0","0","0","2","36301","0","","1","01","N","N","0","","0","0","0","3","2","","0847","0","2","0","0","0","0","0","3","0","2","N","","","","","","","","","","","","03","03","","N",""
"0925","0","0","0","0","0","0","0","0","0","7","0","","36","12","2021","2021127945","4","39.8435","-76.0379","0909","08","0","0","0","0","0","0","0","0","","0","0","0","08","1","0","00","0","39 50:36.627","","00","76 02:16.544","0","0","0","0","36205","0","0","0","N","0","0","0","2","68J01","0","","2","02","N","N","1","","0","0","0","0","0","","0847","0","1","0","0","0","0","0","1","0","1","N","","","","","","","","","","","","03","","","N","N"
"0213","0","0","0","0","0","0","0","0","0","1","0","","36","12","2021","2021128422","2","40.1616","-76.1457","0200","08","0","0","0","0","0","1","0","0","","0","0","0","02","2","0","00","0","40 09:41.709","","00","76 08:44.668","0","0","0","0","36238","0","0","0","Y","0","0","0","1","36238","0","","2","01","N","N","2","","0","0","0","0","0","","0200","0","2","0","0","0","0","0","3","0","2","N","","","","","","","","","","","","03","","","N","N"
"0914","2","0","0","0","0","0","0","0","0","4","0","","36","12","2021","2021127947","4","39.9899","-76.0009","0901","08","0","0","0","1","0","1","0","0","","0","0","0","08","1","3","00","2","39 59:23.650","4","00","76 00:03.218","3","0","0","0","36232","0","0","0","N","0","0","0","4","68J01","1","","1","09","N","N","0","","2","0","0","3","3","N","0859","3","2","0","0","2","0","0","1","0","2","N","","","","","","","","","","","1000","03","03","","N","N"
"1200","1","0","0","0","0","0","0","0","0","1","0","","36","12","2021","2021127949","4","40.2462","-76.0434","1139","08","0","1","0","0","0","0","1","0","","0","0","0","11","1","0","00","0","40 14:46.177","","00","76 02:36.208","0","0","0","0","36401","0","0","0","N","0","0","0","2","68J01","0","","1","01","N","N","1","","0","0","0","0","0","","1136","0","2","0","0","0","0","0","1","0","2","N","","","","","","","","","","","","03","03","","N","N"
"1730","2","0","0","0","0","0","0","0","0","2","0","","36","12","2021","2021126834","1","40.0691","-76.3569","1726","08","0","0","0","0","0","0","0","1","","0","0","0","17","3","1","01","2","40 04:08.816","7","00","76 21:24.786","3","0","0","0","36214","0","0","0","N","0","0","0","3","36214","0","","1","01","N","N","0","","1","0","0","3","2","N","1725","1","2","0","0","0","0","0","3","0","2","N","","","","","","","","","","","1821","03","","","N",""
"1447","1","0","0","0","0","0","0","0","0","1","0","","36","12","2021","2021127179","5","40.0702","-76.3139","1447","08","0","0","0","0","0","0","0","0","","0","0","0","14","1","0","00","0","40 04:12.779","","00","76 18:50.206","0","0","0","0","36101","0","0","0","N","0","0","0","2","36101","0","","1","01","N","N","0","","0","0","0","0","0","","1447","0","2","0","0","0","0","0","3","1","2","N","","","","","","","","","","","","03","","","N","N"
"1247","2","0","0","0","0","0","0","0","0","2","0","","36","12","2021","2021127501","2","39.9614","-76.1028","1236","08","0","0","0","0","0","0","1","1","","0","0","0","12","1","1","00","2","39 57:41.200","1","00","76 06:09.902","4","0","0","0","36226","0","0","0","N","0","0","0","3","68J01","1","","1","01","N","N","0","","0","0","0","3","3","N","1235","1","2","0","0","0","0","0","1","0","2","N","","","","","","","","","","","1330","03","03","","N","Y"
"1745","2","0","0","0","0","0","0","0","0","1","0","","36","12","2021","2021126364","2","40.1732","-76.1965","1740","08","0","0","0","0","0","1","0","0","","0","0","0","17","3","1","00","1","40 10:23.460","2","00","76 11:47.352","3","0","0","0","36408","0","0","0","N","0","0","0","2","36408","0","","1","01","N","N","0","","1","0","0","0","0","Y","1740","1","2","0","0","0","0","0","2","0","2","N","","","","","","","","","","","1800","03","","","N","N"
"1747","0","0","0","0","0","0","0","0","0","1","0","","36","11","2021","2021127875","3","40.2256","-76.3008","1733","08","0","0","0","0","0","0","1","0","","0","0","0","17","3","0","00","1","40 13:32.167","4","00","76 18:02.860","0","0","0","0","36217","0","0","0","N","0","0","0","2","68J01","0","","1","01","N","N","1","","0","0","1","0","0","N","1730","0","2","0","0","0","0","0","1","0","2","N","","","","","","","","","","","1830","03","03","","N","N"
"1019","1","0","0","0","0","0","0","0","0","7","0","","36","12","2021","2021126714","7","40.0698","-76.3283","1015","08","0","0","0","0","0","0","0","0","","0","0","0","10","1","0","00","1","40 04:11.116","4","00","76 19:41.997","0","0","0","0","36101","0","0","0","N","0","0","0","1","36101","0","","4","09","N","N","0","","0","0","0","0","0","N","1012","0","1","0","0","0","0","0","3","0","1","N","","","","","","","","","","","1130","07","","","N","N"
"1826","2","0","0","0","0","0","0","0","0","5","0","","36","08","2021","2021074064","4","40.0687","-76.3091","1823","08","0","0","0","0","0","0","1","0","","0","0","0","18","1","0","00","0","40 04:07.335","","00","76 18:32.791","0","0","0","0","36101","0","0","0","N","0","0","0","3","36101","0","","1","01","N","N","0","","0","0","0","0","0","","1818","0","2","0","0","0","0","0","3","0","2","N","","","","","","","","","","","","03","","","N","N"
"0736","0","0","0","0","0","0","0","0","0","4","0","","36","07","2021","2021074534","7","40.0049","-76.1051","0729","08","0","0","0","0","0","1","1","0","","0","0","0","07","1","1","01","1","40 00:17.506","3","00","76 06:18.451","4","0","0","0","36226","0","0","0","N","0","0","0","2","68J01","1","","1","01","N","N","0","","0","0","2","3","2","N","0721","1","2","0","0","0","0","0","1","0","2","N","","","","","","","","","","","0824","03","","","N","N"
"0754","0","0","0","0","0","0","0","0","0","7","1","","36","08","2021","2021073200","5","40.088","-76.2665","0751","08","0","0","0","0","0","0","0","0","","0","1","0","07","1","0","00","2","40 05:16.768","2","00","76 15:59.329","9","0","0","0","36101","0","0","0","N","0","0","0","3","36101","0","","4","01","N","N","0","","0","0","1","0","0","Y","0750","0","3","0","0","0","0","1","3","1","3","N","","","","","","","","","","","1000","03","03","","N","N"
"1714","1","0","0","0","0","0","0","0","0","1","0","","36","08","2021","2021076607","5","40.0688","-76.3052","1704","08","0","0","0","0","0","0","0","0","","0","0","0","17","1","1","00","0","40 04:07.678","","00","76 18:18.848","3","0","0","0","36101","0","0","0","N","0","0","0","3","36101","0","","1","01","N","N","1","","1","0","0","0","0","","1702","1","2","0","0","0","0","0","3","0","2","N","","","","","","","","","","","","03","03","","N","N"
"1253","2","0","0","0","0","0","0","0","0","4","0","","36","08","2021","2021075431","3","40.044","-76.3242","1251","08","0","0","0","0","0","0","0","1","","0","0","0","12","1","0","01","0","40 02:38.378","","00","76 19:27.213","0","0","0","0","36301","0","0","0","N","0","0","0","2","36301","0","","1","01","N","N","0","","0","0","0","3","2","","1249","0","2","0","0","1","0","0","3","0","2","N","","","","","","","","","","","","03","03","","N",""
"1309","0","0","0","0","0","0","0","0","0","7","0","","36","07","2021","2021074147","5","39.9864","-76.2146","1305","08","0","0","0","0","0","0","1","0","","0","0","0","13","1","1","00","2","39 59:10.888","6","00","76 12:52.650","3","0","0","0","36233","0","0","0","N","0","0","0","1","68J01","0","","4","01","N","N","0","","1","0","1","0","0","Y","1304","1","1","0","0","0","0","0","1","0","1","N","","","","","","","","","","","1430","03","","","N","N"
"1507","1","0","0","0","0","0","0","0","0","1","0","","36","07","2021","2021074136","7","39.7792","-76.1787","1443","08","0","0","0","0","0","2","0","1","","0","0","0","14","1","1","00","0","39 46:45.203","","00","76 10:43.327","4","0","0","0","36219","0","0","0","N","0","0","0","5","68J01","1","","1","01","N","N","2","","0","0","0","0","0","","1441","1","3","0","0","0","0","0","1","0","3","N","","","","","","","","","","","","03","03","","N","N"