"ARRIVAL_TM","AUTOMOBILE_COUNT","BELTED_DEATH_COUNT","BELTED_SUSP_SERIOUS_INJ_COUNT","BICYCLE_COUNT","BICYCLE_DEATH_COUNT","BICYCLE_SUSP_SERIOUS_INJ_COUNT","BUS_COUNT","CHLDPAS_DEATH_COUNT","CHLDPAS_SUSP_SERIOUS_INJ_COUNT","COLLISION_TYPE","COMM_VEH_COUNT","CONS_ZONE_SPD_LIM","COUNTY","CRASH_MONTH","CRASH_YEAR","CRN","DAY_OF_WEEK","DEC_LAT","DEC_LONG","DISPATCH_TM","DISTRICT","DRIVER_COUNT_16YR","DRIVER_COUNT_17YR","DRIVER_COUNT_18YR","DRIVER_COUNT_19YR","DRIVER_COUNT_20YR","DRIVER_COUNT_50_64YR","DRIVER_COUNT_65_74YR","DRIVER_COUNT_75PLUS","EST_HRS_CLOSED","FATAL_COUNT","HEAVY_TRUCK_COUNT","HORSE_BUGGY_COUNT","HOUR_OF_DAY","ILLUMINATION","INJURY_COUNT","INTERSECT_TYPE","LANE_CLOSED","LATITUDE","LN_CLOSE_DIR","LOCATION_TYPE","LONGITUDE","MAX_SEVERITY_LEVEL","MCYCLE_DEATH_COUNT","MCYCLE_SUSP_SERIOUS_INJ_COUNT","MOTORCYCLE_COUNT","MUNICIPALITY","NONMOTR_COUNT","NONMOTR_DEATH_COUNT","NONMOTR_SUSP_SERIOUS_INJ_COUNT","NTFY_HIWY_MAINT","PED_COUNT","PED_DEATH_COUNT","PED_SUSP_SERIOUS_INJ_COUNT","PERSON_COUNT","POLICE_AGCY","POSSIBLE_INJ_COUNT","RDWY_SURF_TYPE_CD","RELATION_TO_ROAD","ROAD_CONDITION","SCH_BUS_IND","SCH_ZONE_IND","SMALL_TRUCK_COUNT","SPEC_JURIS_CD","SUSP_MINOR_INJ_COUNT","SUSP_SERIOUS_INJ_COUNT","SUV_COUNT","TCD_FUNC_CD","TCD_TYPE","TFC_DETOUR_IND","TIME_OF_DAY","TOT_INJ_COUNT","TOTAL_UNITS","UNB_DEATH_COUNT","UNB_SUSP_SERIOUS_INJ_COUNT","UNBELTED_OCC_COUNT","UNK_INJ_DEG_COUNT","UNK_INJ_PER_COUNT","URBAN_RURAL","VAN_COUNT","VEHICLE_COUNT","WORK_ZONE_IND","WORK_ZONE_LOC","WORK_ZONE_TYPE","WORKERS_PRES","WZ_CLOSE_DETOUR","WZ_FLAGGER","WZ_LAW_OFFCR_IND","WZ_LN_CLOSURE","WZ_MOVING","WZ_OTHER","WZ_SHLDER_MDN","ROADWAY_CLEARED","WEATHER1","WEATHER2","WZ_WORKERS_INJ_KILLED","SECONDARY_CRASH","INTERSECTION_RELATED"
"2255","0","0","0","0","0","0","0","0","0","0","0","","36","07","2021","2021075537","1","40.0243","-76.1736","2255","08","0","0","0","0","0","0","0","0","","0","0","0","22","2","1","00","0","40 01:27.640","","00","76 10:25.070","3","0","0","1","36215","0","0","0","N","0","0","0","1","36215","0","","1","01","N","N","0","","1","0","0","0","0","","2200","1","1","0","0","0","0","0","1","0","1","N","","","","","","","","","","","","03","03","","N","N"
"0109","2","0","0","0","0","0","0","0","0","1","0","","36","07","2021","2021065503","5","40.042","-76.3065","0106","08","0","0","0","0","0","0","0","0","","0","0","0","01","3","0","00","2","40 02:31.341","1","00","76 18:23.252","0","0","0","0","36301","0","0","0","N","0","0","0","2","36301","0","","1","01","N","N","0","","0","0","0","0","0","N","0104","0","2","0","0","0","0","0","3","0","2","N","","","","","","","","","","","0148","03","","","N","Y"
"1113","2","0","0","0","0","0","0","0","0","2","0","","36","08","2021","2021074833","6","40.0158","-76.2373","1104","08","0","0","0","0","0","0","0","1","","0","0","0","11","1","1","00","1","40 00:56.797","2","00","76 14:14.323","3","0","0","0","36240","0","0","0","N","0","0","0","1","36240","0","","2","01","N","N","0","","1","0","0","0","0","N","1100","1","2","0","0","0","0","0","1","0","2","N","","","","","","","","","","","1220","03","","","N","N"
"0921","0","0","0","0","0","0","0","0","0","1","1","","36","08","2021","2021076592","5","40.1088","-76.5159","0916","08","0","0","0","0","0","0","0","0","","0","1","0","09","1","0","00","0","40 06:31.748","","00","76 30:57.394","0","0","0","0","36413","1","0","0","N","0","0","0","6","36413","0","","6","01","N","N","0","","0","0","1","0","0","","0916","0","2","0","0","0","0","0","2","0","2","N","","","","","","","","","","","","03","","","N","N"
"1246","2","0","0","0","0","0","0","0","0","4","0","","36","04","2021","2021034186","3","40.038","-76.2986","1240","08","0","0","0","0","0","1","0","0","","0","0","0","12","1","0","01","2","40 02:16.720","2","00","76 17:55.060","0","0","0","0","36301","0","0","0","N","0","0","0","2","36301","0","","1","01","N","N","0","","0","0","0","3","3","Y","1236","0","2","0","0","0","0","0","3","0","2","N","","","","","","","","","","","1331","03","","","N",""
"1721","1","0","0","0","0","0","0","0","0","4","0","","36","08","2021","2021073947","4","40.0296","-76.3231","1715","08","0","0","0","0","0","0","0","0","","0","0","0","17","1","1","01","1","40 01:46.727","3","00","76 19:23.150","4","0","0","0","36301","0","0","0","N","0","0","0","2","36301","1","","1","01","N","N","1","","0","0","0","3","2","N","1715","1","2","0","0","0","0","1","3","0","2","N","","","","","","","","","","","1815","03","03","","N","N"
"1835","0","0","0","0","0","0","0","0","0","4","0","","36","08","2021","2021076891","4","40.1085","-76.0702","1829","08","0","0","0","0","0","0","2","0","","0","0","0","18","4","0","01","1","40 06:30.660","6","00","76 04:12.804","0","0","0","0","36415","0","0","0","N","0","0","0","5","36415","0","","1","08","N","N","0","","0","0","2","3","2","N","1829","0","2","0","0","1","0","0","1","0","2","N","","","","","","","","","","","0100","07","07","","N",""
"0212","0","0","0","0","0","0","0","0","0","7","0","","36","04","2021","2021036733","4","40.2374","-76.2718","0201","08","0","0","0","0","0","0","0","0","","0","0","0","02","2","0","00","1","40 14:26.078","4","00","76 15:07.199","0","0","0","0","36204","0","0","0","N","0","0","0","1","68T06","0","","3","01","N","N","0","","0","0","1","0","0","N","0201","0","1","0","0","0","0","0","1","0","1","N","","","","","","","","","","","0220","03","","","N","N"
"1438","0","0","0","0","0","0","0","0","0","1","0","","36","04","2021","2021039083","3","40.0884","-76.1828","1429","08","0","0","0","0","1","0","0","1","","0","0","0","14","1","0","00","1","40 05:18.347","3","00","76 10:57.927","0","0","0","0","36234","0","0","0","N","0","0","0","2","36215","0","","1","01","N","N","1","","0","0","1","0","0","N","1429","0","2","0","0","0","0","0","1","0","2","N","","","","","","","","","","","1509","03","03","","N","Y"
"2202","1","0","0","0","0","0","0","0","0","7","0","","36","08","2021","2021081497","5","40.1678","-76.2956","2157","08","0","0","0","0","0","0","0","0","","0","0","0","21","3","0","01","1","40 10:03.939","3","00","76 17:44.145","0","0","0","0","36235","0","0","0","N","0","0","0","2","36506","0","","4","01","N","N","0","","0","0","0","3","2","N","2157","0","1","0","0","0","0","0","1","0","1","N","","","","","","","","","","","0100","03","","","N",""
"1824","2","0","0","0","0","0","0","0","0","1","0","","36","08","2021","2021075049","4","40.072","-76.2872","1816","08","0","0","1","0","0","0","0","0","","0","0","0","18","1","3","00","0","40 04:19.059","","00","76 17:13.887","4","0","0","0","36101","0","0","0","N","0","0","0","4","36101","3","","1","09","N","N","0","","0","0","0","0","0","","1814","3","2","0","0","0","0","0","3","0","2","N","","","","","","","","","","","","07","07","","N","N"
"1628","0","0","0","0","0","0","0","0","0","3","1","","36","07","2021","2021074067","6","40.0361","-76.5094","1623","08","0","0","0","0","0","1","0","0","","0","1","0","16","1","0","02","1","40 02:10.100","1","00","76 30:33.800","0","0","0","0","36404","0","0","0","N","0","0","0","2","36404","0","","1","01","N","N","0","","0","0","1","0","0","N","1623","0","2","0","0","0","0","0","3","0","2","N","","","","","","","","","","","1703","03","","","N","N"
"1619","2","0","0","0","0","0","0","0","0","1","0","","36","08","2021","2021080862","5","40.1048","-76.5466","1613","08","0","0","0","0","0","0","1","0","","0","0","0","16","1","1","00","2","40 06:17.162","6","00","76 32:47.595","8","0","0","0","36211","0","0","0","Y","0","0","0","2","36504","0","","1","01","N","N","0","","0","0","0","0","0","Y","1612","1","2","0","0","1","1","0","1","0","2","N","","","","","","","","","","","1735","03","03","","N","N"
"0250","0","0","0","0","0","0","0","0","0","0","0","","36","04","2021","2021037431","1","40.0231","-76.2756","0244","08","0","0","0","0","0","0","0","0","","0","0","0","02","3","0","00","0","40 01:23.297","","00","76 16:32.300","0","0","0","0","36240","0","0","0","N","0","0","0","5","36240","0","","1","01","N","N","0","","0","0","1","0","0","","0240","0","1","0","0","0","0","0","1","0","1","N","","","","","","","","","","","","03","03","","N","N"
"1008","1","0","0","0","0","0","0","0","0","7","0","","36","08","2021","2021081996","4","40.1225","-76.6328","1005","08","0","0","1","0","0","0","0","0","","0","0","0","10","1","0","00","1","40 07:21.092","4","00","76 37:58.162","0","0","0","0","36237","0","0","0","N","0","0","0","1","36505","0","","4","09","N","N","0","","0","0","0","0","0","N","1002","0","1","0","0","0","0","0","1","0","1","N","","","","","","","","","","","1045","04","","","N","N"
"2019","1","0","0","0","0","0","0","0","0","7","0","","36","04","2021","2021036574","4","40.1732","-76.1453","2017","08","0","0","1","0","0","0","0","0","","0","0","0","20","2","1","00","1","40 10:23.686","1","00","76 08:43.197","8","0","0","0","36218","0","0","0","Y","0","0","0","1","36408","0","","5","01","N","N","0","","0","0","0","0","0","N","2014","1","2","0","0","0","1","0","1","0","1","N","","","","","","","","","","","2053","03","03","","N","N"
"0150","1","0","0","0","0","0","0","0","0","7","0","","36","08","2021","2021082292","7","40.2324","-76.1272","0144","08","0","0","0","0","0","0","0","0","","0","0","0","01","2","0","00","0","40 13:57.012","","00","76 07:38.633","0","0","0","0","36210","0","0","0","N","0","0","0","1","68T06","0","","4","01","N","N","0","","0","0","0","0","0","","0144","0","1","0","0","1","0","0","1","0","1","N","","","","","","","","","","","","03","03","","N","N"
"1132","0","0","0","0","0","0","0","0","0","7","0","","36","08","2021","2021074735","4","40.1671","-76.1861","1128","08","0","0","0","0","0","0","0","0","","0","0","0","11","1","1","02","2","40 10:01.578","6","00","76 11:10.049","8","0","0","0","36218","0","0","0","N","0","0","0","1","36408","0","","4","01","N","N","0","","0","0","1","0","0","Y","1127","1","1","0","0","0","1","0","1","0","1","N","","","","","","","","","","","1152","03","03","","N","N"
"2305","0","0","0","0","0","0","0","0","0","7","0","","36","08","2021","2021077832","4","40.0575","-76.3983","2258","08","0","0","0","0","0","0","0","0","","0","0","0","22","2","1","01","0","40 03:26.961","","00","76 23:53.826","3","0","0","0","36214","0","0","0","N","0","0","0","1","36214","0","","5","09","N","N","0","","1","0","0","3","2","","2250","1","1","0","0","0","0","0","3","1","1","N","","","","","","","","","","","","07","","","N",""
"0059","0","0","0","0","0","0","0","0","0","7","0","","36","08","2021","2021075543","7","40.0402","-76.26","0056","08","0","0","0","0","0","0","0","0","","0","0","0","00","2","0","00","1","40 02:24.578","3","00","76 15:35.965","0","0","0","0","36215","0","0","0","N","0","0","0","2","36215","0","","2","01","N","N","0","","0","0","1","0","0","N","0054","0","1","0","0","0","0","0","1","0","1","N","","","","","","","","","","","0128","03","03","","N","N"
"1513","1","0","0","0","0","0","0","0","0","4","0","","36","04","2021","2021036330","1","40.0409","-76.3083","1513","08","0","0","0","0","0","1","0","0","","0","0","0","15","1","1","01","1","40 02:27.264","2","00","76 18:29.981","3","0","0","0","36301","0","0","0","N","0","0","0","4","36301","0","","1","01","N","N","0","","1","0","1","3","2","N","1513","1","2","0","0","0","0","0","3","0","2","N","","","","","","","","","","","1600","03","","","N","N"
"1648","0","0","0","0","0","0","0","0","0","1","0","","36","03","2021","2021028405","3","40.0532","-76.3857","1640","08","0","0","0","0","0","2","0","0","","0","0","0","16","1","1","00","2","40 03:11.356","4","00","76 23:08.520","3","0","0","0","36214","0","0","0","N","0","0","0","2","36214","0","","1","01","N","N","0","","1","0","2","0","0","Y","1639","1","2","0","0","0","0","0","3","0","2","N","","","","","","","","","","","1718","04","","","Y","N"
"1641","0","0","0","0","0","0","0","0","0","4","0","","36","04","2021","2021038297","2","39.9957","-76.3629","1635","08","0","0","0","0","0","0","1","0","","0","0","0","16","1","1","02","0","39 59:44.393","","00","76 21:46.512","4","0","0","0","36412","0","0","0","N","0","0","0","4","36412","1","","1","09","N","N","1","","0","0","1","3","3","","1635","1","2","0","0","0","0","0","3","0","2","N","","","","","","","","","","","","04","","","N","N"
"1005","2","0","0","0","0","0","0","0","0","5","0","","36","09","2021","2021082765","5","40.1233","-76.3753","0955","08","0","0","0","0","0","0","0","1","","0","0","0","09","1","0","01","0","40 07:23.702","","00","76 22:31.147","0","0","0","0","36214","0","0","0","N","0","0","0","2","36214","0","","1","01","N","N","0","","0","0","0","0","0","","0950","0","2","0","0","0","0","0","3","0","2","N","","","","","","","","","","","","03","03","","N",""
"1133","1","0","0","0","0","0","0","0","0","7","0","","36","07","2021","2021073421","6","40.1713","-76.1481","1126","08","0","0","0","0","0","0","0","0","","0","0","0","11","1","0","00","1","40 10:16.676","1","00","76 08:53.172","0","0","0","0","36218","0","0","0","N","0","0","0","1","36408","0","","5","01","N","N","0","","0","0","0","0","0","N","1126","0","1","0","0","0","0","0","1","0","1","N","","","","","","","","","","","1200","03","","","N","N"
"1728","2","0","0","0","0","0","0","0","0","1","0","","36","04","2021","2021040577","3","40.037","-76.2097","1713","08","0","0","0","0","1","1","0","0","","0","0","0","17","1","2","02","2","40 02:13.236","7","00","76 12:34.970","3","0","0","0","36215","0","0","0","N","0","0","0","3","36215","0","","1","01","N","N","0","","2","0","1","0","0","Y","1707","2","3","0","0","0","0","0","1","0","3","N","","","","","","","","","","","1829","03","","","N",""
"2255","1","0","0","0","0","0","0","0","0","7","0","","36","04","2021","2021038631","2","40.1108","-76.4419","2251","08","0","0","0","0","0","0","0","0","","0","0","0","22","2","0","00","0","40 06:38.943","","00","76 26:30.834","0","0","0","0","36230","0","0","0","N","0","0","0","2","36410","0","","3","01","N","N","0","","0","0","0","3","4","","2249","0","1","0","0","0","0","0","1","0","1","N","","","","","","","","","","","","03","","","N","N"
"1028","1","0","0","0","0","0","0","0","0","1","0","","36","08","2021","2021082769","6","40.0868","-76.1945","1027","08","0","0","0","0","0","0","0","0","","0","0","0","10","1","0","00","0","40 05:12.620","","00","76 11:40.179","0","0","0","0","36234","0","0","0","N","0","0","0","3","36215","0","","1","01","N","N","0","","0","0","2","0","0","","1027","0","3","0","0","0","0","0","1","0","3","N","","","","","","","","","","","","03","","","N","N"
"1048","1","0","0","0","0","0","0","0","0","4","0","","36","07","2021","2021071880","4","40.0387","-76.2931","1035","08","0","0","0","0","0","1","0","0","","0","0","0","10","1","0","01","0","40 02:19.150","","00","76 17:35.001","0","0","0","0","36301","0","0","0","N","0","0","0","2","36301","0","","1","01","N","N","1","","0","0","0","3","3","","1031","0","2","0","0","0","0","0","3","0","2","N","","","","","","","","","","","","03","","","N","N"
"1507","0","0","0","0","0","0","0","0","0","4","0","","36","07","2021","2021064679","2","40.2609","-76.1141","1503","08","0","0","0","0","0","1","0","0","","0","0","0","15","1","0","01","1","40 15:39.299","2","00","76 06:50.884","0","0","0","0","36236","0","0","0","N","0","0","0","4","36408","0","","1","01","N","N","0","","0","0","1","3","3","N","1500","0","2","0","0","0","0","0","1","1","2","N","","","","","","","","","","","1549","03","03","","N",""
"2139","2","0","0","0","0","0","0","0","0","1","0","","36","08","2021","2021073396","3","40.0382","-76.2755","2132","08","0","0","0","0","0","0","0","0","","0","0","0","21","3","0","00","1","40 02:17.444","4","00","76 16:31.878","0","0","0","0","36220","0","0","0","N","0","0","0","1","36101","0","","1","01","N","N","0","","0","0","0","0","0","N","2131","0","2","0","0","0","0","0","3","0","2","N","","","","","","","","","","","2220","03","","","N","N"
"1436","0","0","0","0","0","0","0","0","0","5","1","","36","07","2021","2021068172","4","40.1086","-76.5604","1430","08","0","0","0","0","0","2","0","0","","0","1","0","14","1","0","00","2","40 06:31.100","5","00","76 33:37.600","0","0","0","0","36211","0","0","0","N","0","0","0","3","36504","0","","1","01","N","N","0","","0","0","0","0","0","Y","1425","0","2","0","0","0","0","0","1","1","2","N","","","","","","","","","","","1527","03","","","N","N"
"1810","1","0","0","0","0","0","0","0","0","4","0","","36","08","2021","2021074076","5","40.1283","-76.4522","1759","08","0","0","0","0","0","0","0","0","","0","0","0","17","1","1","01","1","40 07:41.886","2","00","76 27:07.849","4","0","0","0","36230","0","0","0","N","0","0","0","3","36410","1","","1","01","N","N","1","","0","0","1","3","2","N","1759","1","3","0","0","0","0","0","1","0","3","N","","","","","","","","","","","1840","03","03","","N",""
"1200","2","0","0","0","0","0","0","0","0","4","0","","36","07","2021","2021070765","3","40.2018","-76.2083","1153","08","0","0","0","1","0","0","1","0","","0","0","0","11","1","0","01","1","40 12:06.540","3","00","76 12:29.942","0","0","0","0","36218","0","0","0","N","0","0","0","2","36408","0","","1","01","N","N","0","","0","0","0","3","2","N","1150","0","2","0","0","0","0","0","1","0","2","N","","","","","","","","","","","1232","03","03","","N",""
"1519","1","0","0","0","0","0","0","0","0","4","0","","36","04","2021","2021038411","4","40.03","-76.3166","1514","08","0","0","0","0","0","0","1","0","","0","0","0","15","1","0","01","1","40 01:47.891","7","00","76 18:59.763","0","0","0","0","36301","0","0","0","N","0","0","0","2","36301","0","","1","01","N","N","0","","0","0","1","3","3","N","1514","0","2","0","0","0","0","0","3","0","2","N","","","","","","","","","","","1605","03","","","N","N"
"0944","2","0","0","0","0","0","0","0","0","1","0","","36","08","2021","2021074882","4","40.0987","-76.3052","0933","08","0","0","0","0","0","0","0","0","","0","0","0","09","1","0","00","1","40 05:55.237","1","00","76 18:18.840","0","0","0","0","36101","0","0","0","N","0","0","0","2","36101","0","","1","01","N","N","0","","0","0","0","0","0","N","0930","0","2","0","0","0","0","0","3","0","2","N","","","","","","","","","","","1026","03","03","","N","N"
"1549","1","0","0","0","0","0","0","0","0","7","0","","36","08","2021","2021073780","7","40.0687","-76.2707","1543","08","0","0","0","0","0","0","0","0","","0","0","0","15","1","0","00","0","40 04:07.201","","00","76 16:14.637","0","0","0","0","36101","0","0","0","N","0","0","0","1","36101","0","","4","01","N","N","0","","0","0","0","0","0","","1541","0","1","0","0","0","0","0","3","0","1","N","","","","","","","","","","","","04","","","N","N"
"1439","0","0","0","0","0","0","0","0","0","0","1","","36","07","2021","2021074154","6","39.9648","-76.1492","1430","08","0","0","0","0","0","0","0","0","","0","1","0","14","1","1","00","1","39 57:53.300","4","07","76 08:57.100","3","0","0","1","36233","0","0","0","N","0","0","0","2","68J01","0","","1","01","N","N","0","","1","0","0","0","0","N","1429","1","2","0","0","0","0","0","1","0","2","N","","","","","","","","","","","0005","03","","","N","N"
"1329","0","0","0","0","0","0","0","0","0","4","1","","36","07","2021","2021075054","5","40.2162","-76.1551","1328","08","0","0","0","0","0","1","0","0","","0","1","0","13","1","0","01","0","40 12:58.376","","00","76 09:18.249","0","0","0","0","36210","0","0","0","N","0","0","0","3","36408","0","","1","01","N","N","0","","0","0","1","3","3","","1328","0","2","0","0","0","0","0","1","0","2","N","","","","","","","","","","","","03","","","N","N"
"0013","1","0","0","0","0","0","0","0","0","7","0","","36","08","2021","2021073902","7","40.04","-76.3678","0002","08","0","0","0","0","0","0","0","0","","0","0","0","23","3","0","00","1","40 02:23.856","4","00","76 22:03.999","0","0","0","0","36214","0","0","0","N","0","0","0","1","36214","0","","5","01","N","N","0","","0","0","0","0","0","N","2358","0","1","0","0","0","0","0","3","0","1","N","","","","","","","","","","","0051","03","03","","N","N"
"1603","2","0","0","0","0","0","0","0","0","4","0","","36","08","2021","2021074881","1","40.1064","-76.3055","1600","08","0","0","1","0","0","0","0","1","","0","0","0","15","1","1","01","1","40 06:22.882","2","00","76 18:19.646","3","0","0","0","36101","0","0","0","N","0","0","0","2","36101","0","","1","01","N","N","0","","1","0","0","3","2","N","1558","1","2","0","0","0","0","0","3","0","2","N","","","","","","","","","","","1630","03","03","","N",""
"0353","0","0","0","0","0","0","0","0","0","7","0","","36","04","2021","2021030259","6","40.0713","-76.3246","0353","08","0","0","0","0","0","0","0","0","","0","0","0","03","3","0","00","0","40 04:16.772","","03","76 19:27.720","0","0","0","0","36101","0","0","0","N","0","0","0","1","36101","0","","2","02","N","N","0","","0","0","0","0","0","","0353","0","1","0","0","0","0","0","3","1","1","N","","","","","","","","","","","","06","","","N","N"
"2305","1","0","0","0","0","0","0","0","0","2","0","","36","08","2021","2021075550","2","40.0382","-76.4553","2254","08","0","0","1","0","0","0","0","0","","0","0","0","22","3","1","07","2","40 02:17.614","1","00","76 27:18.906","4","0","0","0","36239","0","0","0","N","0","0","0","3","36239","1","","1","01","N","N","0","","0","0","1","3","2","N","2254","1","2","0","0","0","0","0","3","0","2","N","","","","","","","","","","","2335","03","","","N",""
"1619","1","0","0","0","0","0","0","0","0","4","0","","36","07","2021","2021074072","4","40.1497","-76.4915","1611","08","0","0","0","0","0","0","1","0","","0","0","0","16","1","0","02","1","40 08:59.072","6","00","76 29:29.496","0","0","0","0","36230","0","0","0","N","0","0","0","8","36410","0","","1","01","N","N","1","","0","0","0","3","3","N","1609","0","2","0","0","0","0","0","1","0","2","N","","","","","","","","","","","1650","03","03","","N",""
"1527","2","0","0","0","0","0","0","0","0","1","0","","36","07","2021","2021067891","4","40.1689","-76.1981","1518","08","0","0","0","0","0","1","1","0","","0","0","0","15","1","0","00","0","40 10:08.094","","00","76 11:53.269","0","0","0","0","36408","0","0","0","N","0","0","0","5","36408","0","","1","01","N","N","1","","0","0","0","3","2","","1518","0","3","0","0","0","0","0","2","0","3","N","","","","","","","","","","","","03","03","","Y","N"
"1238","2","0","0","0","0","0","0","0","0","4","0","","36","08","2021","2021074287","1","40.0146","-76.3261","1232","08","0","0","0","0","0","0","0","2","","0","0","0","12","1","1","02","1","40 00:52.712","6","00","76 19:33.907","3","0","0","0","36220","0","0","0","N","0","0","0","3","36101","0","","1","01","N","N","0","","1","0","0","3","3","N","1229","1","2","0","0","0","0","0","3","0","2","N","","","","","","","","","","","1246","03","03","","N",""
"1621","0","0","0","0","0","0","0","0","0","0","0","","36","04","2021","2021039751","6","40.1863","-76.5859","1614","08","0","0","0","0","0","1","0","0","","0","0","0","16","1","1","00","2","40 11:10.701","5","00","76 35:09.176","3","0","0","0","36225","0","0","0","N","0","0","0","1","36505","0","","1","01","N","N","1","","1","0","0","0","0","Y","1611","1","1","0","0","0","0","0","2","0","1","N","","","","","","","","","","","1700","03","03","","N","N"
"0754","2","0","0","0","0","0","0","0","0","1","0","","36","05","2021","2021041607","2","40.0364","-76.3631","0751","08","0","0","0","0","0","0","0","0","","0","0","0","07","1","2","02","1","40 02:10.180","5","00","76 21:46.960","3","0","0","0","36223","0","0","0","N","0","0","0","2","36223","1","","1","01","N","N","0","","1","0","0","0","0","N","0749","2","2","0","0","0","0","0","1","0","2","N","","","","","","","","","","","0830","04","","","N",""
"2143","0","0","0","0","0","0","0","0","0","7","0","","36","07","2021","2021074227","7","40.209","-76.3222","2122","08","0","0","0","0","0","0","0","0","","0","0","0","21","2","0","00","0","40 12:32.224","","00","76 19:19.994","0","0","0","0","36217","0","0","0","N","0","0","0","1","68J01","0","","4","09","N","N","1","","0","0","0","0","0","","2120","0","1","0","0","0","0","0","1","0","1","N","","","","","","","","","","","","07","","","N","N"
"1548","1","0","0","0","0","0","0","0","0","1","0","","36","08","2021","2021075048","1","40.068","-76.3","1546","08","0","0","0","0","0","1","0","0","","0","0","0","15","1","0","00","0","40 04:04.691","","00","76 17:59.858","0","0","0","0","36101","0","0","0","N","0","0","0","7","36101","0","","1","01","N","N","1","","0","0","1","0","0","","1542","0","3","0","0","0","0","0","3","0","3","N","","","","","","","","","","","","03","03","","N","N"
"2019","1","0","0","0","0","0","0","0","0","4","0","","36","08","2021","2021075016","4","40.189","-76.181","2016","08","0","0","0","0","0","0","0","0","","0","0","0","20","3","1","00","2","40 11:20.306","5","00","76 10:51.702","8","0","0","0","36218","0","0","0","N","0","0","0","3","36408","0","","1","09","N","N","0","","0","0","1","0","0","Y","2012","1","2","0","0","0","1","0","1","0","2","N","","","","","","","","","","","2043","07","","","N","N"
"1611","1","0","0","0","0","0","0","0","0","1","0","","36","07","2021","2021072349","2","40.0506","-76.3192","1606","08","0","0","0","0","0","1","0","0","","0","0","0","16","1","0","00","1","40 03:02.161","3","00","76 19:09.022","0","0","0","0","36301","0","0","0","N","0","0","0","3","36301","0","","1","01","N","N","1","","0","0","0","0","0","N","1603","0","2","0","0","0","0","0","3","0","2","N","","","","","","","","","","","1630","03","03","","N","N"
"0836","1","0","0","0","0","0","0","0","0","4","0","","36","07","2021","2021062783","5","40.04","-76.3016","0834","08","0","0","0","0","0","1","1","0","","0","0","0","08","1","0","01","0","40 02:24.019","","00","76 18:05.911","0","0","0","0","36301","0","0","0","N","0","0","0","3","36301","0","","1","01","N","N","1","","0","0","1","3","2","","0834","0","3","0","0","0","0","0","3","0","3","N","","","","","","","","","","","","03","03","","N",""
"1740","1","0","0","0","0","0","0","0","0","1","0","","36","08","2021","2021075386","5","40.0728","-76.3083","1739","08","0","0","0","0","0","0","0","0","","0","0","0","17","1","0","00","1","40 04:22.099","1","00","76 18:29.809","0","0","0","0","36101","0","0","0","N","0","0","0","3","36101","0","","1","01","N","N","0","","0","0","1","0","0","N","1738","0","2","0","0","0","0","0","3","0","2","N","","","","","","","","","","","1827","03","03","","N","N"
"1934","1","0","0","0","0","0","0","0","0","4","0","","36","08","2021","2021074664","3","40.1571","-76.3073","1934","08","0","0","0","0","0","1","0","0","","0","0","0","19","1","0","02","0","40 09:25.725","","00","76 18:26.279","0","0","0","0","36409","0","0","0","N","0","0","0","3","36409","0","","1","09","N","N","0","","0","0","1","2","2","","1934","0","2","0","0","0","0","0","3","0","2","N","","","","","","","","","","","","07","","","N",""
"1048","1","0","0","0","0","0","0","0","0","4","1","","36","06","2021","2021074214","2","40.1443","-75.9259","1040","08","0","0","0","0","0","2","0","0","","2","1","0","10","1","0","00","2","40 08:39.538","6","07","75 55:33.328","1","0","0","0","36203","0","0","0","N","0","0","0","3","68J01","0","2","1","01","N","N","0","0","0","0","0","0","0","Y","1029","0","2","0","0","0","0","0","1","0","2","N","","","","","","","","","","","0500","03","03","","N","N"
"2148","1","0","0","0","0","0","0","0","0","1","1","","36","08","2021","2021073819","2","40.2267","-76.3904","2130","08","0","0","0","0","0","1","0","0","","0","1","0","21","2","0","00","0","40 13:40.456","","00","76 22:11.365","0","0","0","0","36217","0","0","0","N","0","0","0","2","68T06","0","","1","01","N","N","0","","0","0","0","0","0","","2129","0","2","0","0","0","0","0","1","0","2","N","","","","","","","","","","","","03","03","","N","N"
"1104","0","0","0","0","0","0","0","0","0","1","1","","36","08","2021","2021073544","6","40.0679","-76.2951","1101","08","0","0","0","0","0","0","1","0","","0","1","0","10","1","1","00","1","40 04:04.613","3","00","76 17:42.502","4","0","0","0","36101","0","0","0","N","0","0","0","3","36101","1","","1","01","N","N","0","","0","0","2","0","0","N","1059","1","3","0","0","0","0","0","3","0","3","N","","","","","","","","","","","1145","03","03","","N","N"
"2115","2","0","0","0","0","0","0","0","0","4","0","","36","07","2021","2021074363","5","40.0872","-76.5557","2109","08","0","1","0","0","0","0","0","0","","0","0","0","21","2","0","02","2","40 05:13.914","5","00","76 33:20.494","0","0","0","0","36211","0","0","0","N","0","0","0","2","36504","0","","4","01","N","N","0","","0","0","0","3","3","Y","2100","0","2","0","0","0","0","0","1","0","2","N","","","","","","","","","","","2156","03","","","N","N"