"ARRIVAL_TM","AUTOMOBILE_COUNT","BELTED_DEATH_COUNT","BELTED_SUSP_SERIOUS_INJ_COUNT","BICYCLE_COUNT","BICYCLE_DEATH_COUNT","BICYCLE_SUSP_SERIOUS_INJ_COUNT","BUS_COUNT","CHLDPAS_DEATH_COUNT","CHLDPAS_SUSP_SERIOUS_INJ_COUNT","COLLISION_TYPE","COMM_VEH_COUNT","CONS_ZONE_SPD_LIM","COUNTY","CRASH_MONTH","CRASH_YEAR","CRN","DAY_OF_WEEK","DEC_LAT","DEC_LONG","DISPATCH_TM","DISTRICT","DRIVER_COUNT_16YR","DRIVER_COUNT_17YR","DRIVER_COUNT_18YR","DRIVER_COUNT_19YR","DRIVER_COUNT_20YR","DRIVER_COUNT_50_64YR","DRIVER_COUNT_65_74YR","DRIVER_COUNT_75PLUS","EST_HRS_CLOSED","FATAL_COUNT","HEAVY_TRUCK_COUNT","HORSE_BUGGY_COUNT","HOUR_OF_DAY","ILLUMINATION","INJURY_COUNT","INTERSECT_TYPE","LANE_CLOSED","LATITUDE","LN_CLOSE_DIR","LOCATION_TYPE","LONGITUDE","MAX_SEVERITY_LEVEL","MCYCLE_DEATH_COUNT","MCYCLE_SUSP_SERIOUS_INJ_COUNT","MOTORCYCLE_COUNT","MUNICIPALITY","NONMOTR_COUNT","NONMOTR_DEATH_COUNT","NONMOTR_SUSP_SERIOUS_INJ_COUNT","NTFY_HIWY_MAINT","PED_COUNT","PED_DEATH_COUNT","PED_SUSP_SERIOUS_INJ_COUNT","PERSON_COUNT","POLICE_AGCY","POSSIBLE_INJ_COUNT","RDWY_SURF_TYPE_CD","RELATION_TO_ROAD","ROAD_CONDITION","SCH_BUS_IND","SCH_ZONE_IND","SMALL_TRUCK_COUNT","SPEC_JURIS_CD","SUSP_MINOR_INJ_COUNT","SUSP_SERIOUS_INJ_COUNT","SUV_COUNT","TCD_FUNC_CD","TCD_TYPE","TFC_DETOUR_IND","TIME_OF_DAY","TOT_INJ_COUNT","TOTAL_UNITS","UNB_DEATH_COUNT","UNB_SUSP_SERIOUS_INJ_COUNT","UNBELTED_OCC_COUNT","UNK_INJ_DEG_COUNT","UNK_INJ_PER_COUNT","URBAN_RURAL","VAN_COUNT","VEHICLE_COUNT","WORK_ZONE_IND","WORK_ZONE_LOC","WORK_ZONE_TYPE","WORKERS_PRES","WZ_CLOSE_DETOUR","WZ_FLAGGER","WZ_LAW_OFFCR_IND","WZ_LN_CLOSURE","WZ_MOVING","WZ_OTHER","WZ_SHLDER_MDN","ROADWAY_CLEARED","WEATHER1","WEATHER2","WZ_WORKERS_INJ_KILLED","SECONDARY_CRASH","INTERSECTION_RELATED"
"2203","1","0","0","0","0","0","0","0","0","7","0","","36","07","2021","2021073323","2","40.0075","-76.1245","2203","08","0","1","0","0","0","0","0","0","","1","0","0","22","2","1","00","2","40 00:27.160","5","00","76 07:28.320","1","0","0","0","36226","0","0","0","N","0","0","0","2","68J01","0","2","4","01","N","N","0","0","0","0","0","0","0","Y","2201","1","1","1","0","2","1","0","1","0","1","N","","","","","","","","","","","0147","03","","","N","N"
"0306","2","0","0","0","0","0","0","0","0","1","0","","36","08","2021","2021074075","4","40.1615","-76.3989","0304","08","0","0","0","0","0","1","0","0","","0","0","0","03","3","0","00","0","40 09:41.249","","00","76 23:56.046","0","0","0","0","36410","0","0","0","N","0","0","0","1","36410","0","","5","01","N","N","0","","0","0","0","0","0","","0302","0","2","0","0","0","0","0","2","0","2","N","","","","","","","","","","","","03","03","","N","N"
"1828","1","0","0","0","0","0","0","0","0","4","0","","36","08","2021","2021074549","3","40.0288","-76.0822","1816","08","0","0","0","0","0","0","2","0","","0","0","0","18","1","2","01","2","40 01:43.556","7","00","76 04:56.055","8","0","0","0","36221","0","0","0","N","0","0","0","4","68J01","0","","1","01","N","N","1","","0","0","1","3","3","Y","1814","2","3","0","0","0","2","0","1","0","3","N","","","","","","","","","","","1932","03","","","N","N"
"0920","1","0","0","0","0","0","0","0","0","4","0","","36","07","2021","2021062021","5","40.1919","-76.1765","0919","08","0","0","0","0","0","0","0","0","","0","0","0","09","1","0","02","0","40 11:30.663","","07","76 10:35.439","0","0","0","0","36218","0","0","0","N","0","0","0","2","36408","0","","1","01","N","N","0","","0","0","1","3","2","","0917","0","3","0","0","0","0","0","1","1","3","N","","","","","","","","","","","","03","","","Y","N"
"0938","0","0","0","0","0","0","0","0","0","7","0","","36","08","2021","2021074600","1","40.0088","-76.2985","0933","08","0","0","0","0","0","0","0","0","","0","0","0","09","1","0","02","2","40 00:31.517","5","00","76 17:54.668","0","0","0","0","36240","0","0","0","N","0","0","0","1","36240","0","","5","01","N","N","1","","0","0","0","3","3","Y","0932","0","1","0","0","0","0","0","1","0","1","N","","","","","","","","","","","1030","03","","","N",""
"1949","0","0","0","0","0","0","0","0","0","7","1","","36","08","2021","2021074544","2","39.9148","-76.1007","1930","08","0","0","0","0","0","0","0","0","","0","1","0","19","1","0","01","0","39 54:53.109","","00","76 06:02.475","0","0","0","0","36201","0","0","0","N","0","0","0","2","68J01","0","","4","01","N","N","0","","0","0","0","0","0","","1926","0","2","0","0","0","0","0","1","0","1","N","","","","","","","","","","","","03","03","","N","N"
"1200","0","0","0","0","0","0","0","0","0","0","0","","36","07","2021","2021074153","6","39.9645","-76.1493","1154","08","0","0","0","0","0","0","0","0","","0","0","0","11","1","1","00","1","39 57:52.200","5","00","76 08:57.610","3","0","0","1","36233","0","0","0","N","0","0","0","1","68J01","0","","4","01","N","N","0","","1","0","0","0","0","N","1151","1","1","0","0","0","0","0","1","0","1","N","","","","","","","","","","","1215","03","","","N","N"
"1827","0","0","0","0","0","0","0","0","0","4","0","","36","08","2021","2021075539","5","40.0812","-76.2386","1821","08","0","0","0","0","0","0","1","0","","0","0","0","18","1","3","00","2","40 04:52.443","6","00","76 14:18.883","3","0","0","0","36234","0","0","0","N","0","0","0","6","36215","0","","1","01","N","N","0","","3","0","2","0","0","Y","1818","3","2","0","0","0","0","0","1","0","2","N","","","","","","","","","","","1900","03","03","","N","N"
"1534","1","0","1","0","0","0","0","0","0","4","1","","36","07","2021","2021073422","5","40.1551","-76.1244","1528","08","0","0","0","0","0","1","0","0","","0","1","0","15","1","1","01","2","40 09:18.278","5","00","76 07:27.939","2","0","0","0","36218","0","0","0","N","0","0","0","2","36408","0","","1","01","N","N","0","","0","1","0","0","0","N","1528","1","2","0","0","0","0","0","1","0","2","N","","","","","","","","","","","1620","03","","","N","N"
"2118","1","0","0","0","0","0","0","0","0","4","0","","36","07","2021","2021074070","5","40.1613","-76.3939","2116","08","0","0","0","0","0","0","0","0","","0","0","0","21","3","2","01","2","40 09:40.744","7","00","76 23:38.018","2","0","1","1","36410","0","0","0","N","0","0","0","3","36410","0","","1","01","N","N","0","","1","1","0","3","3","Y","2115","2","2","0","0","0","0","0","2","0","2","N","","","","","","","","","","","2155","03","","","N",""
"2204","1","0","0","0","0","0","0","0","0","7","0","","36","07","2021","2021070655","3","40.0427","-76.2978","2133","08","0","0","0","0","0","0","0","0","","0","0","0","21","3","0","01","2","40 02:33.673","6","00","76 17:52.144","0","0","0","0","36301","0","0","0","N","0","0","0","1","36301","0","","5","01","N","N","0","","0","0","0","0","0","Y","2133","0","1","0","0","0","0","0","3","0","1","N","","","","","","","","","","","2220","03","","","N",""
"2137","1","0","0","0","0","0","0","0","0","1","0","","36","07","2021","2021069077","1","40.1721","-76.171","2135","08","0","0","0","1","0","0","0","0","","0","0","0","21","3","3","02","2","40 10:19.443","4","00","76 10:15.529","3","0","0","0","36408","0","0","0","N","0","0","0","9","36408","0","","1","01","N","N","0","","3","0","1","0","0","N","2132","3","2","0","0","0","0","0","2","0","2","N","","","","","","","","","","","2215","03","03","","N","N"
"1237","0","0","0","0","0","0","0","0","0","1","0","","36","08","2021","2021074546","3","39.7905","-76.1841","1210","08","0","0","0","0","0","0","1","0","","0","0","0","12","1","0","00","1","39 47:25.876","1","00","76 11:02.828","9","0","0","0","36219","0","0","0","N","0","0","0","5","68J01","0","","1","01","N","N","0","","0","0","2","0","0","N","1203","0","2","0","0","0","0","1","1","0","2","N","","","","","","","","","","","1255","03","03","","N","N"
"1316","1","0","0","0","0","0","0","0","0","4","0","","36","08","2021","2021073962","5","40.0355","-76.3158","1311","08","0","0","1","0","0","0","0","0","","0","0","0","12","1","0","00","2","40 02:07.875","2","00","76 18:56.841","0","0","0","0","36301","0","0","0","N","0","0","0","1","36301","0","","2","01","N","N","1","","0","0","0","0","0","Y","1235","0","2","0","0","0","0","0","3","0","2","N","","","","","","","","","","","1356","03","03","","N","N"
"2035","1","1","0","0","0","0","0","0","0","7","0","","36","07","2021","2021073329","3","39.9641","-76.0962","2016","08","0","0","0","0","0","0","0","0","","1","0","0","20","4","3","00","2","39 57:50.630","5","00","76 05:46.310","1","0","0","0","36226","0","0","0","N","0","0","0","4","68J01","0","2","4","01","N","N","0","0","2","1","0","0","0","Y","2016","3","1","0","1","3","0","0","1","0","1","N","","","","","","","","","","","0100","03","03","","N","N"
"0638","1","0","0","0","0","0","0","0","0","8","0","","36","07","2021","2021067963","5","40.0619","-76.5551","0634","08","0","0","0","0","0","0","0","0","","0","0","0","06","1","2","00","2","40 03:42.989","5","00","76 33:18.440","2","0","0","0","36211","1","0","1","N","1","0","1","2","36504","0","","1","01","N","N","0","","1","1","0","0","0","Y","0632","2","2","0","0","0","0","0","1","0","1","N","","","","","","","","","","","0906","03","","","N","N"
"2034","1","0","1","0","0","0","0","0","0","4","0","","36","04","2021","2021030048","5","40.1018","-76.6727","2028","08","0","1","0","0","0","0","0","0","","0","0","0","20","3","3","01","2","40 06:06.624","7","00","76 40:21.755","2","0","0","0","36207","0","0","0","N","0","0","0","3","36504","0","","1","01","N","N","1","","0","3","0","3","3","Y","2026","3","2","0","1","1","0","0","1","0","2","N","","","","","","","","","","","2121","03","03","","N","N"
"1108","1","0","0","0","0","0","0","0","0","5","1","","36","07","2021","2021071478","6","40.185","-75.9976","1058","08","0","0","0","0","0","1","0","0","","0","1","0","10","1","1","00","1","40 11:06.682","4","00","75 59:52.279","3","0","0","0","36202","0","0","0","N","0","0","0","2","68T06","0","","4","01","N","N","0","","1","0","0","0","0","N","1058","1","2","0","0","0","0","0","1","0","2","N","","","","","","","","","","","0045","03","","","N","N"
"0132","1","0","0","0","0","0","0","0","0","2","0","","36","07","2021","2021067803","5","40.1019","-76.5347","0126","08","0","0","0","0","0","0","0","0","","0","0","0","01","2","1","00","2","40 06:06.698","5","00","76 32:05.044","8","0","0","0","36211","0","0","0","N","0","0","0","1","36504","0","","2","01","N","N","0","","0","0","0","0","0","Y","0100","1","1","0","0","0","1","0","1","0","1","N","","","","","","","","","","","0229","03","","","N","N"
"1703","0","0","0","0","0","0","0","0","0","1","0","","36","07","2021","2021071806","2","40.0699","-76.3145","1657","08","0","0","0","0","0","0","0","0","","0","0","0","16","1","1","00","0","40 04:11.655","","00","76 18:52.094","3","0","0","1","36101","0","0","0","N","0","0","0","2","36101","0","","1","01","N","N","0","","1","0","0","0","0","","1655","1","2","0","0","0","0","0","3","1","2","N","","","","","","","","","","","","03","","","N","N"
"2156","0","0","0","0","0","0","0","0","0","1","0","","36","04","2021","2021030799","5","40.1621","-76.2989","2152","08","0","0","0","0","0","0","0","0","","0","0","0","21","3","1","00","1","40 09:43.616","1","00","76 17:55.891","8","0","0","0","36409","0","0","0","N","0","0","0","1","36409","0","","1","01","N","N","1","","0","0","1","0","0","N","2150","1","3","0","0","0","1","0","3","1","3","N","","","","","","","","","","","2200","03","","","N","N"
"0228","1","0","0","0","0","0","0","0","0","5","0","","36","03","2021","2021030691","2","40.1559","-76.3866","0221","08","0","0","0","0","1","0","0","0","","0","0","0","02","3","1","00","1","40 09:21.370","2","00","76 23:11.884","3","0","0","0","36227","0","0","0","N","0","0","0","1","36506","0","","4","01","N","N","0","","1","0","1","0","0","Y","0220","1","2","0","0","0","0","0","1","0","2","N","","","","","","","","","","","0320","03","","","Y","N"
"0434","1","0","0","0","0","0","0","0","0","2","0","","36","07","2021","2021071569","7","40.0529","-76.36","0431","08","0","0","0","0","0","1","0","0","","0","0","0","04","3","1","01","2","40 03:10.313","5","00","76 21:36.142","4","0","0","0","36214","0","0","0","N","0","0","0","2","36214","1","","1","01","N","N","0","","0","0","1","3","2","Y","0428","1","2","0","0","0","0","0","3","0","2","N","","","","","","","","","","","0545","03","","","N",""
"1206","0","0","0","0","0","0","0","0","0","7","0","","36","07","2021","2021072719","6","40.0445","-76.4291","1200","08","0","0","0","0","0","0","1","0","","0","0","0","12","1","1","02","1","40 02:40.159","1","00","76 25:44.696","4","0","0","0","36239","0","0","0","N","0","0","0","1","36239","1","","5","01","N","N","0","","0","0","1","9","9","N","1200","1","1","0","0","0","0","0","3","0","1","N","","","","","","","","","","","1320","03","03","","N",""
"0626","1","0","0","0","0","0","0","0","0","4","0","","36","03","2021","2021029090","4","40.0817","-76.1157","0620","08","0","0","0","0","0","1","0","0","","0","0","0","06","5","0","01","0","40 04:54.116","","00","76 06:56.550","0","0","0","0","36209","0","0","0","N","0","0","0","2","36415","0","","1","01","N","N","0","","0","0","0","3","3","","0618","0","2","0","0","0","0","0","1","1","2","N","","","","","","","","","","","","03","","","N",""
"1552","2","0","0","0","0","0","0","0","0","4","0","","36","04","2021","2021037781","2","40.1314","-76.2173","1549","08","0","0","0","0","0","1","0","0","","0","0","0","15","1","0","00","0","40 07:53.031","","07","76 13:02.448","0","0","0","0","36238","0","0","0","N","0","0","0","4","36238","0","","1","01","N","N","0","","0","0","0","3","3","","1549","0","3","0","0","0","0","0","3","1","3","N","","","","","","","","","","","","03","03","","N","N"
"1550","0","0","0","0","0","0","0","0","0","0","0","","36","07","2021","2021071167","3","40.0537","-76.3253","1545","08","0","0","0","0","0","0","0","0","","0","0","0","15","1","1","02","1","40 03:13.400","3","00","76 19:31.003","3","0","0","1","36101","0","0","0","N","0","0","0","1","36101","0","","1","01","N","N","0","","1","0","0","0","0","N","1544","1","2","0","0","0","0","0","3","0","1","N","","","","","","","","","","","1649","03","","","N",""
"1613","0","0","0","0","0","0","0","0","0","4","0","","36","05","2021","2021049060","7","40.0535","-76.3237","1550","08","0","0","0","0","0","0","0","0","","0","0","0","15","1","0","00","0","40 03:12.632","","07","76 19:25.192","0","0","0","0","36301","0","0","0","N","0","0","0","2","36301","0","","1","01","N","N","0","","0","0","2","0","0","","1550","0","2","0","0","0","0","0","3","0","2","N","","","","","","","","","","","","03","","","N","N"
"1117","1","0","0","0","0","0","0","0","0","4","0","","36","07","2021","2021072061","4","40.0606","-76.2768","1113","08","0","0","0","0","0","1","0","0","","0","0","0","11","1","0","01","0","40 03:38.263","","08","76 16:36.564","0","0","0","0","36101","0","0","0","N","0","0","0","2","36101","0","","1","01","N","N","0","","0","0","1","3","2","","1111","0","2","0","0","0","0","0","3","0","2","N","","","","","","","","","","","","04","","","N",""
"2225","1","0","0","0","0","0","0","0","0","4","0","","36","07","2021","2021073202","3","40.03","-76.2315","2225","08","0","0","0","0","0","0","0","0","","0","0","0","22","3","1","00","1","40 01:48.093","3","00","76 13:53.338","3","0","0","0","36215","0","0","0","N","0","0","0","2","36215","0","","1","01","N","N","0","","1","0","1","0","0","N","2225","1","2","0","0","0","0","0","1","0","2","N","","","","","","","","","","","2350","03","03","","N","N"
"1225","0","0","0","0","0","0","0","0","0","0","1","","36","07","2021","2021067582","4","40.0633","-76.5198","1211","08","0","0","0","0","0","1","0","0","","0","1","0","12","1","0","01","1","40 03:47.762","5","00","76 31:11.325","0","0","0","0","36211","0","0","0","N","0","0","0","1","36504","0","","5","01","N","N","0","","0","0","0","0","0","Y","1208","0","1","0","0","0","0","0","1","0","1","N","","","","","","","","","","","1442","03","","","N","N"
"2023","0","0","0","0","0","0","0","0","0","7","0","","36","08","2021","2021073378","2","40.156","-76.2215","2018","08","0","0","0","1","0","0","0","0","","0","0","0","20","4","1","00","2","40 09:21.665","5","00","76 13:17.261","4","0","0","0","36218","0","0","0","N","0","0","0","1","36408","1","","5","01","N","N","0","","0","0","1","0","0","Y","2015","1","1","0","0","0","0","0","1","0","1","N","","","","","","","","","","","2100","03","03","","N","N"
"0654","1","0","0","0","0","0","0","0","0","4","0","","36","03","2021","2021030404","4","40.1317","-76.2175","0636","08","0","0","0","0","0","0","1","0","","0","0","0","06","1","0","00","0","40 07:54.063","","07","76 13:03.035","0","0","0","0","36238","0","0","0","N","0","0","0","2","36238","0","","1","01","N","N","1","","0","0","0","0","0","","0636","0","2","0","0","0","0","0","3","0","2","N","","","","","","","","","","","","03","","","N","Y"
"1733","0","0","0","0","0","0","0","0","0","0","0","","36","07","2021","2021074071","2","40.1906","-76.5008","1728","08","0","0","0","0","0","0","0","0","","0","0","0","17","1","1","00","1","40 11:25.990","2","00","76 30:02.780","3","0","0","1","36230","0","0","0","N","0","0","0","1","36410","0","","1","01","N","N","0","","1","0","0","0","0","N","1728","1","1","0","0","0","0","0","1","0","1","N","","","","","","","","","","","1738","03","","","N","N"
"1659","2","0","0","0","0","0","0","0","0","4","0","","36","04","2021","2021031218","5","40.0683","-76.3297","1655","08","0","0","0","0","0","1","0","0","","0","0","0","16","1","1","02","1","40 04:05.472","1","02","76 19:47.306","3","0","0","0","36101","0","0","0","N","0","0","0","2","36101","0","","1","01","N","N","0","","1","0","0","3","2","N","1652","1","2","0","0","0","0","0","3","0","2","N","","","","","","","","","","","1815","04","04","","N",""
"2247","1","0","0","0","0","0","0","0","0","5","1","","36","07","2021","2021071464","2","40.2296","-76.4321","2229","08","0","0","0","0","0","0","0","0","","0","1","0","22","2","0","00","1","40 13:46.457","4","00","76 25:53.131","0","0","0","0","36230","0","0","0","N","0","0","0","3","68T06","0","","1","01","N","N","0","","0","0","0","0","0","N","2229","0","2","0","0","0","0","0","1","0","2","N","","","","","","","","","","","2310","03","","","N","N"
"1623","2","0","0","0","0","0","0","0","0","4","0","","36","06","2021","2021060165","1","40.0326","-76.3208","1618","08","0","0","0","0","1","0","0","0","","0","0","0","16","1","0","01","0","40 01:57.295","","00","76 19:14.973","0","0","0","0","36301","0","0","0","N","0","0","0","3","36301","0","","1","01","N","N","0","","0","0","0","3","3","","1615","0","2","0","0","0","0","0","3","0","2","N","","","","","","","","","","","","03","","","N",""
"0047","1","0","0","0","0","0","0","0","0","7","0","","36","06","2021","2021072716","7","40.0457","-76.4555","0043","08","0","0","0","0","0","0","0","0","","0","0","0","00","2","0","00","2","40 02:44.419","5","00","76 27:19.913","0","0","0","0","36239","0","0","0","N","0","0","0","2","36239","0","","2","01","N","N","0","","0","0","0","0","0","Y","0042","0","1","0","0","0","0","0","3","0","1","N","","","","","","","","","","","0201","03","","","N","N"
"1226","2","0","0","0","0","0","0","0","0","4","0","","36","02","2021","2021020890","3","40.1762","-76.3085","1215","08","0","0","0","0","0","0","0","0","","0","0","0","12","1","0","00","0","40 10:34.300","","07","76 18:30.700","0","0","0","0","36235","0","0","0","N","0","0","0","2","36506","0","","1","09","N","N","0","","0","0","0","0","0","","1215","0","2","0","0","0","0","0","1","0","2","N","","","","","","","","","","","","03","03","","N","N"
"1636","1","0","0","0","0","0","0","0","0","4","0","","36","05","2021","2021046587","7","40.0542","-76.3673","1627","08","0","0","0","0","0","0","1","0","","0","0","0","16","1","1","00","2","40 03:15.035","4","07","76 22:02.334","4","0","0","0","36214","0","0","0","N","0","0","0","2","36214","1","","1","01","N","N","0","","0","0","1","0","0","N","1625","1","2","0","0","0","0","0","3","0","2","N","","","","","","","","","","","1718","04","","","N","N"
"1508","2","0","0","0","0","0","0","0","0","4","0","","36","06","2021","2021058834","3","40.0146","-76.3261","1503","08","0","0","0","0","0","0","1","0","","0","0","0","15","1","0","02","1","40 00:52.712","2","00","76 19:33.907","0","0","0","0","36220","0","0","0","N","0","0","0","2","36101","0","","1","01","N","N","0","","0","0","0","3","3","N","1501","0","2","0","0","0","0","0","3","0","2","N","","","","","","","","","","","0100","04","","","N",""
"0708","1","0","0","0","0","0","0","0","0","4","0","","36","08","2021","2021074880","1","40.0606","-76.2768","0703","08","0","0","0","0","0","1","0","0","","0","0","0","07","1","1","01","1","40 03:38.263","3","00","76 16:36.564","4","0","0","0","36101","0","0","0","N","0","0","0","2","36101","1","","1","01","N","N","1","","0","0","0","3","2","N","0701","1","2","0","0","0","0","0","3","0","2","N","","","","","","","","","","","0755","03","03","","N",""
"1301","1","0","0","0","0","0","0","0","0","4","0","","36","03","2021","2021031053","2","40.0796","-76.2521","1255","08","0","0","0","0","0","1","0","1","","0","0","0","12","1","0","05","1","40 04:46.730","6","00","76 15:07.384","0","0","0","0","36215","0","0","0","N","0","0","0","2","36215","0","","1","01","N","N","0","","0","0","1","3","3","N","1254","0","2","0","0","0","0","0","1","0","2","N","","","","","","","","","","","1350","03","03","","N",""
"1023","1","0","0","0","0","0","0","0","0","4","0","","36","03","2021","2021026696","6","39.8986","-76.1593","1022","08","0","0","0","0","0","0","2","0","","0","0","0","10","1","0","01","1","39 53:54.870","3","00","76 09:33.620","0","0","0","0","36416","0","0","0","N","0","0","0","3","36416","0","","1","01","N","N","0","","0","0","0","3","3","Y","1022","0","2","0","0","0","0","0","1","1","2","N","","","","","","","","","","","1115","03","","","N","N"
"2116","1","0","0","0","0","0","0","0","0","4","0","","36","06","2021","2021070953","1","40.0487","-76.2984","2111","08","0","0","0","0","0","0","0","0","","0","0","0","21","1","0","02","0","40 02:55.442","","00","76 17:54.207","0","0","0","0","36301","0","0","0","N","0","0","0","1","36301","0","","2","01","N","N","0","","0","0","1","0","0","","2109","0","2","0","0","0","0","0","3","0","2","N","","","","","","","","","","","","03","03","","N",""
"1926","0","0","0","0","0","0","0","0","0","4","0","","36","05","2021","2021043379","4","40.0479","-76.2933","1920","08","0","0","0","0","0","0","0","0","","0","0","0","19","1","0","00","0","40 02:52.430","","07","76 17:35.849","0","0","0","0","36301","0","0","0","N","0","0","0","2","36301","0","","1","01","","","0","","0","0","2","0","0","","1918","0","2","0","0","0","0","0","3","0","2","N","","","","","","","","","","","","03","","","N","Y"
"2020","1","0","0","0","0","0","0","0","0","4","0","","36","03","2021","2021023735","5","40.0798","-76.3455","2003","08","0","0","0","0","0","0","0","0","","0","0","0","19","2","0","00","0","40 04:47.322","","00","76 20:43.707","0","0","0","0","36101","0","0","0","N","0","0","0","3","36101","0","","1","01","N","N","0","","0","0","0","0","0","","1952","0","2","0","0","0","0","0","3","1","2","N","","","","","","","","","","","","03","03","","N","N"
"1721","2","0","0","0","0","0","0","0","0","4","0","","36","04","2021","2021033910","5","40.2264","-76.1804","1719","08","0","0","0","0","0","1","0","0","","0","0","0","17","1","1","01","1","40 13:34.893","5","00","76 10:49.273","3","0","0","0","36236","0","0","0","N","0","0","0","3","36408","0","","1","01","N","N","0","","1","0","1","3","3","N","1715","1","3","0","0","0","0","0","1","0","3","N","","","","","","","","","","","1818","03","03","","Y",""
"1438","1","0","0","0","0","0","0","0","0","4","0","","36","07","2021","2021070812","5","40.2138","-76.1262","1434","08","0","0","0","0","0","0","1","0","","0","0","0","14","1","0","00","1","40 12:49.830","1","07","76 07:34.323","0","0","0","0","36218","0","0","0","N","0","0","0","3","36408","0","","1","01","N","N","0","","0","0","1","0","0","N","1433","0","2","0","0","0","0","0","1","0","2","N","","","","","","","","","","","1515","03","03","","N","N"
"0827","1","0","0","0","0","0","0","0","0","4","1","","36","08","2021","2021075482","3","40.2235","-76.0952","0817","08","0","0","0","0","0","1","0","0","","0","1","0","08","1","1","00","0","40 13:25.154","","00","76 05:44.793","8","0","0","0","36210","0","0","0","N","0","0","0","3","68T06","0","","1","09","N","N","0","","0","0","0","0","0","","0827","1","2","0","0","0","1","0","1","0","2","N","","","","","","","","","","","","07","","","N","N"
"2120","1","0","0","0","0","0","0","0","0","6","0","","36","08","2021","2021074032","5","40.2793","-76.2036","2108","08","0","1","0","0","1","0","0","0","","0","0","0","21","2","1","03","1","40 16:45.570","5","00","76 12:12.907","8","0","0","0","36236","0","0","0","N","0","0","0","2","36408","0","","1","01","N","N","1","","0","0","0","3","3","N","2104","1","2","0","0","0","1","0","1","0","2","N","","","","","","","","","","","2247","03","03","","N",""
"1803","2","0","0","0","0","0","0","0","0","1","0","","36","04","2021","2021030553","6","40.0396","-76.321","1803","08","0","0","0","0","1","0","0","0","","0","0","0","18","1","0","05","0","40 02:22.473","","00","76 19:15.643","0","0","0","0","36301","0","0","0","N","0","0","0","6","36301","0","","1","01","N","N","0","","0","0","1","3","2","","1803","0","3","0","0","0","0","0","3","0","3","N","","","","","","","","","","","","03","03","","N",""
"1342","1","0","0","0","0","0","0","0","0","4","0","","36","02","2021","2021020887","7","40.1895","-76.31","1339","08","0","0","0","0","0","0","0","0","","0","0","0","13","1","1","05","0","40 11:22.225","","00","76 18:36.138","4","0","0","0","36235","0","0","0","N","0","0","0","2","36506","1","","1","01","N","N","0","","0","0","1","3","3","","1339","1","2","0","0","0","0","0","1","0","2","N","","","","","","","","","","","","03","03","","N",""
"1838","1","0","0","0","0","0","0","0","0","4","0","","36","07","2021","2021062275","7","40.0349","-76.5007","1838","08","0","1","0","0","0","0","1","0","","0","0","0","18","1","0","01","0","40 02:05.517","","00","76 30:02.514","0","0","0","0","36404","0","0","0","N","0","0","0","4","36404","0","","1","01","N","N","1","","0","0","0","3","3","","1838","0","2","0","0","0","0","0","3","0","2","N","","","","","","","","","","","","03","03","","N",""
"0759","0","0","0","0","0","0","0","0","0","7","0","","36","08","2021","2021072748","5","40.1504","-76.3088","0759","08","0","0","0","0","0","0","0","0","","0","0","0","07","1","1","00","0","40 09:01.460","","00","76 18:31.790","8","0","0","0","36409","0","0","0","N","0","0","0","1","36409","0","","4","01","N","N","1","","0","0","0","0","0","","0759","1","1","0","0","0","1","0","3","0","1","N","","","","","","","","","","","","03","03","","N","N"
"0751","1","0","0","0","0","0","0","0","0","7","0","","36","07","2021","2021072720","7","40.0309","-76.4566","0747","08","0","0","0","0","0","0","0","0","","0","0","0","07","1","0","02","2","40 01:51.286","5","00","76 27:23.853","0","0","0","0","36239","0","0","0","N","0","0","0","1","36239","0","","5","01","Y","Y","0","","0","0","0","3","3","Y","0745","0","1","0","0","0","0","0","3","0","1","N","","","","","","","","","","","0828","03","03","","Y",""
"2052","0","0","0","0","0","0","0","0","0","4","0","","36","05","2021","2021047183","4","40.0339","-76.0105","2037","08","0","0","1","0","0","0","0","0","","0","0","1","20","2","1","00","2","40 02:01.900","6","07","76 00:37.942","3","0","0","0","36232","5","0","0","N","0","0","0","6","68J01","0","","1","01","N","N","0","","1","0","1","0","0","Y","2034","1","2","0","0","0","0","0","1","0","1","N","","","","","","","","","","","2130","03","","","N","N"
"0016","0","0","0","0","0","0","0","0","0","7","0","","36","07","2021","2021071365","7","39.9494","-76.1605","2359","08","0","0","0","0","0","0","1","0","","0","0","0","23","2","0","00","2","39 56:57.671","5","00","76 09:37.954","9","0","0","0","36233","0","0","0","N","0","0","0","1","68J01","0","","4","09","N","N","0","","0","0","1","0","0","N","2353","0","1","0","0","0","0","1","1","0","1","N","","","","","","","","","","","0045","07","","","N","N"
"1559","2","0","0","0","0","0","0","0","0","4","0","","36","04","2021","2021036617","2","40.0943","-76.1129","1556","08","0","0","0","0","0","0","1","1","","0","0","0","15","1","1","01","1","40 05:39.530","3","00","76 06:46.425","3","0","0","0","36209","0","0","0","N","0","0","0","2","36415","0","","1","01","N","N","0","","1","0","0","3","2","N","1555","1","2","0","0","0","0","0","1","0","2","N","","","","","","","","","","","0040","03","","","N",""