"ARRIVAL_TM","AUTOMOBILE_COUNT","BELTED_DEATH_COUNT","BELTED_SUSP_SERIOUS_INJ_COUNT","BICYCLE_COUNT","BICYCLE_DEATH_COUNT","BICYCLE_SUSP_SERIOUS_INJ_COUNT","BUS_COUNT","CHLDPAS_DEATH_COUNT","CHLDPAS_SUSP_SERIOUS_INJ_COUNT","COLLISION_TYPE","COMM_VEH_COUNT","CONS_ZONE_SPD_LIM","COUNTY","CRASH_MONTH","CRASH_YEAR","CRN","DAY_OF_WEEK","DEC_LAT","DEC_LONG","DISPATCH_TM","DISTRICT","DRIVER_COUNT_16YR","DRIVER_COUNT_17YR","DRIVER_COUNT_18YR","DRIVER_COUNT_19YR","DRIVER_COUNT_20YR","DRIVER_COUNT_50_64YR","DRIVER_COUNT_65_74YR","DRIVER_COUNT_75PLUS","EST_HRS_CLOSED","FATAL_COUNT","HEAVY_TRUCK_COUNT","HORSE_BUGGY_COUNT","HOUR_OF_DAY","ILLUMINATION","INJURY_COUNT","INTERSECT_TYPE","LANE_CLOSED","LATITUDE","LN_CLOSE_DIR","LOCATION_TYPE","LONGITUDE","MAX_SEVERITY_LEVEL","MCYCLE_DEATH_COUNT","MCYCLE_SUSP_SERIOUS_INJ_COUNT","MOTORCYCLE_COUNT","MUNICIPALITY","NONMOTR_COUNT","NONMOTR_DEATH_COUNT","NONMOTR_SUSP_SERIOUS_INJ_COUNT","NTFY_HIWY_MAINT","PED_COUNT","PED_DEATH_COUNT","PED_SUSP_SERIOUS_INJ_COUNT","PERSON_COUNT","POLICE_AGCY","POSSIBLE_INJ_COUNT","RDWY_SURF_TYPE_CD","RELATION_TO_ROAD","ROAD_CONDITION","SCH_BUS_IND","SCH_ZONE_IND","SMALL_TRUCK_COUNT","SPEC_JURIS_CD","SUSP_MINOR_INJ_COUNT","SUSP_SERIOUS_INJ_COUNT","SUV_COUNT","TCD_FUNC_CD","TCD_TYPE","TFC_DETOUR_IND","TIME_OF_DAY","TOT_INJ_COUNT","TOTAL_UNITS","UNB_DEATH_COUNT","UNB_SUSP_SERIOUS_INJ_COUNT","UNBELTED_OCC_COUNT","UNK_INJ_DEG_COUNT","UNK_INJ_PER_COUNT","URBAN_RURAL","VAN_COUNT","VEHICLE_COUNT","WORK_ZONE_IND","WORK_ZONE_LOC","WORK_ZONE_TYPE","WORKERS_PRES","WZ_CLOSE_DETOUR","WZ_FLAGGER","WZ_LAW_OFFCR_IND","WZ_LN_CLOSURE","WZ_MOVING","WZ_OTHER","WZ_SHLDER_MDN","ROADWAY_CLEARED","WEATHER1","WEATHER2","WZ_WORKERS_INJ_KILLED","SECONDARY_CRASH","INTERSECTION_RELATED"
"1630","1","0","0","0","0","0","0","0","0","4","0","","36","04","2021","2021034604","7","40.0301","-76.2318","1624","08","0","0","0","0","0","1","0","0","","0","0","0","16","1","2","00","2","40 01:48.318","3","07","76 13:54.445","8","0","0","0","36215","0","0","0","N","0","0","0","4","36215","0","","1","01","N","N","0","","0","0","0","0","0","N","1623","2","2","0","0","1","2","0","1","1","2","N","","","","","","","","","","","1715","03","","","N","N"
"1302","0","0","0","0","0","0","0","0","0","0","0","","36","07","2021","2021074073","7","40.125","-76.4674","1255","08","0","0","0","0","0","0","0","0","","0","0","0","12","1","1","06","1","40 07:29.965","3","08","76 28:02.782","2","0","1","1","36230","0","0","0","N","0","0","0","1","36410","0","","1","01","N","N","0","","0","1","0","3","3","N","1253","1","1","0","0","0","0","0","1","0","1","N","","","","","","","","","","","1323","03","","","N",""
"1554","2","0","0","0","0","0","0","0","0","4","0","","36","08","2021","2021074547","3","40.0581","-76.069","1537","08","0","0","0","0","0","1","2","0","","0","0","0","15","1","1","02","2","40 03:29.206","5","00","76 04:08.235","3","0","0","0","36221","0","0","0","N","0","0","0","6","68J01","0","","1","01","N","N","0","","1","0","1","0","0","Y","1532","1","3","0","0","0","0","0","1","0","3","N","","","","","","","","","","","1409","03","","","N","N"
"1938","3","0","0","0","0","0","0","0","0","4","0","","36","07","2021","2021067787","7","40.0384","-76.3162","1937","08","0","0","0","0","0","0","0","0","","0","0","0","19","1","0","01","1","40 02:18.408","4","00","76 18:58.376","0","0","0","0","36301","0","0","0","N","0","0","0","2","36301","0","","1","01","N","N","0","","0","0","0","3","3","N","1936","0","3","0","0","0","0","0","3","0","3","N","","","","","","","","","","","2022","03","","","N","N"
"0605","1","0","0","0","0","0","0","0","0","4","0","","36","04","2021","2021039891","6","40.0737","-76.5818","0601","08","0","0","0","0","0","0","0","0","","0","0","0","05","1","1","01","2","40 04:25.226","7","00","76 34:54.418","8","0","0","1","36211","0","0","0","N","0","0","0","2","36504","0","","1","01","N","N","0","","0","0","0","3","3","Y","0559","1","2","0","0","0","1","0","1","0","2","N","","","","","","","","","","","0620","03","","","N",""
"1526","0","0","0","0","0","0","0","0","0","1","0","","36","04","2021","2021032924","5","40.068","-76.294","1513","08","0","0","0","0","0","0","0","0","","0","0","0","15","1","0","00","0","40 04:04.699","","00","76 17:38.528","0","0","0","0","36101","0","0","0","N","0","0","0","10","36101","0","","1","01","N","N","0","","0","0","2","0","0","","1510","0","3","0","0","0","0","0","3","1","3","N","","","","","","","","","","","","03","","","N","N"
"1237","1","0","0","0","0","0","0","0","0","7","0","","36","07","2021","2021071166","3","40.0876","-76.2846","1235","08","0","0","0","0","0","0","0","1","","0","0","0","12","1","1","01","2","40 05:15.453","7","00","76 17:04.733","4","0","0","0","36101","0","0","0","N","0","0","0","1","36101","1","","2","01","N","N","0","","0","0","0","3","2","Y","1234","1","1","0","0","0","0","0","3","0","1","N","","","","","","","","","","","1330","03","03","","N",""
"0013","1","0","0","0","0","0","0","0","0","8","0","","36","04","2021","2021031913","5","40.0382","-76.3235","0010","08","0","0","0","0","0","0","0","0","","0","0","0","00","3","1","01","0","40 02:17.653","","00","76 19:24.603","3","0","0","0","36301","1","0","0","N","1","0","0","2","36301","0","","1","09","","","0","","1","0","0","2","2","","0009","1","2","0","0","0","0","0","3","0","1","N","","","","","","","","","","","","07","","","N",""
"1532","2","0","0","0","0","0","0","0","0","1","0","","36","03","2021","2021025174","6","40.1294","-76.2163","1528","08","0","0","0","0","0","1","0","0","","0","0","0","15","1","1","00","0","40 07:45.839","","00","76 12:58.750","3","0","0","0","36238","0","0","0","N","0","0","0","2","36238","0","","1","01","N","N","0","","1","0","0","0","0","","1527","1","2","0","0","0","0","0","3","0","2","N","","","","","","","","","","","","03","","","N","Y"
"1625","1","0","0","0","0","0","0","0","0","1","0","","36","08","2021","2021072251","2","40.0637","-76.3401","1618","08","0","0","0","0","0","0","0","0","","0","0","0","16","1","2","00","2","40 03:49.470","4","00","76 20:24.438","4","0","0","0","36101","0","0","0","N","0","0","0","4","36101","2","","1","01","N","N","0","","0","0","1","3","2","N","1618","2","2","0","0","0","0","0","3","0","2","N","","","","","","","","","","","1630","03","","","N","Y"
"1042","1","0","0","0","0","0","0","0","0","1","0","","36","05","2021","2021045027","4","40.124","-76.472","1040","08","0","0","0","0","0","1","0","1","","0","0","0","10","1","1","02","0","40 07:26.286","","00","76 28:19.173","3","0","0","0","36230","0","0","0","N","0","0","0","2","36410","0","","1","09","N","N","1","","1","0","0","0","0","","1037","1","2","0","0","0","0","0","1","0","2","N","","","","","","","","","","","","07","","","N",""
"1032","1","0","0","0","0","0","0","0","0","7","0","","36","03","2021","2021029561","3","40.049","-76.3735","1032","08","0","0","0","0","0","0","0","0","","0","0","0","10","1","0","01","1","40 02:56.511","4","00","76 22:24.628","0","0","0","0","36214","0","0","0","N","0","0","0","1","36214","0","","4","01","N","N","0","","0","0","0","0","0","Y","1030","0","1","0","0","0","0","0","3","0","1","N","","","","","","","","","","","1131","03","03","","N",""
"1153","0","0","0","0","0","0","0","0","0","5","0","","36","04","2021","2021034362","5","40.0559","-76.2838","1147","08","0","0","0","0","0","0","1","0","","0","0","0","11","1","1","00","0","40 03:21.162","","00","76 17:01.843","3","0","0","0","36101","0","0","0","N","0","0","0","2","68J01","0","","1","01","N","N","0","","1","0","2","0","0","","1135","1","2","0","0","0","0","0","3","0","2","N","","","","","","","","","","","","03","","","N","N"
"1551","1","0","0","0","0","0","0","0","0","1","0","","36","07","2021","2021071168","6","40.0385","-76.3266","1548","08","0","1","0","0","0","0","0","0","","0","0","0","15","1","0","00","0","40 02:18.564","","00","76 19:35.654","0","0","0","0","36220","0","0","0","N","0","0","0","2","36101","0","","1","01","N","N","0","","0","0","0","0","0","","1547","0","2","0","0","0","0","0","3","1","2","N","","","","","","","","","","","","03","03","","N","N"
"0947","2","0","0","0","0","0","0","0","0","1","0","","36","07","2021","2021071344","6","39.9942","-76.0348","0931","08","0","0","0","0","0","0","0","0","","0","0","0","09","1","1","00","0","39 59:39.065","","00","76 02:05.407","8","0","0","0","36232","0","0","0","N","0","0","0","3","68J01","0","","1","01","N","N","0","","0","0","0","0","0","","0931","1","2","0","0","0","1","0","1","0","2","N","","","","","","","","","","","","03","","","N","N"
"1426","1","0","0","0","0","0","0","0","0","4","0","","36","03","2021","2021036800","4","40.1555","-76.2971","1424","08","0","0","0","0","1","0","0","0","","0","0","0","14","1","1","01","2","40 09:19.848","4","00","76 17:49.631","3","0","0","0","36409","0","0","0","N","0","0","0","4","36409","0","","1","01","N","N","0","","1","0","0","3","2","N","1423","1","2","0","0","0","0","0","3","1","2","N","","","","","","","","","","","1510","03","03","","N",""
"0807","0","0","0","0","0","0","0","0","0","1","0","","36","03","2021","2021023569","4","40.0893","-76.3805","0807","08","0","0","0","0","0","1","0","0","","0","0","0","08","1","0","01","1","40 05:21.426","1","02","76 22:49.716","0","0","0","0","36214","0","0","0","N","0","0","0","2","36214","0","","1","01","N","N","0","","0","0","2","3","2","N","0807","0","2","0","0","0","0","0","3","0","2","N","","","","","","","","","","","0845","03","","","N",""
"2149","0","0","0","0","0","0","0","0","0","7","0","","36","04","2021","2021037191","7","40.0671","-76.3155","2143","08","0","0","0","0","0","1","0","0","","0","0","0","21","3","0","00","2","40 04:01.452","1","07","76 18:55.852","0","0","0","0","36101","0","0","0","N","0","0","0","1","36101","0","","5","01","N","N","0","","0","0","1","0","0","N","2138","0","1","0","0","0","0","0","3","0","1","N","","","","","","","","","","","2225","04","","","N","N"
"0621","0","0","0","0","0","0","0","0","0","7","0","","36","04","2021","2021031333","5","40.2281","-76.3658","0553","08","0","0","0","0","0","0","0","0","","0","0","0","05","2","0","00","0","40 13:41.081","","00","76 22:00.283","0","0","0","0","36217","0","0","0","N","0","0","0","1","68T06","0","","3","09","N","N","0","","0","0","1","0","0","","0551","0","1","0","0","0","0","0","1","0","1","N","","","","","","","","","","","","07","","","N","N"
"0931","1","0","0","0","0","0","0","0","0","4","0","","36","03","2021","2021029567","7","40.0308","-76.2343","0928","08","0","0","0","0","0","1","0","0","","0","0","0","09","1","1","05","2","40 01:50.123","3","00","76 14:03.641","3","0","0","0","36215","0","0","0","N","0","0","0","2","36215","0","","1","01","N","N","0","","1","0","0","3","2","N","0925","1","2","0","0","0","0","0","1","1","2","N","","","","","","","","","","","1002","03","03","","N",""
"0702","1","0","0","0","0","0","0","0","0","4","0","","36","07","2021","2021073208","7","40.091","-76.1687","0657","08","0","0","0","1","0","0","0","0","","0","0","0","06","1","1","00","2","40 05:27.498","6","00","76 10:07.220","8","0","0","1","36234","0","0","0","N","0","0","0","2","36215","0","","1","01","N","N","0","","0","0","0","0","0","Y","0656","1","2","0","0","0","1","0","1","0","2","N","","","","","","","","","","","0738","03","","","N","N"
"1702","1","0","0","0","0","0","0","0","0","2","0","","36","07","2021","2021072718","5","40.0591","-76.4629","1638","08","0","0","0","0","0","1","0","0","","0","0","0","16","1","2","03","2","40 03:32.814","5","00","76 27:46.398","4","0","0","0","36239","0","0","0","N","0","0","0","5","36239","1","","1","09","N","N","1","","0","0","0","0","0","Y","1636","2","2","0","0","0","1","3","3","0","2","N","","","","","","","","","","","1719","07","07","","N",""
"1558","0","0","0","0","0","0","0","0","0","7","0","","36","07","2021","2021071571","5","40.0186","-76.4892","1544","08","0","0","0","0","0","0","0","0","","0","0","0","15","1","0","00","1","40 01:07.135","1","00","76 29:21.269","0","0","0","0","36223","0","0","0","N","0","0","0","1","36223","0","","4","09","N","N","1","","0","0","0","0","0","N","1538","0","2","0","0","0","0","0","1","0","1","N","","","","","","","","","","","1630","07","","","N","N"
"0950","1","0","0","0","0","0","0","0","0","7","0","","36","07","2021","2021071809","5","40.0891","-76.3049","0944","08","0","0","0","0","0","0","0","1","","0","0","0","09","1","0","00","0","40 05:20.619","","00","76 18:17.762","0","0","0","0","36101","0","0","0","N","0","0","0","1","36101","0","","4","01","N","N","0","","0","0","0","0","0","","0941","0","1","0","0","0","0","0","3","0","1","N","","","","","","","","","","","","03","03","","N","N"
"1054","0","0","0","0","0","0","0","0","0","1","0","","36","07","2021","2021071807","4","40.0693","-76.3309","1050","08","0","0","0","0","0","0","1","0","","0","0","0","10","1","3","00","1","40 04:09.610","1","00","76 19:51.336","3","0","0","0","36101","0","0","0","N","0","0","0","6","36101","2","","1","01","N","N","0","","1","0","3","3","2","N","1049","3","3","0","0","0","0","0","3","0","3","N","","","","","","","","","","","1158","03","03","","N","N"
"1703","1","0","0","0","0","0","0","0","0","7","0","","36","08","2021","2021073216","1","40.1402","-76.3827","1703","08","0","0","0","0","0","0","0","0","","0","0","0","17","1","0","00","0","40 08:24.855","","00","76 22:57.716","0","0","0","0","36227","0","0","0","N","0","0","0","1","36506","0","","4","01","N","N","0","","0","0","0","0","0","","1703","0","1","0","0","0","0","0","1","0","1","N","","","","","","","","","","","","03","","","N","N"
"2107","2","0","0","0","0","0","0","0","0","1","0","","36","03","2021","2021026051","4","40.0308","-76.2343","2101","08","0","0","1","0","0","0","0","0","","0","0","0","21","3","3","01","1","40 01:50.123","4","00","76 14:03.641","3","0","0","0","36215","0","0","0","N","0","0","0","3","36215","0","","1","01","N","N","0","","3","0","0","3","2","N","2101","3","2","0","0","0","0","0","1","0","2","N","","","","","","","","","","","2134","03","03","","N",""
"1818","1","0","0","0","0","0","0","0","0","1","0","","36","08","2021","2021073220","5","40.2079","-76.2227","1806","08","0","0","0","0","0","0","0","0","","0","0","0","18","1","0","00","0","40 12:28.582","","00","76 13:21.815","0","0","0","0","36204","0","0","0","N","0","0","0","2","36506","0","","1","01","N","N","1","","0","0","0","0","0","","1805","0","2","0","0","0","0","0","1","0","2","N","","","","","","","","","","","","03","","","N","N"
"0220","0","0","0","0","0","0","0","0","0","7","0","","36","04","2021","2021045023","3","40.1623","-76.3872","0220","08","0","0","0","0","0","0","0","0","","0","0","0","02","3","0","01","0","40 09:44.283","","00","76 23:13.876","0","0","0","0","36410","0","0","0","N","0","0","0","1","36410","0","","4","01","N","N","0","","0","0","1","0","0","","0220","0","1","0","0","0","0","0","2","0","1","N","","","","","","","","","","","","03","","","N",""
"2259","2","0","0","0","0","0","0","0","0","4","0","","36","02","2021","2021024057","6","40.0319","-76.5026","2259","08","0","0","1","0","0","0","0","0","","0","0","0","22","3","0","01","1","40 01:54.861","7","00","76 30:09.208","0","0","0","0","36404","0","0","0","N","0","0","0","4","36404","0","","1","09","N","N","0","","0","0","0","3","2","Y","2259","0","2","0","0","0","0","0","3","0","2","N","","","","","","","","","","","2345","07","","","N",""
"1328","0","0","0","0","0","0","0","0","0","1","1","","36","08","2021","2021073078","3","39.9888","-76.3179","1325","08","0","0","0","0","0","0","1","0","","0","1","0","13","1","3","00","2","39 59:19.508","6","07","76 19:04.387","8","0","0","0","36228","0","0","0","N","0","0","0","4","36228","0","","1","01","N","N","0","","0","0","1","0","0","Y","1325","3","2","0","0","1","3","0","1","0","2","N","","","","","","","","","","","1400","03","","","N","N"
"0806","2","0","0","0","0","0","0","0","0","4","0","","36","05","2021","2021047310","2","40.1042","-76.0796","0803","08","0","0","0","0","0","1","0","0","","0","0","0","08","1","1","00","2","40 06:14.983","6","07","76 04:46.424","3","0","0","0","36415","0","0","0","N","0","0","0","2","36415","0","","1","01","N","N","0","","1","0","0","0","0","Y","0800","1","2","0","0","0","0","0","1","0","2","N","","","","","","","","","","","0830","04","04","","N","N"
"1142","0","0","0","0","0","0","0","0","0","5","0","","36","07","2021","2021073204","5","40.09","-76.1747","1134","08","0","0","0","0","0","0","1","0","","0","0","0","11","1","0","00","1","40 05:23.959","4","00","76 10:28.893","0","0","0","0","36234","0","0","0","N","0","0","0","2","36215","0","","2","01","N","N","2","","0","0","0","0","0","N","1131","0","2","0","0","0","0","0","1","0","2","N","","","","","","","","","","","1226","03","03","","N","N"
"0845","2","0","0","0","0","0","0","0","0","4","0","","36","05","2021","2021048391","7","40.0301","-76.2318","0845","08","0","0","0","0","0","1","1","0","","0","0","0","08","1","2","00","1","40 01:48.295","3","07","76 13:54.333","3","0","0","0","36215","0","0","0","N","0","0","0","2","36215","0","","1","01","N","N","0","","2","0","0","0","0","N","0840","2","2","0","0","0","0","0","1","0","2","N","","","","","","","","","","","0936","03","","","N","N"
"1820","1","0","0","1","0","0","0","0","0","4","0","","36","03","2021","2021027022","1","40.0278","-76.3053","1812","08","0","0","0","0","0","0","0","0","","0","0","0","18","1","1","01","0","40 01:40.183","","00","76 18:19.226","3","0","0","0","36301","1","0","0","N","0","0","0","7","36301","0","","1","01","N","N","0","","1","0","0","3","3","","1812","1","2","0","0","0","0","0","3","0","1","N","","","","","","","","","","","","03","03","","N",""
"1306","1","0","0","0","0","0","0","0","0","6","0","","36","03","2021","2021026134","5","40.1389","-76.2223","1305","08","0","0","0","0","0","1","0","0","","0","0","0","13","1","1","01","2","40 08:20.182","6","00","76 13:20.414","2","0","1","1","36238","0","0","0","N","0","0","0","3","36238","0","","1","04","N","N","0","","0","1","0","0","0","Y","1305","1","2","0","0","0","0","0","3","0","2","N","","","","","","","","","","","1340","03","03","","N",""
"2304","1","0","0","0","0","0","0","0","0","7","0","","36","04","2021","2021037190","6","40.1037","-76.2536","2258","08","0","0","0","0","0","0","0","0","","0","0","0","22","2","1","02","1","40 06:13.442","1","00","76 15:13.032","3","0","0","0","36101","0","0","0","N","0","0","0","1","36101","0","","4","01","N","N","0","","1","0","0","3","3","N","2256","1","1","0","0","0","0","0","3","0","1","N","","","","","","","","","","","2322","03","","","N",""
"1708","1","0","0","0","0","0","0","0","0","1","0","","36","05","2021","2021039943","2","40.0753","-76.3228","1700","08","0","0","0","0","0","1","1","0","","0","0","0","16","1","1","00","0","40 04:31.080","","00","76 19:21.960","8","0","0","0","36101","0","0","0","N","0","0","0","2","36101","0","","1","01","N","N","0","","0","0","1","0","0","","1658","1","2","0","0","1","1","0","3","0","2","N","","","","","","","","","","","","04","04","","N","N"
"1535","1","0","0","0","0","0","0","0","0","7","0","","36","07","2021","2021072281","3","40.029","-76.3186","1531","08","0","0","0","0","0","0","1","0","","0","0","0","15","1","0","00","1","40 01:44.521","3","00","76 19:06.862","0","0","0","0","36301","0","0","0","N","0","0","0","1","36301","0","","5","01","N","N","0","","0","0","0","0","0","Y","1529","0","1","0","0","0","0","0","3","0","1","N","","","","","","","","","","","1653","03","03","","N","N"
"1555","2","0","0","0","0","0","0","0","0","4","0","","36","05","2021","2021041605","7","40.0828","-76.3873","1551","08","0","0","0","0","0","0","1","0","","0","0","0","15","1","0","00","0","40 04:57.953","","00","76 23:14.431","0","0","0","0","36214","0","0","0","N","0","0","0","2","36214","0","","1","09","N","N","0","","0","0","0","0","0","","1545","0","2","0","0","0","0","0","3","0","2","N","","","","","","","","","","","","07","04","","N","N"
"2148","2","0","0","0","0","0","0","0","0","1","1","55","36","07","2021","2021070691","4","40.0816","-76.3538","2142","08","0","0","2","0","0","1","0","0","","0","1","0","21","2","6","00","2","40 04:53.762","4","00","76 21:13.613","8","0","0","0","36101","0","0","0","N","0","0","0","6","36214","0","","1","01","N","N","0","","0","0","1","3","8","Y","2140","6","4","0","0","2","6","0","3","0","4","Y","2","1","N","N","N","N","Y","N","N","N","2336","03","03","N","N","N"
"0820","0","0","0","0","0","0","0","0","0","0","1","","36","07","2021","2021071209","4","39.9948","-76.0282","0808","08","0","0","0","0","0","0","0","0","","0","1","0","08","1","0","00","1","39 59:41.447","1","00","76 01:41.028","0","0","0","0","36232","0","0","0","Y","0","0","0","1","68J01","0","","1","01","N","N","0","","0","0","0","0","0","N","0805","0","1","0","0","0","0","0","1","0","1","N","","","","","","","","","","","1030","03","03","","N","N"
"1554","0","0","0","0","0","0","0","0","0","7","0","","36","08","2021","2021073209","1","40.0507","-76.2558","1551","08","0","0","0","0","0","0","0","0","","0","0","0","15","1","1","01","2","40 03:01.785","4","02","76 15:21.153","3","0","0","0","36215","0","0","0","N","0","0","0","1","36215","0","","2","01","N","N","0","","1","0","1","0","0","Y","1549","1","1","0","0","0","0","0","1","0","1","N","","","","","","","","","","","1640","04","","","N",""
"1750","0","0","0","0","0","0","0","0","0","7","0","","36","04","2021","2021039623","5","40.0412","-76.3053","1746","08","0","0","0","0","0","0","0","0","","0","0","0","17","1","0","01","2","40 02:28.424","3","00","76 18:18.971","0","0","0","0","36301","0","0","0","N","0","0","0","2","36301","0","","5","09","N","N","0","","0","0","1","0","0","N","1745","0","1","0","0","0","0","0","3","0","1","N","","","","","","","","","","","1852","04","","","Y","N"
"1143","0","0","0","0","0","0","0","0","0","4","0","","36","07","2021","2021071346","7","39.8414","-76.0932","1123","08","0","0","0","0","0","0","0","0","","0","0","0","11","1","3","01","0","39 50:28.973","","00","76 05:35.577","3","0","0","0","36205","0","0","0","N","0","0","0","3","68J01","0","","1","01","N","N","1","","3","0","1","3","3","","1121","3","2","0","0","0","0","0","1","0","2","N","","","","","","","","","","","","03","","","N","N"
"1218","0","0","0","0","0","0","0","0","0","7","0","","36","08","2021","2021079476","1","39.9979","-76.3543","1214","08","0","0","0","1","0","0","0","0","","0","0","0","12","1","1","01","0","39 59:52.268","","00","76 21:15.392","4","0","0","0","36412","0","0","0","N","0","0","0","1","36412","1","","5","09","N","N","0","","0","0","1","3","2","","1214","1","1","0","0","0","0","0","3","0","1","N","","","","","","","","","","","","07","","","N","N"
"1950","1","0","0","0","0","0","0","0","0","1","0","","36","04","2021","2021034690","6","40.0309","-76.3064","1944","08","0","0","0","0","0","0","0","0","","0","0","0","19","3","0","00","1","40 01:51.075","2","00","76 18:23.134","0","0","0","0","36301","0","0","0","N","0","0","0","1","36301","0","","6","01","N","N","0","","0","0","1","0","0","N","1940","0","2","0","0","0","0","0","3","0","2","N","","","","","","","","","","","2118","03","03","","N","N"
"1853","1","0","0","0","0","0","0","0","0","7","0","","36","08","2021","2021078188","1","40.0278","-76.2229","1845","08","0","0","0","0","0","0","0","0","","0","0","0","18","1","0","00","0","40 01:40.128","","00","76 13:22.486","0","0","0","0","36215","0","0","0","N","0","0","0","1","36215","0","","5","01","N","N","0","","0","0","0","0","0","","1836","0","2","0","0","0","0","0","1","0","1","N","","","","","","","","","","","","03","","","N","N"
"2023","1","0","0","0","0","0","0","0","0","7","0","","36","08","2021","2021079549","4","39.9582","-76.1386","2023","08","0","0","0","0","0","0","0","0","","0","0","0","20","2","2","00","2","39 57:29.660","5","00","76 08:18.920","3","0","0","0","36226","0","0","0","N","0","0","0","2","68J01","0","","4","09","N","N","0","","2","0","0","0","0","Y","2018","2","1","0","0","1","0","0","1","0","1","N","","","","","","","","","","","2121","04","","","N","N"
"0735","0","0","0","0","0","0","0","0","0","4","0","","36","08","2021","2021079653","4","40.0371","-76.4143","0729","08","0","0","0","0","0","1","0","0","","0","0","0","07","1","1","00","2","40 02:13.673","6","00","76 24:51.312","2","0","1","1","36239","0","0","0","N","0","0","0","2","36239","0","","1","09","N","N","1","","0","1","0","0","0","Y","0729","1","2","0","0","0","0","0","3","0","2","N","","","","","","","","","","","0800","07","","","N","N"
"1254","0","0","0","0","0","0","0","0","0","1","0","","36","08","2021","2021080280","5","40.0932","-76.1165","1243","08","0","0","0","0","0","0","0","0","","0","0","0","12","1","0","00","0","40 05:35.513","","00","76 06:59.421","0","0","0","0","36209","0","0","0","N","0","0","0","2","36415","0","","1","01","N","N","2","","0","0","0","0","0","","1243","0","2","0","0","0","0","0","1","0","2","N","","","","","","","","","","","","03","03","","N","N"
"1513","0","0","0","0","0","0","0","0","0","4","0","","36","04","2021","2021034022","6","40.0377","-76.269","1505","08","0","0","0","0","0","1","0","0","","0","0","0","15","1","2","00","0","40 02:15.617","","07","76 16:08.220","3","0","0","0","36215","0","0","0","N","0","0","0","5","36215","0","","1","01","N","N","0","","2","0","1","0","0","","1505","2","2","0","0","0","0","0","1","1","2","N","","","","","","","","","","","","03","03","","N","N"
"0811","1","0","0","0","0","0","0","0","0","7","0","","36","08","2021","2021079655","1","40.0599","-76.4336","0807","08","0","0","0","0","0","0","0","0","","0","0","0","08","1","0","00","0","40 03:35.710","","00","76 26:01.080","0","0","0","0","36239","0","0","0","N","0","0","0","1","36239","0","","5","09","N","N","0","","0","0","0","0","0","","0807","0","1","0","0","0","0","0","3","0","1","N","","","","","","","","","","","","07","07","","N","N"
"1307","2","0","0","0","0","0","0","0","0","4","0","","36","08","2021","2021078330","2","40.0695","-76.3076","1304","08","0","0","0","0","0","0","1","0","","0","0","0","13","1","0","01","0","40 04:10.226","","00","76 18:28.241","0","0","0","0","36101","0","0","0","N","0","0","0","3","36101","0","","1","01","N","N","0","","0","0","0","3","2","","1300","0","2","0","0","0","0","0","3","0","2","N","","","","","","","","","","","","04","04","","N",""
"1517","1","0","0","0","0","0","0","0","0","1","0","","36","04","2021","2021034701","6","40.0414","-76.3868","1517","08","0","0","0","0","0","1","0","0","","0","0","0","15","1","0","02","0","40 02:28.912","","00","76 23:12.345","0","0","0","0","36214","0","0","0","N","0","0","0","3","36223","0","","1","01","N","N","0","","0","0","1","3","2","","1517","0","2","0","0","2","0","0","3","0","2","N","","","","","","","","","","","","03","","","N",""
"0809","2","0","0","0","0","0","0","0","0","4","0","","36","08","2021","2021078194","5","40.1568","-76.3814","0804","08","0","0","0","0","0","0","0","0","","0","0","0","08","1","1","01","1","40 09:24.378","2","00","76 22:53.158","8","0","0","0","36227","0","0","0","N","0","0","0","2","36506","0","","1","01","N","N","0","","0","0","0","3","3","N","0800","1","2","0","0","0","1","0","1","0","2","N","","","","","","","","","","","0849","03","","","N",""
"1639","0","0","0","0","0","0","0","0","0","4","0","","36","08","2021","2021079431","4","40.1618","-76.3984","1635","08","0","0","0","0","1","1","0","0","","0","0","0","16","1","1","01","1","40 09:42.427","2","00","76 23:54.161","8","0","0","0","36410","0","0","0","N","0","0","0","3","36410","0","","1","01","N","N","1","","0","0","1","3","3","N","1633","1","2","0","0","0","1","0","2","0","2","N","","","","","","","","","","","1700","03","03","","N",""
"2227","1","0","0","0","0","0","0","0","0","4","0","","36","08","2021","2021080427","4","40.0685","-76.3074","2226","08","0","1","0","0","0","0","0","0","","0","0","0","22","3","3","01","2","40 04:06.527","2","00","76 18:26.750","3","0","0","0","36101","0","0","0","N","0","0","0","4","36101","0","","1","01","N","N","0","","3","0","1","3","2","Y","2224","3","2","0","0","2","0","0","3","0","2","N","","","","","","","","","","","2330","03","03","","N",""
"0703","0","0","0","0","0","0","0","0","0","7","0","","36","08","2021","2021079648","4","40.0412","-76.5118","0703","08","0","0","0","0","0","0","0","0","","0","0","0","20","2","0","00","0","40 02:28.463","","00","76 30:42.636","0","0","0","0","36239","0","0","0","N","0","0","0","1","36239","0","","5","09","N","N","1","","0","0","0","0","0","","2030","0","1","0","0","0","0","0","3","0","1","N","","","","","","","","","","","","07","03","","N","N"