"ARRIVAL_TM","AUTOMOBILE_COUNT","BELTED_DEATH_COUNT","BELTED_SUSP_SERIOUS_INJ_COUNT","BICYCLE_COUNT","BICYCLE_DEATH_COUNT","BICYCLE_SUSP_SERIOUS_INJ_COUNT","BUS_COUNT","CHLDPAS_DEATH_COUNT","CHLDPAS_SUSP_SERIOUS_INJ_COUNT","COLLISION_TYPE","COMM_VEH_COUNT","CONS_ZONE_SPD_LIM","COUNTY","CRASH_MONTH","CRASH_YEAR","CRN","DAY_OF_WEEK","DEC_LAT","DEC_LONG","DISPATCH_TM","DISTRICT","DRIVER_COUNT_16YR","DRIVER_COUNT_17YR","DRIVER_COUNT_18YR","DRIVER_COUNT_19YR","DRIVER_COUNT_20YR","DRIVER_COUNT_50_64YR","DRIVER_COUNT_65_74YR","DRIVER_COUNT_75PLUS","EST_HRS_CLOSED","FATAL_COUNT","HEAVY_TRUCK_COUNT","HORSE_BUGGY_COUNT","HOUR_OF_DAY","ILLUMINATION","INJURY_COUNT","INTERSECT_TYPE","LANE_CLOSED","LATITUDE","LN_CLOSE_DIR","LOCATION_TYPE","LONGITUDE","MAX_SEVERITY_LEVEL","MCYCLE_DEATH_COUNT","MCYCLE_SUSP_SERIOUS_INJ_COUNT","MOTORCYCLE_COUNT","MUNICIPALITY","NONMOTR_COUNT","NONMOTR_DEATH_COUNT","NONMOTR_SUSP_SERIOUS_INJ_COUNT","NTFY_HIWY_MAINT","PED_COUNT","PED_DEATH_COUNT","PED_SUSP_SERIOUS_INJ_COUNT","PERSON_COUNT","POLICE_AGCY","POSSIBLE_INJ_COUNT","RDWY_SURF_TYPE_CD","RELATION_TO_ROAD","ROAD_CONDITION","SCH_BUS_IND","SCH_ZONE_IND","SMALL_TRUCK_COUNT","SPEC_JURIS_CD","SUSP_MINOR_INJ_COUNT","SUSP_SERIOUS_INJ_COUNT","SUV_COUNT","TCD_FUNC_CD","TCD_TYPE","TFC_DETOUR_IND","TIME_OF_DAY","TOT_INJ_COUNT","TOTAL_UNITS","UNB_DEATH_COUNT","UNB_SUSP_SERIOUS_INJ_COUNT","UNBELTED_OCC_COUNT","UNK_INJ_DEG_COUNT","UNK_INJ_PER_COUNT","URBAN_RURAL","VAN_COUNT","VEHICLE_COUNT","WORK_ZONE_IND","WORK_ZONE_LOC","WORK_ZONE_TYPE","WORKERS_PRES","WZ_CLOSE_DETOUR","WZ_FLAGGER","WZ_LAW_OFFCR_IND","WZ_LN_CLOSURE","WZ_MOVING","WZ_OTHER","WZ_SHLDER_MDN","ROADWAY_CLEARED","WEATHER1","WEATHER2","WZ_WORKERS_INJ_KILLED","SECONDARY_CRASH","INTERSECTION_RELATED"
"1735","0","0","0","0","0","0","0","0","0","98","0","","36","08","2021","2021080627","6","40.0006","-76.2372","1728","08","0","0","0","0","0","0","0","0","","0","0","0","17","1","0","00","0","40 00:02.338","","00","76 14:13.872","0","0","0","0","36240","0","0","0","N","0","0","0","3","36240","0","","1","09","N","N","0","","0","0","1","0","0","","1720","0","1","0","0","0","0","0","1","0","1","N","","","","","","","","","","","","07","08","","N","N"
"0901","0","0","0","0","0","0","0","0","0","7","0","","36","04","2021","2021033244","2","40.0797","-76.3088","0858","08","0","0","0","0","0","0","0","0","","0","0","0","08","1","0","00","0","40 04:47.082","","00","76 18:31.684","0","0","0","0","36101","0","0","0","N","0","0","0","2","36101","0","","1","09","N","N","0","","0","0","3","0","0","","0850","0","3","0","0","0","0","0","3","0","3","N","","","","","","","","","","","","07","","","N","N"
"2303","0","0","0","0","0","0","0","0","0","1","0","","36","04","2021","2021032968","2","40.1324","-75.9687","2252","08","0","0","0","0","0","1","0","0","","0","0","0","22","3","1","00","2","40 07:56.738","6","00","75 58:07.276","3","0","0","0","36203","0","0","0","N","0","0","0","2","68J01","0","","1","01","N","N","0","","1","0","1","0","0","N","2234","1","2","0","0","1","0","0","1","1","2","N","","","","","","","","","","","0509","03","","","N","N"
"2137","1","0","0","0","0","0","0","0","0","1","0","","36","08","2021","2021080278","6","40.1607","-76.4","2134","08","0","0","0","0","0","0","1","0","","0","0","0","21","3","0","01","1","40 09:38.682","3","00","76 24:00.155","0","0","0","0","36410","0","0","0","N","0","0","0","3","36410","0","","1","01","N","N","0","","0","0","1","0","0","N","2132","0","2","0","0","0","0","0","2","0","2","N","","","","","","","","","","","2200","03","03","","N",""
"0618","0","0","0","0","0","0","0","0","0","7","0","","36","04","2021","2021033385","1","40.1911","-76.1244","0614","08","0","0","0","0","0","0","0","0","","0","0","0","06","2","0","00","0","40 11:27.901","","00","76 07:27.730","0","0","0","0","36210","0","0","0","Y","0","0","0","2","36210","0","","3","09","N","N","0","","0","0","1","0","0","","0614","0","1","0","0","0","0","0","1","0","1","N","","","","","","","","","","","","07","","","N","N"
"1544","0","0","0","0","0","0","0","0","0","4","0","","36","04","2021","2021036179","5","39.9778","-76.095","1526","08","0","0","0","0","0","0","0","1","","0","0","0","15","1","0","00","0","39 58:40.085","","07","76 05:41.926","0","0","0","0","36226","0","0","0","N","0","0","0","2","68J01","0","","1","01","N","N","0","","0","0","1","3","3","","1517","0","2","0","0","0","0","0","1","1","2","N","","","","","","","","","","","","03","03","","N","N"
"1955","0","0","0","0","0","0","0","0","0","0","0","","36","08","2021","2021080092","7","40.1948","-76.2637","1949","08","0","0","0","0","0","0","1","0","","0","0","0","19","4","2","03","0","40 11:41.416","","00","76 15:49.388","3","0","0","1","36204","0","0","0","N","0","0","0","2","36506","0","","1","01","N","N","0","","2","0","0","0","0","","1949","2","1","0","0","0","0","0","1","0","1","N","","","","","","","","","","","","03","","","N",""
"1645","1","0","0","0","0","0","0","0","0","4","0","","36","04","2021","2021034821","6","40.1327","-76.0868","1640","08","0","0","1","0","0","0","1","0","","0","0","0","16","1","0","02","0","40 07:57.704","","00","76 05:12.652","0","0","0","0","36209","0","0","0","N","0","0","0","2","36415","0","","1","01","N","N","0","","0","0","1","0","0","","1638","0","2","0","0","0","0","0","1","0","2","N","","","","","","","","","","","","03","","","N",""
"2217","0","0","0","0","0","0","0","0","0","5","0","","36","08","2021","2021073872","1","40.1435","-76.5891","2214","08","0","0","0","0","0","0","0","0","","0","0","0","22","3","0","00","0","40 08:36.465","","00","76 35:20.862","0","0","0","0","36407","0","0","0","N","0","0","0","1","36407","0","","2","01","N","N","0","","0","0","1","0","0","","2212","0","2","0","0","0","0","0","2","1","2","N","","","","","","","","","","","","03","03","","N","N"
"0123","0","0","0","0","0","0","0","0","0","7","0","","36","08","2021","2021078942","6","40.1628","-76.3968","0122","08","0","0","0","0","0","1","0","0","","0","0","0","01","3","1","01","0","40 09:45.946","","00","76 23:48.385","4","0","0","0","36410","0","0","0","N","0","0","0","1","36410","1","","5","01","N","N","0","","0","0","3","3","2","","0119","1","3","0","0","0","0","0","2","0","3","N","","","","","","","","","","","","04","","","N",""
"1654","0","0","0","0","0","0","0","0","0","0","0","","36","08","2021","2021080273","4","40.0397","-76.2835","1647","08","0","0","0","0","0","0","0","0","","0","0","0","16","1","0","00","2","40 02:22.768","5","00","76 17:00.731","0","0","0","0","36220","0","0","0","N","0","0","0","1","36101","0","","1","01","N","N","1","","0","0","0","0","0","Y","1645","0","1","0","0","0","0","0","3","0","1","N","","","","","","","","","","","1745","03","","","N","N"
"1706","0","0","0","0","0","0","0","0","0","4","0","","36","04","2021","2021034840","6","40.1093","-76.5074","1704","08","0","0","0","0","0","0","0","0","","0","0","0","16","1","0","01","0","40 06:33.316","","00","76 30:26.472","0","0","0","0","36413","0","0","0","N","0","0","0","2","36413","0","","1","01","N","N","0","","0","0","2","3","3","","1659","0","2","0","0","0","0","0","2","0","2","N","","","","","","","","","","","","03","","","N","N"
"2303","2","0","0","0","0","0","0","0","0","2","0","","36","08","2021","2021076564","7","40.0372","-76.3127","2303","08","0","0","0","0","0","1","0","0","","0","0","0","23","3","0","01","1","40 02:13.971","1","00","76 18:45.697","0","0","0","0","36301","0","0","0","N","0","0","0","3","36301","0","","1","01","N","N","0","","0","0","0","3","2","N","2301","0","2","0","0","0","0","0","3","0","2","N","","","","","","","","","","","2324","03","03","","N","N"
"2058","1","0","0","0","0","0","0","0","0","98","0","","36","04","2021","2021034798","4","40.0922","-76.1373","2048","08","0","0","0","0","0","0","1","0","","0","0","0","20","2","1","00","2","40 05:31.742","6","00","76 08:14.373","3","0","0","0","36209","0","0","0","N","0","0","0","1","36238","0","","1","01","N","N","0","","1","0","0","0","0","Y","2048","1","1","0","0","0","0","0","1","0","1","N","","","","","","","","","","","2135","03","","","N","N"
"1017","2","0","0","0","0","0","0","0","0","5","0","","36","04","2021","2021032438","3","40.0703","-76.3013","1014","08","0","0","0","0","1","1","0","1","","0","0","0","10","1","1","01","0","40 04:12.969","","00","76 18:04.751","4","0","0","0","36101","0","0","0","N","0","0","0","3","36101","1","","1","01","N","N","0","","0","0","1","3","2","","1011","1","3","0","0","0","0","0","3","0","3","N","","","","","","","","","","","","03","03","","N",""
"2055","1","0","0","0","0","0","0","0","0","4","0","","36","04","2021","2021034170","3","40.0371","-76.4128","2044","08","0","0","0","0","0","1","0","0","","0","0","0","20","2","0","02","0","40 02:13.582","","00","76 24:45.905","0","0","0","0","36223","0","0","0","N","0","0","0","2","36223","0","","1","01","N","N","0","","0","0","1","3","3","","2042","0","2","0","0","0","0","0","1","0","2","N","","","","","","","","","","","","03","","","N",""
"2022","2","0","0","0","0","0","0","0","0","4","0","","36","04","2021","2021031358","1","39.8414","-76.0613","2022","08","1","0","0","0","0","0","1","0","","0","0","0","20","2","0","01","1","39 50:29.050","4","00","76 03:40.665","0","0","0","0","36205","0","0","0","N","0","0","0","7","68J01","0","","1","01","N","N","0","","0","0","0","3","3","Y","2022","0","2","0","0","0","0","0","1","0","2","N","","","","","","","","","","","1900","03","","","N","N"
"1220","1","0","0","0","0","0","0","0","0","8","0","25","36","07","2021","2021066783","4","40.0515","-76.2994","1215","08","0","0","0","0","0","0","0","0","","0","0","0","11","1","1","00","0","40 03:05.273","","00","76 17:57.741","8","0","0","0","36301","1","0","0","N","1","0","0","2","36301","0","","1","01","N","N","0","","0","0","0","0","0","","1147","1","2","0","0","0","1","1","3","0","1","Y","4","1","Y","","Y","N","","","","","","03","03","Y","N","N"
"1259","2","0","0","0","0","0","0","0","0","4","0","","36","08","2021","2021073680","3","40.0358","-76.5018","1256","08","0","0","1","0","0","0","0","0","","0","0","0","12","1","0","02","0","40 02:09.013","","00","76 30:06.445","0","0","0","0","36404","0","0","0","N","0","0","0","1","36404","0","","1","01","N","N","0","","0","0","0","0","0","","1256","0","2","0","0","0","0","0","3","0","2","N","","","","","","","","","","","","03","03","","N",""
"1522","2","0","0","0","0","0","0","0","0","4","0","","36","04","2021","2021031355","7","39.8706","-76.228","1505","08","0","0","0","1","0","1","0","0","","0","0","0","15","1","2","00","1","39 52:14.039","5","07","76 13:40.900","3","0","0","0","36208","0","0","0","N","0","0","0","3","68J01","0","","1","01","N","N","0","","2","0","0","3","3","N","1502","2","2","0","0","0","0","0","1","0","2","N","","","","","","","","","","","1550","03","","","N","N"
"2050","1","0","1","0","0","0","0","0","0","1","0","","36","04","2021","2021030593","6","40.1138","-76.3381","2045","08","0","0","0","0","0","0","0","0","","0","0","0","20","2","3","00","0","40 06:49.812","","00","76 20:17.299","2","0","0","0","36101","0","0","0","N","0","0","0","6","36101","0","","1","01","N","N","0","","2","1","1","0","0","","2035","3","3","0","0","0","0","0","3","1","3","N","","","","","","","","","","","","03","","","N","N"
"1316","2","0","0","0","0","0","0","0","0","1","0","","36","04","2021","2021032785","2","40.065","-76.4445","1315","08","0","0","0","0","0","0","0","1","","0","0","0","13","1","1","02","0","40 03:54.120","","00","76 26:40.228","3","0","0","0","36239","0","0","0","N","0","0","0","2","36239","0","","1","01","N","N","0","","1","0","0","3","3","","1313","1","2","0","0","0","0","0","3","0","2","N","","","","","","","","","","","","03","03","","N",""
"2017","1","0","0","0","0","0","0","0","0","4","0","","36","04","2021","2021035743","5","40.1233","-76.3753","2008","08","0","0","0","0","0","1","0","0","","0","0","0","20","3","2","01","2","40 07:23.702","1","00","76 22:31.147","3","0","0","0","36214","0","0","0","N","0","0","0","3","36214","0","","1","01","N","N","0","","2","0","1","3","3","N","2000","2","2","0","0","0","0","0","3","0","2","N","","","","","","","","","","","2115","03","03","","N",""
"1521","0","0","0","0","0","0","0","0","0","4","0","","36","04","2021","2021036565","6","40.2167","-76.1279","1516","08","0","0","0","0","0","1","0","0","","0","0","0","15","1","0","02","1","40 13:00.207","1","00","76 07:40.324","0","0","0","0","36210","0","0","0","N","0","0","0","3","36210","0","","1","01","N","N","1","","0","0","1","0","0","Y","1516","0","2","0","0","0","0","0","1","0","2","N","","","","","","","","","","","1550","04","","","N","N"
"0822","0","0","0","0","0","0","0","0","0","1","1","","36","08","2021","2021080605","3","40.0791","-76.2807","0816","08","0","0","0","0","0","0","0","0","","0","0","0","08","1","0","00","0","40 04:44.594","","00","76 16:50.503","0","0","0","0","36101","0","0","0","N","0","0","0","2","36101","0","","1","01","N","N","2","","0","0","0","0","0","","0814","0","2","0","0","0","0","0","3","0","2","N","","","","","","","","","","","","03","","","N","N"
"1539","0","0","0","0","0","0","0","0","0","4","0","","36","08","2021","2021073442","2","40.0329","-76.3082","1534","08","0","0","0","0","0","0","0","0","","0","0","0","14","1","1","02","0","40 01:58.267","","00","76 18:29.552","3","0","0","0","36301","0","0","0","N","0","0","0","2","36301","0","","1","01","N","N","0","","1","0","1","3","3","","1450","1","2","0","0","0","0","0","3","1","2","N","","","","","","","","","","","","03","","","N","N"
"2258","4","0","0","0","0","0","0","0","0","4","0","","36","08","2021","2021078686","5","40.0373","-76.3163","2258","08","0","0","0","0","0","0","0","0","","0","0","0","22","2","2","01","2","40 02:14.126","7","00","76 18:58.605","3","0","0","0","36301","0","0","0","N","0","0","0","2","36301","0","","1","01","N","N","0","","2","0","0","3","3","Y","2224","2","4","0","0","1","0","0","3","0","4","N","","","","","","","","","","","0002","03","03","","N","N"
"1330","0","0","0","0","0","0","0","0","0","5","0","","36","08","2021","2021078772","3","40.039","-76.3059","1327","08","0","0","0","0","0","0","0","0","","0","0","0","13","1","0","00","0","40 02:20.448","","00","76 18:21.166","0","0","0","0","36301","1","0","0","N","0","0","0","2","36301","0","","2","01","N","N","1","","0","0","0","0","0","","1327","0","2","0","0","0","0","0","3","1","2","N","","","","","","","","","","","","03","03","","N","N"
"1706","1","0","0","1","0","1","0","0","0","1","0","","36","04","2021","2021032396","3","39.9755","-76.3202","1702","08","0","0","0","0","0","0","0","0","","0","0","0","17","1","1","00","0","39 58:31.896","","00","76 19:12.616","2","0","0","0","36228","1","0","1","N","0","0","0","2","36228","0","","1","01","N","N","0","","0","1","0","0","0","","1702","1","2","0","0","0","0","0","1","0","1","N","","","","","","","","","","","","03","","","N","N"
"1049","0","0","0","0","0","0","0","0","0","1","0","","36","08","2021","2021080348","6","39.8626","-76.2634","1047","08","0","0","0","0","0","1","1","0","","0","0","0","10","1","1","00","1","39 51:45.417","3","00","76 15:48.302","8","0","0","0","36224","0","0","0","N","0","0","0","2","68J01","0","","1","09","N","N","2","","0","0","0","0","0","N","1045","1","2","0","0","0","1","0","1","0","2","N","","","","","","","","","","","1145","07","","","N","N"
"2326","1","0","0","0","0","0","0","0","0","7","0","","36","04","2021","2021036616","6","40.1147","-76.244","2320","08","0","0","0","0","0","0","0","0","","0","0","0","23","3","0","02","0","40 06:52.778","","00","76 14:38.314","0","0","0","0","36101","0","0","0","N","0","0","0","2","36101","0","","2","01","N","N","0","","0","0","0","3","3","","2316","0","1","0","0","0","0","0","3","0","1","N","","","","","","","","","","","","04","04","","N",""
"1903","0","0","0","0","0","0","0","0","0","7","0","","36","08","2021","2021079973","1","39.988","-75.9778","1903","08","0","0","0","0","0","0","0","0","","0","0","0","18","1","1","00","0","39 59:16.856","","00","75 58:40.103","3","0","0","0","36232","0","0","0","N","0","0","0","1","68J01","0","","5","01","N","N","0","","1","0","1","0","0","","1840","1","1","0","0","0","0","0","1","0","1","N","","","","","","","","","","","","03","03","","N","N"
"2257","1","0","0","0","0","0","0","0","0","7","0","","36","08","2021","2021081483","5","40.0944","-76.296","2251","08","0","0","0","0","0","0","0","0","","0","0","0","22","2","0","11","0","40 05:39.796","","00","76 17:45.427","0","0","0","0","36101","0","0","0","N","0","0","0","1","36101","0","","5","01","N","N","0","","0","0","0","0","0","","2249","0","1","0","0","0","0","0","3","0","1","N","","","","","","","","","","","","03","","","N",""
"2056","1","0","0","0","0","0","0","0","0","4","0","","36","05","2021","2021039343","7","40.088","-76.329","2047","08","0","0","0","0","1","0","0","1","","0","0","0","20","3","0","01","1","40 05:16.970","3","00","76 19:44.246","0","0","0","0","36101","0","0","0","N","0","0","0","5","36101","0","","1","01","N","N","0","","0","0","1","3","2","N","2045","0","2","0","0","0","0","0","3","0","2","N","","","","","","","","","","","2143","03","03","","N",""
"0930","0","0","0","0","0","0","0","0","0","7","0","","36","08","2021","2021081439","2","40.1482","-76.0413","0925","08","0","0","0","0","0","0","0","0","","0","0","0","09","1","0","00","0","40 08:53.375","","00","76 02:28.802","0","0","0","0","36213","0","0","0","N","0","0","0","1","36213","0","","5","01","N","N","1","","0","0","0","0","0","","0900","0","1","0","0","0","0","0","1","0","1","N","","","","","","","","","","","","03","03","","N","N"
"1327","2","0","0","0","0","0","0","0","0","4","0","","36","04","2021","2021032441","3","40.0234","-76.3321","1320","08","0","0","0","0","0","0","1","0","","0","0","0","13","1","0","02","0","40 01:24.413","","00","76 19:55.453","0","0","0","0","36220","0","0","0","N","0","0","0","2","36101","0","","1","01","N","N","0","","0","0","0","0","0","","1317","0","2","0","0","0","0","0","3","0","2","N","","","","","","","","","","","","03","03","","N",""
"0208","1","0","0","0","0","0","0","0","0","5","1","","36","08","2021","2021078737","2","40.0972","-76.4024","0159","08","0","0","0","0","0","1","0","0","","0","1","0","01","2","0","00","0","40 05:49.750","","00","76 24:08.564","0","0","0","0","36214","0","0","0","N","0","0","0","1","36214","0","","4","09","N","N","0","","0","0","0","0","0","","0155","0","2","0","0","0","0","0","3","0","2","N","","","","","","","","","","","","07","07","","N","N"
"0045","1","0","0","0","0","0","0","0","0","7","0","","36","04","2021","2021034434","2","40.2099","-76.1068","0038","08","0","0","0","1","0","0","0","0","","0","0","0","00","2","0","00","0","40 12:35.630","","00","76 06:24.395","0","0","0","0","36210","0","0","0","Y","0","0","0","1","36210","0","","3","09","N","N","0","","0","0","0","0","0","","0037","0","1","0","0","0","0","0","1","0","1","N","","","","","","","","","","","","07","","","N","N"
"1425","0","0","0","0","0","0","0","0","0","4","0","","36","08","2021","2021079498","3","39.9165","-76.1879","1410","08","0","0","0","0","0","1","1","0","","0","0","0","14","1","1","01","1","39 54:59.289","2","00","76 11:16.582","3","0","0","0","36229","0","0","0","N","0","0","0","2","68J01","0","","1","01","N","N","0","","1","0","2","0","0","N","1410","1","2","0","0","0","0","0","1","0","2","N","","","","","","","","","","","1450","03","","","N","N"
"0902","1","0","0","0","0","0","0","0","0","4","0","","36","08","2021","2021079990","5","39.7515","-76.1456","0850","08","0","0","0","0","0","1","1","0","","0","0","0","08","1","2","00","1","39 45:05.539","4","00","76 08:44.131","3","0","0","0","36219","0","0","0","N","0","0","0","2","68J01","0","","1","01","N","N","0","","2","0","1","3","3","N","0848","2","2","0","0","0","0","0","1","0","2","N","","","","","","","","","","","1000","03","","","N","Y"
"1103","1","0","0","0","0","0","0","0","0","5","1","","36","08","2021","2021077904","6","40.0368","-76.3011","1055","08","0","0","0","0","0","1","0","1","","0","1","0","10","1","0","01","2","40 02:12.529","1","00","76 18:03.869","0","0","0","0","36301","0","0","0","N","0","0","0","2","36301","0","","1","01","N","N","0","","0","0","0","3","2","N","1050","0","2","0","0","0","0","0","3","0","2","N","","","","","","","","","","","1154","04","04","","N","N"
"0251","1","0","0","0","0","0","0","0","0","8","0","","36","07","2021","2021062982","2","40.1115","-75.9962","0247","08","0","0","1","0","0","0","0","0","","1","0","1","02","2","0","00","2","40 06:41.447","6","00","75 59:46.206","1","0","0","0","36213","1","1","0","N","0","0","0","2","36213","0","2","1","01","N","N","0","0","0","0","0","0","0","Y","0245","0","2","0","0","0","0","0","1","0","1","N","","","","","","","","","","","0654","03","","","N","N"
"0003","0","1","0","0","0","0","0","0","0","7","0","","36","08","2021","2021080688","4","40.0848","-76.5546","2359","08","0","0","0","0","0","0","1","0","","1","0","0","23","2","0","00","2","40 05:05.180","5","00","76 33:16.651","1","0","0","0","36211","0","0","0","N","0","0","0","1","36504","0","2","4","09","N","N","0","0","0","0","1","0","0","Y","2355","0","1","0","0","0","0","0","1","0","1","N","","","","","","","","","","","0335","07","","","N","N"
"1803","2","0","0","0","0","0","0","0","0","1","0","","36","04","2021","2021039088","2","40.037","-76.2097","1758","08","0","0","0","0","0","2","0","0","","0","0","0","17","1","3","02","0","40 02:13.236","","00","76 12:34.970","4","0","0","0","36215","0","0","0","N","0","0","0","4","36215","3","","1","01","N","N","0","","0","0","0","0","0","","1752","3","2","0","0","0","0","0","1","0","2","N","","","","","","","","","","","","03","03","","N",""
"2203","1","0","0","0","0","0","0","0","0","7","0","","36","04","2021","2021031431","1","40.1328","-76.5397","2159","08","0","0","0","0","0","0","0","0","","0","0","0","21","2","0","00","0","40 07:58.256","","00","76 32:22.834","0","0","0","0","36225","0","0","0","N","0","0","0","2","36505","0","","3","01","N","N","0","","0","0","0","0","0","","2159","0","1","0","0","1","0","0","2","0","1","N","","","","","","","","","","","","03","03","","N","N"
"2011","0","0","0","0","0","0","0","0","0","1","0","","36","04","2021","2021036092","6","40.1153","-76.243","2005","08","0","0","0","0","0","0","0","0","","0","0","0","20","2","1","00","2","40 06:55.169","5","00","76 14:34.671","4","0","0","0","36101","0","0","0","N","0","0","0","1","36101","1","","2","01","N","N","0","","0","0","2","0","0","Y","2003","1","2","0","0","0","0","0","3","0","2","N","","","","","","","","","","","2120","03","03","","N","N"
"0904","0","0","0","0","0","0","0","0","0","4","0","","36","04","2021","2021031807","4","40.2319","-76.0796","0859","08","0","0","0","0","0","0","1","1","","0","0","0","08","1","1","00","1","40 13:54.781","1","07","76 04:46.580","3","0","0","0","36210","0","0","0","N","0","0","0","2","36210","0","","1","01","Y","N","0","","1","0","0","0","0","N","0859","1","2","0","0","0","0","0","1","2","2","N","","","","","","","","","","","0939","03","","","N","Y"
"1710","1","0","0","0","0","0","0","0","0","4","0","","36","08","2021","2021079654","4","40.0974","-76.4455","1657","08","0","0","0","0","0","1","0","0","","0","0","0","16","1","2","01","2","40 05:50.597","6","00","76 26:43.806","3","0","0","0","36239","0","0","0","N","0","0","0","3","36239","1","","1","01","N","N","0","","1","0","1","3","3","Y","1657","2","2","0","0","0","0","0","3","0","2","N","","","","","","","","","","","1744","03","","","N",""
"0806","1","0","0","0","0","0","0","0","0","7","0","","36","04","2021","2021035249","6","40.193","-76.5481","0801","08","0","0","0","0","0","0","0","0","","0","0","0","07","1","0","00","0","40 11:34.800","","00","76 32:53.200","0","0","0","0","36225","0","0","0","N","0","0","0","1","36505","0","","4","01","N","N","0","","0","0","0","0","0","","0758","0","1","0","0","0","0","0","2","0","1","N","","","","","","","","","","","","03","","","N","N"
"2104","1","0","0","0","0","0","0","0","0","4","0","","36","04","2021","2021042953","1","40.0908","-76.1695","2102","08","0","0","1","0","0","0","0","0","","0","0","0","21","2","2","02","2","40 05:27.025","3","00","76 10:10.335","3","0","0","0","36234","0","0","0","N","0","0","0","2","36215","0","","1","01","N","N","0","","2","0","1","0","0","N","2100","2","2","0","0","0","0","0","1","0","2","N","","","","","","","","","","","0000","03","03","","N",""
"1320","1","0","0","0","0","0","0","0","0","7","0","","36","08","2021","2021079206","3","40.1061","-76.2933","1308","08","0","0","0","0","0","0","0","1","","0","0","0","13","1","1","00","2","40 06:21.801","3","00","76 17:36.019","3","0","0","0","36101","0","0","0","N","0","0","0","1","36101","0","","2","01","N","N","0","","1","0","0","0","0","Y","1305","1","1","0","0","0","0","0","3","0","1","N","","","","","","","","","","","1400","03","","","N","N"
"2108","1","0","0","0","0","0","0","0","0","4","0","","36","08","2021","2021079524","1","39.8381","-76.3076","2039","08","0","0","1","0","0","1","0","0","","0","0","0","20","4","0","00","2","39 50:17.283","4","00","76 18:27.435","0","0","0","0","36224","0","0","0","N","0","0","0","2","68J01","0","","1","01","N","N","1","","0","0","0","0","0","N","2035","0","2","0","0","0","0","0","1","0","2","N","","","","","","","","","","","2140","03","03","","N","N"
"1047","1","0","0","0","0","0","0","0","0","2","1","","36","08","2021","2021078995","3","39.9593","-76.0996","1031","08","0","0","0","0","0","1","0","0","","0","1","0","10","1","1","01","2","39 57:33.444","6","00","76 05:58.443","3","0","0","0","36226","0","0","0","N","0","0","0","3","68J01","0","","1","01","N","N","1","","1","0","0","3","3","Y","1029","1","3","0","0","0","0","0","1","0","3","N","","","","","","","","","","","1140","03","03","","N","N"
"1840","0","0","0","0","0","0","0","0","0","5","0","","36","08","2021","2021078736","2","40.1002","-76.4153","1831","08","0","0","0","0","0","1","1","0","","0","1","0","18","1","0","00","0","40 06:00.624","","00","76 24:55.115","9","0","0","0","36214","0","0","0","N","0","0","0","4","36214","0","","1","01","N","N","1","","0","0","1","0","0","","1825","0","3","0","0","0","0","1","3","0","3","N","","","","","","","","","","","","03","","","N","N"
"1608","1","0","0","0","0","0","0","0","0","1","0","","36","04","2021","2021036099","2","40.1425","-76.225","1601","08","0","0","0","0","0","0","0","0","","0","0","0","16","1","0","00","0","40 08:33.090","","00","76 13:29.880","0","0","0","0","36235","0","0","0","N","0","0","0","2","36506","0","","1","01","N","N","0","","0","0","0","0","0","","1600","0","2","0","0","1","0","0","1","1","2","N","","","","","","","","","","","","03","","","N","N"
"1559","1","0","0","0","0","0","0","0","0","1","0","","36","04","2021","2021044561","4","40.0692","-76.3097","1556","08","0","0","0","0","0","0","0","0","","0","0","0","15","1","0","00","0","40 04:09.230","","00","76 18:34.860","0","0","0","0","36101","0","0","0","N","0","0","0","4","36101","0","","1","01","N","N","1","","0","0","0","0","0","","1553","0","2","0","0","0","0","0","3","0","2","N","","","","","","","","","","","","03","03","","N","N"
"1714","1","0","0","0","0","0","0","0","0","4","0","","36","08","2021","2021079183","5","40.026","-76.335","1711","08","0","0","0","0","0","1","0","0","","0","0","0","17","1","1","02","0","40 01:33.646","","00","76 20:06.118","3","0","0","0","36220","0","0","0","N","0","0","0","2","36101","0","","1","01","N","N","0","","1","0","1","3","3","","1708","1","2","0","0","0","0","0","3","0","2","N","","","","","","","","","","","","03","","","N",""
"2333","0","0","0","0","0","0","0","0","0","7","0","","36","07","2021","2021078813","6","40.2275","-76.3772","2312","08","0","0","0","0","0","0","0","0","","0","0","0","23","2","0","00","0","40 13:38.873","","00","76 22:39.626","0","0","0","0","36217","0","0","0","N","0","0","0","1","68T06","0","","3","01","N","N","0","","0","0","1","0","0","","2312","0","1","0","0","0","0","0","1","0","1","N","","","","","","","","","","","","03","","","N","N"
"1427","0","0","0","0","0","0","0","0","0","5","1","","36","06","2021","2021080063","6","40.2085","-76.1101","1423","08","0","0","0","0","0","1","0","0","","0","1","0","14","1","1","00","1","40 12:30.736","1","03","76 06:36.396","4","0","0","0","36210","0","0","0","N","0","0","0","2","36210","1","","1","01","N","N","0","","0","0","1","0","0","N","1423","1","2","0","0","0","0","0","1","0","2","N","","","","","","","","","","","1500","03","","","N","N"
"1422","1","0","0","0","0","0","0","0","0","4","0","","36","08","2021","2021079899","7","40.03","-76.2313","1422","08","0","0","0","0","0","0","0","1","","0","0","0","14","1","0","00","0","40 01:47.932","","07","76 13:52.542","0","0","0","0","36215","0","0","0","N","0","0","0","4","36215","0","","1","01","N","N","1","","0","0","0","0","0","","1422","0","2","0","0","0","0","0","1","0","2","N","","","","","","","","","","","","03","03","","N","N"