"ARRIVAL_TM","AUTOMOBILE_COUNT","BELTED_DEATH_COUNT","BELTED_SUSP_SERIOUS_INJ_COUNT","BICYCLE_COUNT","BICYCLE_DEATH_COUNT","BICYCLE_SUSP_SERIOUS_INJ_COUNT","BUS_COUNT","CHLDPAS_DEATH_COUNT","CHLDPAS_SUSP_SERIOUS_INJ_COUNT","COLLISION_TYPE","COMM_VEH_COUNT","CONS_ZONE_SPD_LIM","COUNTY","CRASH_MONTH","CRASH_YEAR","CRN","DAY_OF_WEEK","DEC_LAT","DEC_LONG","DISPATCH_TM","DISTRICT","DRIVER_COUNT_16YR","DRIVER_COUNT_17YR","DRIVER_COUNT_18YR","DRIVER_COUNT_19YR","DRIVER_COUNT_20YR","DRIVER_COUNT_50_64YR","DRIVER_COUNT_65_74YR","DRIVER_COUNT_75PLUS","EST_HRS_CLOSED","FATAL_COUNT","HEAVY_TRUCK_COUNT","HORSE_BUGGY_COUNT","HOUR_OF_DAY","ILLUMINATION","INJURY_COUNT","INTERSECT_TYPE","LANE_CLOSED","LATITUDE","LN_CLOSE_DIR","LOCATION_TYPE","LONGITUDE","MAX_SEVERITY_LEVEL","MCYCLE_DEATH_COUNT","MCYCLE_SUSP_SERIOUS_INJ_COUNT","MOTORCYCLE_COUNT","MUNICIPALITY","NONMOTR_COUNT","NONMOTR_DEATH_COUNT","NONMOTR_SUSP_SERIOUS_INJ_COUNT","NTFY_HIWY_MAINT","PED_COUNT","PED_DEATH_COUNT","PED_SUSP_SERIOUS_INJ_COUNT","PERSON_COUNT","POLICE_AGCY","POSSIBLE_INJ_COUNT","RDWY_SURF_TYPE_CD","RELATION_TO_ROAD","ROAD_CONDITION","SCH_BUS_IND","SCH_ZONE_IND","SMALL_TRUCK_COUNT","SPEC_JURIS_CD","SUSP_MINOR_INJ_COUNT","SUSP_SERIOUS_INJ_COUNT","SUV_COUNT","TCD_FUNC_CD","TCD_TYPE","TFC_DETOUR_IND","TIME_OF_DAY","TOT_INJ_COUNT","TOTAL_UNITS","UNB_DEATH_COUNT","UNB_SUSP_SERIOUS_INJ_COUNT","UNBELTED_OCC_COUNT","UNK_INJ_DEG_COUNT","UNK_INJ_PER_COUNT","URBAN_RURAL","VAN_COUNT","VEHICLE_COUNT","WORK_ZONE_IND","WORK_ZONE_LOC","WORK_ZONE_TYPE","WORKERS_PRES","WZ_CLOSE_DETOUR","WZ_FLAGGER","WZ_LAW_OFFCR_IND","WZ_LN_CLOSURE","WZ_MOVING","WZ_OTHER","WZ_SHLDER_MDN","ROADWAY_CLEARED","WEATHER1","WEATHER2","WZ_WORKERS_INJ_KILLED","SECONDARY_CRASH","INTERSECTION_RELATED"
"1807","2","0","0","0","0","0","0","0","0","2","0","","36","08","2021","2021079509","5","40.0581","-76.069","1807","08","0","0","1","0","0","0","0","0","","0","0","0","18","1","0","02","1","40 03:29.206","7","00","76 04:08.235","0","0","0","0","36221","0","0","0","N","0","0","0","2","68J01","0","","1","01","N","N","0","","0","0","0","0","0","N","1803","0","2","0","0","0","0","0","1","0","2","N","","","","","","","","","","","1830","03","","","N","N"
"1809","1","0","1","0","0","0","0","0","0","4","0","","36","04","2021","2021033633","5","40.0205","-76.3839","1805","08","0","0","0","0","0","0","1","0","","0","0","0","18","1","2","02","2","40 01:13.742","7","00","76 23:02.029","2","0","0","0","36223","0","0","0","N","0","0","0","3","36223","0","","1","01","N","N","0","","0","1","2","0","0","N","1804","2","3","0","0","0","1","0","1","0","3","N","","","","","","","","","","","1920","03","","","Y",""
"0447","1","0","0","0","0","0","0","0","0","0","0","","36","07","2021","2021077690","7","40.0967","-76.579","0440","08","0","0","0","0","0","0","0","0","","0","0","0","00","2","0","02","1","40 05:48.011","4","00","76 34:44.382","0","0","0","0","36211","0","0","0","N","0","0","0","1","36504","0","","5","01","N","N","0","","0","0","0","0","0","N","0030","0","1","0","0","0","0","0","1","0","1","N","","","","","","","","","","","0543","03","","","N","N"
"1743","1","0","0","0","0","0","0","0","0","1","0","","36","08","2021","2021079512","6","40.227","-76.3022","1724","08","0","0","0","0","0","1","0","0","","0","0","0","17","4","0","00","0","40 13:37.217","","00","76 18:07.788","0","0","0","0","36217","0","0","0","N","0","0","0","2","68J01","0","","1","01","N","N","1","","0","0","0","0","0","","1721","0","2","0","0","0","0","0","1","0","2","N","","","","","","","","","","","","07","","","N","N"
"1708","1","0","0","0","0","0","0","0","0","1","0","","36","04","2021","2021036618","5","40.1041","-76.0839","1707","08","0","0","0","0","1","1","0","0","","0","0","0","17","1","0","00","2","40 06:14.816","3","00","76 05:02.100","0","0","0","0","36415","0","0","0","N","0","0","0","3","36415","0","","1","01","N","N","1","","0","0","1","0","0","Y","1707","0","3","0","0","1","0","0","1","0","3","N","","","","","","","","","","","1747","03","03","","N","N"
"1148","3","0","0","0","0","0","0","0","0","4","0","","36","05","2021","2021039391","1","40.041","-76.2916","1143","08","0","0","0","0","0","0","0","1","","0","0","0","11","1","0","01","2","40 02:27.689","4","00","76 17:29.630","0","0","0","0","36301","0","0","0","N","0","0","0","2","36301","0","","1","01","N","N","0","","0","0","0","3","2","N","1141","0","3","0","0","0","0","0","3","0","3","N","","","","","","","","","","","1235","03","03","","Y","N"
"1700","2","0","0","0","0","0","0","0","0","2","0","","36","04","2021","2021036483","4","40.0403","-76.349","1654","08","0","0","0","0","0","0","0","0","","0","0","0","16","1","0","00","0","40 02:25.190","","00","76 20:56.340","0","0","0","0","36214","0","0","0","N","0","0","0","1","36214","0","","1","01","N","N","1","","0","0","0","0","0","","1653","0","3","0","0","0","0","0","3","0","3","N","","","","","","","","","","","","03","03","","Y","N"
"1535","0","0","0","0","0","0","0","0","0","4","1","","36","08","2021","2021078331","6","40.0763","-76.3379","1530","08","0","0","0","0","0","1","0","0","","0","1","0","15","1","0","00","1","40 04:34.783","3","02","76 20:16.603","0","0","0","0","36101","0","0","0","N","0","0","0","3","36101","0","","1","01","N","N","0","","0","0","1","0","0","N","1529","0","2","0","0","0","0","0","3","0","2","N","","","","","","","","","","","1735","03","03","","N","N"
"1602","1","0","0","0","0","0","0","0","0","5","0","","36","08","2021","2021080426","4","40.073","-76.3193","1600","08","0","0","0","0","0","0","1","0","","0","0","0","15","1","1","00","1","40 04:22.723","1","00","76 19:09.580","4","0","0","0","36101","0","0","0","N","0","0","0","2","36101","1","","1","01","N","N","0","","0","0","1","0","0","N","1558","1","2","0","0","0","0","0","3","0","2","N","","","","","","","","","","","1635","03","","","N","N"
"1122","1","0","0","0","0","0","0","0","0","7","0","","36","04","2021","2021033425","7","40.1503","-76.1693","1106","08","0","0","0","0","1","0","0","0","","0","0","0","11","1","0","00","0","40 09:01.201","","00","76 10:09.505","0","0","0","0","36238","0","0","0","N","0","0","0","1","36238","0","","2","01","N","N","0","","0","0","0","0","0","","1106","0","1","0","0","0","0","0","3","0","1","N","","","","","","","","","","","","03","","","N","N"
"1152","2","0","0","0","0","0","0","0","0","1","0","","36","04","2021","2021036564","7","40.2104","-76.1324","1148","08","0","0","0","0","0","0","0","1","","0","0","0","11","1","0","00","0","40 12:37.388","","00","76 07:56.697","0","0","0","0","36210","0","0","0","N","0","0","0","3","36210","0","","1","01","N","N","0","","0","0","0","0","0","","1148","0","3","0","0","0","0","0","1","1","3","N","","","","","","","","","","","","04","","","N","N"
"0840","1","0","0","0","0","0","0","0","0","5","0","","36","04","2021","2021034326","1","40.1072","-76.2494","0834","08","0","0","0","0","0","0","0","0","","0","0","0","08","1","0","00","0","40 06:25.827","","00","76 14:57.976","0","0","0","0","36101","0","0","0","N","0","0","0","3","36101","0","","1","09","N","N","0","","0","0","1","0","0","","0831","0","2","0","0","0","0","0","3","0","2","N","","","","","","","","","","","","07","04","","N","N"
"1927","1","0","0","0","0","0","0","0","0","8","0","","36","08","2021","2021079136","6","40.0223","-76.3207","1921","08","0","0","0","1","0","0","0","0","","0","0","0","19","1","1","01","1","40 01:20.323","1","00","76 19:14.383","8","0","0","0","36301","1","0","0","N","1","0","0","2","36301","0","","1","01","N","N","0","","0","0","0","3","3","Y","1919","1","2","0","0","0","1","0","3","0","1","N","","","","","","","","","","","1959","03","","","N","N"
"0833","0","0","0","0","0","0","0","0","0","7","0","","36","08","2021","2021079432","2","40.0906","-76.4918","0824","08","0","0","0","0","0","1","0","0","","0","0","0","08","1","0","00","1","40 05:26.027","2","00","76 29:30.364","9","0","0","0","36230","0","0","0","N","0","0","0","1","36410","0","","4","01","N","N","0","","0","0","1","0","0","N","0821","0","1","0","0","0","0","1","1","0","1","N","","","","","","","","","","","0900","04","","","N","N"
"2043","0","0","0","0","0","0","0","0","0","4","0","","36","08","2021","2021081493","7","40.133","-76.1129","2041","08","0","0","0","0","0","0","1","0","","0","0","0","20","2","1","01","2","40 07:58.926","7","00","76 06:46.330","3","0","0","0","36209","0","0","0","N","0","0","0","2","36415","0","","1","01","N","N","0","","1","0","2","3","3","Y","2039","1","2","0","0","0","0","0","1","0","2","N","","","","","","","","","","","0100","03","03","","N",""
"1506","2","0","0","0","0","0","0","0","0","1","0","","36","04","2021","2021036298","3","39.9006","-76.1528","1503","08","0","0","0","0","1","1","0","0","","0","0","0","15","1","1","02","0","39 54:02.284","","00","76 09:10.235","8","0","0","0","36416","0","0","0","N","0","0","0","3","36416","0","","1","01","N","N","0","","0","0","0","3","3","","1503","1","2","0","0","0","1","0","1","0","2","N","","","","","","","","","","","","03","","","N","N"
"0859","1","0","0","0","0","0","0","0","0","7","0","","36","08","2021","2021081995","4","40.0705","-76.323","0859","08","0","0","0","0","0","0","0","0","","0","0","0","05","3","0","00","0","40 04:13.676","","00","76 19:22.898","0","0","0","0","36101","0","0","0","N","0","0","0","1","36101","0","","2","99","N","N","0","","0","0","0","0","0","","0500","0","1","0","0","0","0","0","3","0","1","N","","","","","","","","","","","","99","","","N","N"
"1722","0","0","0","0","0","0","0","0","0","1","0","","36","08","2021","2021082184","5","40.0838","-76.273","1713","08","0","0","0","0","0","1","0","0","","0","0","0","17","1","0","00","1","40 05:01.819","2","00","76 16:22.900","0","0","0","0","36101","0","0","0","N","0","0","0","2","36101","0","","1","01","N","N","0","","0","0","2","0","0","N","1712","0","2","0","0","0","0","0","3","0","2","N","","","","","","","","","","","1620","03","03","","N","N"
"0022","0","0","0","0","0","0","0","0","0","5","1","","36","04","2021","2021034885","2","40.1473","-76.1838","0022","08","0","0","0","0","0","0","0","0","","0","1","0","00","6","0","00","0","40 08:50.242","","00","76 11:01.569","0","0","0","0","36238","1","0","0","N","0","0","0","2","36238","0","","1","08","N","N","1","","0","0","0","4","7","","0022","0","2","0","0","0","0","0","3","0","2","N","","","","","","","","","","","","07","","","Y","Y"
"0753","2","0","0","0","0","0","0","0","0","4","0","","36","08","2021","2021073678","7","40.0293","-76.3228","0753","08","0","0","0","0","0","0","0","0","","0","0","0","07","1","1","00","0","40 01:45.497","","00","76 19:22.018","3","0","0","0","36301","0","0","0","N","0","0","0","1","36301","0","","2","01","N","N","0","","1","0","0","0","0","","0706","1","2","0","0","0","0","0","3","0","2","N","","","","","","","","","","","","03","","","N","N"
"1943","2","0","0","0","0","0","0","0","0","4","0","","36","08","2021","2021078338","6","40.0347","-76.3062","1939","08","0","0","0","0","0","0","0","0","","0","0","0","19","4","1","01","0","40 02:04.844","","00","76 18:22.251","4","0","0","0","36301","0","0","0","N","0","0","0","4","36301","1","","1","01","N","N","0","","0","0","0","3","3","","1936","1","2","0","0","0","0","0","3","0","2","N","","","","","","","","","","","","03","03","","N","N"
"2102","0","0","0","0","0","0","0","0","0","7","0","","36","08","2021","2021079014","1","39.9647","-76.3609","2047","08","0","0","0","0","0","0","0","0","","0","0","0","20","2","0","00","2","39 57:52.882","5","00","76 21:39.358","0","0","0","0","36206","0","0","0","N","0","0","0","1","68J01","0","","4","01","N","N","0","","0","0","1","0","0","Y","2039","0","1","0","0","0","0","0","1","0","1","N","","","","","","","","","","","2350","03","","","N","N"
"1053","1","0","0","0","0","0","0","0","0","1","0","","36","04","2021","2021032927","7","40.0951","-76.3289","1048","08","0","0","0","0","0","1","0","0","","0","0","0","10","1","2","01","2","40 05:42.190","4","00","76 19:44.077","3","0","0","0","36101","0","0","0","N","0","0","0","2","36101","1","","1","01","N","N","0","","1","0","1","3","2","Y","1046","2","2","0","0","0","0","0","3","0","2","N","","","","","","","","","","","1140","03","03","","N",""
"2003","1","0","0","0","0","0","0","0","0","5","0","","36","07","2021","2021077820","6","40.0478","-76.3009","1959","08","0","0","0","0","0","0","0","0","","0","0","0","19","1","0","02","0","40 02:52.155","","00","76 18:03.250","0","0","0","0","36301","0","0","0","N","0","0","0","1","36301","0","","2","01","N","N","0","","0","0","2","0","0","","1956","0","3","0","0","0","0","0","3","0","3","N","","","","","","","","","","","","03","03","","N",""
"0035","1","0","0","0","0","0","0","0","0","0","0","","36","05","2021","2021039601","1","40.0747","-76.0739","0032","08","0","1","0","0","0","0","0","0","","0","0","0","00","2","1","01","1","40 04:28.922","3","00","76 04:25.954","3","0","0","0","36209","0","0","0","N","0","0","0","5","36415","0","","1","01","N","N","0","","1","0","0","3","3","N","0030","1","1","0","0","4","0","0","1","0","1","N","","","","","","","","","","","0132","03","03","","N",""
"1512","2","0","0","0","0","0","0","0","0","1","0","","36","04","2021","2021039087","1","40.0889","-76.1801","1509","08","0","0","0","0","0","1","0","0","","0","0","0","15","1","1","02","2","40 05:20.180","4","00","76 10:48.323","8","0","0","0","36234","0","0","0","N","0","0","0","2","36215","0","","1","01","N","N","0","","0","0","0","0","0","N","1505","1","2","0","0","0","1","0","1","0","2","N","","","","","","","","","","","1553","03","","","Y",""
"1136","1","0","0","0","0","0","0","0","0","1","0","","36","05","2021","2021039524","7","40.0386","-76.0735","1111","08","0","0","0","0","0","0","0","1","","0","0","0","11","1","0","00","1","40 02:18.837","4","00","76 04:24.481","0","0","0","0","36221","0","0","0","N","0","0","0","4","68J01","0","","1","01","N","N","0","","0","0","1","0","0","N","1107","0","2","0","0","1","0","0","1","0","2","N","","","","","","","","","","","1218","03","","","N","Y"
"1355","0","0","0","0","0","0","0","0","0","8","0","","36","08","2021","2021080607","3","40.0762","-76.3249","1353","08","0","0","0","0","0","0","1","0","","0","0","0","13","1","2","00","0","40 04:34.182","","07","76 19:29.491","3","0","0","0","36101","2","0","0","N","2","0","0","3","36101","0","","5","01","N","N","0","","2","0","1","0","0","","1352","2","3","0","0","0","0","0","3","0","1","N","","","","","","","","","","","","03","04","","N","N"
"1130","1","0","0","0","0","0","0","0","0","4","0","","36","08","2021","2021078329","2","40.1163","-76.3057","1123","08","0","0","0","0","1","0","1","1","","0","0","0","11","1","5","01","2","40 06:58.631","6","00","76 18:20.445","3","0","0","0","36101","0","0","0","N","0","0","0","8","36101","2","","1","01","N","N","0","","3","0","2","3","2","Y","1122","5","3","0","0","0","0","0","3","0","3","N","","","","","","","","","","","1232","04","04","","N",""
"1219","1","0","0","0","0","0","0","0","0","4","0","","36","04","2021","2021030693","7","40.1","-76.3556","1214","08","0","0","1","0","0","0","0","0","","0","0","0","12","1","0","01","0","40 05:59.944","","00","76 21:20.163","0","0","0","0","36406","0","0","0","N","0","0","0","2","36506","0","","1","01","N","N","0","","0","0","1","3","2","","1214","0","2","0","0","0","0","0","3","0","2","N","","","","","","","","","","","","03","03","","N",""
"0217","0","0","0","0","0","0","0","0","0","1","0","","36","04","2021","2021034452","7","40.0234","-76.3223","0214","08","0","0","0","0","0","0","0","0","","0","0","0","02","2","0","00","2","40 01:24.143","6","00","76 19:20.352","0","0","0","0","36220","0","0","0","N","0","0","0","2","36101","0","","2","01","N","N","1","","0","0","1","0","0","Y","0212","0","2","0","0","0","0","0","3","0","2","N","","","","","","","","","","","0258","03","","","N","N"
"1945","1","0","0","0","0","0","0","0","0","4","0","","36","08","2021","2021080608","7","40.0315","-76.2382","1940","08","0","0","0","0","0","0","1","0","","0","0","0","19","1","0","02","1","40 01:50.123","3","00","76 14:03.641","0","0","0","0","36215","0","0","0","Y","0","0","0","3","36215","0","","1","01","N","N","0","","0","0","1","3","3","N","1940","0","2","0","0","0","0","0","1","0","2","N","","","","","","","","","","","2030","03","03","","N",""
"2116","2","0","0","0","0","0","0","0","0","2","0","","36","08","2021","2021082001","6","40.144","-76.5556","2111","08","1","0","0","0","0","0","0","0","","0","0","0","21","3","1","00","2","40 08:38.494","7","00","76 33:20.091","3","0","0","0","36225","0","0","0","N","0","0","0","2","36505","0","","1","01","N","N","0","","1","0","0","3","2","N","2111","1","2","0","0","0","0","0","2","0","2","N","","","","","","","","","","","0100","03","03","","N","Y"
"1344","1","0","0","0","0","0","0","0","0","1","0","","36","04","2021","2021040384","5","40.0694","-76.307","1324","08","0","0","0","0","0","0","0","0","","0","0","0","13","1","0","00","0","40 04:09.664","","00","76 18:25.086","0","0","0","0","36101","0","0","0","N","0","0","0","2","36101","0","","1","09","N","N","0","","0","0","1","3","2","","1300","0","2","0","0","0","0","0","3","0","2","N","","","","","","","","","","","","07","","","N","Y"
"1651","1","0","0","0","0","0","0","0","0","7","0","","36","04","2021","2021036181","6","39.972","-75.9849","1640","08","0","0","0","0","0","0","0","0","","0","0","0","16","1","0","00","2","39 58:19.364","6","00","75 59:05.526","0","0","0","0","36231","0","0","0","N","0","0","0","1","68J01","0","","4","01","N","N","0","","0","0","0","0","0","Y","1638","0","1","0","0","1","0","0","1","0","1","N","","","","","","","","","","","1543","03","","","N","N"
"1834","1","0","0","0","0","0","0","0","0","7","0","","36","08","2021","2021078999","4","39.9576","-76.3361","1824","08","0","0","0","0","0","0","0","0","","0","0","0","18","1","1","00","0","39 57:27.460","","00","76 20:09.810","3","0","0","0","36206","0","0","0","N","0","0","0","3","68J01","0","","4","01","N","N","0","","1","0","0","0","0","","1821","1","1","0","0","0","0","0","1","0","1","N","","","","","","","","","","","","03","","","N","N"
"1531","0","0","0","0","0","0","0","0","0","7","0","","36","08","2021","2021077843","1","40.0286","-76.2984","1529","08","0","0","0","0","0","0","0","0","","0","0","0","15","1","1","00","2","40 01:43.120","6","00","76 17:54.368","3","0","0","0","36301","0","0","0","N","0","0","0","1","36301","0","","5","01","N","N","0","","1","0","1","0","0","Y","1527","1","1","0","0","1","0","0","3","0","1","N","","","","","","","","","","","1626","03","","","N","N"
"0708","0","0","0","0","0","0","0","0","0","4","1","","36","08","2021","2021079936","2","40.2176","-76.1151","0701","08","0","0","0","1","0","0","0","0","","0","1","0","07","1","1","01","0","40 13:03.201","","00","76 06:54.372","3","0","0","0","36210","0","0","0","N","0","0","0","3","36210","0","","1","09","N","N","1","","1","0","0","3","2","","0701","1","2","0","0","0","0","0","1","0","2","N","","","","","","","","","","","","04","","","N","N"
"0400","0","0","0","0","0","0","0","0","0","7","0","","36","04","2021","2021032435","6","40.071","-76.3259","0353","08","0","0","0","0","0","0","0","0","","0","0","0","03","3","0","00","1","40 04:16.167","4","00","76 19:31.743","0","0","0","0","36101","0","0","0","N","0","0","0","1","36101","0","","4","02","N","N","1","","0","0","0","0","0","N","0353","0","1","0","0","0","0","0","3","0","1","N","","","","","","","","","","","0440","10","10","","N","N"
"2130","1","0","0","0","0","0","0","0","0","7","0","","36","08","2021","2021079645","2","40.0167","-76.3237","2123","08","0","0","0","0","0","0","0","0","","0","0","0","21","2","1","02","2","40 01:00.249","4","00","76 19:25.434","3","0","0","0","36220","0","0","0","N","0","0","0","4","36101","0","","5","09","N","N","0","","1","0","0","0","0","N","2122","1","1","0","0","0","0","0","3","0","1","N","","","","","","","","","","","1035","04","04","","N",""
"2050","0","0","0","0","0","0","0","0","0","7","1","","36","08","2021","2021082094","5","39.7384","-76.1573","2039","08","0","0","0","0","0","0","0","0","","0","1","0","20","2","2","00","1","39 44:18.311","5","07","76 09:26.352","3","0","0","0","36219","0","0","0","N","0","0","0","3","68J01","0","","5","01","N","N","0","","2","0","1","0","0","N","2038","2","2","0","0","0","0","0","1","0","2","N","","","","","","","","","","","2115","03","03","","N","N"
"1139","2","0","0","0","0","0","0","0","0","1","0","","36","04","2021","2021039282","1","40.0103","-76.3444","1134","08","0","0","0","0","0","0","0","0","","0","0","0","11","1","0","00","0","40 00:37.138","","00","76 20:39.911","0","0","0","0","36220","0","0","0","N","0","0","0","2","36412","0","","1","01","N","N","0","","0","0","0","0","0","","1134","0","2","0","0","0","0","0","3","0","2","N","","","","","","","","","","","","03","","","N","N"
"0356","0","0","0","0","0","0","0","0","0","4","0","","36","04","2021","2021030896","7","40.0424","-76.2938","0350","08","0","0","0","0","0","0","0","0","","0","0","0","03","3","0","01","1","40 02:32.780","1","00","76 17:37.618","9","0","0","0","36301","0","0","0","N","0","0","0","2","36301","0","","1","01","N","N","0","","0","0","1","3","3","N","0348","0","2","0","0","0","0","1","3","0","2","N","","","","","","","","","","","0356","03","","","N",""
"0357","1","0","0","0","0","0","0","0","0","7","0","","36","04","2021","2021032436","6","40.0709","-76.3239","0357","08","0","0","0","0","0","0","0","0","","0","0","0","03","3","0","00","0","40 04:15.405","","00","76 19:26.135","0","0","0","0","36101","0","0","0","N","0","0","0","1","36101","0","","2","02","N","N","0","","0","0","0","0","0","","0334","0","1","0","0","0","0","0","3","0","1","N","","","","","","","","","","","","06","","","N","N"
"1455","0","0","0","0","0","0","0","0","0","7","0","","36","08","2021","2021080275","7","40.0812","-76.2392","1454","08","0","0","0","0","0","0","1","0","","0","0","0","14","1","1","00","1","40 04:52.154","3","00","76 14:21.166","3","0","0","0","36215","0","0","0","N","0","0","0","2","36215","0","","2","01","N","N","0","","1","0","2","0","0","N","1446","1","2","0","0","0","0","0","1","0","2","N","","","","","","","","","","","1555","03","03","","N","N"
"2155","0","0","0","0","0","0","0","0","0","5","0","","36","04","2021","2021036097","6","40.2117","-76.2342","2146","08","0","0","0","0","0","0","0","0","","0","0","0","21","2","0","00","0","40 12:42.268","","00","76 14:02.953","0","0","0","0","36204","0","0","0","N","0","0","0","3","36506","0","","1","01","N","N","0","","0","0","2","0","0","","2136","0","2","0","0","0","0","0","1","0","2","N","","","","","","","","","","","","03","","","N","N"
"1352","0","0","0","0","0","0","0","0","0","1","1","","36","08","2021","2021079003","6","40.1486","-75.9042","1327","08","0","0","0","1","1","0","0","0","","0","1","0","13","1","0","02","1","40 08:54.976","2","00","75 54:14.945","0","0","0","0","36203","0","0","0","N","0","0","0","3","68J01","0","","1","01","N","N","0","","0","0","2","0","0","N","1326","0","3","0","0","0","0","0","1","0","3","N","","","","","","","","","","","1430","03","","","N","N"
"0157","1","0","0","0","0","0","0","0","0","7","0","","36","04","2021","2021033389","7","40.2353","-76.1386","0151","08","0","0","0","0","0","0","0","0","","0","0","0","01","3","0","00","0","40 14:07.243","","00","76 08:18.986","0","0","0","0","36405","0","0","0","N","0","0","0","1","36210","0","","4","09","N","N","0","","0","0","0","0","0","","0151","0","1","0","0","0","0","0","1","0","1","N","","","","","","","","","","","","03","03","","N","Y"
"1622","2","0","0","0","0","0","0","0","0","5","0","","36","04","2021","2021034829","3","40.1728","-76.5942","1618","08","0","0","0","0","0","0","0","0","","0","0","0","16","1","1","00","1","40 10:21.933","3","00","76 35:39.159","3","0","0","0","36225","0","0","0","N","0","0","0","2","36505","0","","1","01","N","N","0","","1","0","0","0","0","Y","1618","1","2","0","0","0","0","0","2","0","2","N","","","","","","","","","","","1703","03","03","","N","N"
"1334","1","0","0","0","0","0","0","0","0","4","0","","36","04","2021","2021032399","2","40.0332","-76.4974","1330","08","0","0","0","0","0","0","1","0","","0","0","0","13","1","1","00","1","40 01:59.385","5","00","76 29:50.516","8","0","0","0","36404","0","0","0","N","0","0","0","2","36404","0","","1","01","N","N","0","","0","0","1","0","0","N","1330","1","2","0","0","0","1","0","3","0","2","N","","","","","","","","","","","1402","03","","","Y","N"
"0706","1","0","0","0","0","0","0","0","0","7","0","","36","07","2021","2021080368","1","39.9893","-75.9927","0655","08","0","0","0","0","1","0","0","0","","0","0","0","06","5","1","00","1","39 59:21.556","3","00","75 59:33.892","8","0","0","0","36232","0","0","0","Y","0","0","0","1","68J01","0","","4","09","N","N","0","","0","0","0","0","0","N","0650","1","1","0","0","0","1","0","1","0","1","N","","","","","","","","","","","0808","07","","","N","N"
"2225","1","0","0","0","0","0","0","0","0","1","0","","36","08","2021","2021078815","1","40.1884","-76.0011","2215","08","0","0","0","0","0","0","0","0","","0","0","0","22","2","0","00","0","40 11:17.978","","00","76 00:03.830","0","0","0","0","36202","0","0","0","N","0","0","0","2","68T06","0","","1","01","N","N","1","","0","0","0","0","0","","2215","0","2","0","0","0","0","0","1","0","2","N","","","","","","","","","","","","03","","","N","N"
"1650","0","0","0","0","0","0","0","0","0","1","0","","36","04","2021","2021032437","2","40.0043","-76.3358","1644","08","0","0","0","0","0","0","0","1","","0","0","0","16","1","0","00","1","40 00:15.368","2","00","76 20:08.844","0","0","0","0","36220","0","0","0","N","0","0","0","3","36101","0","","1","01","N","N","0","","0","0","1","0","0","N","1641","0","2","0","0","0","0","0","3","1","2","N","","","","","","","","","","","1730","03","","","N","N"
"2351","2","0","0","0","0","0","0","0","0","1","0","","36","08","2021","2021078164","2","40.2247","-76.0941","2347","08","0","0","0","1","0","0","1","0","","0","0","0","23","3","0","00","0","40 13:28.987","","00","76 05:38.818","0","0","0","0","36210","0","0","0","N","0","0","0","4","36210","0","","1","01","N","N","0","","0","0","0","0","0","","2347","0","2","0","0","0","0","0","1","0","2","N","","","","","","","","","","","","03","","","N","N"
"0716","1","0","0","0","0","0","0","0","0","1","0","","36","04","2021","2021034820","6","40.1041","-76.0845","0715","08","0","0","0","0","0","2","0","0","","0","0","0","07","1","0","02","0","40 06:14.710","","00","76 05:04.321","0","0","0","0","36415","0","0","0","N","0","0","0","2","36415","0","","1","01","N","N","0","","0","0","0","0","0","","0713","0","2","0","0","0","0","0","1","1","2","N","","","","","","","","","","","","03","","","N",""
"1131","0","0","0","0","0","0","0","0","0","7","0","","36","04","2021","2021035819","1","40.0033","-76.148","1115","08","0","0","0","0","0","0","0","0","","0","0","0","11","1","1","00","0","40 00:11.711","","00","76 08:52.675","3","0","0","0","36226","0","0","0","N","0","0","0","1","68J01","0","","4","09","N","N","0","","1","0","1","0","0","","1113","1","1","0","0","0","0","0","1","0","1","N","","","","","","","","","","","","04","04","","N","N"
"1500","1","0","0","0","0","0","0","0","0","1","0","","36","04","2021","2021034019","3","40.0762","-76.216","1456","08","0","0","0","0","0","1","0","0","","0","0","0","14","1","1","00","2","40 04:34.244","3","07","76 12:57.595","3","0","0","0","36234","0","0","0","N","0","0","0","2","36215","0","","1","01","N","N","0","","1","0","0","0","0","N","1454","1","2","0","0","0","0","0","1","1","2","N","","","","","","","","","","","1605","03","03","","N","N"
"1704","1","0","0","0","0","0","0","0","0","7","0","","36","08","2021","2021079427","1","40.0707","-76.3206","1653","08","0","0","0","0","0","0","0","0","","0","0","0","16","1","1","00","0","40 04:14.454","","00","76 19:14.272","3","0","0","0","36101","0","0","0","N","0","0","0","2","36101","0","","2","01","N","N","0","","1","0","0","0","0","","1647","1","1","0","0","0","0","0","3","0","1","N","","","","","","","","","","","","03","04","","N","N"
"1657","1","0","0","0","0","0","0","0","0","4","0","","36","07","2021","2021080025","3","40.0388","-76.1442","1647","08","0","0","0","0","0","0","1","0","","0","0","0","16","1","1","02","1","40 02:19.524","4","00","76 08:38.991","3","0","0","0","36221","0","0","0","N","0","0","0","2","68J01","0","","1","01","N","N","1","","1","0","0","3","3","Y","1646","1","2","0","0","0","0","0","1","0","2","N","","","","","","","","","","","1800","03","03","","N","Y"