"ARRIVAL_TM","AUTOMOBILE_COUNT","BELTED_DEATH_COUNT","BELTED_SUSP_SERIOUS_INJ_COUNT","BICYCLE_COUNT","BICYCLE_DEATH_COUNT","BICYCLE_SUSP_SERIOUS_INJ_COUNT","BUS_COUNT","CHLDPAS_DEATH_COUNT","CHLDPAS_SUSP_SERIOUS_INJ_COUNT","COLLISION_TYPE","COMM_VEH_COUNT","CONS_ZONE_SPD_LIM","COUNTY","CRASH_MONTH","CRASH_YEAR","CRN","DAY_OF_WEEK","DEC_LAT","DEC_LONG","DISPATCH_TM","DISTRICT","DRIVER_COUNT_16YR","DRIVER_COUNT_17YR","DRIVER_COUNT_18YR","DRIVER_COUNT_19YR","DRIVER_COUNT_20YR","DRIVER_COUNT_50_64YR","DRIVER_COUNT_65_74YR","DRIVER_COUNT_75PLUS","EST_HRS_CLOSED","FATAL_COUNT","HEAVY_TRUCK_COUNT","HORSE_BUGGY_COUNT","HOUR_OF_DAY","ILLUMINATION","INJURY_COUNT","INTERSECT_TYPE","LANE_CLOSED","LATITUDE","LN_CLOSE_DIR","LOCATION_TYPE","LONGITUDE","MAX_SEVERITY_LEVEL","MCYCLE_DEATH_COUNT","MCYCLE_SUSP_SERIOUS_INJ_COUNT","MOTORCYCLE_COUNT","MUNICIPALITY","NONMOTR_COUNT","NONMOTR_DEATH_COUNT","NONMOTR_SUSP_SERIOUS_INJ_COUNT","NTFY_HIWY_MAINT","PED_COUNT","PED_DEATH_COUNT","PED_SUSP_SERIOUS_INJ_COUNT","PERSON_COUNT","POLICE_AGCY","POSSIBLE_INJ_COUNT","RDWY_SURF_TYPE_CD","RELATION_TO_ROAD","ROAD_CONDITION","SCH_BUS_IND","SCH_ZONE_IND","SMALL_TRUCK_COUNT","SPEC_JURIS_CD","SUSP_MINOR_INJ_COUNT","SUSP_SERIOUS_INJ_COUNT","SUV_COUNT","TCD_FUNC_CD","TCD_TYPE","TFC_DETOUR_IND","TIME_OF_DAY","TOT_INJ_COUNT","TOTAL_UNITS","UNB_DEATH_COUNT","UNB_SUSP_SERIOUS_INJ_COUNT","UNBELTED_OCC_COUNT","UNK_INJ_DEG_COUNT","UNK_INJ_PER_COUNT","URBAN_RURAL","VAN_COUNT","VEHICLE_COUNT","WORK_ZONE_IND","WORK_ZONE_LOC","WORK_ZONE_TYPE","WORKERS_PRES","WZ_CLOSE_DETOUR","WZ_FLAGGER","WZ_LAW_OFFCR_IND","WZ_LN_CLOSURE","WZ_MOVING","WZ_OTHER","WZ_SHLDER_MDN","ROADWAY_CLEARED","WEATHER1","WEATHER2","WZ_WORKERS_INJ_KILLED","SECONDARY_CRASH","INTERSECTION_RELATED"
"1606","2","0","0","0","0","0","0","0","0","1","0","","36","08","2021","2021075732","6","40.0389","-76.3119","1558","08","0","0","0","1","0","0","0","0","","0","0","0","15","1","1","00","1","40 02:19.966","4","00","76 18:43.017","8","0","0","0","36301","0","0","0","N","0","0","0","6","36301","0","","1","01","N","N","0","","0","0","0","0","0","N","1556","1","2","0","0","0","1","0","3","0","2","N","","","","","","","","","","","1645","04","04","","N","N"
"2050","1","0","0","0","0","0","0","0","0","0","0","","36","04","2021","2021037774","3","40.0329","-76.5037","2047","08","0","0","0","0","0","0","0","0","","0","0","0","20","3","0","01","1","40 01:58.364","2","00","76 30:13.291","0","0","0","0","36404","0","0","0","N","0","0","0","1","36404","0","","1","01","N","N","1","","0","0","0","0","0","N","2047","0","2","0","0","0","0","0","3","0","2","N","","","","","","","","","","","0030","03","03","","N",""
"0315","1","0","0","0","0","0","0","0","0","7","0","","36","04","2021","2021045069","1","39.9873","-76.0232","0305","08","0","0","0","0","0","0","0","0","","0","0","0","03","2","0","00","1","39 59:14.440","4","00","76 01:23.402","0","0","0","0","36232","0","0","0","N","0","0","0","1","68J01","0","","4","09","N","N","0","","0","0","0","0","0","N","0303","0","1","0","0","0","0","0","1","0","1","N","","","","","","","","","","","0400","07","","","N","N"
"1440","1","0","0","0","0","0","0","0","0","1","0","","36","04","2021","2021036563","5","40.2274","-76.1464","1437","08","1","1","0","0","0","0","0","0","","0","0","0","14","1","0","00","1","40 13:38.800","1","00","76 08:47.200","0","0","0","0","36405","0","0","0","N","0","0","0","2","36210","0","","1","01","N","N","1","","0","0","0","3","8","N","1437","0","2","0","0","0","0","0","1","0","2","N","","","","","","","","","","","1500","03","","","N","N"
"1605","1","0","0","0","0","0","0","0","0","1","0","","36","04","2021","2021040573","2","40.0242","-76.2411","1603","08","0","1","0","0","0","0","0","1","","0","0","0","16","1","0","00","2","40 01:26.979","2","00","76 14:28.045","0","0","0","0","36215","0","0","0","N","0","0","0","6","36215","0","","1","01","N","N","1","","0","0","1","0","0","N","1601","0","3","0","0","0","0","0","1","0","3","N","","","","","","","","","","","1734","03","03","","N","N"
"1458","0","0","0","0","0","0","0","0","0","1","0","","36","04","2021","2021034169","1","40.0388","-76.3584","1449","08","0","0","0","0","0","0","0","1","","0","0","0","14","1","0","02","2","40 02:19.696","4","00","76 21:30.268","0","0","0","0","36223","0","0","0","N","0","0","0","4","36214","0","","1","01","N","N","0","","0","0","2","0","0","Y","1444","0","2","0","0","0","0","0","1","0","2","N","","","","","","","","","","","1540","03","03","","N",""
"1216","1","0","0","0","0","0","0","0","0","7","0","","36","04","2021","2021034290","5","40.0509","-76.2576","1204","08","0","0","0","1","0","0","0","0","","0","0","0","12","1","4","00","1","40 03:03.094","4","00","76 15:27.508","3","0","0","0","36301","0","0","0","N","0","0","0","4","36301","0","","3","01","N","N","0","","2","0","0","0","0","N","1203","4","1","0","0","4","2","0","3","0","1","N","","","","","","","","","","","1304","03","","","Y","N"
"1038","1","0","0","0","0","0","0","0","0","1","2","","36","08","2021","2021075378","5","40.1802","-76.1796","1033","08","0","1","0","0","0","0","1","0","","0","2","0","10","1","0","00","1","40 10:48.557","3","00","76 10:46.476","0","0","0","0","36408","0","0","0","N","0","0","0","4","36408","0","","1","01","N","N","0","","0","0","0","0","0","Y","1033","0","3","0","0","0","0","0","2","0","3","N","","","","","","","","","","","1100","03","","","N","N"
"2206","1","0","0","0","0","0","0","0","0","1","0","","36","08","2021","2021079000","4","39.9747","-76.2795","2200","08","0","0","0","0","0","0","0","0","","0","0","0","21","3","0","00","0","39 58:28.760","","00","76 16:46.219","0","0","0","0","36228","0","0","0","N","0","0","0","5","68J01","0","","1","01","N","N","0","","0","0","1","0","0","","2157","0","2","0","0","0","0","0","1","0","2","N","","","","","","","","","","","","03","","","N","N"
"1754","0","0","0","0","0","0","0","0","0","8","0","","36","04","2021","2021036527","7","40.0388","-76.111","1742","08","0","0","0","0","0","1","0","0","","0","0","0","17","1","1","02","1","40 02:19.833","3","07","76 06:39.712","8","0","0","0","36221","1","0","0","N","1","0","0","2","68J01","0","","1","01","N","N","0","","0","0","0","3","2","Y","1741","1","2","0","0","0","1","0","1","1","1","N","","","","","","","","","","","1815","03","","","N","N"
"1324","1","0","0","0","0","0","0","0","0","7","0","","36","04","2021","2021034477","4","40.1266","-76.7143","1324","08","0","0","0","0","0","0","0","0","","0","0","0","13","1","2","00","2","40 07:35.791","5","03","76 42:51.544","8","0","0","0","36207","0","0","0","N","0","0","0","3","36504","0","","4","01","N","N","0","","0","0","0","3","1","Y","1324","2","1","0","0","1","2","0","1","0","1","N","","","","","","","","","","","1443","03","03","","N","N"
"1535","0","0","0","0","0","0","0","0","0","1","0","","36","04","2021","2021031223","1","39.9854","-76.3143","1533","08","0","0","0","0","0","0","0","0","","0","0","0","15","1","0","00","0","39 59:07.586","","00","76 18:51.596","0","0","0","1","36228","0","0","0","N","0","0","0","3","36228","0","","1","01","N","N","0","","0","0","1","0","0","","1533","0","2","0","0","0","0","0","1","0","2","N","","","","","","","","","","","","03","","","N","N"
"0449","1","0","0","0","0","0","0","0","0","7","0","","36","08","2021","2021079989","5","39.9948","-76.0387","0439","08","0","0","0","0","0","0","0","0","","0","0","0","04","2","0","00","1","39 59:41.123","3","00","76 02:19.171","0","0","0","0","36232","0","0","0","N","0","0","0","1","68J01","0","","4","01","N","N","0","","0","0","0","0","0","N","0438","0","1","0","0","0","0","0","1","0","1","N","","","","","","","","","","","0100","03","","","N","N"
"1121","0","0","0","0","0","0","0","0","0","1","0","","36","04","2021","2021033271","7","40.1144","-76.5217","1117","08","0","0","0","0","0","1","0","0","","0","0","0","11","1","0","00","0","40 06:51.792","","00","76 31:18.288","0","0","0","0","36413","0","0","0","N","0","0","0","2","36413","0","","1","01","N","N","0","","0","0","1","0","0","","1117","0","2","0","0","0","0","0","2","1","2","N","","","","","","","","","","","","03","","","N","Y"
"0739","1","0","0","0","0","0","0","0","0","7","0","","36","04","2021","2021034827","6","40.1341","-76.5425","0731","08","0","0","0","0","0","0","0","0","","0","0","0","07","1","0","00","0","40 08:02.782","","00","76 32:32.938","9","0","0","0","36225","0","0","0","N","0","0","0","1","36505","0","","3","09","N","N","0","","0","0","0","0","0","","0728","0","1","0","0","0","0","1","2","0","1","N","","","","","","","","","","","","07","","","N","N"
"1738","1","0","0","0","0","0","0","0","0","7","0","","36","04","2021","2021047130","2","39.7806","-76.099","1723","08","0","0","0","1","0","0","0","0","","0","0","0","17","1","1","00","2","39 46:50.171","6","00","76 05:56.489","3","0","0","0","36222","0","0","0","Y","0","0","0","1","68J01","0","","4","01","N","N","0","","1","0","0","0","0","Y","1716","1","1","0","0","0","0","0","1","0","1","N","","","","","","","","","","","2000","03","","","N","N"
"1920","0","0","0","0","0","0","0","0","0","7","0","","36","04","2021","2021032965","6","39.9299","-76.2318","1915","08","0","0","0","0","0","1","0","0","","0","0","0","19","1","0","00","2","39 55:47.720","6","00","76 13:54.570","0","0","0","0","36229","0","0","0","N","0","0","0","1","68J01","0","","5","01","N","N","1","","0","0","0","0","0","Y","1912","0","1","0","0","0","0","0","1","0","1","N","","","","","","","","","","","2200","03","","","N","N"
"1530","1","0","0","0","0","0","0","0","0","4","0","","36","04","2021","2021032581","6","40.1432","-76.5954","1530","08","0","0","0","0","0","0","0","0","","0","0","0","15","1","1","01","0","40 08:35.361","","00","76 35:43.526","4","0","0","0","36407","0","0","0","N","0","0","0","2","36407","1","","1","01","N","N","0","","0","0","1","3","3","","1530","1","2","0","0","0","0","0","2","0","2","N","","","","","","","","","","","","03","03","","N",""
"1252","0","0","0","0","0","0","0","0","0","1","1","","36","08","2021","2021078004","3","40.0793","-76.2947","1245","08","0","0","0","0","0","0","1","0","","0","1","0","12","1","0","00","0","40 04:45.606","","00","76 17:41.028","0","0","0","0","36101","0","0","0","N","0","0","0","2","36101","0","","1","01","N","N","0","","0","0","1","0","0","","1242","0","2","0","0","0","0","0","3","0","2","N","","","","","","","","","","","","03","03","","N","Y"
"1555","0","0","1","0","0","0","0","0","0","4","0","","36","08","2021","2021080277","5","40.2203","-76.4404","1548","08","0","0","1","0","0","0","0","1","","0","0","0","15","1","3","02","2","40 13:12.958","7","00","76 26:25.539","2","0","0","0","36230","0","0","0","N","0","0","0","3","36410","1","","1","01","N","N","0","","1","1","3","3","3","N","1545","3","3","0","0","0","0","0","1","0","3","N","","","","","","","","","","","1630","03","","","N",""
"1848","1","0","0","0","0","0","0","0","0","7","0","","36","08","2021","2021078695","7","40.0156","-76.26","1843","08","0","0","0","0","0","0","0","0","","0","0","0","18","1","0","01","1","40 00:56.002","4","00","76 15:35.886","0","0","0","0","36240","0","0","0","N","0","0","0","2","36240","0","","4","01","N","N","0","","0","0","0","3","2","N","1842","0","1","0","0","0","0","0","1","0","1","N","","","","","","","","","","","1954","03","03","","N","N"
"1718","0","0","0","0","0","0","0","0","0","4","0","","36","04","2021","2021032156","5","40.2448","-76.1041","1715","08","0","0","0","0","0","2","0","0","","0","0","0","17","1","0","01","0","40 14:41.207","","00","76 06:14.899","0","0","0","0","36210","0","0","0","N","0","0","0","2","36210","0","","1","01","N","N","1","","0","0","1","0","0","","1715","0","2","0","0","0","0","0","1","0","2","N","","","","","","","","","","","","03","","","N","N"
"1334","1","0","0","0","0","0","0","0","0","1","0","","36","04","2021","2021034425","1","40.0384","-76.506","1332","08","0","0","0","0","0","1","0","0","","0","0","0","13","1","0","02","0","40 02:18.362","","02","76 30:21.730","0","0","0","0","36404","0","0","0","N","0","0","0","4","36404","0","","1","01","N","N","1","","0","0","0","3","3","","1330","0","2","0","0","0","0","0","3","0","2","N","","","","","","","","","","","","03","","","N",""
"1635","1","0","0","0","0","0","0","0","0","7","0","","36","07","2021","2021080023","7","40.2069","-76.0316","1618","08","0","0","0","0","0","0","0","0","","0","0","0","16","1","0","00","2","40 12:24.808","7","00","76 01:53.732","0","0","0","0","36202","0","0","0","N","0","0","0","2","68J01","0","","4","09","N","N","0","","0","0","0","0","0","Y","1614","0","1","0","0","1","0","0","1","0","1","N","","","","","","","","","","","1735","07","04","","N","N"
"1122","0","0","0","0","0","0","0","0","0","3","0","","36","04","2021","2021031605","6","40.0477","-76.4215","1118","08","1","0","0","0","0","1","0","0","","0","0","0","11","1","1","02","1","40 02:51.589","3","00","76 25:17.327","4","0","0","0","36239","0","0","0","N","0","0","0","2","36239","1","","1","01","N","N","1","","0","0","1","0","0","N","1118","1","2","0","0","0","0","0","3","0","2","N","","","","","","","","","","","1155","03","","","N",""
"1818","1","0","0","0","0","0","0","0","0","1","0","","36","08","2021","2021077231","5","40.0273","-76.3037","1808","08","0","0","0","0","0","0","1","0","","0","0","0","18","1","0","02","0","40 01:38.209","","00","76 18:13.347","0","0","0","0","36301","0","0","0","N","0","0","0","2","36301","0","","1","01","N","N","0","","0","0","1","3","2","","1808","0","2","0","0","0","0","0","3","0","2","N","","","","","","","","","","","","03","03","","N","N"
"1625","0","0","0","0","0","0","0","0","0","1","0","","36","04","2021","2021036259","6","40.1732","-76.1965","1622","08","0","0","0","0","0","2","1","0","","0","0","0","16","1","1","00","1","40 10:23.696","2","00","76 11:47.346","8","0","0","0","36408","0","0","0","N","0","0","0","6","36408","0","","1","01","N","N","1","","0","0","2","0","0","N","1620","1","3","0","0","0","1","0","2","0","3","N","","","","","","","","","","","1703","03","","","N","N"
"1421","1","0","0","0","0","0","0","0","0","6","0","","36","08","2021","2021078157","6","40.2331","-76.0783","1417","08","0","0","1","0","0","1","0","0","","0","0","0","14","1","0","01","0","40 13:59.165","","00","76 04:42.021","0","0","0","0","36210","0","0","0","N","0","0","0","2","36210","0","","1","01","N","N","1","","0","0","0","3","2","","1417","0","2","0","0","0","0","0","1","0","2","N","","","","","","","","","","","","03","","","N","N"
"1850","1","0","0","0","0","0","0","0","0","4","0","","36","04","2021","2021030899","6","40.0389","-76.2971","1844","08","0","0","0","0","0","0","0","0","","0","0","0","18","1","1","01","1","40 02:20.042","3","00","76 17:49.594","3","0","0","0","36301","0","0","0","N","0","0","0","3","36301","0","","1","01","N","N","0","","1","0","1","3","2","N","1841","1","2","0","0","0","0","0","3","0","2","N","","","","","","","","","","","1943","03","03","","N",""
"1545","0","0","0","0","0","0","0","0","0","4","0","","36","04","2021","2021033424","2","40.1039","-76.1735","1538","08","0","0","0","0","0","0","0","0","","0","0","0","15","1","2","01","0","40 06:13.892","","00","76 10:24.693","3","0","0","0","36238","0","0","0","N","0","0","0","3","36238","0","","1","01","N","N","0","","2","0","2","3","3","","1538","2","2","0","0","0","0","0","3","0","2","N","","","","","","","","","","","","03","","","N","N"
"1708","1","0","0","0","0","0","0","0","0","0","0","","36","08","2021","2021080091","1","40.0937","-76.284","1705","08","0","0","0","0","0","0","1","0","","0","0","0","16","1","0","00","0","40 05:37.450","","00","76 17:02.460","0","0","0","0","36101","0","0","0","N","0","0","0","1","36101","0","","1","01","N","N","0","","0","0","0","0","0","","1642","0","1","0","0","1","0","0","3","0","1","N","","","","","","","","","","","","03","03","","N","N"
"1849","2","0","0","0","0","0","0","0","0","6","0","","36","04","2021","2021034268","1","39.9971","-76.0509","1838","08","0","0","1","0","0","0","0","0","","0","0","0","18","1","1","00","1","39 59:49.552","4","00","76 03:03.215","3","0","0","0","36232","0","0","0","N","0","0","0","2","68J01","0","","1","01","N","N","0","","1","0","0","0","0","N","1832","1","2","0","0","0","0","0","1","0","2","N","","","","","","","","","","","2000","03","03","","N","N"
"1527","1","0","0","0","0","0","0","0","0","7","0","","36","08","2021","2021078998","4","39.9084","-76.3156","1513","08","0","0","0","0","1","0","0","0","","0","0","0","15","1","0","00","1","39 54:30.225","1","00","76 18:56.196","0","0","0","0","36224","0","0","0","N","0","0","0","1","68J01","0","","4","01","N","N","0","","0","0","0","0","0","N","1507","0","1","0","0","0","0","0","1","0","1","N","","","","","","","","","","","1600","03","","","N","N"
"2005","0","0","0","0","0","0","0","0","0","8","0","","36","04","2021","2021030901","1","40.0638","-76.332","2002","08","0","0","0","0","0","0","0","0","","0","0","0","20","3","1","00","0","40 03:49.606","","00","76 19:55.314","8","0","0","0","36301","1","0","0","N","1","0","0","2","36301","0","","1","01","N","N","0","","0","0","1","0","0","","2002","1","2","0","0","0","1","0","3","0","1","N","","","","","","","","","","","","03","03","","N","N"
"0845","2","0","0","0","0","0","0","0","0","1","0","","36","04","2021","2021034699","6","40.0379","-76.2745","0841","08","0","0","0","0","0","0","0","0","","0","0","0","08","1","0","02","1","40 02:16.615","3","00","76 16:28.361","0","0","0","0","36220","0","0","0","N","0","0","0","3","36101","0","","1","01","N","N","0","","0","0","0","3","2","N","0839","0","2","0","0","0","0","0","3","0","2","N","","","","","","","","","","","0929","03","","","N",""
"1935","1","0","0","0","0","0","0","0","0","7","0","","36","08","2021","2021080428","5","40.0593","-76.3631","1930","08","0","0","0","0","0","0","0","0","","0","0","0","19","1","1","00","1","40 03:34.011","3","00","76 21:46.544","8","0","0","0","36214","0","0","0","N","0","0","0","1","36214","0","","5","01","N","N","0","","0","0","0","0","0","N","1928","1","1","0","0","0","1","0","3","0","1","N","","","","","","","","","","","2030","03","03","","N","N"
"1549","1","0","0","0","0","0","0","0","0","4","0","","36","08","2021","2021079433","6","40.1818","-76.4945","1543","08","0","0","1","0","1","0","0","0","","0","0","0","15","1","0","01","1","40 10:54.338","6","00","76 29:40.023","0","0","0","0","36230","0","0","0","N","0","0","0","2","36410","0","","1","01","N","N","1","","0","0","0","3","3","Y","1542","0","2","0","0","0","0","0","1","0","2","N","","","","","","","","","","","1620","03","03","","N",""
"1544","1","0","0","0","0","0","0","0","0","7","0","","36","08","2021","2021079506","4","39.8575","-76.2976","1516","08","0","0","0","0","1","0","0","0","","0","0","0","15","1","0","00","1","39 51:27.176","4","00","76 17:51.532","0","0","0","0","36224","0","0","0","N","0","0","0","1","68J01","0","","4","01","N","N","0","","0","0","0","0","0","N","1501","0","1","0","0","0","0","0","1","0","1","N","","","","","","","","","","","1600","03","","","N","N"
"0532","0","0","0","0","0","0","0","0","0","7","0","","36","09","2021","2021085250","1","40.2331","-76.3227","0515","08","0","0","0","0","0","0","0","0","","0","0","0","05","2","2","00","1","40 13:59.278","3","00","76 19:20.322","3","0","0","0","36217","0","0","0","N","0","0","0","2","68T06","0","","3","01","N","N","0","","2","0","1","0","0","N","0515","2","1","0","0","0","0","0","1","0","1","N","","","","","","","","","","","0600","03","03","","N","N"
"0001","1","0","0","0","0","0","0","0","0","7","0","","36","09","2021","2021084114","5","40.146","-76.4336","2355","08","0","0","0","0","0","0","0","0","","0","0","0","23","2","1","00","2","40 08:45.430","5","00","76 26:01.080","3","0","0","0","36230","0","0","0","N","0","0","0","1","36410","0","","4","01","N","N","0","","1","0","0","0","0","N","2354","1","1","0","0","0","0","0","1","0","1","N","","","","","","","","","","","0015","03","","","N","N"
"0740","2","0","0","0","0","0","0","0","0","4","0","","36","08","2021","2021081808","2","40.0448","-76.2862","0736","08","2","0","0","0","0","0","0","0","","0","0","0","07","1","0","01","1","40 02:41.313","4","00","76 17:10.405","0","0","0","0","36301","0","0","0","N","0","0","0","3","36301","0","","1","01","N","N","0","","0","0","0","3","3","N","0731","0","2","0","0","0","0","0","3","0","2","N","","","","","","","","","","","0845","03","03","","N",""
"0612","1","0","0","0","0","0","0","0","0","4","0","","36","08","2021","2021082096","6","40.0288","-76.0822","0603","08","0","0","0","0","0","0","1","0","","0","0","0","05","5","0","01","1","40 01:43.556","6","00","76 04:56.055","0","0","0","0","36221","0","0","0","N","0","0","0","2","68J01","0","","1","01","N","N","1","","0","0","0","3","3","N","0553","0","2","0","0","0","0","0","1","0","2","N","","","","","","","","","","","0645","03","","","N","N"
"0850","0","0","0","0","0","0","0","0","0","7","1","","36","09","2021","2021082764","5","40.1124","-76.35","0840","08","0","0","0","0","0","0","1","0","","0","1","0","08","1","1","00","2","40 06:44.540","6","00","76 20:59.970","3","0","0","0","36214","0","0","0","N","0","0","0","1","36214","0","","4","09","N","N","0","","1","0","0","0","0","Y","0830","1","2","0","0","0","0","0","3","0","1","N","","","","","","","","","","","1015","03","","","N","N"
"1533","3","0","0","0","0","0","0","0","0","4","0","","36","05","2021","2021039441","1","40.0431","-76.3022","1530","08","0","0","0","0","0","0","1","0","","0","0","0","15","1","1","01","2","40 02:35.283","1","00","76 18:08.098","3","0","0","0","36301","0","0","0","N","0","0","0","3","36301","0","","1","01","N","N","0","","1","0","0","3","2","N","1529","1","3","0","0","0","0","0","3","0","3","N","","","","","","","","","","","1617","03","03","","Y","N"
"1701","0","0","0","0","0","0","0","0","0","7","0","","36","08","2021","2021081183","1","40.2283","-76.4623","1633","08","0","0","0","0","0","0","0","0","","0","0","0","16","1","3","00","0","40 13:41.787","","00","76 27:42.590","8","0","0","0","36230","0","0","0","N","0","0","0","3","68T06","0","","4","01","N","N","0","","0","0","1","0","0","","1632","3","1","0","0","0","3","0","1","0","1","N","","","","","","","","","","","","04","","","N","N"
"0729","1","0","0","0","0","0","0","0","0","4","0","","36","09","2021","2021082387","4","40.0569","-76.3112","0726","08","0","0","0","0","0","0","0","0","","0","0","0","07","1","1","01","1","40 03:24.706","2","00","76 18:40.172","8","0","0","0","36101","0","0","0","N","0","0","0","2","36101","0","","1","08","N","N","0","","0","0","1","3","2","N","0725","1","2","0","0","0","1","0","3","0","2","N","","","","","","","","","","","0800","07","07","","N",""
"1749","3","0","0","0","0","0","0","0","0","1","0","","36","08","2021","2021081288","1","40.0203","-76.3569","1745","08","0","0","1","1","1","0","0","0","","0","0","0","17","1","4","02","2","40 01:13.015","5","00","76 21:24.873","8","0","0","0","36223","0","0","0","N","0","0","0","6","36223","0","","1","01","N","N","0","","0","0","0","0","0","Y","1744","4","3","0","0","1","4","0","1","0","3","N","","","","","","","","","","","1843","04","04","","N",""
"0106","1","0","0","0","0","0","0","0","0","7","0","","36","08","2021","2021081211","7","40.2442","-76.161","0031","08","0","0","0","0","0","0","0","0","","0","0","0","00","3","2","00","2","40 14:39.343","4","00","76 09:42.323","3","0","0","0","36236","0","0","0","N","0","0","0","2","68T06","0","","3","08","N","N","0","","2","0","0","0","0","N","0031","2","1","0","0","0","0","0","1","0","1","N","","","","","","","","","","","0110","07","","","N","N"
"2118","1","0","0","0","0","0","0","0","0","4","0","","36","04","2021","2021037623","5","40.0737","-76.336","2024","08","0","0","0","0","0","0","0","1","","0","0","0","20","3","0","00","0","40 04:25.283","","07","76 20:09.506","0","0","0","0","36101","0","0","0","N","0","0","0","3","36101","0","","1","01","N","N","0","","0","0","1","3","2","","2017","0","2","0","0","0","0","0","3","0","2","N","","","","","","","","","","","","03","03","","N","N"
"1145","0","0","0","0","0","0","0","0","0","1","0","","36","04","2021","2021038782","4","40.0639","-76.3046","1143","08","0","0","0","0","0","0","0","0","","0","0","0","11","1","0","00","1","40 03:50.100","3","00","76 18:16.570","0","0","0","0","36101","0","0","0","N","0","0","0","1","36101","0","","1","01","N","N","0","","0","0","1","0","0","N","1140","0","2","0","0","0","0","0","3","1","2","N","","","","","","","","","","","1215","03","03","","N","N"
"1015","1","0","0","0","0","0","0","0","0","4","0","","36","05","2021","2021040441","1","40.1018","-76.6727","1014","08","0","0","0","0","0","0","0","1","","0","0","0","10","1","1","01","0","40 06:06.624","","00","76 40:21.755","3","0","0","0","36207","0","0","0","N","0","0","0","2","36504","0","","1","01","N","N","0","","1","0","1","0","0","","1005","1","2","0","0","0","0","0","1","0","2","N","","","","","","","","","","","","03","03","","N",""
"1537","1","0","0","0","0","0","0","0","0","7","0","","36","04","2021","2021038783","5","40.0543","-76.2789","1454","08","0","0","0","0","0","0","0","0","","0","0","0","14","1","1","00","1","40 03:15.343","3","00","76 16:44.069","4","0","0","0","36101","0","0","0","N","0","0","0","1","36101","1","","4","09","N","N","0","","0","0","0","0","0","Y","1450","1","1","0","0","0","0","0","3","0","1","N","","","","","","","","","","","1537","07","","","N","N"
"2237","1","0","0","0","0","0","0","0","0","6","0","","36","04","2021","2021045025","5","40.1845","-76.408","2226","08","0","0","0","0","0","0","0","0","","0","0","0","22","2","0","00","0","40 11:04.168","","07","76 24:28.727","0","0","0","0","36230","0","0","0","N","0","0","0","3","36410","0","","4","01","N","N","1","","0","0","0","0","0","","2224","0","2","0","0","0","0","0","1","0","2","N","","","","","","","","","","","","03","03","","N","N"
"0642","1","0","0","0","0","0","0","0","0","4","0","","36","04","2021","2021038101","6","40.1326","-76.347","0636","08","0","0","0","0","0","0","0","0","","0","0","0","06","1","1","01","1","40 07:57.364","2","00","76 20:49.148","4","0","0","0","36227","0","0","0","N","0","0","0","2","36506","1","","1","01","N","N","0","","0","0","1","3","3","N","0635","1","2","0","0","0","0","0","1","0","2","N","","","","","","","","","","","0715","03","","","N",""
"0925","2","0","0","0","0","0","0","0","0","4","0","","36","04","2021","2021039608","1","40.0392","-76.3088","0925","08","0","0","0","0","0","1","0","1","","0","0","0","09","1","0","01","0","40 02:21.252","","00","76 18:31.657","0","0","0","0","36301","0","0","0","N","0","0","0","2","36301","0","","1","01","N","N","0","","0","0","0","3","3","","0919","0","2","0","0","0","0","0","3","0","2","N","","","","","","","","","","","","04","","","N",""
"1931","1","0","0","0","0","0","0","0","0","7","0","","36","05","2021","2021043518","4","40.0711","-76.318","1927","08","0","0","0","0","0","0","0","0","","0","0","0","19","1","0","00","1","40 04:15.997","2","00","76 19:04.779","0","0","0","0","36101","0","0","0","N","0","0","0","1","36101","0","","2","01","N","N","0","","0","0","0","0","0","N","1924","0","1","0","0","0","0","0","3","0","1","N","","","","","","","","","","","2000","03","","","N","N"
"1226","2","0","0","0","0","0","0","0","0","4","0","","36","04","2021","2021038692","7","40.2259","-76.3018","1216","08","0","0","0","0","0","1","0","1","","0","0","0","12","1","0","00","0","40 13:33.233","","07","76 18:06.388","0","0","0","0","36217","0","0","0","N","0","0","0","2","68J01","0","","1","01","N","N","0","","0","0","0","0","0","","1214","0","2","0","0","0","0","0","1","0","2","N","","","","","","","","","","","","03","03","","N","N"
"0905","1","0","0","0","0","0","0","0","0","1","0","","36","04","2021","2021037192","6","40.0217","-76.3789","0858","08","0","0","0","0","0","0","0","0","","0","0","0","08","1","0","00","1","40 01:18.100","6","00","76 22:44.190","0","0","0","0","36223","0","0","0","N","0","0","0","4","36223","0","","1","01","N","N","0","","0","0","0","3","2","N","0855","0","2","0","0","0","0","0","1","1","2","N","","","","","","","","","","","0937","03","","","N","Y"
"1953","0","0","0","0","0","0","0","0","0","4","0","","36","05","2021","2021040980","1","40.0329","-76.3082","1952","08","0","0","0","0","0","0","0","0","","0","0","0","19","1","1","02","1","40 01:58.267","7","00","76 18:29.552","3","0","0","0","36301","0","0","0","N","0","0","0","4","36301","0","","1","01","N","N","0","","1","0","1","3","3","Y","1944","1","2","0","0","0","0","0","3","1","2","N","","","","","","","","","","","2045","03","03","","N",""