"ARRIVAL_TM","AUTOMOBILE_COUNT","BELTED_DEATH_COUNT","BELTED_SUSP_SERIOUS_INJ_COUNT","BICYCLE_COUNT","BICYCLE_DEATH_COUNT","BICYCLE_SUSP_SERIOUS_INJ_COUNT","BUS_COUNT","CHLDPAS_DEATH_COUNT","CHLDPAS_SUSP_SERIOUS_INJ_COUNT","COLLISION_TYPE","COMM_VEH_COUNT","CONS_ZONE_SPD_LIM","COUNTY","CRASH_MONTH","CRASH_YEAR","CRN","DAY_OF_WEEK","DEC_LAT","DEC_LONG","DISPATCH_TM","DISTRICT","DRIVER_COUNT_16YR","DRIVER_COUNT_17YR","DRIVER_COUNT_18YR","DRIVER_COUNT_19YR","DRIVER_COUNT_20YR","DRIVER_COUNT_50_64YR","DRIVER_COUNT_65_74YR","DRIVER_COUNT_75PLUS","EST_HRS_CLOSED","FATAL_COUNT","HEAVY_TRUCK_COUNT","HORSE_BUGGY_COUNT","HOUR_OF_DAY","ILLUMINATION","INJURY_COUNT","INTERSECT_TYPE","LANE_CLOSED","LATITUDE","LN_CLOSE_DIR","LOCATION_TYPE","LONGITUDE","MAX_SEVERITY_LEVEL","MCYCLE_DEATH_COUNT","MCYCLE_SUSP_SERIOUS_INJ_COUNT","MOTORCYCLE_COUNT","MUNICIPALITY","NONMOTR_COUNT","NONMOTR_DEATH_COUNT","NONMOTR_SUSP_SERIOUS_INJ_COUNT","NTFY_HIWY_MAINT","PED_COUNT","PED_DEATH_COUNT","PED_SUSP_SERIOUS_INJ_COUNT","PERSON_COUNT","POLICE_AGCY","POSSIBLE_INJ_COUNT","RDWY_SURF_TYPE_CD","RELATION_TO_ROAD","ROAD_CONDITION","SCH_BUS_IND","SCH_ZONE_IND","SMALL_TRUCK_COUNT","SPEC_JURIS_CD","SUSP_MINOR_INJ_COUNT","SUSP_SERIOUS_INJ_COUNT","SUV_COUNT","TCD_FUNC_CD","TCD_TYPE","TFC_DETOUR_IND","TIME_OF_DAY","TOT_INJ_COUNT","TOTAL_UNITS","UNB_DEATH_COUNT","UNB_SUSP_SERIOUS_INJ_COUNT","UNBELTED_OCC_COUNT","UNK_INJ_DEG_COUNT","UNK_INJ_PER_COUNT","URBAN_RURAL","VAN_COUNT","VEHICLE_COUNT","WORK_ZONE_IND","WORK_ZONE_LOC","WORK_ZONE_TYPE","WORKERS_PRES","WZ_CLOSE_DETOUR","WZ_FLAGGER","WZ_LAW_OFFCR_IND","WZ_LN_CLOSURE","WZ_MOVING","WZ_OTHER","WZ_SHLDER_MDN","ROADWAY_CLEARED","WEATHER1","WEATHER2","WZ_WORKERS_INJ_KILLED","SECONDARY_CRASH","INTERSECTION_RELATED"
"0630","1","0","0","0","0","0","0","0","0","7","0","","36","08","2021","2021082438","6","39.9159","-76.3396","0607","08","0","0","0","0","0","0","0","0","","0","0","0","05","2","0","00","0","39 54:57.190","","00","76 20:22.550","0","0","0","0","36206","0","0","0","N","0","0","0","1","68J01","0","","2","01","N","N","0","","0","0","0","0","0","","0516","0","1","0","0","0","0","0","1","0","1","N","","","","","","","","","","","","03","","","N","N"
"0804","1","0","0","0","0","0","0","0","0","4","0","","36","04","2021","2021040574","7","40.0393","-76.2648","0758","08","0","0","0","0","0","1","0","0","","0","0","0","07","1","3","02","1","40 02:21.449","3","00","76 15:53.257","3","0","0","0","36215","0","0","0","N","0","0","0","3","36215","1","","1","01","N","N","0","","2","0","1","0","0","N","0757","3","2","0","0","0","0","0","1","0","2","N","","","","","","","","","","","0900","03","","","N",""
"0214","3","0","0","0","0","0","0","0","0","5","0","","36","08","2021","2021081731","1","40.0412","-76.3063","0211","08","0","0","0","0","0","0","0","0","","0","0","0","02","3","0","00","1","40 02:28.187","1","00","76 18:22.633","9","0","0","0","36301","0","0","0","N","0","0","0","1","36301","0","","1","01","N","N","0","","0","0","0","0","0","N","0205","0","3","0","0","0","0","1","3","0","3","N","","","","","","","","","","","0313","03","03","","N","N"
"0651","1","0","0","0","0","0","0","0","0","7","0","","36","08","2021","2021081221","1","40.2296","-76.4321","0645","08","0","0","0","1","0","0","0","0","","0","0","0","06","1","0","00","0","40 13:46.551","","00","76 25:56.314","0","0","0","0","36230","0","0","0","N","0","0","0","1","68T06","0","","5","01","N","N","0","","0","0","0","0","0","","0645","0","1","0","0","0","0","0","1","0","1","N","","","","","","","","","","","","03","","","N","N"
"0725","0","0","0","0","0","0","0","0","0","7","0","","36","04","2021","2021036875","5","39.9841","-75.988","0700","08","0","0","0","0","0","0","0","0","","0","0","0","06","1","1","00","2","39 59:02.880","5","00","75 59:16.920","3","0","0","0","36231","0","0","0","N","0","0","0","1","68J01","0","","4","01","N","N","0","","1","0","0","0","0","Y","0657","1","1","0","0","0","0","0","1","1","1","N","","","","","","","","","","","1000","03","03","","N","N"
"1738","1","0","0","0","0","0","0","0","0","7","0","","36","08","2021","2021081191","2","40.2248","-76.4035","1733","08","0","0","0","0","0","0","0","0","","0","0","0","17","1","1","00","0","40 13:29.731","","00","76 24:10.146","3","0","0","0","36230","0","0","0","N","0","0","0","1","68T06","0","","4","09","N","N","0","","1","0","0","0","0","","1732","1","1","0","0","0","0","0","1","0","1","N","","","","","","","","","","","","07","","","N","N"
"1604","1","0","0","0","0","0","0","0","0","1","1","","36","08","2021","2021081148","3","40.0803","-76.2787","1548","08","0","0","0","0","1","0","0","0","","0","1","0","15","1","0","00","0","40 04:49.054","","00","76 16:43.385","0","0","0","0","36101","0","0","0","N","0","0","0","2","36101","0","","1","01","N","N","0","","0","0","0","0","0","","1540","0","2","0","0","0","0","0","3","0","2","N","","","","","","","","","","","","03","","","N","N"
"1449","2","0","0","0","0","0","0","0","0","4","0","","36","08","2021","2021081046","2","40.065","-76.326","1442","08","0","1","0","0","0","0","0","0","","0","0","0","14","1","1","01","1","40 03:54.023","1","00","76 19:33.518","4","0","0","0","36301","0","0","0","N","0","0","0","4","36301","1","","1","01","N","N","0","","0","0","0","3","2","Y","1432","1","2","0","0","0","0","0","3","0","2","N","","","","","","","","","","","1646","03","03","","N",""
"0658","0","0","0","0","0","0","0","0","0","1","0","","36","04","2021","2021045033","6","40.1717","-76.6039","0652","08","0","0","0","0","1","1","0","0","","0","0","0","06","1","0","00","2","40 10:18.221","5","00","76 36:13.862","0","0","0","0","36225","0","0","0","N","0","0","0","4","36505","0","","1","01","N","N","0","","0","0","1","0","0","N","0648","0","3","0","0","0","0","0","2","2","3","N","","","","","","","","","","","0717","03","03","","N","N"
"1922","3","0","0","0","0","0","0","0","0","4","0","","36","04","2021","2021038784","5","40.0561","-76.2988","1919","08","0","0","1","0","0","0","0","0","","0","0","0","19","1","1","01","1","40 03:21.855","1","00","76 17:55.661","3","0","0","0","36101","0","0","0","N","0","0","0","5","36101","0","","1","09","N","N","0","","1","0","0","3","3","N","1910","1","3","0","0","0","0","0","3","0","3","N","","","","","","","","","","","2021","07","07","","N",""
"1440","2","0","0","0","0","0","0","0","0","4","0","","36","08","2021","2021083971","6","40.044","-76.3242","1436","08","0","0","0","0","0","0","1","0","","0","0","0","14","1","0","01","0","40 02:38.378","","00","76 19:27.213","0","0","0","0","36301","0","0","0","N","0","0","0","3","36301","0","","1","01","N","N","0","","0","0","0","3","2","","1436","0","2","0","0","0","0","0","3","0","2","N","","","","","","","","","","","","03","03","","N",""
"1147","1","0","0","0","0","0","0","0","0","5","0","","36","05","2021","2021041364","4","39.9743","-76.2746","1140","08","0","0","0","0","0","0","0","1","","0","0","0","11","1","0","01","0","39 58:27.602","","00","76 16:28.609","0","0","0","0","36240","0","0","0","N","0","0","0","4","36240","0","","1","09","N","N","0","","0","0","0","0","0","N","1134","0","2","0","0","0","0","0","1","1","2","N","","","","","","","","","","","","07","","","N","N"
"2015","1","0","1","0","0","0","0","0","0","1","0","","36","05","2021","2021076566","3","39.9858","-76.3154","2002","08","0","0","0","0","0","2","0","0","","0","0","0","20","1","2","01","1","39 59:09.014","4","00","76 18:55.276","2","0","0","0","36228","0","0","0","N","0","0","0","5","36228","0","","1","01","N","N","0","","1","1","1","3","2","N","2002","2","2","0","0","0","0","0","1","0","2","N","","","","","","","","","","","2047","03","","","N","N"
"1216","1","0","0","0","0","0","0","0","0","7","0","","36","09","2021","2021084104","2","40.0271","-76.4549","1209","08","0","0","1","0","0","0","0","0","","0","0","0","12","1","0","00","2","40 01:37.650","5","03","76 27:17.510","0","0","0","0","36239","0","0","0","N","0","0","0","1","36239","0","","5","01","N","N","0","","0","0","0","0","0","Y","1207","0","1","0","0","0","0","0","3","0","1","N","","","","","","","","","","","1246","03","","","N","N"
"1415","0","0","0","0","0","0","0","0","0","1","0","","36","05","2021","2021042960","2","40.038","-76.3455","1413","08","0","0","0","0","0","0","1","0","","0","0","0","14","1","0","01","0","40 02:16.834","","00","76 20:43.907","0","0","0","0","36223","0","0","0","N","0","0","0","2","36223","0","","1","09","N","N","0","","0","0","2","0","0","","1410","0","2","0","0","0","0","0","1","0","2","N","","","","","","","","","","","","07","","","N",""
"0509","1","0","0","0","0","0","0","0","0","5","0","","36","05","2021","2021040975","1","40.0309","-76.3064","0507","08","0","0","0","0","0","0","0","0","","0","0","0","05","3","0","00","1","40 01:51.203","2","00","76 18:23.156","0","0","0","0","36301","0","0","0","N","0","0","0","1","36301","0","","6","01","N","N","0","","0","0","3","0","0","N","0504","0","4","0","0","0","0","0","3","0","4","N","","","","","","","","","","","0539","03","03","","N","N"
"2348","2","0","0","0","0","0","0","0","0","4","0","","36","08","2021","2021080399","4","40.04","-76.2873","2347","08","0","0","0","0","1","0","0","0","","0","0","0","23","3","0","01","2","40 02:23.984","4","00","76 17:14.340","0","0","0","0","36301","0","0","0","N","0","0","0","2","36301","0","","1","01","N","N","0","","0","0","0","3","2","Y","2346","0","2","0","0","0","0","0","3","0","2","N","","","","","","","","","","","0101","03","","","N",""
"0735","2","0","0","0","0","0","0","0","0","2","0","","36","04","2021","2021038271","3","40.0451","-76.4131","0731","08","0","0","1","0","0","0","0","0","","0","0","0","07","1","2","00","1","40 02:42.440","6","00","76 24:47.210","3","0","0","0","36239","0","0","0","N","0","0","0","2","36239","1","","1","01","N","N","0","","1","0","0","0","0","N","0725","2","2","0","0","0","0","0","3","0","2","N","","","","","","","","","","","0800","03","","","N","N"
"1302","1","0","0","0","0","0","0","0","0","4","0","","36","04","2021","2021040991","5","40.0277","-76.223","1259","08","0","0","0","0","0","0","0","0","","0","0","0","12","1","0","00","2","40 01:39.850","6","07","76 13:22.757","0","0","0","0","36215","0","0","0","N","0","0","0","2","36215","0","","1","01","N","N","0","","0","0","1","0","0","N","1258","0","2","0","0","0","0","0","1","0","2","N","","","","","","","","","","","1332","04","","","N","N"
"1219","0","0","0","0","0","0","0","0","0","2","0","","36","08","2021","2021081999","5","40.1393","-76.5885","1219","08","0","0","0","0","0","0","1","0","","0","0","0","12","1","2","00","2","40 08:21.576","5","00","76 35:18.548","3","0","0","0","36237","0","0","0","N","0","0","0","2","36505","0","","1","01","N","N","0","","2","0","2","0","0","Y","1218","2","2","0","0","0","0","0","1","0","2","N","","","","","","","","","","","1251","03","03","","N","N"
"2001","1","0","0","0","0","0","0","0","0","4","0","","36","04","2021","2021047970","7","40.1485","-76.4416","1947","08","0","0","0","0","1","0","0","0","","0","0","0","19","4","0","02","1","40 08:54.477","1","00","76 26:29.720","0","0","0","0","36230","0","0","0","N","0","0","0","2","36410","0","","1","09","N","N","0","","0","0","1","3","3","N","1947","0","2","0","0","0","0","0","1","0","2","N","","","","","","","","","","","0030","07","","","N",""
"2159","0","0","0","0","0","0","0","0","0","5","0","","36","05","2021","2021039570","1","40.1533","-76.6013","2159","08","0","0","1","0","0","0","0","0","","0","0","0","21","3","1","00","2","40 09:11.940","6","00","76 36:04.674","3","0","0","0","36407","0","0","0","N","0","0","0","1","36407","0","","6","01","N","N","0","","1","0","2","0","0","Y","2156","1","2","0","0","0","0","0","2","0","2","N","","","","","","","","","","","2241","03","03","","N","N"
"0801","0","0","0","0","0","0","0","0","0","7","0","","36","08","2021","2021083799","1","40.0258","-76.3954","0755","08","0","0","0","0","0","0","0","0","","0","0","0","07","1","0","00","1","40 01:32.960","5","00","76 23:43.553","0","0","0","0","36223","0","0","0","N","0","0","0","1","36223","0","","4","01","N","N","0","","0","0","1","0","0","Y","0750","0","1","0","0","0","0","0","1","0","1","N","","","","","","","","","","","0045","04","","","N","N"
"1748","0","0","0","0","0","0","0","0","0","7","0","","36","05","2021","2021054790","2","39.9225","-76.279","1740","08","0","0","0","0","0","0","1","0","","0","0","0","17","1","1","00","2","39 55:21.061","5","00","76 16:44.536","3","0","0","0","36229","0","0","0","N","0","0","0","1","68J01","0","","4","01","N","N","0","","1","0","0","0","0","Y","1728","1","1","0","0","0","0","0","1","0","1","N","","","","","","","","","","","0100","03","03","","N","N"
"0820","1","0","0","0","0","0","0","0","0","1","0","","36","04","2021","2021037773","5","40.0514","-76.398","0815","08","0","0","0","0","0","0","0","0","","0","0","0","08","1","0","00","1","40 03:05.288","3","00","76 23:52.407","0","0","0","0","36214","0","0","0","N","0","0","0","2","36214","0","","1","01","N","N","1","","0","0","0","0","0","N","0810","0","2","0","0","0","0","0","3","0","2","N","","","","","","","","","","","0900","03","","","N","N"
"1749","0","0","0","0","0","0","0","0","0","4","0","","36","09","2021","2021083076","5","40.1533","-76.3688","1731","08","0","0","0","0","0","0","0","0","","0","0","0","17","1","1","02","0","40 09:11.989","","00","76 22:07.535","4","0","0","0","36227","0","0","0","N","0","0","0","2","36506","1","","1","01","N","N","0","","0","0","2","3","3","","1728","1","2","0","0","0","0","0","1","0","2","N","","","","","","","","","","","","03","","","N",""
"1433","2","0","0","0","0","0","0","0","0","4","0","","36","08","2021","2021080863","6","40.1505","-76.0281","1430","08","0","0","0","0","0","0","1","1","","0","0","0","14","1","3","01","2","40 09:01.638","7","00","76 01:41.060","8","0","0","0","36213","0","0","0","Y","0","0","0","3","36213","0","","1","01","N","N","0","","0","0","0","3","3","Y","1430","3","2","0","0","0","3","0","1","0","2","N","","","","","","","","","","","1500","03","","","N",""
"1320","2","0","0","0","0","0","0","0","0","5","0","","36","04","2021","2021037314","7","40.0737","-76.3201","1315","08","0","0","0","0","0","1","0","0","","0","0","0","13","1","0","00","1","40 04:25.441","1","00","76 19:12.416","0","0","0","0","36101","0","0","0","N","0","0","0","2","36101","0","","1","01","N","N","0","","0","0","0","0","0","N","1315","0","2","0","0","0","0","0","3","0","2","N","","","","","","","","","","","1345","03","03","","N","N"
"0621","0","0","0","0","0","0","0","0","0","7","0","","36","05","2021","2021062426","5","39.9948","-76.0392","0611","08","0","0","0","1","0","0","0","0","","0","0","0","06","1","0","00","0","39 59:41.433","","00","76 02:21.124","0","0","0","0","36232","0","0","0","N","0","0","0","1","68J01","0","","4","01","N","N","0","","0","0","0","0","0","","0610","0","1","0","0","0","0","0","1","1","1","N","","","","","","","","","","","","03","","","N","N"
"1512","0","0","0","0","0","0","0","0","0","1","0","","36","05","2021","2021044371","3","40.0639","-76.3067","1511","08","0","0","0","0","0","0","1","0","","0","0","0","15","1","1","03","0","40 03:50.011","","00","76 18:24.594","4","0","0","0","36101","0","0","0","N","0","0","0","2","36101","1","","1","01","N","N","1","","0","0","1","0","0","","1506","1","2","0","0","0","0","0","3","0","2","N","","","","","","","","","","","","03","03","","N","N"
"0536","1","0","0","0","0","0","0","0","0","4","0","","36","05","2021","2021046160","3","40.0348","-76.3245","0533","08","0","0","0","0","0","1","0","0","","0","0","0","05","5","1","02","1","40 02:05.326","2","00","76 19:28.020","3","0","0","0","36220","0","0","0","N","0","0","0","2","36101","0","","1","01","N","N","0","","1","0","1","0","0","Y","0526","1","2","0","0","0","0","0","3","0","2","N","","","","","","","","","","","0630","03","","","N",""
"1005","1","0","0","0","0","0","0","0","0","4","0","","36","05","2021","2021041667","5","39.9813","-76.282","1004","08","0","0","0","0","0","0","1","0","","0","0","0","09","1","2","02","1","39 58:52.515","2","00","76 16:55.238","3","0","0","0","36240","0","0","0","N","0","0","0","3","36240","0","","1","01","N","N","1","","2","0","0","3","3","N","0955","2","2","0","0","1","0","0","1","0","2","N","","","","","","","","","","","1131","04","","","Y","N"
"1812","2","0","0","0","0","0","0","0","0","1","0","","36","05","2021","2021044791","5","40.0331","-76.3082","1800","08","0","0","0","0","0","0","0","0","","0","0","0","17","1","0","00","2","40 01:59.003","2","00","76 18:29.452","0","0","0","0","36301","0","0","0","N","0","0","0","2","36301","0","","1","01","N","N","0","","0","0","0","0","0","Y","1753","0","2","0","0","0","0","0","3","0","2","N","","","","","","","","","","","1843","03","03","","N","N"
"0954","1","0","0","0","0","0","0","0","0","4","1","","36","09","2021","2021083800","6","40.0375","-76.4206","0948","08","0","0","0","0","0","1","0","0","","0","1","0","09","1","0","02","2","40 02:15.049","2","00","76 25:14.097","0","0","0","0","36414","0","0","0","N","0","0","0","2","36239","0","","1","01","N","N","0","","0","0","0","0","0","Y","0948","0","2","0","0","0","0","0","3","0","2","N","","","","","","","","","","","1030","03","03","","N",""
"1811","1","0","0","0","0","0","0","0","0","4","0","","36","08","2021","2021085334","6","40.0455","-76.248","1803","08","0","0","0","0","0","1","0","0","","0","0","0","18","1","1","00","1","40 02:43.850","3","00","76 14:52.620","3","0","0","0","36215","0","0","0","N","0","0","0","4","36215","0","","1","09","N","N","0","","1","0","0","0","0","N","1803","1","2","0","0","0","0","0","1","1","2","N","","","","","","","","","","","1855","07","","","N","N"
"2329","1","0","0","0","0","0","0","0","0","1","0","","36","05","2021","2021042961","1","40.0385","-76.3559","2323","08","0","0","0","0","0","1","0","0","","0","0","0","23","3","1","00","1","40 02:18.441","4","00","76 21:21.097","3","0","0","0","36223","0","0","0","N","0","0","0","2","36223","0","","1","01","N","N","1","","1","0","0","0","0","Y","2321","1","2","0","0","0","0","0","1","0","2","N","","","","","","","","","","","0025","04","","","N","N"
"1942","1","0","0","0","0","0","0","0","0","2","0","","36","09","2021","2021083354","6","40.155","-76.3857","1936","08","0","0","0","0","0","0","0","1","","0","0","0","19","1","3","00","2","40 09:17.898","5","00","76 23:08.404","8","0","0","0","36227","0","0","0","N","0","0","0","3","36506","0","","1","01","N","N","0","","0","0","1","0","0","Y","1936","3","2","0","0","0","3","0","1","0","2","N","","","","","","","","","","","2129","03","","","N","N"
"1507","1","0","0","0","0","0","0","0","0","4","0","","36","08","2021","2021084110","2","40.1823","-76.4209","1456","08","0","1","0","0","0","0","0","1","","0","0","0","14","1","1","00","2","40 10:56.320","5","00","76 25:15.270","3","0","0","0","36230","0","0","0","N","0","0","0","3","36410","0","","1","01","N","N","0","","1","0","1","0","0","Y","1452","1","2","0","0","0","0","0","1","0","2","N","","","","","","","","","","","1538","04","","","N","N"
"1358","1","0","0","0","0","0","0","0","0","1","0","","36","05","2021","2021043357","1","40.0373","-76.2648","1356","08","0","0","0","0","0","0","0","0","","0","0","0","13","1","1","00","0","40 02:14.412","","07","76 15:53.317","3","0","0","0","36215","0","0","0","N","0","0","0","3","36215","0","","1","09","N","N","0","","1","0","1","0","0","","1355","1","2","0","0","0","0","0","1","0","2","N","","","","","","","","","","","","07","","","N","N"
"1312","0","0","0","0","0","0","0","0","0","7","0","","36","05","2021","2021042894","1","40.1729","-75.9488","1303","08","0","0","0","0","0","0","0","0","","0","0","0","13","1","0","00","0","40 10:22.704","","00","75 56:54.913","0","0","0","0","36203","0","0","0","N","0","0","0","1","68T06","0","","4","09","N","N","0","","0","0","1","0","0","","1303","0","1","0","0","0","0","0","1","0","1","N","","","","","","","","","","","","07","","","N","N"
"0917","0","0","0","0","0","0","0","0","0","7","0","","36","04","2021","2021040176","6","40.0498","-76.2553","0909","08","0","0","0","0","0","1","0","0","","0","0","0","09","1","1","00","1","40 02:59.179","3","00","76 15:19.015","3","0","0","0","36215","0","0","0","N","0","0","0","1","36215","0","","3","01","N","N","1","","1","0","0","0","0","N","0906","1","2","0","0","0","0","0","1","0","1","N","","","","","","","","","","","1024","03","03","","N","N"
"0127","1","0","0","0","0","0","0","0","0","7","0","","36","08","2021","2021081601","6","40.1063","-75.9513","0054","08","0","0","0","0","0","0","0","0","","0","0","0","00","2","0","02","1","40 06:22.766","1","00","75 57:04.755","0","0","0","0","36232","0","0","0","N","0","0","0","2","68J01","0","","4","01","N","N","0","","0","0","0","0","0","N","0053","0","1","0","0","0","0","0","1","0","1","N","","","","","","","","","","","0202","03","03","","N","N"
"1725","1","0","0","0","0","0","0","0","0","4","0","","36","04","2021","2021039222","6","40.0313","-76.4823","1722","08","0","0","0","0","0","1","0","0","","0","0","0","17","1","0","00","1","40 01:52.808","3","07","76 28:56.294","9","0","0","0","36404","0","0","0","N","0","0","0","4","36404","0","","1","01","N","N","1","","0","0","0","0","0","Y","1721","0","2","0","0","0","0","1","3","0","2","N","","","","","","","","","","","0030","04","08","","N","N"
"0837","1","0","0","0","0","0","0","0","0","7","0","","36","04","2021","2021038691","7","40.0029","-76.0956","0824","08","0","0","0","0","0","0","0","0","","0","0","0","08","1","1","00","1","40 00:10.521","4","00","76 05:43.937","4","0","0","0","36226","0","0","0","N","0","0","0","1","68J01","1","","4","01","N","N","0","","0","0","0","0","0","N","0821","1","1","0","0","0","0","0","1","0","1","N","","","","","","","","","","","0848","03","","","N","N"
"0741","1","0","0","0","0","0","0","0","0","4","0","","36","08","2021","2021080749","3","40.0423","-76.3113","0739","08","0","0","0","0","0","1","1","0","","0","0","0","07","5","1","01","1","40 02:32.114","2","00","76 18:40.784","4","0","0","0","36301","0","0","0","N","0","0","0","2","36301","1","","1","01","N","N","0","","0","0","0","3","2","Y","0736","1","2","0","0","0","0","0","3","1","2","N","","","","","","","","","","","0850","03","","","N",""
"1111","2","0","1","0","0","0","0","0","0","5","0","","36","04","2021","2021032440","3","40.1125","-76.2436","1108","08","1","0","0","0","0","1","0","0","","0","0","0","11","1","3","00","2","40 06:45.086","1","00","76 14:36.882","2","0","0","0","36101","0","0","0","N","0","0","0","4","36101","0","","1","01","N","N","0","","1","2","1","0","0","Y","1103","3","3","0","1","1","0","0","3","0","3","N","","","","","","","","","","","1244","03","","","N","N"
"1244","0","0","0","0","0","0","0","0","0","5","1","","36","09","2021","2021083932","5","40.0749","-76.3344","1240","08","0","0","0","0","0","1","0","0","","0","1","0","12","1","1","00","1","40 04:29.720","4","00","76 20:03.826","8","0","0","0","36101","0","0","0","N","0","0","0","2","36101","0","","1","01","N","N","0","","0","0","1","0","0","N","1239","1","2","0","0","0","1","0","3","0","2","N","","","","","","","","","","","1330","03","03","","N","N"
"0718","0","0","0","0","0","0","0","0","0","1","1","","36","09","2021","2021084751","4","40.0839","-76.2729","0711","08","0","0","0","0","0","2","0","0","","0","2","0","07","1","0","00","1","40 05:02.099","2","00","76 16:22.451","0","0","0","0","36101","0","0","0","N","0","0","0","2","36101","0","","1","01","N","N","0","","0","0","0","0","0","N","0709","0","2","0","0","0","0","0","3","0","2","N","","","","","","","","","","","1003","03","03","","N","N"
"1452","2","0","0","0","0","0","0","0","0","1","0","","36","08","2021","2021085333","4","40.0427","-76.247","1450","08","0","0","0","0","0","0","1","0","","0","0","0","14","1","0","00","0","40 02:33.556","","00","76 14:49.069","0","0","0","0","36215","0","0","0","N","0","0","0","4","36215","0","","1","01","N","N","0","","0","0","0","0","0","","1448","0","2","0","0","0","0","0","1","0","2","N","","","","","","","","","","","","03","03","","N","N"
"1308","1","0","0","0","0","0","0","0","0","5","0","","36","05","2021","2021042962","6","40.0388","-76.3129","1305","08","0","0","0","0","0","0","1","0","","0","0","0","13","1","0","00","1","40 02:19.647","4","00","76 18:46.409","0","0","0","0","36301","0","0","0","N","0","0","0","2","36301","0","","1","01","N","N","0","","0","0","0","3","2","Y","1303","0","2","0","0","0","0","0","3","1","2","N","","","","","","","","","","","1355","04","","","N","Y"
"1728","1","0","0","0","0","0","0","0","0","4","0","","36","04","2021","2021043399","7","40.0049","-76.1051","1715","08","0","0","0","0","0","0","0","0","","0","0","0","17","1","2","01","1","40 00:17.506","3","00","76 06:18.451","3","0","0","0","36226","0","0","0","N","0","0","0","2","68J01","0","","1","01","N","N","0","","2","0","1","3","2","N","1710","2","2","0","0","0","0","0","1","0","2","N","","","","","","","","","","","0045","03","","","N","N"
"1433","0","0","0","0","0","0","0","0","0","1","0","","36","04","2021","2021039617","5","40.0421","-76.2973","1426","08","0","0","0","0","0","0","0","0","","0","0","0","14","1","1","00","2","40 02:31.400","3","00","76 17:50.100","3","0","0","0","36301","0","0","0","N","0","0","0","1","36301","0","","1","01","N","N","1","","1","0","1","0","0","N","1424","1","2","0","0","0","0","0","3","0","2","N","","","","","","","","","","","1525","03","","","N","N"
"1532","0","0","0","1","0","0","0","0","0","1","0","","36","04","2021","2021036801","7","40.1591","-76.3031","1529","08","0","0","0","0","0","1","0","0","","0","0","0","15","1","1","00","0","40 09:32.731","","00","76 18:11.335","3","0","0","0","36409","1","0","0","N","0","0","0","2","36409","0","","1","01","N","N","0","","1","0","1","0","0","","1527","1","2","0","0","0","0","0","3","0","1","N","","","","","","","","","","","","03","","","N","N"
"0406","1","0","0","0","0","0","0","0","0","7","0","","36","08","2021","2021082445","1","40.1989","-76.0526","0337","08","0","0","0","0","0","1","0","0","","0","0","0","03","2","0","00","0","40 11:55.863","","00","76 03:09.441","9","0","0","0","36202","0","0","0","N","0","0","0","1","68J01","0","","2","01","N","N","0","","0","0","0","0","0","","0305","0","1","0","0","1","0","1","1","0","1","N","","","","","","","","","","","","03","","","N","N"
"1040","0","0","0","0","0","0","0","0","0","5","0","","36","09","2021","2021083933","5","40.0539","-76.347","1036","08","0","0","0","0","0","0","0","0","","0","0","0","10","1","0","00","1","40 03:14.100","4","00","76 20:49.350","0","0","0","0","36214","0","0","0","N","0","0","0","2","36214","0","","1","01","N","N","0","","0","0","2","0","0","N","1030","0","2","0","0","0","0","0","3","0","2","N","","","","","","","","","","","1130","03","03","","N","N"
"1342","1","0","0","0","0","0","0","0","0","5","0","","36","05","2021","2021042778","5","40.1002","-76.3053","1336","08","0","0","0","0","0","0","0","0","","0","0","0","13","1","2","00","2","40 06:00.608","1","00","76 18:19.247","4","0","0","0","36101","0","0","0","N","0","0","0","4","36101","2","","1","01","N","N","1","","0","0","0","3","2","N","1333","2","2","0","0","0","0","0","3","0","2","N","","","","","","","","","","","1435","03","03","","N","N"
"1257","1","0","1","0","0","0","0","0","0","4","0","","36","05","2021","2021046218","3","39.9855","-76.0178","1245","08","0","0","0","0","0","0","1","0","","0","0","0","12","1","1","01","1","39 59:07.866","1","00","76 01:04.009","2","0","0","0","36232","0","0","0","N","0","0","0","2","68J01","0","","1","01","N","N","1","","0","1","0","3","2","N","1241","1","2","0","0","0","0","0","1","0","2","N","","","","","","","","","","","0140","03","03","","N","N"
"1438","0","0","0","0","0","0","0","0","0","1","0","","36","05","2021","2021046226","5","39.9937","-76.1818","1427","08","0","0","0","0","0","0","0","0","","0","0","0","14","1","0","00","0","39 59:37.312","","00","76 10:54.639","0","0","0","0","36233","0","0","0","N","0","0","0","2","68J01","0","","1","01","N","N","0","","0","0","1","0","0","","1425","0","2","0","0","0","0","0","1","1","2","N","","","","","","","","","","","","03","03","","N","N"
"1026","0","0","0","0","0","0","0","0","0","2","0","","36","08","2021","2021084116","1","40.1378","-76.562","1023","08","0","0","0","0","0","0","0","0","","0","0","0","10","1","3","01","2","40 08:15.932","6","00","76 33:43.084","8","0","0","0","36225","0","0","0","N","0","0","0","3","36505","0","","1","09","N","N","0","","0","0","2","3","2","N","1023","3","2","0","0","0","3","0","2","0","2","N","","","","","","","","","","","1105","07","07","","N",""