"ARRIVAL_TM","AUTOMOBILE_COUNT","BELTED_DEATH_COUNT","BELTED_SUSP_SERIOUS_INJ_COUNT","BICYCLE_COUNT","BICYCLE_DEATH_COUNT","BICYCLE_SUSP_SERIOUS_INJ_COUNT","BUS_COUNT","CHLDPAS_DEATH_COUNT","CHLDPAS_SUSP_SERIOUS_INJ_COUNT","COLLISION_TYPE","COMM_VEH_COUNT","CONS_ZONE_SPD_LIM","COUNTY","CRASH_MONTH","CRASH_YEAR","CRN","DAY_OF_WEEK","DEC_LAT","DEC_LONG","DISPATCH_TM","DISTRICT","DRIVER_COUNT_16YR","DRIVER_COUNT_17YR","DRIVER_COUNT_18YR","DRIVER_COUNT_19YR","DRIVER_COUNT_20YR","DRIVER_COUNT_50_64YR","DRIVER_COUNT_65_74YR","DRIVER_COUNT_75PLUS","EST_HRS_CLOSED","FATAL_COUNT","HEAVY_TRUCK_COUNT","HORSE_BUGGY_COUNT","HOUR_OF_DAY","ILLUMINATION","INJURY_COUNT","INTERSECT_TYPE","LANE_CLOSED","LATITUDE","LN_CLOSE_DIR","LOCATION_TYPE","LONGITUDE","MAX_SEVERITY_LEVEL","MCYCLE_DEATH_COUNT","MCYCLE_SUSP_SERIOUS_INJ_COUNT","MOTORCYCLE_COUNT","MUNICIPALITY","NONMOTR_COUNT","NONMOTR_DEATH_COUNT","NONMOTR_SUSP_SERIOUS_INJ_COUNT","NTFY_HIWY_MAINT","PED_COUNT","PED_DEATH_COUNT","PED_SUSP_SERIOUS_INJ_COUNT","PERSON_COUNT","POLICE_AGCY","POSSIBLE_INJ_COUNT","RDWY_SURF_TYPE_CD","RELATION_TO_ROAD","ROAD_CONDITION","SCH_BUS_IND","SCH_ZONE_IND","SMALL_TRUCK_COUNT","SPEC_JURIS_CD","SUSP_MINOR_INJ_COUNT","SUSP_SERIOUS_INJ_COUNT","SUV_COUNT","TCD_FUNC_CD","TCD_TYPE","TFC_DETOUR_IND","TIME_OF_DAY","TOT_INJ_COUNT","TOTAL_UNITS","UNB_DEATH_COUNT","UNB_SUSP_SERIOUS_INJ_COUNT","UNBELTED_OCC_COUNT","UNK_INJ_DEG_COUNT","UNK_INJ_PER_COUNT","URBAN_RURAL","VAN_COUNT","VEHICLE_COUNT","WORK_ZONE_IND","WORK_ZONE_LOC","WORK_ZONE_TYPE","WORKERS_PRES","WZ_CLOSE_DETOUR","WZ_FLAGGER","WZ_LAW_OFFCR_IND","WZ_LN_CLOSURE","WZ_MOVING","WZ_OTHER","WZ_SHLDER_MDN","ROADWAY_CLEARED","WEATHER1","WEATHER2","WZ_WORKERS_INJ_KILLED","SECONDARY_CRASH","INTERSECTION_RELATED"
"0604","0","0","0","0","0","0","0","0","0","2","0","","36","05","2021","2021048686","7","39.941","-76.3067","0549","08","0","0","0","0","0","1","0","0","","0","0","0","05","1","2","00","2","39 56:27.552","5","00","76 18:24.189","3","0","0","0","36228","0","0","0","N","0","0","0","2","68J01","1","","1","01","N","N","0","","1","0","2","0","0","Y","0540","2","2","0","0","0","0","0","1","0","2","N","","","","","","","","","","","0723","03","","","N","N"
"1241","1","0","0","0","0","0","0","0","0","4","1","","36","08","2021","2021081485","6","40.0641","-76.2829","1230","08","0","0","0","0","0","0","1","0","","0","2","0","12","1","0","00","0","40 03:50.889","","00","76 16:58.483","0","0","0","0","36101","0","0","0","N","0","0","0","1","36101","0","","1","01","N","N","0","","0","0","0","0","0","","1228","0","3","0","0","0","0","0","3","0","3","N","","","","","","","","","","","","03","03","","N","N"
"1515","1","0","0","0","0","0","0","0","0","4","0","","36","04","2021","2021045021","4","40.1566","-76.4085","1510","08","0","1","0","0","0","0","0","0","","0","0","0","15","1","0","02","0","40 09:23.896","","00","76 24:30.766","0","0","0","0","36410","0","0","0","N","0","0","0","2","36410","0","","1","01","N","N","0","","0","0","0","0","0","","1508","0","2","0","0","0","0","0","2","1","2","N","","","","","","","","","","","","04","04","","N",""
"0720","1","0","0","0","0","0","0","0","0","7","0","","36","08","2021","2021081634","3","39.8495","-76.0248","0658","08","0","0","0","0","0","1","0","0","","0","0","0","04","2","0","00","0","39 50:58.214","","00","76 01:29.318","0","0","0","0","36205","0","0","0","N","0","0","0","1","68J01","0","","4","01","N","N","0","","0","0","0","0","0","","0430","0","1","0","0","0","0","0","1","0","1","N","","","","","","","","","","","","05","","","N","N"
"0555","1","0","0","0","0","0","0","0","0","7","0","","36","08","2021","2021082543","3","40.0383","-76.4386","0543","08","0","0","0","0","0","0","0","0","","0","0","0","05","3","0","00","0","40 02:17.978","","00","76 26:18.833","0","0","0","0","36414","0","0","0","N","0","0","0","1","36239","0","","4","01","N","N","0","","0","0","0","0","0","","0543","0","1","0","0","0","0","0","3","0","1","N","","","","","","","","","","","","03","03","","N","N"
"2038","2","0","0","0","0","0","0","0","0","1","0","","36","04","2021","2021055261","7","40.0169","-76.1647","2037","08","0","0","0","0","0","1","0","0","","0","0","0","20","3","3","00","0","40 01:00.812","","00","76 09:52.932","4","0","0","0","36215","0","0","0","N","0","0","0","4","36215","3","","1","09","N","N","0","","0","0","0","3","2","","2033","3","2","0","0","1","0","0","1","0","2","N","","","","","","","","","","","","07","","","N","Y"
"0554","3","0","0","0","0","0","0","0","0","1","0","","36","08","2021","2021079634","2","40.0427","-76.3066","0552","08","0","0","0","0","0","0","0","0","","0","0","0","05","5","0","02","2","40 02:33.734","1","00","76 18:23.723","0","0","0","0","36301","0","0","0","N","0","0","0","2","36301","0","","2","01","N","N","0","","0","0","0","3","2","Y","0550","0","3","0","0","0","0","0","3","0","3","N","","","","","","","","","","","0642","03","","","N","N"
"1533","0","0","0","0","0","0","0","0","0","4","0","","36","08","2021","2021082088","3","39.9246","-76.1935","1515","08","0","0","0","0","0","0","0","0","","0","0","0","15","1","1","00","2","39 55:28.398","5","00","76 11:36.744","3","0","0","0","36233","0","0","0","N","0","0","0","2","68J01","0","","1","01","N","N","1","","1","0","1","0","0","Y","1508","1","2","0","0","0","0","0","1","0","2","N","","","","","","","","","","","1617","03","","","N","N"
"2004","1","0","0","0","0","0","0","0","0","4","0","","36","04","2021","2021045440","7","40.0399","-76.3659","2000","08","0","0","0","0","0","1","0","0","","0","0","0","19","3","1","02","2","40 02:23.570","3","00","76 21:57.088","3","0","0","0","36223","0","0","0","N","0","0","0","3","36223","0","","1","09","N","N","0","","1","0","1","3","3","Y","1958","1","2","0","0","0","0","0","1","0","2","N","","","","","","","","","","","2051","07","","","N",""
"1513","2","0","0","0","0","0","0","0","0","1","0","","36","04","2021","2021039220","3","40.0387","-76.3342","1509","08","0","0","0","0","0","0","0","0","","0","0","0","14","1","1","00","1","40 02:19.142","4","00","76 20:03.067","4","0","0","0","36220","0","0","0","N","0","0","0","3","36101","1","","1","01","N","N","1","","0","0","0","0","0","N","1446","1","3","0","0","0","0","0","3","0","3","N","","","","","","","","","","","1545","03","","","N","N"
"1141","0","0","0","0","0","0","0","0","0","4","0","","36","09","2021","2021085330","2","40.109","-76.3347","1140","08","0","0","0","0","0","1","1","0","","0","0","0","11","1","0","01","1","40 06:32.490","1","00","76 20:04.792","0","0","0","0","36101","0","0","0","N","0","0","0","3","36101","0","","1","01","N","N","1","","0","0","1","3","2","N","1139","0","2","0","0","0","0","0","3","0","2","N","","","","","","","","","","","1218","03","03","","N",""
"1715","1","0","0","0","0","0","0","0","0","5","0","","36","05","2021","2021058140","7","40.0591","-76.4629","1709","08","0","0","0","0","0","0","0","0","","0","0","0","17","1","1","03","1","40 03:32.814","5","00","76 27:46.398","3","0","0","0","36239","0","0","0","N","0","0","0","10","36239","0","","1","09","N","N","0","","1","0","2","0","0","N","1709","1","3","0","0","0","0","0","3","0","3","N","","","","","","","","","","","1805","07","","","N",""
"1152","1","0","0","0","0","0","0","0","0","5","0","","36","05","2021","2021046618","4","40.1764","-76.1842","1150","08","0","0","0","0","0","1","0","0","","0","0","0","11","1","0","01","0","40 10:34.924","","00","76 11:03.184","0","0","0","0","36408","0","0","0","N","0","0","0","2","36408","0","","1","01","N","N","0","","0","0","0","0","0","","1150","0","2","0","0","0","0","0","2","1","2","N","","","","","","","","","","","","03","03","","N","N"
"1337","0","0","0","0","0","0","0","0","0","7","0","","36","05","2021","2021045029","3","40.1687","-76.4095","1133","08","0","0","0","0","0","0","0","0","","0","0","0","11","1","0","02","0","40 10:07.320","","00","76 24:34.088","9","0","0","0","36230","0","0","0","N","0","0","0","1","36410","0","","4","01","N","N","0","","0","0","0","0","0","","1132","0","1","0","0","0","0","1","1","1","1","N","","","","","","","","","","","","03","03","","N",""
"1932","1","0","0","0","0","0","0","0","0","7","0","","36","09","2021","2021084105","2","40.0413","-76.4404","1922","08","0","0","0","0","0","1","0","0","","0","0","0","19","1","0","00","1","40 02:28.823","4","00","76 26:25.419","0","0","0","0","36414","0","0","0","N","0","0","0","2","36239","0","","3","01","N","N","0","","0","0","0","0","0","N","1922","0","1","0","0","0","0","0","3","0","1","N","","","","","","","","","","","2015","03","","","N","N"
"1657","1","0","0","0","0","0","0","0","0","7","0","","36","08","2021","2021081189","2","40.2296","-76.434","1638","08","0","0","0","0","0","1","0","0","","0","0","0","16","1","2","00","0","40 13:46.696","","00","76 26:01.089","8","0","0","0","36230","0","0","0","N","0","0","0","2","68T06","0","","3","09","N","N","0","","0","0","0","0","0","","1637","2","1","0","0","0","2","0","1","0","1","N","","","","","","","","","","","","07","","","N","N"
"1434","2","0","0","0","0","0","0","0","0","1","0","","36","04","2021","2021040169","5","40.098","-76.3052","1430","08","0","1","0","0","0","0","0","0","","0","0","0","14","1","1","00","0","40 05:52.690","","00","76 18:18.630","3","0","0","0","36101","0","0","0","N","0","0","0","3","36101","0","","1","08","N","N","0","","1","0","1","0","0","","1427","1","3","0","0","0","0","0","3","0","3","N","","","","","","","","","","","","03","04","","N","N"
"1254","1","0","0","0","0","0","0","0","0","1","0","","36","04","2021","2021036945","6","40.0757","-76.2853","1247","08","0","0","0","0","0","2","0","0","","0","0","0","12","1","2","00","0","40 04:32.405","","00","76 17:07.069","3","0","0","0","36101","0","0","0","N","0","0","0","4","36101","0","","1","01","N","N","1","","2","0","0","0","0","","1245","2","2","0","0","0","0","0","3","0","2","N","","","","","","","","","","","","03","03","","N","N"
"1215","1","0","0","0","0","0","0","0","0","4","0","","36","04","2021","2021036654","2","40.0411","-76.3063","1214","08","0","0","0","0","1","0","0","0","","0","0","0","12","1","0","01","0","40 02:27.991","","00","76 18:22.594","0","0","0","0","36301","0","0","0","N","0","0","0","4","36301","0","","1","01","N","N","0","","0","0","2","3","2","N","1214","0","3","0","0","1","0","0","3","0","3","N","","","","","","","","","","","","04","","","N",""
"1102","0","0","0","0","0","0","0","0","0","4","0","","36","05","2021","2021042644","2","40.1692","-76.3863","1058","08","0","0","0","0","0","0","0","1","","0","0","0","10","1","0","01","1","40 10:09.086","7","00","76 23:10.754","0","0","0","0","36227","0","0","0","N","0","0","0","2","36506","0","","1","09","N","N","0","","0","0","1","3","2","Y","1058","0","2","0","0","0","0","0","1","1","2","N","","","","","","","","","","","1135","07","","","N",""
"1305","1","0","1","0","0","0","0","0","0","4","0","","36","08","2021","2021082183","7","40.0709","-76.3176","1259","08","0","0","0","0","0","0","0","1","","0","0","0","12","1","1","01","1","40 04:15.219","4","00","76 19:04.188","2","0","0","0","36101","0","0","0","N","0","0","0","2","36101","0","","1","01","N","N","0","","0","1","1","3","2","N","1256","1","2","0","0","0","0","0","3","0","2","N","","","","","","","","","","","1410","03","03","","N",""
"1500","2","0","0","0","0","0","0","0","0","4","0","","36","05","2021","2021041751","2","40.0523","-76.3963","1456","08","0","0","0","0","0","0","1","0","","0","0","0","14","1","0","00","0","40 03:08.287","","07","76 23:46.718","0","0","0","0","36214","0","0","0","N","0","0","0","2","36214","0","","1","09","N","N","0","","0","0","0","0","0","","1450","0","2","0","0","0","0","0","3","0","2","N","","","","","","","","","","","","03","04","","N","N"
"2027","1","0","0","0","0","0","0","0","0","98","0","","36","09","2021","2021083077","5","40.1436","-76.286","2019","08","0","0","0","0","0","0","0","0","","0","0","0","20","4","0","00","1","40 08:37.010","3","00","76 17:09.720","0","0","0","0","36235","0","0","0","N","0","0","0","4","36506","0","","1","01","N","N","0","","0","0","0","0","0","N","2015","0","1","0","0","0","0","0","1","0","1","N","","","","","","","","","","","2055","03","","","N","N"
"2240","0","0","0","0","0","0","0","0","0","4","0","","36","05","2021","2021076577","7","39.9679","-76.3224","2236","08","0","0","0","0","0","0","0","0","","0","0","0","22","2","0","01","0","39 58:04.314","","00","76 19:20.496","0","0","0","0","36228","0","0","0","N","0","0","0","3","36228","0","","1","01","N","N","2","","0","0","0","3","3","","2236","0","2","0","0","0","0","0","1","0","2","N","","","","","","","","","","","","03","","","N",""
"0956","1","0","0","0","0","0","0","0","0","7","0","","36","05","2021","2021042477","3","40.0469","-76.3185","0955","08","0","0","0","0","0","0","0","0","","0","0","0","09","1","2","00","1","40 02:48.800","1","00","76 19:06.500","8","0","0","0","36301","0","0","0","N","0","0","0","3","36301","0","","4","01","N","N","0","","0","0","0","0","0","Y","0952","2","1","0","0","0","2","0","3","0","1","N","","","","","","","","","","","1000","03","","","N","N"
"0304","0","0","0","0","0","0","0","0","0","7","0","","36","05","2021","2021043519","6","40.0532","-76.4137","0259","08","0","0","0","0","0","0","0","0","","0","0","0","02","2","0","00","1","40 03:11.449","1","00","76 24:49.154","0","0","0","0","36239","0","0","0","N","0","0","0","1","36239","0","","5","01","N","N","0","","0","0","1","0","0","N","0253","0","1","0","0","0","0","0","3","0","1","N","","","","","","","","","","","0340","03","03","","N","N"
"2127","1","0","0","0","0","0","0","0","0","7","0","","36","05","2021","2021040386","2","40.062","-76.3841","2123","08","0","1","0","0","0","0","0","0","","0","0","0","21","2","0","00","0","40 03:43.110","","00","76 23:02.640","0","0","0","0","36214","0","0","0","N","0","0","0","3","36214","0","","4","09","N","N","0","","0","0","0","0","0","","2121","0","1","0","0","0","0","0","3","0","1","N","","","","","","","","","","","","07","07","","N","N"
"1803","0","0","0","0","0","0","0","0","0","1","1","","36","08","2021","2021084108","5","40.1262","-76.4723","1753","08","0","0","1","0","0","0","0","0","","0","1","0","17","1","1","00","0","40 07:34.456","","00","76 28:20.446","4","0","0","0","36230","0","0","0","N","0","0","0","3","36410","1","","1","01","N","N","1","","0","0","0","0","0","","1750","1","2","0","0","0","0","0","1","0","2","N","","","","","","","","","","","","03","","","N","N"
"1317","1","0","0","0","0","0","0","0","0","5","0","","36","09","2021","2021083351","6","40.0525","-76.378","1305","08","0","0","0","0","0","1","0","0","","0","0","0","13","1","2","00","1","40 03:09.064","3","00","76 22:40.046","4","0","0","1","36214","0","0","0","N","0","0","0","3","36214","1","","1","01","N","N","0","","0","0","1","0","0","Y","1305","2","3","0","0","0","1","0","3","0","3","N","","","","","","","","","","","1600","03","","","N","N"
"1823","1","0","0","0","0","0","0","0","0","1","0","","36","04","2021","2021035911","3","40.0489","-76.3458","1811","08","0","0","0","0","0","0","0","0","","0","0","0","18","1","0","00","1","40 02:56.203","4","00","76 20:44.733","0","0","0","0","36214","0","0","0","N","0","0","0","2","36214","0","","1","01","N","N","0","","0","0","0","0","0","N","1809","0","2","0","0","0","0","0","3","1","2","N","","","","","","","","","","","2145","03","","","N","Y"
"1624","1","0","0","0","0","0","0","0","0","1","0","","36","04","2021","2021039941","5","40.0849","-76.288","1610","08","0","0","1","0","0","1","0","0","","0","0","0","16","1","0","00","1","40 05:05.574","1","00","76 17:16.916","0","0","0","0","36101","0","0","0","N","0","0","0","3","36101","0","","1","09","N","N","0","","0","0","2","0","0","Y","1610","0","3","0","0","0","0","0","3","0","3","N","","","","","","","","","","","1635","07","04","","N","N"
"1535","1","0","0","0","0","0","0","0","0","1","0","","36","05","2021","2021045811","7","40.0299","-76.2307","1535","08","0","0","0","0","0","0","0","0","","0","0","0","15","1","0","00","0","40 01:47.542","","00","76 13:50.614","0","0","0","0","36215","0","0","0","N","0","0","0","4","36215","0","","1","01","N","N","0","","0","0","2","0","0","","1533","0","3","0","0","0","0","0","1","0","3","N","","","","","","","","","","","","03","03","","N","Y"
"1736","1","0","0","0","0","0","0","0","0","8","0","","36","08","2021","2021081765","3","40.0232","-76.197","1733","08","0","0","0","0","0","0","0","0","","0","0","0","17","1","1","01","0","40 01:23.698","","00","76 11:49.071","3","0","0","0","36215","1","0","0","N","1","0","0","2","36215","0","","1","01","N","N","0","","1","0","0","3","2","","1727","1","2","0","0","0","0","0","1","0","1","N","","","","","","","","","","","","03","03","","N",""
"1330","0","0","0","0","0","0","0","0","0","0","0","","36","05","2021","2021044652","1","40.0757","-76.0106","1312","08","0","0","0","0","0","0","0","0","","0","0","0","13","1","1","00","0","40 04:32.660","","00","76 00:38.110","3","0","0","1","36232","0","0","0","N","0","0","0","1","68J01","0","","1","01","N","N","0","","1","0","0","0","0","","1310","1","1","0","0","0","0","0","1","0","1","N","","","","","","","","","","","","03","03","","N","N"
"0205","0","0","0","0","0","0","0","0","0","5","0","","36","05","2021","2021041842","1","40.0313","-76.3045","0204","08","0","0","0","0","0","0","0","0","","0","0","0","02","3","0","00","2","40 01:52.585","1","00","76 18:16.038","0","0","0","0","36301","0","0","0","N","0","0","0","1","36301","0","","6","01","N","N","0","","0","0","3","0","0","Y","0203","0","3","0","0","0","0","0","3","0","3","N","","","","","","","","","","","0327","03","03","","N","N"
"0057","0","0","0","0","0","0","0","0","0","98","0","","36","09","2021","2021085048","7","40.2453","-76.1742","0038","08","0","0","0","0","0","0","0","0","","0","0","0","00","2","2","00","0","40 14:43.049","","00","76 10:27.430","3","0","0","0","36236","0","0","0","N","0","0","0","3","68T06","0","","1","01","N","N","0","","2","0","1","0","0","","0038","2","1","0","0","0","0","0","1","0","1","N","","","","","","","","","","","","03","03","","N","N"
"0231","2","0","0","0","0","0","0","0","0","1","0","","36","08","2021","2021084688","5","40.0382","-76.3184","0231","08","0","0","0","0","0","0","0","0","","0","0","0","02","3","0","00","0","40 02:17.564","","00","76 19:06.406","0","0","0","0","36301","0","0","0","N","0","0","0","2","36301","0","","6","01","N","N","0","","0","0","1","0","0","","0231","0","3","0","0","0","0","0","3","0","3","N","","","","","","","","","","","","03","03","","N","N"
"1838","2","0","0","0","0","0","0","0","0","1","0","","36","05","2021","2021041601","6","40.0748","-76.3085","1828","08","0","0","0","0","0","1","0","0","","0","0","0","18","1","0","00","0","40 04:29.103","","00","76 18:30.681","0","0","0","0","36101","0","0","0","N","0","0","0","5","36101","0","","1","09","N","N","0","","0","0","1","0","0","","1827","0","3","0","0","0","0","0","3","0","3","N","","","","","","","","","","","","07","07","","N","N"
"1300","0","0","0","0","0","0","0","0","0","5","0","","36","04","2021","2021035099","1","40.0824","-76.2749","1252","08","0","0","0","0","0","0","0","0","","0","0","0","12","1","1","00","0","40 04:56.575","","00","76 16:29.678","3","0","0","0","36101","0","0","0","N","0","0","0","6","36101","0","","1","01","N","N","0","","1","0","2","0","0","","1249","1","2","0","0","0","0","0","3","0","2","N","","","","","","","","","","","","03","03","","N","N"
"1219","2","0","0","0","0","0","0","0","0","2","0","","36","08","2021","2021081613","1","39.9855","-76.0178","1212","08","0","0","0","0","0","1","0","0","","0","0","0","12","1","0","01","1","39 59:07.866","7","00","76 01:04.009","0","0","0","0","36232","0","0","0","N","0","0","0","4","68J01","0","","1","09","N","N","0","","0","0","0","3","2","N","1210","0","2","0","0","0","0","0","1","0","2","N","","","","","","","","","","","1300","07","","","N","N"
"1525","1","0","0","0","0","0","0","0","0","4","0","","36","04","2021","2021039085","3","40.0402","-76.2391","1519","08","0","0","0","0","1","0","0","0","","0","0","0","15","1","0","01","0","40 02:24.730","","00","76 14:20.844","0","0","0","0","36215","0","0","0","N","0","0","0","2","36215","0","","1","01","N","N","1","","0","0","0","3","2","","1518","0","2","0","0","0","0","0","1","0","2","N","","","","","","","","","","","","03","03","","N",""
"1938","1","0","0","0","0","0","0","0","0","5","0","","36","04","2021","2021039287","6","40.2221","-76.0963","1934","08","0","0","0","0","0","1","0","0","","0","0","0","19","1","1","00","0","40 13:19.689","","00","76 05:46.791","3","0","0","0","36210","0","0","0","N","0","0","0","2","36210","0","","1","01","N","N","1","","1","0","0","0","0","","1934","1","2","0","0","0","0","0","1","0","2","N","","","","","","","","","","","","03","","","N","N"
"1647","0","0","0","0","0","0","0","0","0","5","0","","36","04","2021","2021041406","7","40.1807","-76.0074","1647","08","0","0","0","0","0","1","0","0","","0","0","0","16","1","0","00","0","40 10:50.448","","00","76 00:26.676","0","0","0","0","36202","0","0","0","N","0","0","0","3","68J01","0","","1","01","N","N","0","","0","0","2","0","0","","1601","0","2","0","0","0","0","0","1","0","2","N","","","","","","","","","","","","03","03","","N","N"
"0822","0","0","0","0","0","0","0","0","0","7","0","","36","05","2021","2021042955","2","40.0096","-76.1834","0812","08","0","0","0","0","0","1","0","0","","0","0","0","08","1","0","00","0","40 00:34.700","","00","76 11:00.100","0","0","0","0","36215","0","0","0","N","0","0","0","1","36215","0","","5","01","N","N","0","","0","0","0","0","0","","0812","0","1","0","0","0","0","0","1","1","1","N","","","","","","","","","","","","03","03","","N","N"
"0242","1","0","0","0","0","0","0","0","0","7","0","","36","08","2021","2021081484","6","40.1126","-76.2567","0232","08","0","0","0","0","0","0","0","0","","0","0","0","02","3","1","00","1","40 06:45.509","3","00","76 15:24.220","3","0","0","0","36101","0","0","0","N","0","0","0","1","36101","0","","5","01","N","N","0","","1","0","0","0","0","N","0232","1","1","0","0","0","0","0","3","0","1","N","","","","","","","","","","","0330","03","","","N","N"
"1219","0","0","0","0","0","0","0","0","0","4","1","","36","09","2021","2021082388","4","40.1498","-76.309","1217","08","0","0","0","0","0","1","1","0","","0","1","0","12","1","1","03","2","40 08:59.413","7","00","76 18:32.301","3","0","0","0","36409","0","0","0","N","0","0","0","5","36409","0","","1","09","N","N","0","","1","0","1","3","3","Y","1215","1","2","0","0","0","0","0","3","0","2","N","","","","","","","","","","","1300","07","","","N",""
"0010","2","0","0","0","0","0","0","0","0","5","0","","36","08","2021","2021079639","3","40.1702","-76.1693","0006","08","0","0","0","0","0","0","0","0","","0","0","0","00","2","0","00","2","40 10:12.714","4","00","76 10:09.578","0","0","0","0","36408","0","0","0","N","0","0","0","1","36408","0","","1","01","N","N","0","","0","0","0","0","0","N","0005","0","2","0","0","0","0","0","2","0","2","N","","","","","","","","","","","0100","03","","","N","N"
"1532","1","0","0","0","0","0","0","0","0","4","0","","36","04","2021","2021038257","4","40.0406","-76.2875","1527","08","0","0","0","0","0","0","0","0","","0","0","0","15","1","0","02","1","40 02:26.318","1","00","76 17:14.881","0","0","0","0","36301","0","0","0","N","0","0","0","5","36301","0","","1","01","N","N","0","","0","0","2","3","3","N","1523","0","3","0","0","0","0","0","3","0","3","N","","","","","","","","","","","1626","03","03","","Y",""
"1457","2","0","0","0","0","0","0","0","0","1","0","","36","08","2021","2021081488","1","40.0738","-76.3361","1455","08","0","1","0","0","0","0","0","0","","0","0","0","14","1","0","00","0","40 04:25.676","","00","76 20:09.798","0","0","0","0","36101","0","0","0","N","0","0","0","4","36101","0","","1","01","N","N","0","","0","0","1","0","0","","1452","0","3","0","0","0","0","0","3","0","3","N","","","","","","","","","","","","03","03","","N","N"
"2003","0","0","0","0","0","0","0","0","0","98","0","","36","04","2021","2021045022","4","40.1247","-76.4699","1953","08","0","0","0","0","0","0","0","0","","0","0","0","19","2","0","00","0","40 07:28.996","","00","76 28:11.482","0","0","0","0","36230","0","0","0","N","0","0","0","1","36410","0","","1","01","N","N","0","","0","0","1","0","0","","1950","0","1","0","0","0","0","0","1","0","1","N","","","","","","","","","","","","03","03","","N","N"
"1431","1","0","0","0","0","0","0","0","0","1","0","","36","04","2021","2021035209","2","40.1683","-76.2024","1427","08","0","0","0","1","0","1","0","0","","0","0","0","14","1","1","02","0","40 10:05.858","","00","76 12:08.623","8","0","0","0","36408","0","0","0","N","0","0","0","2","36408","0","","1","01","N","N","1","","0","0","0","0","0","","1427","1","2","0","0","1","1","0","2","0","2","N","","","","","","","","","","","","03","03","","N",""
"2232","1","0","0","0","0","0","0","0","0","7","0","","36","08","2021","2021084162","4","39.8789","-76.2409","2219","08","0","0","0","0","0","0","0","0","","0","0","0","22","2","1","00","1","39 52:44.073","2","00","76 14:27.329","2","0","0","0","36229","0","0","0","N","0","0","0","1","68J01","0","","4","01","N","N","0","","0","1","0","0","0","N","2216","1","1","0","1","1","0","0","1","0","1","N","","","","","","","","","","","2315","03","03","","N","N"
"0913","0","0","0","0","0","0","0","0","0","4","0","","36","09","2021","2021083568","1","40.1383","-76.1002","0908","08","1","0","0","0","0","0","0","0","","0","0","0","09","1","1","01","1","40 08:17.874","3","00","76 06:00.622","8","0","0","0","36209","0","0","0","N","0","0","0","3","36415","0","","1","09","N","N","1","","0","0","1","3","3","N","0908","1","2","0","0","0","1","0","1","0","2","N","","","","","","","","","","","1011","07","07","","N",""
"0552","0","0","0","0","0","0","0","0","0","4","1","","36","08","2021","2021082768","3","40.0789","-76.2541","0550","08","0","0","0","0","0","1","0","0","","0","1","0","05","2","1","00","1","40 04:44.042","4","07","76 15:14.752","3","0","0","1","36215","0","0","0","N","0","0","0","2","36215","0","","1","01","N","N","0","","1","0","0","0","0","N","0548","1","2","0","0","0","0","0","1","0","2","N","","","","","","","","","","","0634","04","","","N","N"
"1730","0","0","0","0","0","0","0","0","0","1","0","","36","04","2021","2021039089","4","40.1587","-76.2303","1720","08","0","0","0","0","0","1","1","0","","0","0","0","17","1","1","00","0","40 09:31.287","","00","76 13:49.203","3","0","0","0","36235","0","0","0","N","0","0","0","3","36506","0","","1","01","N","N","0","","1","0","0","9","8","","1719","1","2","0","0","0","0","0","1","2","2","N","","","","","","","","","","","","03","03","","N","N"
"2157","1","0","0","0","0","0","0","0","0","7","0","","36","04","2021","2021037393","7","40.0567","-76.5533","2150","08","0","0","1","0","0","0","0","0","","0","0","0","21","3","0","00","1","40 03:24.001","1","00","76 33:11.818","0","0","0","0","36411","0","0","0","N","0","0","0","1","36504","0","","2","09","N","N","0","","0","0","0","0","0","N","2145","0","1","0","0","0","0","0","1","0","1","N","","","","","","","","","","","2220","07","","","N","N"
"1025","2","0","0","0","0","0","0","0","0","4","0","","36","09","2021","2021082544","4","40.0375","-76.4466","1021","08","0","0","0","0","0","0","0","1","","0","0","0","10","1","2","01","1","40 02:15.040","6","00","76 26:47.880","4","0","0","0","36239","0","0","0","N","0","0","0","2","36239","1","","1","09","N","N","0","","0","0","0","3","3","N","1021","2","2","0","0","0","1","0","3","0","2","N","","","","","","","","","","","1100","07","","","N",""
"0605","2","0","0","0","0","0","0","0","0","6","0","","36","04","2021","2021039235","3","40.1162","-76.5228","0603","08","0","0","0","0","0","0","0","0","","0","0","0","06","3","1","00","0","40 06:58.300","","00","76 31:22.200","3","0","0","0","36413","0","0","0","N","0","0","0","1","36413","0","","1","01","N","N","1","","1","0","0","0","0","","0603","1","3","0","0","0","0","0","2","0","3","N","","","","","","","","","","","","04","","","N","Y"
"0811","1","0","0","0","0","0","0","0","0","1","0","","36","04","2021","2021038628","5","40.1049","-76.2532","0801","08","0","0","0","0","0","1","0","0","","0","0","0","08","1","1","00","0","40 06:17.721","","00","76 15:11.602","3","0","0","0","36101","0","0","0","N","0","0","0","2","36101","0","","1","01","N","N","0","","1","0","1","0","0","","0800","1","2","0","0","0","0","0","3","0","2","N","","","","","","","","","","","","03","03","","N","N"
"0951","1","0","0","0","0","0","0","0","0","4","0","","36","04","2021","2021038936","3","40.033","-76.506","0949","08","0","0","0","0","0","1","0","0","","0","0","0","09","1","1","01","2","40 01:58.979","7","00","76 30:21.554","3","0","0","0","36404","0","0","0","N","0","0","0","3","36404","0","","1","01","N","N","1","","1","0","0","3","3","Y","0948","1","2","0","0","0","0","0","3","0","2","N","","","","","","","","","","","1023","03","03","","N",""