"ARRIVAL_TM","AUTOMOBILE_COUNT","BELTED_DEATH_COUNT","BELTED_SUSP_SERIOUS_INJ_COUNT","BICYCLE_COUNT","BICYCLE_DEATH_COUNT","BICYCLE_SUSP_SERIOUS_INJ_COUNT","BUS_COUNT","CHLDPAS_DEATH_COUNT","CHLDPAS_SUSP_SERIOUS_INJ_COUNT","COLLISION_TYPE","COMM_VEH_COUNT","CONS_ZONE_SPD_LIM","COUNTY","CRASH_MONTH","CRASH_YEAR","CRN","DAY_OF_WEEK","DEC_LAT","DEC_LONG","DISPATCH_TM","DISTRICT","DRIVER_COUNT_16YR","DRIVER_COUNT_17YR","DRIVER_COUNT_18YR","DRIVER_COUNT_19YR","DRIVER_COUNT_20YR","DRIVER_COUNT_50_64YR","DRIVER_COUNT_65_74YR","DRIVER_COUNT_75PLUS","EST_HRS_CLOSED","FATAL_COUNT","HEAVY_TRUCK_COUNT","HORSE_BUGGY_COUNT","HOUR_OF_DAY","ILLUMINATION","INJURY_COUNT","INTERSECT_TYPE","LANE_CLOSED","LATITUDE","LN_CLOSE_DIR","LOCATION_TYPE","LONGITUDE","MAX_SEVERITY_LEVEL","MCYCLE_DEATH_COUNT","MCYCLE_SUSP_SERIOUS_INJ_COUNT","MOTORCYCLE_COUNT","MUNICIPALITY","NONMOTR_COUNT","NONMOTR_DEATH_COUNT","NONMOTR_SUSP_SERIOUS_INJ_COUNT","NTFY_HIWY_MAINT","PED_COUNT","PED_DEATH_COUNT","PED_SUSP_SERIOUS_INJ_COUNT","PERSON_COUNT","POLICE_AGCY","POSSIBLE_INJ_COUNT","RDWY_SURF_TYPE_CD","RELATION_TO_ROAD","ROAD_CONDITION","SCH_BUS_IND","SCH_ZONE_IND","SMALL_TRUCK_COUNT","SPEC_JURIS_CD","SUSP_MINOR_INJ_COUNT","SUSP_SERIOUS_INJ_COUNT","SUV_COUNT","TCD_FUNC_CD","TCD_TYPE","TFC_DETOUR_IND","TIME_OF_DAY","TOT_INJ_COUNT","TOTAL_UNITS","UNB_DEATH_COUNT","UNB_SUSP_SERIOUS_INJ_COUNT","UNBELTED_OCC_COUNT","UNK_INJ_DEG_COUNT","UNK_INJ_PER_COUNT","URBAN_RURAL","VAN_COUNT","VEHICLE_COUNT","WORK_ZONE_IND","WORK_ZONE_LOC","WORK_ZONE_TYPE","WORKERS_PRES","WZ_CLOSE_DETOUR","WZ_FLAGGER","WZ_LAW_OFFCR_IND","WZ_LN_CLOSURE","WZ_MOVING","WZ_OTHER","WZ_SHLDER_MDN","ROADWAY_CLEARED","WEATHER1","WEATHER2","WZ_WORKERS_INJ_KILLED","SECONDARY_CRASH","INTERSECTION_RELATED"
"1446","1","0","0","0","0","0","0","0","0","4","0","","36","05","2021","2021041127","7","40.0605","-76.3356","1446","08","0","0","0","0","0","2","0","0","","0","0","0","14","1","3","00","0","40 03:37.800","","07","76 20:08.100","3","0","0","0","36101","0","0","0","N","0","0","0","3","36301","2","","1","01","N","N","0","","1","0","1","3","2","","1446","3","2","0","0","0","0","0","3","0","2","N","","","","","","","","","","","","03","","","N","N"
"1610","0","0","0","0","0","0","0","0","0","1","0","","36","05","2021","2021042956","2","40.0402","-76.2377","1607","08","0","0","0","1","0","0","0","0","","0","0","0","16","1","1","00","1","40 02:24.643","4","00","76 14:15.686","3","0","0","0","36215","0","0","0","N","0","0","0","2","36215","0","","1","09","N","N","0","","1","0","0","0","0","N","1605","1","2","0","0","0","0","0","1","2","2","N","","","","","","","","","","","1636","04","","","N","N"
"0135","2","0","0","0","0","0","0","0","0","4","0","","36","04","2021","2021034895","1","39.9865","-76.2812","0135","08","0","0","0","0","0","0","0","0","","0","0","0","01","3","0","02","0","39 59:11.342","","01","76 16:52.253","0","0","0","0","36240","0","0","0","N","0","0","0","2","36240","0","","1","01","N","N","0","","0","0","0","3","2","","0130","0","2","0","0","0","0","0","1","0","2","N","","","","","","","","","","","","03","03","","N",""
"2218","0","0","0","0","0","0","0","0","0","7","0","","36","04","2021","2021039086","6","40.0402","-76.2597","2215","08","0","0","0","0","0","0","0","0","","0","0","0","22","3","0","00","1","40 02:24.755","3","00","76 15:34.997","0","0","0","0","36215","0","0","0","N","0","0","0","2","36215","0","","2","01","N","N","1","","0","0","0","0","0","N","2209","0","1","0","0","0","0","0","1","0","1","N","","","","","","","","","","","2300","03","03","","N","N"
"0017","3","0","0","0","0","0","0","0","0","1","0","","36","08","2021","2021081260","1","40.0377","-76.3012","0013","08","0","0","0","0","0","1","0","0","","0","0","0","00","3","3","01","0","40 02:15.552","","00","76 18:04.209","3","0","0","0","36301","0","0","0","N","0","0","0","4","36301","1","","1","01","N","N","0","","2","0","0","3","2","N","0011","3","3","0","0","0","0","1","3","0","3","N","","","","","","","","","","","","03","","","N","N"
"1816","0","0","0","0","0","0","0","0","0","1","0","","36","04","2021","2021039503","3","39.8574","-76.2747","1803","08","0","0","0","0","1","1","0","0","","0","0","0","18","1","0","02","1","39 51:26.522","3","00","76 16:28.938","0","0","0","0","36224","0","0","0","N","0","0","0","2","68J01","0","","1","01","N","N","0","","0","0","2","0","0","N","1802","0","2","0","0","1","0","0","1","0","2","N","","","","","","","","","","","1900","03","03","","N","N"
"1709","1","0","0","0","0","0","0","0","0","1","0","","36","08","2021","2021081495","5","40.1689","-76.2735","1708","08","0","0","0","0","0","1","0","0","","0","0","0","17","1","0","01","0","40 10:08.205","","00","76 16:24.473","0","0","0","0","36235","0","0","0","N","0","0","0","2","36506","0","","1","01","N","N","0","","0","0","1","0","0","","1706","0","2","0","0","0","0","0","1","0","2","N","","","","","","","","","","","","03","","","N",""
"0440","1","0","0","0","0","0","0","0","0","1","0","","36","05","2021","2021041604","4","40.0635","-76.3589","0435","08","0","0","0","0","0","0","0","0","","0","0","0","04","3","1","01","2","40 03:48.686","5","00","76 21:32.100","3","0","0","0","36214","0","0","0","N","0","0","0","2","36214","0","","1","01","N","N","0","","1","0","1","3","2","N","0430","1","2","0","0","0","0","0","3","0","2","N","","","","","","","","","","","0518","03","03","","N",""
"1843","0","0","0","0","0","0","0","0","0","7","0","","36","05","2021","2021041940","2","40.1013","-76.1842","1836","08","0","0","0","0","0","0","0","0","","0","0","0","18","1","1","00","0","40 06:04.800","","00","76 11:03.100","3","0","0","0","36238","0","0","0","N","0","0","0","1","36238","0","","4","09","N","N","0","","1","0","1","3","3","","1836","1","1","0","0","0","0","0","3","0","1","N","","","","","","","","","","","","07","","","N","N"
"2320","3","0","0","0","0","0","0","0","0","4","0","","36","08","2021","2021080408","5","40.0372","-76.3127","2309","08","0","0","0","0","0","0","0","1","","0","0","0","23","3","1","01","1","40 02:13.971","4","00","76 18:45.697","4","0","0","0","36301","0","0","0","N","0","0","0","2","36301","1","","1","01","N","N","0","","0","0","0","3","2","Y","2307","1","3","0","0","0","0","0","3","0","3","N","","","","","","","","","","","2353","03","03","","N",""
"0635","1","0","0","0","0","0","0","0","0","7","0","","36","08","2021","2021082091","5","39.8367","-76.0584","0601","08","0","0","0","0","0","0","0","0","","0","0","0","06","1","0","00","0","39 50:12.063","","00","76 03:30.337","0","0","0","0","36205","0","0","0","N","0","0","0","1","68J01","0","","2","01","N","N","0","","0","0","0","0","0","","0600","0","1","0","0","0","0","0","1","0","1","N","","","","","","","","","","","","03","","","N","N"
"2326","2","0","0","0","0","0","0","0","0","4","0","","36","04","2021","2021038722","2","40.0443","-76.3069","2324","08","0","0","0","0","0","0","0","0","","0","0","0","23","3","1","01","1","40 02:39.403","4","00","76 18:24.797","4","0","0","0","36301","0","0","0","N","0","0","0","3","36301","1","","1","01","N","N","0","","0","0","0","3","2","N","2323","1","2","0","0","0","0","0","3","0","2","N","","","","","","","","","","","0010","03","03","","N",""
"1114","1","0","0","0","0","0","0","0","0","98","0","","36","09","2021","2021084103","2","40.0682","-76.3011","1108","08","0","0","0","0","0","0","0","0","","0","0","0","11","1","0","00","0","40 04:05.653","","00","76 18:03.947","0","0","0","0","36101","0","0","0","N","0","0","0","1","36101","0","","1","01","N","N","0","","0","0","0","0","0","","1102","0","1","0","0","0","0","0","3","0","1","N","","","","","","","","","","","","03","","","N","N"
"0803","0","0","0","0","0","0","0","0","0","1","1","","36","08","2021","2021081491","6","40.0987","-76.1011","0801","08","0","0","0","0","0","1","0","0","","0","1","0","08","1","1","00","2","40 05:55.307","4","00","76 06:03.946","3","0","0","0","36415","0","0","0","N","0","0","0","2","36415","0","","1","01","N","N","0","","1","0","1","3","2","Y","0800","1","2","0","0","0","0","0","1","0","2","N","","","","","","","","","","","0830","03","","","N","Y"
"1345","0","0","0","0","0","0","0","0","0","1","0","","36","04","2021","2021035478","1","40.0003","-76.325","1328","08","1","0","0","1","0","0","0","0","","0","0","0","13","1","0","00","1","40 00:01.244","2","07","76 19:29.868","0","0","0","0","36228","0","0","0","N","0","0","0","5","36228","0","","1","01","N","N","1","","0","0","1","0","0","N","1324","0","2","0","0","0","0","0","1","0","2","N","","","","","","","","","","","1415","03","","","N","Y"
"1230","2","0","0","0","0","0","0","0","0","4","0","","36","04","2021","2021038937","4","40.1024","-76.0893","1226","08","0","0","0","0","0","1","0","0","","0","0","0","12","1","1","01","0","40 06:08.692","","00","76 05:21.483","4","0","0","0","36415","0","0","0","N","0","0","0","2","36415","1","","1","01","N","N","0","","0","0","0","3","2","","1225","1","2","0","0","0","0","0","1","0","2","N","","","","","","","","","","","","03","03","","N",""
"1132","0","0","0","0","0","0","0","0","0","1","0","","36","04","2021","2021039750","4","40.1159","-76.4998","1126","08","0","0","0","0","0","0","1","0","","0","0","0","11","1","0","00","0","40 06:57.101","","00","76 29:59.206","0","0","0","0","36225","0","0","0","N","0","0","0","3","36505","0","","1","01","N","N","0","","0","0","1","0","0","","1123","0","2","0","0","0","0","0","2","1","2","N","","","","","","","","","","","","03","","","N","Y"
"1700","1","0","0","0","0","0","0","0","0","2","0","","36","08","2021","2021082441","6","40.0392","-76.0644","1648","08","0","0","0","0","0","0","1","0","","0","0","0","16","1","2","01","1","40 02:21.008","3","00","76 03:51.801","4","0","0","0","36221","0","0","0","N","0","0","0","5","68J01","2","","1","01","N","N","0","","0","0","0","3","3","N","1645","2","2","0","0","1","0","0","1","1","2","N","","","","","","","","","","","1800","03","","","N","N"
"1449","1","0","0","0","0","0","0","0","0","4","0","","36","05","2021","2021042094","7","40.1145","-76.6467","1444","08","0","0","0","1","0","0","0","0","","0","0","0","14","1","1","01","0","40 06:52.300","","00","76 38:48.076","4","0","0","0","36237","0","0","0","N","0","0","0","4","36505","1","","1","01","N","N","1","","0","0","0","0","0","","1442","1","2","0","0","0","0","0","1","0","2","N","","","","","","","","","","","","04","","","N",""
"1419","2","0","0","0","0","0","0","0","0","1","0","","36","05","2021","2021051098","7","40.0394","-76.1332","1411","08","0","0","0","0","0","2","0","1","","0","0","0","14","1","1","00","1","40 02:21.724","4","00","76 07:59.380","3","0","0","0","36221","0","0","0","N","0","0","0","5","68J01","0","","1","01","N","N","0","","1","0","1","0","0","N","1403","1","3","0","0","0","0","0","1","0","3","N","","","","","","","","","","","1530","03","","","N","Y"
"1613","0","0","0","0","0","0","0","0","0","1","0","","36","05","2021","2021041897","7","40.0728","-76.33","1613","08","0","0","1","0","2","0","0","0","","0","0","0","16","1","0","00","0","40 04:22.031","","00","76 19:47.886","0","0","0","0","36101","0","0","0","N","0","0","0","3","36101","0","","1","09","N","N","2","","0","0","1","0","0","","1610","0","3","0","0","0","0","0","3","0","3","N","","","","","","","","","","","","03","","","N","N"
"1945","1","0","0","0","0","0","0","0","0","4","0","","36","05","2021","2021044649","7","39.8725","-76.2312","1930","08","0","0","0","0","0","0","0","0","","0","0","1","19","1","0","02","1","39 52:20.980","4","00","76 13:52.312","0","0","0","0","36208","2","0","0","N","0","0","0","3","68J01","0","","1","01","N","N","0","","0","0","0","3","3","N","1928","0","2","0","0","0","0","0","1","0","1","N","","","","","","","","","","","2043","03","","","N","N"
"1725","0","0","0","0","0","0","0","0","0","0","0","","36","04","2021","2021076572","7","39.9624","-76.2995","1719","08","0","0","0","0","0","0","0","0","","0","0","0","17","1","1","00","2","39 57:44.592","5","00","76 17:58.318","8","0","0","1","36228","0","0","0","N","0","0","0","1","36228","0","","2","01","N","N","0","","0","0","0","0","0","Y","1719","1","1","0","0","0","1","0","1","0","1","N","","","","","","","","","","","1745","03","","","N","N"
"1325","0","0","0","0","0","0","0","0","0","7","0","","36","08","2021","2021081623","2","39.9417","-76.1843","1322","08","0","1","0","0","0","0","0","0","","0","0","0","13","1","1","00","0","39 56:30.150","","00","76 11:03.300","3","0","0","0","36233","0","0","0","N","0","0","0","1","68J01","0","","4","01","N","N","1","","1","0","0","0","0","","1322","1","1","0","0","0","0","0","1","0","1","N","","","","","","","","","","","","03","","","N","N"
"1532","2","0","0","0","0","0","0","0","0","1","0","","36","04","2021","2021038935","2","40.0551","-76.2679","1530","08","0","1","0","0","0","0","0","0","","0","0","0","15","1","1","00","0","40 03:18.533","","00","76 16:04.354","8","0","0","0","36215","0","0","0","N","0","0","0","3","36215","0","","1","01","N","N","1","","0","0","0","0","0","","1530","1","3","0","0","0","1","1","1","0","3","N","","","","","","","","","","","","03","03","","N","N"
"1551","1","0","0","0","0","0","0","0","0","4","0","","36","04","2021","2021035100","7","40.0066","-76.377","1546","08","0","0","1","0","0","0","1","0","","0","0","0","15","1","2","02","2","40 00:23.629","7","00","76 22:37.284","3","0","0","0","36223","0","0","0","N","0","0","0","2","36223","0","","1","01","N","N","0","","2","0","1","3","3","Y","1544","2","2","0","0","0","0","0","1","0","2","N","","","","","","","","","","","1648","04","04","","N",""
"0807","1","0","0","0","0","0","0","0","0","1","0","","36","09","2021","2021082771","5","40.1448","-76.3052","0807","08","0","0","0","0","0","0","2","0","","0","0","0","08","1","1","00","2","40 08:41.300","2","00","76 18:18.835","8","0","0","0","36409","0","0","0","N","0","0","0","2","36409","0","","1","01","N","N","1","","0","0","0","0","0","N","0807","1","2","0","0","1","1","0","3","0","2","N","","","","","","","","","","","0845","03","","","N","Y"
"1041","1","0","0","0","0","0","0","0","0","7","0","","36","08","2021","2021081998","3","40.1464","-76.6195","1041","08","0","0","0","1","0","0","0","0","","0","0","0","10","1","0","00","0","40 08:46.951","","00","76 37:10.257","0","0","0","0","36237","0","0","0","N","0","0","0","1","36505","0","","4","01","N","N","0","","0","0","0","0","0","","1041","0","1","0","0","0","0","0","1","0","1","N","","","","","","","","","","","","03","","","N","N"
"0620","1","0","0","0","0","0","0","0","0","4","0","","36","07","2021","2021077240","3","40.1183","-76.0479","0614","08","0","0","0","0","0","0","1","0","","0","0","0","06","3","0","01","2","40 07:05.968","3","00","76 02:52.589","0","0","0","0","36213","0","0","0","N","0","0","0","2","36213","0","","1","01","N","N","1","","0","0","0","3","2","N","0610","0","2","0","0","0","0","0","1","0","2","N","","","","","","","","","","","0624","03","03","","N",""
"1448","2","0","0","0","0","0","0","0","0","4","0","","36","09","2021","2021082763","4","40.0635","-76.3589","1444","08","0","0","0","0","0","0","0","0","","0","0","0","14","1","0","01","1","40 03:48.686","7","00","76 21:32.100","0","0","0","0","36214","0","0","0","N","0","0","0","2","36214","0","","1","09","N","N","0","","0","0","0","3","3","N","1441","0","2","0","0","0","0","0","3","0","2","N","","","","","","","","","","","1520","07","04","","N",""
"1156","1","0","0","0","0","0","0","0","0","4","1","","36","08","2021","2021082186","3","40.0685","-76.3074","1153","08","0","0","0","0","0","0","1","0","","0","1","0","11","1","1","02","1","40 04:06.605","3","00","76 18:27.559","4","0","0","0","36101","0","0","0","N","0","0","0","2","36101","1","","1","01","N","N","0","","0","0","0","3","2","N","1151","1","2","0","0","0","0","0","3","0","2","N","","","","","","","","","","","1210","03","03","","N",""
"0726","1","0","0","0","0","0","0","0","0","1","0","","36","05","2021","2021042949","4","40.1167","-76.3403","0721","08","0","0","1","0","0","1","0","0","","0","0","0","07","1","0","02","0","40 07:00.229","","00","76 20:24.975","0","0","0","0","36101","0","0","0","N","0","0","0","2","36101","0","","1","09","N","N","1","","0","0","0","3","2","","0719","0","2","0","0","0","0","0","3","0","2","N","","","","","","","","","","","","07","07","","N",""
"2203","1","0","0","0","0","0","0","0","0","7","0","","36","09","2021","2021084304","3","40.0528","-76.3818","2156","08","0","0","0","0","0","0","0","0","","0","0","0","21","2","1","00","2","40 03:10.140","4","00","76 22:54.589","3","0","0","0","36214","0","0","0","N","0","0","0","1","36214","0","","5","01","N","N","0","","1","0","0","0","0","Y","2154","1","1","0","0","1","0","0","3","0","1","N","","","","","","","","","","","2330","03","03","","N","N"
"2338","0","0","0","0","0","0","0","0","0","7","0","","36","08","2021","2021082542","2","40.0565","-76.4305","2331","08","0","0","0","0","0","0","0","0","","0","0","0","23","2","1","00","0","40 03:23.350","","00","76 25:49.760","3","0","0","0","36239","0","0","0","N","0","0","0","1","36239","0","","5","01","N","N","1","","1","0","0","0","0","","2331","1","1","0","0","0","0","0","3","0","1","N","","","","","","","","","","","","03","03","","N","N"
"1458","0","0","0","0","0","0","0","0","0","1","0","","36","04","2021","2021037979","2","40.0679","-76.2968","1456","08","0","0","1","0","0","0","0","0","","0","0","0","14","1","2","00","1","40 04:04.492","3","00","76 17:48.380","3","0","0","0","36101","0","0","0","N","0","0","0","3","36101","1","","1","01","N","N","1","","1","0","1","0","0","N","1454","2","2","0","0","0","0","0","3","0","2","N","","","","","","","","","","","1552","03","03","","N","N"
"1910","2","0","0","0","0","0","0","0","0","4","0","","36","04","2021","2021043712","6","39.8649","-76.1022","1907","08","0","0","0","0","1","1","0","0","","0","0","0","19","1","4","01","0","39 51:53.611","","00","76 06:07.830","3","0","0","0","36205","0","0","0","N","0","0","0","6","68J01","2","","1","01","N","N","0","","2","0","0","3","3","","1904","4","2","0","0","0","0","0","1","0","2","N","","","","","","","","","","","","03","03","","N",""
"1354","2","0","0","0","0","0","0","0","0","1","0","","36","04","2021","2021040576","7","40.0286","-76.2262","1351","08","0","0","0","0","0","0","0","1","","0","0","0","13","1","0","00","0","40 01:43.137","","00","76 13:34.487","0","0","0","0","36215","0","0","0","N","0","0","0","4","36215","0","","1","01","N","N","0","","0","0","0","0","0","","1344","0","2","0","0","0","0","0","1","0","2","N","","","","","","","","","","","","03","03","","N","N"
"1756","2","0","0","0","0","0","0","0","0","1","1","","36","08","2021","2021081001","2","40.0705","-76.3188","1745","08","0","0","0","0","0","2","0","0","","0","1","0","17","1","1","00","0","40 04:13.852","","00","76 19:07.648","3","0","0","0","36101","0","0","0","N","0","0","0","5","36101","0","","1","09","N","N","0","","1","0","0","0","0","","1709","1","3","0","0","4","0","0","3","0","3","N","","","","","","","","","","","","04","04","","N","N"
"2047","2","0","0","0","0","0","0","0","0","4","0","","36","05","2021","2021039584","7","40.184","-76.1919","2038","08","1","0","0","0","1","0","0","0","","0","0","0","20","4","1","02","0","40 11:02.576","","07","76 11:30.822","4","0","0","0","36408","0","0","0","N","0","0","0","6","36408","1","","1","01","N","N","0","","0","0","0","0","0","","2035","1","2","0","0","0","0","0","2","0","2","N","","","","","","","","","","","","03","03","","N",""
"1411","1","0","0","0","0","0","0","0","0","4","0","","36","05","2021","2021041418","1","39.8997","-76.2125","1358","08","0","0","0","0","0","0","0","0","","0","0","0","13","1","1","01","0","39 53:59.078","","00","76 12:44.946","3","0","0","0","36229","0","0","0","N","0","0","0","4","68J01","0","","1","01","N","N","0","","1","0","0","3","3","","1355","1","2","0","0","0","0","0","1","1","2","N","","","","","","","","","","","","03","","","N","N"
"1735","2","0","0","0","0","0","0","0","0","1","0","","36","08","2021","2021081290","6","40.0316","-76.4785","1709","08","0","0","0","1","0","0","1","1","","0","0","0","17","1","2","00","1","40 01:53.868","6","00","76 28:42.479","3","0","0","0","36239","0","0","0","N","0","0","0","4","36239","0","","1","01","N","N","0","","1","0","1","0","0","N","1709","2","3","0","0","0","1","0","3","0","3","N","","","","","","","","","","","1745","03","","","N","N"
"1308","1","0","0","0","0","0","0","0","0","4","0","","36","08","2021","2021082506","1","39.9911","-76.2603","1304","08","0","0","0","0","0","1","0","0","","0","0","0","13","1","0","02","0","39 59:28.076","","00","76 15:37.017","0","0","0","0","36240","0","0","0","N","0","0","0","3","36240","0","","1","01","N","N","1","","0","0","0","3","3","N","1300","0","2","0","0","1","0","0","1","0","2","N","","","","","","","","","","","","03","03","","N","N"
"0314","1","0","0","0","0","0","0","0","0","7","0","","36","05","2021","2021047148","7","39.9882","-75.9798","0253","08","0","0","0","0","0","0","0","0","","0","0","0","02","2","0","00","0","39 59:17.524","","00","75 58:47.102","9","0","0","0","36231","0","0","0","N","0","0","0","1","68J01","0","","4","01","N","N","0","","0","0","0","0","0","","0252","0","1","0","0","0","0","1","1","0","1","N","","","","","","","","","","","","03","03","","N","N"
"0751","1","0","0","0","0","0","0","0","0","4","1","","36","07","2021","2021069619","4","40.0421","-76.2807","0745","08","0","0","0","0","0","0","0","0","","0","0","0","07","1","1","01","1","40 02:31.645","5","00","76 16:50.522","3","0","0","0","36220","0","0","0","N","0","0","0","12","36101","0","","1","01","N","N","0","","1","0","0","3","3","N","0740","1","2","0","0","10","0","0","3","1","2","N","","","","","","","","","","","0045","03","","","N",""
"1539","0","0","0","0","0","0","0","0","0","1","0","","36","07","2021","2021068472","5","40.049","-76.3034","1539","08","0","0","0","0","0","1","0","0","","0","0","0","15","1","0","00","0","40 02:56.385","","00","76 18:12.226","0","0","0","0","36301","0","0","0","N","0","0","0","2","36301","0","","1","01","N","N","0","","0","0","2","0","0","","1539","0","2","0","0","0","0","0","3","0","2","N","","","","","","","","","","","","03","","","N","Y"
"1907","0","0","0","0","0","0","0","0","0","4","0","","36","07","2021","2021067693","3","40.0363","-76.4554","1900","08","0","0","0","0","0","1","0","0","","0","0","0","18","1","1","01","2","40 02:10.903","3","00","76 27:18.690","3","0","0","0","36239","0","0","0","N","0","0","0","5","36239","0","","1","01","N","N","0","","1","0","2","3","2","N","1857","1","2","0","0","0","0","0","3","0","2","N","","","","","","","","","","","1935","03","03","","N",""
"0912","0","0","0","0","0","0","0","0","0","0","0","","36","07","2021","2021067516","3","40.1395","-76.406","0904","08","0","0","0","0","0","1","0","0","","0","0","0","09","1","1","00","0","40 08:22.210","","00","76 24:21.650","8","0","0","0","36227","0","0","0","N","0","0","0","1","36506","0","","1","01","N","N","0","","0","0","1","0","0","","0904","1","1","0","0","0","1","0","1","0","1","N","","","","","","","","","","","","03","","","N","N"
"2206","1","0","0","0","0","0","0","0","0","6","0","","36","03","2021","2021037710","7","40.2068","-76.1457","2203","08","0","0","0","0","0","0","0","0","","0","0","0","22","3","2","00","2","40 12:24.620","5","00","76 08:44.484","3","0","0","0","36210","0","0","0","N","0","0","0","2","36210","0","","1","01","N","N","0","","2","0","1","0","0","Y","2201","2","2","0","0","0","0","0","1","0","2","N","","","","","","","","","","","2308","03","","","N","N"
"1815","1","0","0","0","0","0","0","0","0","4","0","","36","02","2021","2021013677","3","40.1647","-76.2974","1801","08","0","1","0","0","0","1","0","0","","0","0","0","17","4","0","01","1","40 09:52.832","2","00","76 17:50.654","0","0","0","0","36409","0","0","0","N","0","0","0","2","36409","0","","1","09","N","N","0","","0","0","0","3","3","N","1746","0","2","0","0","0","0","0","3","1","2","N","","","","","","","","","","","0630","03","03","","N","N"
"1543","0","0","0","0","0","0","0","0","0","1","0","","36","07","2021","2021070692","2","40.029","-76.2437","1539","08","0","1","0","0","0","1","0","0","","0","0","0","15","1","0","00","0","40 01:44.287","","00","76 14:37.157","0","0","0","0","36215","0","0","0","N","0","0","0","2","36215","0","","1","01","N","N","1","","0","0","1","0","0","","1539","0","2","0","0","0","0","0","1","0","2","N","","","","","","","","","","","","03","03","","N","Y"
"0015","0","0","0","0","0","0","0","0","0","7","0","","36","03","2021","2021036519","1","39.9892","-75.9908","0015","08","0","1","0","0","0","0","0","0","","0","0","0","00","2","1","02","0","39 59:21.138","","00","75 59:26.847","3","0","0","1","36232","0","0","0","N","0","0","0","1","68J01","0","","4","01","N","N","0","","1","0","0","3","3","","0015","1","1","0","0","0","0","0","1","0","1","N","","","","","","","","","","","","03","","","N","N"
"1855","1","0","0","0","0","0","0","0","0","7","0","","36","06","2021","2021066645","2","40.2386","-76.2625","1838","08","0","0","0","0","0","0","0","0","","0","0","0","18","1","0","00","0","40 14:19.239","","00","76 15:43.019","0","0","0","0","36204","0","0","0","N","0","0","0","2","68T06","0","","4","08","N","N","0","","0","0","0","0","0","","1838","0","1","0","0","0","0","0","1","0","1","N","","","","","","","","","","","","07","","","N","N"
"1908","1","0","0","0","0","0","0","0","0","1","0","","36","03","2021","2021026347","2","40.032","-76.3209","1904","08","0","0","0","0","0","0","0","0","","0","0","0","19","1","0","02","1","40 01:55.027","1","00","76 19:15.344","9","0","0","0","36301","0","0","0","N","0","0","0","1","36301","0","","2","01","N","N","1","","0","0","3","0","0","N","1900","0","5","0","0","0","0","1","3","0","5","N","","","","","","","","","","","2007","03","03","","N","N"
"1527","1","0","0","0","0","0","0","0","0","1","0","","36","07","2021","2021066065","5","40.0103","-76.3444","1525","08","0","0","0","0","0","1","0","0","","0","0","0","15","1","0","00","0","40 00:37.138","","00","76 20:39.911","0","0","0","0","36412","0","0","0","N","0","0","0","2","36412","0","","1","01","N","N","0","","0","0","1","3","2","","1525","0","2","0","0","0","0","0","3","0","2","N","","","","","","","","","","","","04","","","N","Y"
"1410","0","0","0","0","0","0","0","0","0","4","0","","36","03","2021","2021031425","3","40.0745","-76.4927","1353","08","0","0","0","0","0","0","0","1","","0","0","0","13","1","1","05","0","40 04:28.250","","00","76 29:33.818","3","0","0","0","36230","0","0","0","N","0","0","0","2","36410","0","","1","01","N","N","0","","1","0","1","3","3","","1352","1","2","0","0","0","0","0","1","1","2","N","","","","","","","","","","","","03","","","N",""
"1645","1","0","0","0","0","0","0","0","0","1","0","","36","03","2021","2021030692","4","40.1556","-76.3863","1644","08","0","0","0","0","0","0","0","0","","0","0","0","16","1","0","00","0","40 09:20.189","","00","76 23:10.601","0","0","0","0","36227","0","0","0","N","0","0","0","1","36506","0","","4","09","N","N","0","","0","0","1","0","0","","1644","0","2","0","0","0","0","0","1","0","2","N","","","","","","","","","","","","04","","","N","N"
"0807","2","0","0","0","0","0","0","0","0","4","0","","36","07","2021","2021069443","2","40.0713","-76.3334","0802","08","0","0","0","0","0","1","0","0","","0","0","0","07","1","0","00","0","40 04:16.857","","00","76 20:00.261","0","0","0","0","36101","0","0","0","N","0","0","0","2","36101","0","","1","01","N","N","0","","0","0","0","0","0","","0759","0","2","0","0","0","0","0","3","0","2","N","","","","","","","","","","","","03","","","N","N"
"1253","1","0","0","0","0","0","0","0","0","5","0","","36","07","2021","2021062787","1","40.0428","-76.2899","1251","08","0","0","0","0","0","0","0","0","","0","0","0","12","1","0","01","0","40 02:34.216","","00","76 17:23.632","0","0","0","0","36301","0","0","0","N","0","0","0","2","36301","0","","1","01","N","N","0","","0","0","1","3","3","","1251","0","2","0","0","0","0","0","3","0","2","N","","","","","","","","","","","","03","03","","N",""
"2202","2","0","0","0","0","0","0","0","0","5","0","","36","03","2021","2021026767","6","40.042","-76.4259","2155","08","0","0","0","0","0","0","0","0","","0","0","0","21","3","0","00","2","40 02:31.325","5","00","76 25:33.372","0","0","0","0","36414","0","0","0","N","0","0","0","1","36239","0","","6","01","N","N","0","","0","0","1","0","0","Y","2151","0","3","0","0","0","0","0","3","0","3","N","","","","","","","","","","","2241","03","03","","N","N"