"ARRIVAL_TM","AUTOMOBILE_COUNT","BELTED_DEATH_COUNT","BELTED_SUSP_SERIOUS_INJ_COUNT","BICYCLE_COUNT","BICYCLE_DEATH_COUNT","BICYCLE_SUSP_SERIOUS_INJ_COUNT","BUS_COUNT","CHLDPAS_DEATH_COUNT","CHLDPAS_SUSP_SERIOUS_INJ_COUNT","COLLISION_TYPE","COMM_VEH_COUNT","CONS_ZONE_SPD_LIM","COUNTY","CRASH_MONTH","CRASH_YEAR","CRN","DAY_OF_WEEK","DEC_LAT","DEC_LONG","DISPATCH_TM","DISTRICT","DRIVER_COUNT_16YR","DRIVER_COUNT_17YR","DRIVER_COUNT_18YR","DRIVER_COUNT_19YR","DRIVER_COUNT_20YR","DRIVER_COUNT_50_64YR","DRIVER_COUNT_65_74YR","DRIVER_COUNT_75PLUS","EST_HRS_CLOSED","FATAL_COUNT","HEAVY_TRUCK_COUNT","HORSE_BUGGY_COUNT","HOUR_OF_DAY","ILLUMINATION","INJURY_COUNT","INTERSECT_TYPE","LANE_CLOSED","LATITUDE","LN_CLOSE_DIR","LOCATION_TYPE","LONGITUDE","MAX_SEVERITY_LEVEL","MCYCLE_DEATH_COUNT","MCYCLE_SUSP_SERIOUS_INJ_COUNT","MOTORCYCLE_COUNT","MUNICIPALITY","NONMOTR_COUNT","NONMOTR_DEATH_COUNT","NONMOTR_SUSP_SERIOUS_INJ_COUNT","NTFY_HIWY_MAINT","PED_COUNT","PED_DEATH_COUNT","PED_SUSP_SERIOUS_INJ_COUNT","PERSON_COUNT","POLICE_AGCY","POSSIBLE_INJ_COUNT","RDWY_SURF_TYPE_CD","RELATION_TO_ROAD","ROAD_CONDITION","SCH_BUS_IND","SCH_ZONE_IND","SMALL_TRUCK_COUNT","SPEC_JURIS_CD","SUSP_MINOR_INJ_COUNT","SUSP_SERIOUS_INJ_COUNT","SUV_COUNT","TCD_FUNC_CD","TCD_TYPE","TFC_DETOUR_IND","TIME_OF_DAY","TOT_INJ_COUNT","TOTAL_UNITS","UNB_DEATH_COUNT","UNB_SUSP_SERIOUS_INJ_COUNT","UNBELTED_OCC_COUNT","UNK_INJ_DEG_COUNT","UNK_INJ_PER_COUNT","URBAN_RURAL","VAN_COUNT","VEHICLE_COUNT","WORK_ZONE_IND","WORK_ZONE_LOC","WORK_ZONE_TYPE","WORKERS_PRES","WZ_CLOSE_DETOUR","WZ_FLAGGER","WZ_LAW_OFFCR_IND","WZ_LN_CLOSURE","WZ_MOVING","WZ_OTHER","WZ_SHLDER_MDN","ROADWAY_CLEARED","WEATHER1","WEATHER2","WZ_WORKERS_INJ_KILLED","SECONDARY_CRASH","INTERSECTION_RELATED"
"1050","0","0","0","0","0","0","0","0","0","1","0","","36","07","2021","2021068076","6","40.2266","-76.3036","1022","08","0","0","1","1","0","0","0","0","","0","0","0","10","1","2","00","0","40 13:35.740","","00","76 18:13.060","3","0","0","0","36217","0","0","0","N","0","0","0","3","68J01","0","","1","01","N","N","0","","2","0","2","0","0","","1012","2","3","0","0","1","0","0","1","1","3","N","","","","","","","","","","","","03","03","","N","N"
"1258","2","0","0","0","0","0","0","0","0","4","0","","36","03","2021","2021028777","2","40.0395","-76.306","1253","08","0","0","0","0","0","1","0","0","","0","0","0","12","1","0","01","0","40 02:22.325","","00","76 18:21.503","0","0","0","0","36301","0","0","0","N","0","0","0","2","36301","0","","1","01","N","N","0","","0","0","0","3","2","","1244","0","2","0","0","0","0","0","3","0","2","N","","","","","","","","","","","","03","03","","N","N"
"0250","1","0","0","0","0","0","0","0","0","8","0","","36","03","2021","2021041182","7","40.2293","-76.0525","0239","08","0","0","0","0","0","0","0","0","","0","0","0","02","2","4","00","2","40 13:45.539","2","00","76 03:08.876","2","0","0","0","36202","4","0","3","N","4","0","3","7","68J01","1","","3","01","N","N","0","","0","3","0","0","0","Y","0227","4","6","0","0","0","0","0","1","0","1","N","","","","","","","","","","","1000","03","03","","Y","N"
"1001","1","0","0","0","0","0","0","0","0","7","0","","36","07","2021","2021066762","2","40.0549","-76.2788","0952","08","0","0","0","0","1","0","0","0","","0","0","0","21","2","0","00","0","40 03:17.660","","00","76 16:43.760","9","0","0","0","36101","0","0","0","N","0","0","0","1","36101","0","","4","09","N","N","0","","0","0","0","0","0","","2100","0","1","0","0","1","0","1","3","0","1","N","","","","","","","","","","","","07","03","","N","N"
"1813","1","0","0","0","0","0","0","0","0","1","1","","36","07","2021","2021066203","6","40.0834","-76.2737","1810","08","0","0","0","0","0","0","1","0","","0","0","0","18","1","3","00","2","40 05:00.279","2","00","76 16:25.370","3","0","0","0","36101","0","0","0","N","0","0","0","6","36101","0","","1","01","N","N","0","","3","0","0","0","0","N","1809","3","3","0","0","0","0","0","3","2","3","N","","","","","","","","","","","1845","03","","","N","N"
"1042","1","0","0","0","0","0","0","0","0","4","0","","36","03","2021","2021034359","3","40.1277","-76.1649","1026","08","0","0","0","0","0","0","0","1","","0","0","0","10","1","0","01","1","40 07:39.631","7","00","76 09:53.677","0","0","0","0","36238","0","0","0","N","0","0","0","5","68J01","0","","1","01","N","N","1","","0","0","1","3","3","N","1022","0","3","0","0","0","0","0","3","0","3","N","","","","","","","","","","","0015","03","","","N","N"
"1729","2","0","0","0","0","0","0","0","0","4","0","","36","07","2021","2021066502","6","40.0456","-76.2924","1724","08","0","1","0","0","1","0","0","0","","0","0","0","17","1","1","01","0","40 02:44.163","","00","76 17:32.546","4","0","0","0","36301","0","0","0","N","0","0","0","4","36301","1","","1","01","N","N","0","","0","0","0","3","3","","1724","1","2","0","0","0","0","0","3","0","2","N","","","","","","","","","","","","03","03","","N","N"
"1904","1","0","0","0","0","0","0","0","0","4","0","","36","03","2021","2021034823","7","40.1397","-76.5892","1859","08","0","0","0","0","0","2","0","0","","0","0","0","18","4","0","01","0","40 08:22.840","","00","76 35:21.156","0","0","0","0","36237","0","0","0","N","0","0","0","2","36505","0","","1","01","N","N","0","","0","0","1","3","2","","1859","0","2","0","0","0","0","0","1","0","2","N","","","","","","","","","","","","04","","","N",""
"1652","1","0","0","0","0","0","0","0","0","7","0","","36","03","2021","2021035795","3","39.9986","-76.0627","1650","08","0","0","0","0","0","0","0","0","","0","0","0","16","1","0","00","0","39 59:54.991","","00","76 03:45.730","0","0","0","0","36226","0","0","0","N","0","0","0","1","68J01","0","","5","01","N","N","0","","0","0","0","0","0","","1644","0","1","0","0","0","0","0","1","0","1","N","","","","","","","","","","","","03","","","N","N"
"1948","0","0","0","0","0","0","0","0","0","0","0","","36","07","2021","2021066612","3","40.061","-76.4495","1941","08","0","0","0","0","0","0","0","0","","0","0","0","19","1","0","00","1","40 03:39.620","1","00","76 26:58.300","0","0","0","0","36239","0","0","0","N","0","0","0","1","36239","0","","5","01","N","N","0","","0","0","1","0","0","N","1938","0","1","0","0","0","0","0","3","0","1","N","","","","","","","","","","","2005","03","03","","N","N"
"2210","6","0","0","0","0","0","0","0","0","5","0","","36","07","2021","2021062570","5","40.0408","-76.3091","2209","08","0","0","0","0","0","0","0","0","","0","0","0","22","3","0","00","1","40 02:26.958","3","00","76 18:32.632","0","0","0","0","36301","0","0","0","N","0","0","0","1","36301","0","","2","09","N","N","0","","0","0","0","0","0","N","2209","0","6","0","0","0","0","0","3","0","6","N","","","","","","","","","","","0030","07","","","N","N"
"0634","1","0","0","0","0","0","0","0","0","7","0","","36","02","2021","2021016728","5","40.0537","-76.3066","0600","08","0","0","0","0","0","0","0","0","","0","0","0","06","3","0","02","1","40 03:13.368","1","00","76 18:23.602","0","0","0","0","36301","0","0","0","N","0","0","0","1","36301","0","","4","07","N","N","0","","0","0","0","3","2","N","0600","0","1","0","0","0","0","0","3","0","1","N","","","","","","","","","","","0700","10","09","","N","N"
"1631","1","0","0","0","0","0","0","0","0","1","0","","36","03","2021","2021030919","4","40.0529","-76.2625","1616","08","0","0","0","1","0","1","0","0","","0","0","0","16","1","2","00","2","40 03:10.516","4","00","76 15:45.104","4","0","0","0","36301","0","0","0","N","0","0","0","3","36301","1","","1","09","N","N","0","","0","0","1","0","0","N","1613","2","2","0","0","0","1","0","3","0","2","N","","","","","","","","","","","1717","07","","","N","N"
"1707","2","0","0","0","0","0","0","0","0","4","0","","36","07","2021","2021063788","2","40.0404","-76.3229","1703","08","0","0","0","0","0","0","0","0","","0","0","0","16","1","0","01","2","40 02:25.547","4","00","76 19:22.515","0","0","0","0","36301","0","0","0","N","0","0","0","2","36301","0","","1","01","N","N","0","","0","0","0","3","2","Y","1659","0","2","0","0","0","0","0","3","0","2","N","","","","","","","","","","","1756","03","03","","N","N"
"1857","2","0","0","0","0","0","0","0","0","4","0","","36","07","2021","2021066731","6","40.0498","-76.3175","1857","08","0","0","0","0","0","0","0","0","","0","0","0","17","1","0","01","1","40 02:59.122","1","00","76 19:02.958","0","0","0","0","36301","0","0","0","N","0","0","0","2","36301","0","","1","01","N","N","0","","0","0","0","3","2","N","1712","0","2","0","0","0","0","0","3","0","2","N","","","","","","","","","","","1923","03","03","","N",""
"1516","2","0","0","0","0","0","0","0","0","2","0","","36","07","2021","2021066614","4","40.0373","-76.4491","1513","08","0","0","0","0","0","0","0","0","","0","0","0","15","1","1","00","1","40 02:14.239","4","00","76 26:56.599","3","0","0","0","36239","0","0","0","N","0","0","0","2","36239","0","","1","01","N","N","0","","1","0","0","0","0","Y","1511","1","2","0","0","0","0","0","3","0","2","N","","","","","","","","","","","1600","03","","","N","N"
"1948","0","0","0","0","0","0","0","0","0","7","0","","36","07","2021","2021067146","1","40.1409","-76.1065","1941","08","0","0","0","0","0","0","0","0","","0","0","0","19","1","0","00","2","40 08:27.294","6","00","76 06:23.420","0","0","0","0","36209","0","0","0","N","0","0","0","1","36415","0","","4","01","N","N","1","","0","0","0","0","0","Y","1941","0","1","0","0","1","0","0","1","0","1","N","","","","","","","","","","","0100","03","03","","N","N"
"1202","1","0","0","0","0","0","0","0","0","4","0","","36","07","2021","2021068249","2","40.0595","-76.0201","1153","08","0","0","0","0","0","0","0","0","","0","0","0","11","1","4","00","2","40 03:34.299","5","00","76 01:12.219","3","0","0","0","36232","0","0","0","N","0","0","0","4","68J01","0","","1","01","N","N","0","","4","0","1","0","0","Y","1151","4","2","0","0","1","0","0","1","0","2","N","","","","","","","","","","","1250","03","","","N","N"
"1531","1","0","0","0","0","0","0","0","0","5","1","","36","07","2021","2021067986","5","39.9865","-76.2812","1526","08","0","0","0","0","0","1","1","0","","0","1","0","15","1","0","01","1","39 59:11.342","1","00","76 16:52.253","0","0","0","0","36240","0","0","0","N","0","0","0","2","36240","0","","1","01","N","N","0","","0","0","0","3","2","N","1524","0","2","0","0","0","0","0","1","0","2","N","","","","","","","","","","","1609","03","","","N",""
"1609","0","0","0","0","0","0","0","0","0","7","0","","36","01","2021","2021014113","1","40.1283","-76.2156","1603","08","0","0","0","0","0","0","0","0","","0","0","0","16","1","0","07","0","40 07:42.633","","02","76 12:56.542","0","0","0","0","36238","0","0","0","N","0","0","0","1","36238","0","","7","07","N","N","0","","0","0","1","0","0","","1603","0","1","0","0","0","0","0","3","0","1","N","","","","","","","","","","","","10","","","N","N"
"1556","1","0","0","0","0","0","0","0","0","4","0","","36","03","2021","2021031782","3","40.0849","-76.2168","1553","08","0","0","0","0","0","0","1","0","","0","0","0","15","1","0","00","1","40 05:05.780","4","07","76 13:00.408","0","0","0","0","36234","0","0","0","N","0","0","0","2","36215","0","","1","01","N","N","0","","0","0","0","3","2","N","1552","0","2","0","0","0","0","0","1","1","2","N","","","","","","","","","","","1625","03","03","","N","N"
"1333","1","0","0","0","0","0","0","0","0","4","0","","36","07","2021","2021066610","6","40.0375","-76.3553","1326","08","0","0","0","0","1","0","0","0","","0","0","0","13","1","0","01","0","40 02:14.834","","00","76 21:19.259","0","0","0","0","36223","0","0","0","N","0","0","0","2","36223","0","","1","01","N","N","0","","0","0","1","3","3","","1323","0","2","0","0","0","0","0","1","0","2","N","","","","","","","","","","","","03","","","N",""
"1750","1","0","0","0","0","0","0","0","0","1","0","","36","07","2021","2021067144","2","40.0612","-76.3548","1742","08","0","0","0","0","1","0","0","0","","0","0","0","17","1","0","00","1","40 03:40.500","4","00","76 21:16.482","0","0","0","0","36214","0","0","0","N","0","0","0","2","36214","0","","1","01","N","N","0","","0","0","1","0","0","N","1740","0","2","0","0","1","0","0","3","0","2","N","","","","","","","","","","","1830","03","03","","N","N"
"1654","0","0","0","0","0","0","0","0","0","1","0","","36","03","2021","2021029573","2","40.0816","-76.2357","1648","08","0","0","0","0","0","1","0","0","","0","0","0","16","1","0","00","2","40 04:53.745","4","00","76 14:08.649","0","0","0","1","36234","0","0","0","N","0","0","0","2","36215","0","","1","01","N","N","0","","0","0","1","0","0","Y","1645","0","2","0","0","0","0","0","1","0","2","N","","","","","","","","","","","1705","03","03","","N","N"
"1105","2","0","0","0","0","0","0","0","0","4","0","25","36","02","2021","2021018090","2","40.0361","-76.3075","1105","08","0","0","0","0","0","0","0","1","","0","0","0","11","1","2","01","2","40 02:10.107","2","00","76 18:26.883","3","0","0","0","36301","0","0","0","N","0","0","0","3","36301","0","","1","01","N","N","0","","2","0","0","3","2","N","1104","2","2","0","0","0","0","0","3","0","2","Y","4","2","Y","","","N","Y","","","","1110","03","03","N","N","N"
"1600","0","0","0","0","0","0","0","0","0","7","0","","36","03","2021","2021034065","3","39.895","-76.3622","1456","08","0","0","0","0","0","1","0","0","","0","0","0","14","1","1","02","0","39 53:42.053","","00","76 21:43.779","3","0","0","1","36206","0","0","0","N","0","0","0","1","68J01","0","","5","01","N","N","0","","1","0","0","0","0","","1444","1","1","0","0","0","0","0","1","0","1","N","","","","","","","","","","","","03","03","","N","N"
"1337","0","0","0","0","0","0","0","0","0","7","1","","36","07","2021","2021068077","6","40.0019","-76.104","1324","08","0","0","0","0","0","0","0","0","","0","1","0","13","1","0","00","2","40 00:06.948","2","01","76 06:14.523","0","0","0","0","36226","0","0","0","N","0","0","0","1","68J01","0","","1","01","N","N","0","","0","0","0","3","8","N","1323","0","1","0","0","0","0","0","1","0","1","N","","","","","","","","","","","1520","03","","","N","N"
"1711","0","0","0","0","0","0","0","0","0","7","0","","36","07","2021","2021067689","6","40.0698","-76.2969","1705","08","0","0","0","0","0","0","0","0","","0","0","0","17","1","0","00","2","40 04:11.310","6","00","76 17:48.990","0","0","0","0","36101","0","0","0","N","0","0","0","1","36101","0","","4","01","N","N","0","","0","0","1","0","0","N","1704","0","1","0","0","0","0","0","3","0","1","N","","","","","","","","","","","1720","03","","","N","N"
"0747","1","0","0","0","0","0","0","0","0","7","0","","36","03","2021","2021034167","4","40.1064","-76.4306","0739","08","0","0","0","0","0","0","0","0","","0","0","0","07","1","0","00","0","40 06:23.219","","00","76 25:50.318","0","0","0","0","36214","0","0","0","N","0","0","0","1","36214","0","","3","01","N","N","0","","0","0","0","0","0","","0720","0","1","0","0","0","0","0","3","0","1","N","","","","","","","","","","","","04","04","","N","N"
"1616","0","0","0","0","0","0","0","0","0","1","0","","36","07","2021","2021068304","3","40.1588","-76.6205","1605","08","0","0","0","0","0","0","1","0","","0","0","0","16","1","1","00","0","40 09:31.852","","00","76 37:13.620","4","0","0","0","36237","0","0","0","N","0","0","0","2","36505","1","","1","01","N","N","0","","0","0","2","0","0","","1600","1","2","0","0","0","0","0","1","0","2","N","","","","","","","","","","","","03","","","N","N"
"1518","1","0","0","0","0","0","0","0","0","7","0","","36","07","2021","2021066674","6","40.2453","-76.1742","1512","08","0","0","0","1","0","0","0","0","","0","0","0","15","1","1","00","1","40 14:43.209","3","00","76 10:29.908","4","0","0","0","36236","0","0","0","N","0","0","0","2","68T06","1","","3","01","N","N","0","","0","0","0","0","0","N","1510","1","1","0","0","0","0","0","1","0","1","N","","","","","","","","","","","1550","03","","","N","N"
"1724","1","0","0","0","0","0","0","0","0","7","0","","36","07","2021","2021066660","2","40.2433","-76.1535","1717","08","0","0","0","0","0","0","0","0","","0","0","0","17","1","1","00","2","40 14:36.154","4","00","76 09:13.761","3","0","0","0","36236","0","0","0","N","0","0","0","1","68T06","0","","4","08","N","N","0","","1","0","0","0","0","N","1716","1","1","0","0","0","0","0","1","0","1","N","","","","","","","","","","","1815","07","","","N","N"
"1224","0","0","0","0","0","0","0","0","0","7","0","","36","06","2021","2021066994","7","39.9604","-75.9945","1154","08","0","0","0","0","0","1","0","0","","0","0","0","11","1","1","00","2","39 57:37.510","5","00","75 59:40.260","2","0","1","1","36403","0","0","0","N","0","0","0","1","68J01","0","","4","01","N","N","0","","0","1","0","0","0","Y","1153","1","1","0","0","0","0","0","1","0","1","N","","","","","","","","","","","1230","03","03","","N","N"
"1630","1","0","0","0","0","0","0","0","0","1","0","","36","07","2021","2021068078","6","40.0053","-76.1071","1622","08","0","0","0","1","0","0","0","0","","0","0","0","16","1","1","00","1","40 00:18.931","3","00","76 06:25.487","3","0","0","0","36226","0","0","0","N","0","0","0","3","68J01","0","","1","01","N","N","1","","1","0","0","3","2","N","1617","1","2","0","0","0","0","0","1","0","2","N","","","","","","","","","","","1730","03","03","","N","Y"
"1441","0","0","0","0","0","0","0","0","0","7","0","","36","07","2021","2021068299","5","40.166","-76.4031","1436","08","0","0","0","0","0","0","0","0","","0","0","0","14","1","0","00","0","40 09:57.680","","00","76 24:11.250","0","0","0","0","36410","0","0","0","N","0","0","0","1","36410","0","","5","01","N","N","0","","0","0","1","0","0","","1433","0","1","0","0","1","0","0","2","0","1","N","","","","","","","","","","","","03","03","","N","N"
"1730","2","0","0","0","0","0","0","0","0","1","0","","36","03","2021","2021030141","3","40.0636","-76.3399","1700","08","0","0","0","0","0","2","0","0","","0","0","0","16","1","0","00","1","40 03:49.203","4","00","76 20:22.841","0","0","0","0","36101","0","0","0","N","0","0","0","3","36301","0","","1","01","N","N","0","","0","0","1","0","0","N","1656","0","3","0","0","0","0","0","3","0","3","N","","","","","","","","","","","1300","03","","","N","N"
"1041","1","0","0","0","0","0","0","0","0","7","0","","36","07","2021","2021067692","3","40.039","-76.4553","1038","08","0","0","0","0","0","0","0","0","","0","0","0","10","1","1","01","0","40 02:20.253","","02","76 27:19.018","4","0","0","0","36239","0","0","0","N","0","0","0","1","36239","1","","5","01","N","N","0","","0","0","0","3","2","","1033","1","1","0","0","0","0","0","3","0","1","N","","","","","","","","","","","","03","03","","N",""
"1240","2","0","0","0","0","0","0","0","0","4","0","","36","03","2021","2021029793","1","40.0229","-76.3103","1232","08","0","1","0","0","0","0","0","0","","0","0","0","12","1","1","00","1","40 01:22.600","6","07","76 18:37.000","8","0","0","0","36301","0","0","0","N","0","0","0","2","36301","0","","1","09","N","N","0","","0","0","0","0","0","N","1232","1","2","0","0","0","1","0","3","0","2","N","","","","","","","","","","","1300","07","","","N","N"
"2126","2","0","0","0","0","0","0","0","0","1","0","","36","07","2021","2021068127","1","40.0301","-76.3236","2120","08","0","0","0","0","0","0","0","0","","0","0","0","21","3","0","00","0","40 01:48.410","","00","76 19:24.900","0","0","0","0","36220","0","0","0","N","0","0","0","2","36101","0","","1","01","N","N","0","","0","0","0","0","0","","2110","0","2","0","0","0","0","0","3","0","2","N","","","","","","","","","","","","03","03","","N","N"
"0802","1","0","0","0","0","0","0","0","0","7","0","","36","03","2021","2021031050","1","40.0589","-76.275","0800","08","0","0","0","1","0","0","0","0","","0","0","0","07","5","1","00","1","40 03:31.946","3","00","76 16:30.179","3","0","0","0","36215","0","0","0","N","0","0","0","1","36101","0","","3","09","N","N","0","","1","0","0","0","0","N","0756","1","1","0","0","0","0","0","1","0","1","N","","","","","","","","","","","0834","07","07","","N","N"
"1227","0","0","0","0","0","0","0","0","0","7","0","","36","07","2021","2021068073","5","40.2339","-76.0477","1220","08","0","0","0","0","0","0","0","0","","0","0","0","12","1","0","00","0","40 14:01.957","","00","76 02:51.570","0","0","0","0","36202","0","0","0","Y","0","0","0","1","68J01","0","","2","01","N","N","0","","0","0","1","0","0","","1210","0","1","0","0","0","0","0","1","0","1","N","","","","","","","","","","","","03","","","N","N"
"0733","1","0","0","0","0","0","0","0","0","4","0","","36","07","2021","2021068251","3","40.0272","-75.9541","0718","08","0","0","0","0","0","2","0","0","","0","0","0","07","1","1","01","2","40 01:38.006","1","00","75 57:14.828","8","0","0","0","36232","0","0","0","N","0","0","0","2","68J01","0","","1","01","N","N","1","","0","0","0","3","3","Y","0717","1","2","0","0","0","1","0","1","0","2","N","","","","","","","","","","","0820","03","","","N","N"
"2207","0","0","0","0","0","0","0","0","0","4","0","","36","03","2021","2021035870","1","40.0459","-76.3072","2205","08","0","0","0","0","0","0","0","0","","0","0","0","22","3","1","01","0","40 02:45.142","","00","76 18:25.864","3","0","0","1","36301","0","0","0","N","0","0","0","2","36301","0","","1","01","N","N","0","","1","0","1","3","2","","2203","1","2","0","0","0","0","0","3","0","2","N","","","","","","","","","","","","03","03","","Y","N"
"2139","1","0","0","0","0","0","0","0","0","1","1","","36","06","2021","2021067406","3","39.9939","-76.0327","2115","08","0","0","0","0","0","0","1","0","","0","1","0","21","4","2","00","2","39 59:37.936","6","00","76 01:57.739","2","0","1","2","36232","0","0","0","N","0","0","0","4","68J01","0","","1","01","N","N","0","","1","1","0","0","0","Y","2109","2","4","0","0","0","0","0","1","0","4","N","","","","","","","","","","","2200","03","","","N","N"
"2259","1","0","0","0","0","0","0","0","0","4","0","","36","07","2021","2021067515","3","40.051","-76.3535","2256","08","0","0","0","0","0","0","0","0","","0","0","0","22","3","0","01","1","40 03:03.679","4","00","76 21:12.543","0","0","0","0","36214","0","0","0","N","0","0","0","3","36214","0","","1","01","N","N","1","","0","0","0","3","2","N","2254","0","2","0","0","0","0","0","3","0","2","N","","","","","","","","","","","2351","03","03","","N",""
"2211","0","0","0","0","0","0","0","0","0","7","0","","36","02","2021","2021011467","2","40.22","-76.0869","2155","08","0","0","0","0","0","0","0","0","","0","0","0","21","3","0","00","0","40 12:55.026","","00","76 04:11.045","0","0","0","0","36202","0","0","0","N","0","0","0","2","68T06","0","","3","07","N","N","0","","0","0","1","0","0","","2150","0","1","0","0","0","0","0","1","0","1","N","","","","","","","","","","","","10","","","N","N"
"1451","2","0","0","0","0","0","0","0","0","4","0","","36","03","2021","2021030597","3","40.0426","-76.4937","1446","08","0","0","0","0","0","0","0","0","","0","0","0","14","1","0","01","1","40 02:33.372","6","00","76 29:37.278","0","0","0","0","36404","0","0","0","N","0","0","0","2","36404","0","","1","01","N","N","0","","0","0","0","3","3","N","1446","0","2","0","0","0","0","0","3","0","2","N","","","","","","","","","","","0030","03","","","N",""
"2020","2","0","0","0","0","0","0","0","0","4","0","","36","03","2021","2021030672","3","40.0459","-76.3072","2004","08","0","0","0","0","0","2","0","0","","0","0","0","20","3","1","01","2","40 02:45.142","6","00","76 18:25.864","8","0","0","0","36301","0","0","0","N","0","0","0","4","36301","0","","1","01","N","N","0","","0","0","2","3","2","Y","2019","1","4","0","0","0","1","0","3","0","4","N","","","","","","","","","","","2111","03","","","N",""
"0100","0","0","0","0","0","0","0","0","0","7","0","","36","07","2021","2021067057","6","39.9601","-75.998","0039","08","0","0","0","0","1","0","0","0","","0","0","0","00","3","0","00","0","39 57:36.453","","00","75 59:52.682","0","0","0","0","36403","0","0","0","N","0","0","0","1","68J01","0","","4","01","N","N","0","","0","0","1","0","0","","0036","0","1","0","0","0","0","0","1","0","1","N","","","","","","","","","","","","03","","","N","N"
"1453","1","0","0","0","0","0","0","0","0","4","0","","36","03","2021","2021030405","4","40.1052","-76.1569","1447","08","0","0","0","0","0","0","1","0","","0","0","0","14","1","1","03","1","40 06:18.875","2","00","76 09:24.963","3","0","0","0","36238","0","0","0","N","0","0","0","2","36238","0","","1","09","N","N","0","","1","0","1","3","3","Y","1447","1","2","0","0","0","0","0","3","0","2","N","","","","","","","","","","","1524","07","","","N","N"
"0149","0","0","0","0","0","0","0","0","0","7","0","","36","03","2021","2021034063","1","39.7312","-76.153","0127","08","0","0","0","0","0","0","0","0","","0","0","0","01","2","0","00","0","39 43:52.285","","00","76 09:10.842","0","0","0","1","36219","0","0","0","N","0","0","0","1","68J01","0","","4","01","N","N","0","","0","0","0","0","0","","0126","0","1","0","0","0","0","0","1","0","1","N","","","","","","","","","","","","03","","","N","N"
"1604","1","0","0","0","0","0","0","0","0","6","0","","36","03","2021","2021029454","1","40.0591","-76.4629","1600","08","0","0","0","0","0","2","0","0","","0","0","0","15","1","2","03","2","40 03:32.814","7","00","76 27:46.398","3","0","0","0","36239","0","0","0","N","0","0","0","3","36239","0","","1","09","N","N","0","","2","0","1","0","0","Y","1555","2","2","0","0","0","0","0","3","0","2","N","","","","","","","","","","","1640","04","","","N",""
"0820","1","0","0","0","0","0","0","0","0","5","1","","36","07","2021","2021065708","4","40.1566","-76.3073","0818","08","0","0","0","0","0","0","0","0","","0","1","0","08","1","1","00","2","40 09:23.783","7","00","76 18:26.144","3","0","0","0","36409","0","0","0","N","0","0","0","2","36409","0","","2","01","N","N","0","","1","0","0","0","0","Y","0818","1","2","0","0","0","0","0","3","0","2","N","","","","","","","","","","","1305","03","03","","N","N"
"1512","1","0","0","0","0","0","0","0","0","5","0","","36","07","2021","2021066239","4","39.9706","-76.2732","1509","08","0","0","0","0","0","0","0","0","","0","0","0","15","1","0","01","0","39 58:14.115","","00","76 16:23.451","0","0","0","0","36240","0","0","0","N","0","0","0","4","36240","0","","1","09","N","N","0","","0","0","1","3","2","N","1500","0","2","0","0","0","0","0","1","0","2","N","","","","","","","","","","","","07","07","","N",""
"1532","1","0","0","0","0","0","0","0","0","7","0","","36","03","2021","2021029563","7","40.0412","-76.3831","1530","08","0","0","0","0","0","1","0","0","","0","0","0","15","1","0","00","0","40 02:28.347","","00","76 22:59.216","0","0","0","0","36223","0","0","0","N","0","0","0","1","36214","0","","5","01","N","N","0","","0","0","0","0","0","","1528","0","1","0","0","0","0","0","1","0","1","N","","","","","","","","","","","","03","03","","N","N"
"1633","2","0","0","0","0","0","0","0","0","5","0","","36","03","2021","2021038630","7","40.1154","-76.4604","1625","08","0","0","1","0","0","0","0","0","","0","0","0","16","1","0","00","1","40 06:55.430","2","00","76 27:37.500","0","0","0","0","36230","0","0","0","N","0","0","0","5","36410","0","","1","01","N","N","0","","0","0","1","0","0","Y","1623","0","3","0","0","0","0","0","1","0","3","N","","","","","","","","","","","1737","03","","","N","N"
"1616","0","0","0","0","0","0","0","0","0","1","0","","36","07","2021","2021068326","6","39.9901","-76.2651","1610","08","0","0","0","1","1","0","0","0","","0","0","0","16","1","0","02","1","39 59:24.536","3","00","76 15:54.473","0","0","0","0","36240","0","0","0","N","0","0","0","3","36240","0","","1","01","N","N","2","","0","0","0","0","0","Y","1610","0","2","0","0","0","0","0","1","0","2","N","","","","","","","","","","","1704","03","","","N",""
"1105","0","0","0","0","0","0","0","0","0","7","0","","36","07","2021","2021068300","6","40.1366","-76.4298","1056","08","0","0","0","0","0","1","0","0","","0","0","0","10","1","1","00","1","40 08:11.757","3","00","76 25:47.265","4","0","0","0","36230","0","0","0","N","0","0","0","1","36410","1","","4","01","N","N","1","","0","0","0","0","0","N","1056","1","1","0","0","0","0","0","1","0","1","N","","","","","","","","","","","1135","03","03","","N","N"
"1651","1","0","0","0","0","0","0","0","0","1","1","","36","07","2021","2021067514","5","40.0681","-76.3015","1635","08","0","0","1","0","0","0","0","0","","0","1","0","16","1","0","00","0","40 04:05.186","","00","76 18:05.330","0","0","0","0","36101","0","0","0","N","0","0","0","5","36101","0","","1","01","N","N","0","","0","0","0","0","0","","1634","0","2","0","0","0","0","0","3","0","2","N","","","","","","","","","","","","03","","","N","N"