"ARRIVAL_TM","AUTOMOBILE_COUNT","BELTED_DEATH_COUNT","BELTED_SUSP_SERIOUS_INJ_COUNT","BICYCLE_COUNT","BICYCLE_DEATH_COUNT","BICYCLE_SUSP_SERIOUS_INJ_COUNT","BUS_COUNT","CHLDPAS_DEATH_COUNT","CHLDPAS_SUSP_SERIOUS_INJ_COUNT","COLLISION_TYPE","COMM_VEH_COUNT","CONS_ZONE_SPD_LIM","COUNTY","CRASH_MONTH","CRASH_YEAR","CRN","DAY_OF_WEEK","DEC_LAT","DEC_LONG","DISPATCH_TM","DISTRICT","DRIVER_COUNT_16YR","DRIVER_COUNT_17YR","DRIVER_COUNT_18YR","DRIVER_COUNT_19YR","DRIVER_COUNT_20YR","DRIVER_COUNT_50_64YR","DRIVER_COUNT_65_74YR","DRIVER_COUNT_75PLUS","EST_HRS_CLOSED","FATAL_COUNT","HEAVY_TRUCK_COUNT","HORSE_BUGGY_COUNT","HOUR_OF_DAY","ILLUMINATION","INJURY_COUNT","INTERSECT_TYPE","LANE_CLOSED","LATITUDE","LN_CLOSE_DIR","LOCATION_TYPE","LONGITUDE","MAX_SEVERITY_LEVEL","MCYCLE_DEATH_COUNT","MCYCLE_SUSP_SERIOUS_INJ_COUNT","MOTORCYCLE_COUNT","MUNICIPALITY","NONMOTR_COUNT","NONMOTR_DEATH_COUNT","NONMOTR_SUSP_SERIOUS_INJ_COUNT","NTFY_HIWY_MAINT","PED_COUNT","PED_DEATH_COUNT","PED_SUSP_SERIOUS_INJ_COUNT","PERSON_COUNT","POLICE_AGCY","POSSIBLE_INJ_COUNT","RDWY_SURF_TYPE_CD","RELATION_TO_ROAD","ROAD_CONDITION","SCH_BUS_IND","SCH_ZONE_IND","SMALL_TRUCK_COUNT","SPEC_JURIS_CD","SUSP_MINOR_INJ_COUNT","SUSP_SERIOUS_INJ_COUNT","SUV_COUNT","TCD_FUNC_CD","TCD_TYPE","TFC_DETOUR_IND","TIME_OF_DAY","TOT_INJ_COUNT","TOTAL_UNITS","UNB_DEATH_COUNT","UNB_SUSP_SERIOUS_INJ_COUNT","UNBELTED_OCC_COUNT","UNK_INJ_DEG_COUNT","UNK_INJ_PER_COUNT","URBAN_RURAL","VAN_COUNT","VEHICLE_COUNT","WORK_ZONE_IND","WORK_ZONE_LOC","WORK_ZONE_TYPE","WORKERS_PRES","WZ_CLOSE_DETOUR","WZ_FLAGGER","WZ_LAW_OFFCR_IND","WZ_LN_CLOSURE","WZ_MOVING","WZ_OTHER","WZ_SHLDER_MDN","ROADWAY_CLEARED","WEATHER1","WEATHER2","WZ_WORKERS_INJ_KILLED","SECONDARY_CRASH","INTERSECTION_RELATED"
"1531","0","0","0","0","0","0","0","0","0","4","0","","36","07","2021","2021067433","2","39.8172","-76.0413","1453","08","0","0","0","0","0","0","0","0","","0","0","0","14","1","0","00","0","39 49:01.840","","07","76 02:28.519","0","0","0","0","36205","0","0","0","N","0","0","0","3","68J01","0","","1","01","N","N","2","","0","0","0","0","0","","1446","0","2","0","0","2","0","0","1","0","2","N","","","","","","","","","","","","03","03","","N","N"
"0248","2","0","0","0","0","0","0","0","0","1","0","","36","07","2021","2021066761","1","40.0861","-76.2821","0243","08","0","0","0","0","0","0","0","0","","0","0","0","02","3","1","00","1","40 05:09.870","3","00","76 16:55.700","4","0","0","0","36101","0","0","0","N","0","0","0","2","36101","1","","1","01","N","N","0","","0","0","0","0","0","N","0241","1","2","0","0","0","0","0","3","0","2","N","","","","","","","","","","","0352","03","","","N","N"
"1145","1","0","0","0","0","0","0","0","0","1","0","","36","07","2021","2021067152","7","40.1678","-76.2956","1136","08","0","0","0","0","0","0","0","0","","0","0","0","11","1","0","01","0","40 10:03.939","","00","76 17:44.145","0","0","0","0","36235","0","0","0","N","0","0","0","2","36506","0","","1","01","N","N","0","","0","0","1","3","2","","1132","0","2","0","0","0","0","0","1","0","2","N","","","","","","","","","","","","03","","","N",""
"1234","1","0","0","0","0","0","0","0","0","4","0","","36","07","2021","2021066133","3","39.9925","-75.9748","1227","08","0","0","0","0","0","1","0","0","","0","0","0","12","1","1","00","0","39 59:33.040","","00","75 58:29.200","8","0","0","0","36232","0","0","0","N","0","0","0","2","68J01","0","","1","01","N","N","1","","0","0","0","0","0","","1226","1","2","0","0","0","1","0","1","0","2","N","","","","","","","","","","","","03","","","N","Y"
"1654","0","0","0","0","0","0","0","0","0","1","1","","36","06","2021","2021063558","6","40.086","-76.2045","1649","08","0","0","0","0","0","0","0","0","","0","1","0","16","1","0","00","0","40 05:09.486","","00","76 12:16.239","0","0","0","0","36234","0","0","0","N","0","0","0","4","36215","0","","1","01","N","N","1","","0","0","1","0","0","","1647","0","3","0","0","0","0","0","1","0","3","N","","","","","","","","","","","","03","","","N","N"
"1831","1","0","0","0","0","0","0","0","0","7","0","","36","07","2021","2021065597","6","40.0234","-76.3061","1830","08","0","0","0","1","0","0","0","0","","0","0","0","18","1","0","03","0","40 01:24.322","","00","76 18:21.797","0","0","0","0","36301","0","0","0","N","0","0","0","2","36301","0","","2","09","N","N","0","","0","0","0","0","0","N","1801","0","1","0","0","0","0","0","3","0","1","N","","","","","","","","","","","","07","","","N",""
"0948","1","0","0","0","0","0","0","0","0","7","0","","36","03","2021","2021029530","4","39.9854","-76.2856","0936","08","0","0","0","0","0","0","0","0","","0","0","0","09","1","0","02","1","39 59:07.501","2","00","76 17:08.264","0","0","0","0","36240","0","0","0","N","0","0","0","1","36240","0","","2","01","N","N","0","","0","0","0","0","0","Y","0934","0","1","0","0","0","0","0","1","0","1","N","","","","","","","","","","","1015","03","03","","N",""
"2127","1","0","0","0","0","0","0","0","0","0","0","25","36","07","2021","2021065121","4","40.0285","-76.317","2124","08","0","0","0","0","0","0","0","0","","0","0","0","21","3","0","00","2","40 01:42.653","5","00","76 19:01.043","0","0","0","0","36301","0","0","0","N","0","0","0","1","36301","0","","1","03","N","N","0","","0","0","0","3","8","N","2123","0","1","0","0","0","0","0","3","0","1","Y","8","1","N","","","N","Y","Y","","","2220","03","03","N","N","N"
"0003","3","0","0","0","0","0","0","0","0","5","0","","36","06","2021","2021060393","1","40.0425","-76.3114","2359","08","0","0","0","0","0","1","0","0","","0","0","0","23","3","1","00","1","40 02:33.100","2","00","76 18:41.000","3","0","0","0","36301","0","0","0","N","0","0","0","1","36301","0","","2","01","N","N","0","","1","0","1","0","0","N","2357","1","4","0","0","0","0","0","3","0","4","N","","","","","","","","","","","0120","03","03","","N","N"
"0730","0","0","0","0","0","0","0","0","0","1","0","","36","03","2021","2021031307","2","40.0009","-76.1845","0730","08","0","0","1","0","0","0","0","0","","0","0","0","07","5","2","00","1","40 00:03.301","1","07","76 11:04.172","3","0","0","0","36233","0","0","0","N","0","0","0","2","68J02","0","","1","01","N","N","2","","2","0","0","0","0","Y","0730","2","2","0","0","0","0","0","1","0","2","N","","","","","","","","","","","0015","03","03","","N","N"
"1443","0","0","0","0","0","0","0","0","0","4","0","","36","03","2021","2021029565","4","40.0921","-76.1558","1435","08","0","1","0","0","0","0","1","0","","0","0","0","14","1","0","02","1","40 05:31.525","4","00","76 09:20.788","0","0","0","0","36234","0","0","0","N","0","0","0","3","36215","0","","1","01","N","N","0","","0","0","0","3","3","N","1435","0","2","0","0","0","0","0","1","2","2","N","","","","","","","","","","","1512","04","04","","N",""
"0352","1","0","0","0","0","0","0","0","0","7","0","","36","03","2021","2021027582","5","39.8747","-76.0947","0330","08","0","0","0","0","0","0","0","0","","0","0","0","03","3","0","00","0","39 52:28.740","","00","76 05:41.070","0","0","0","0","36205","0","0","0","N","0","0","0","1","68J01","0","","4","09","N","N","0","","0","0","0","0","0","","0321","0","1","0","0","0","0","0","1","0","1","N","","","","","","","","","","","","07","","","N","N"
"1046","0","0","0","0","0","0","0","0","0","1","0","","36","03","2021","2021028612","4","39.9919","-76.0196","1028","08","0","0","0","0","0","0","0","0","","0","0","0","10","1","0","00","0","39 59:30.970","","00","76 01:11.028","0","0","0","0","36232","0","0","0","N","0","0","0","7","68J01","0","","1","09","N","N","0","","0","0","2","3","2","","1026","0","2","0","0","0","0","0","1","0","2","N","","","","","","","","","","","","07","","","N","N"
"1159","2","0","0","0","0","0","0","0","0","4","0","","36","07","2021","2021066256","6","40.0388","-76.308","1152","08","0","0","1","0","0","0","0","0","","0","0","0","11","1","0","00","0","40 02:19.543","","00","76 18:28.805","0","0","0","0","36301","0","0","0","N","0","0","0","2","36301","0","","1","01","N","N","0","","0","0","0","0","0","","1149","0","2","0","0","0","0","0","3","0","2","N","","","","","","","","","","","","03","03","","N","N"
"1840","0","0","0","0","0","0","0","0","0","7","0","","36","07","2021","2021067838","7","39.7808","-76.0981","1816","08","0","0","0","0","0","0","1","0","","0","0","0","18","1","0","00","0","39 46:50.803","","00","76 05:53.101","0","0","0","0","36222","0","0","0","N","0","0","0","1","68J01","0","","4","01","N","N","1","","0","0","0","0","0","","1816","0","1","0","0","0","0","0","1","0","1","N","","","","","","","","","","","","03","03","","N","N"
"1430","0","0","0","0","0","0","0","0","0","7","0","","36","07","2021","2021068071","2","39.9699","-76.086","1408","08","0","0","0","0","0","0","0","0","","0","0","0","14","1","0","00","2","39 58:11.710","5","00","76 05:09.450","0","0","0","0","36226","0","0","0","N","0","0","0","1","68J01","0","","4","09","N","N","1","","0","0","0","0","0","Y","1408","0","1","0","0","0","0","0","1","0","1","N","","","","","","","","","","","1700","07","","","N","N"
"0842","1","0","0","0","0","0","0","0","0","4","0","","36","07","2021","2021069444","2","40.0698","-76.3168","0835","08","0","0","0","0","0","0","0","0","","0","0","0","08","1","0","01","1","40 04:11.321","1","00","76 19:00.454","0","0","0","0","36101","0","0","0","N","0","0","0","2","36101","0","","1","01","N","N","0","","0","0","1","3","2","N","0833","0","2","0","0","0","0","0","3","0","2","N","","","","","","","","","","","0915","03","","","N",""
"1605","1","0","0","0","0","0","0","0","0","7","0","","36","07","2021","2021064112","7","40.0562","-76.3539","1555","08","0","0","0","0","0","0","0","0","","0","0","0","15","1","0","00","0","40 03:22.280","","00","76 21:14.050","0","0","0","0","36214","0","0","0","N","0","0","0","1","36214","0","","5","01","N","N","0","","0","0","0","0","0","","1550","0","1","0","0","0","0","0","3","0","1","N","","","","","","","","","","","","03","03","","N","N"
"2121","1","0","0","0","0","0","0","0","0","4","0","","36","03","2021","2021030583","4","40.0404","-76.3132","2118","08","0","0","0","0","0","0","0","0","","0","0","0","21","3","2","01","1","40 02:25.530","6","00","76 18:47.429","3","0","0","0","36301","0","0","0","N","0","0","0","3","36301","0","","1","01","N","N","1","","2","0","0","3","2","Y","2117","2","2","0","0","0","0","0","3","0","2","N","","","","","","","","","","","2146","03","03","","N",""
"1749","1","0","0","0","0","0","0","0","0","7","0","","36","07","2021","2021065017","2","39.9989","-76.0647","1740","08","0","0","0","0","0","0","0","0","","0","0","0","17","1","1","00","1","39 59:55.919","4","00","76 03:53.054","3","0","0","0","36226","0","0","0","N","0","0","0","1","68J01","0","","4","01","N","N","0","","1","0","0","0","0","N","1738","1","1","0","0","0","0","0","1","0","1","N","","","","","","","","","","","1805","03","","","N","N"
"1447","1","0","0","0","0","0","0","0","0","4","0","","36","03","2021","2021031426","4","40.1586","-76.3896","1447","08","0","0","0","0","0","1","0","0","","0","0","0","14","1","0","01","1","40 09:31.012","3","00","76 23:22.387","0","0","0","0","36410","0","0","0","N","0","0","0","2","36410","0","","1","09","N","N","1","","0","0","0","3","2","N","1440","0","2","0","0","0","0","0","2","0","2","N","","","","","","","","","","","1510","07","04","","N",""
"1510","0","0","0","0","0","0","0","0","0","7","0","","36","03","2021","2021032322","4","40.0623","-76.3306","1510","08","0","0","0","0","0","0","0","1","","0","0","0","15","1","0","00","1","40 03:44.160","3","00","76 19:50.251","0","0","0","0","36301","0","0","0","N","0","0","0","1","36301","0","","4","09","N","N","1","","0","0","0","0","0","N","1510","0","1","0","0","0","0","0","3","0","1","N","","","","","","","","","","","1540","04","07","","N","N"
"1616","1","0","0","0","0","0","0","0","0","1","0","","36","07","2021","2021067717","3","40.2177","-76.1133","1612","08","0","0","0","0","0","0","0","0","","0","0","0","16","1","0","00","0","40 13:03.548","","00","76 06:47.813","0","0","0","0","36210","0","0","0","N","0","0","0","3","36210","0","","1","01","N","N","1","","0","0","0","0","0","","1612","0","2","0","0","0","0","0","1","0","2","N","","","","","","","","","","","","04","","","N","N"
"1443","1","0","0","0","0","0","0","0","0","4","1","","36","07","2021","2021067716","2","40.2176","-76.1148","1439","08","0","0","0","0","0","0","0","0","","0","1","0","14","1","2","00","0","40 13:03.287","","00","76 06:53.204","3","0","0","0","36210","0","0","0","N","0","0","0","2","36210","0","","1","01","N","N","0","","1","0","0","3","2","","1439","2","2","0","0","0","1","0","1","0","2","N","","","","","","","","","","","","03","","","N","N"
"0118","1","0","0","0","0","0","0","0","0","7","0","","36","03","2021","2021020656","3","40.267","-76.124","0104","08","0","0","0","0","0","1","0","0","","0","0","0","01","2","0","00","0","40 16:01.126","","00","76 07:26.427","0","0","0","0","36236","0","0","0","N","0","0","0","1","36408","0","","5","01","N","N","0","","0","0","0","0","0","","0104","0","1","0","0","0","0","0","1","0","1","N","","","","","","","","","","","","03","03","","N","N"
"1430","2","0","0","0","0","0","0","0","0","6","0","","36","07","2021","2021066498","6","40.0763","-76.5804","1426","08","0","0","0","1","0","1","0","0","","0","0","0","14","1","0","01","2","40 04:34.604","6","00","76 34:49.324","0","0","0","0","36211","0","0","0","N","0","0","0","2","36504","0","","1","01","N","N","1","","0","0","0","3","3","Y","1425","0","3","0","0","0","0","0","1","0","3","N","","","","","","","","","","","1515","03","03","","N","N"
"0913","0","0","0","0","0","0","0","0","0","7","0","","36","03","2021","2021030596","2","40.0307","-76.5069","0907","08","0","0","0","0","0","0","0","0","","0","0","0","09","1","0","01","1","40 01:50.593","5","00","76 30:24.756","0","0","0","0","36404","0","0","0","N","0","0","0","1","36404","0","","2","01","N","N","0","","0","0","1","3","2","N","0907","0","1","0","0","0","0","0","3","0","1","N","","","","","","","","","","","0030","03","","","N",""
"1325","0","0","0","0","0","0","0","0","0","7","0","","36","03","2021","2021028699","1","40.0264","-76.3945","1321","08","0","0","0","0","0","0","0","0","","0","0","0","13","1","0","00","0","40 01:35.075","","00","76 23:40.048","0","0","0","0","36223","0","0","0","Y","0","0","0","1","36223","0","","4","09","N","N","0","","0","0","0","0","0","","1318","0","1","0","0","0","0","0","1","1","1","N","","","","","","","","","","","","07","04","","N","N"
"1246","1","0","0","0","0","0","0","0","0","5","1","","36","07","2021","2021069480","4","40.1947","-76.0058","1237","08","0","0","0","0","0","0","0","0","","0","1","0","12","1","0","00","2","40 11:00.246","4","00","75 59:40.788","0","0","0","0","36202","0","0","0","N","0","0","0","2","68T06","0","","1","01","N","N","0","","0","0","0","0","0","N","1237","0","2","0","0","0","0","0","1","0","2","N","","","","","","","","","","","1315","03","03","","N","N"
"1449","1","0","0","0","0","0","0","0","0","1","0","","36","03","2021","2021025868","4","40.0935","-76.304","1446","08","0","0","0","0","0","1","0","0","","0","0","0","14","1","1","00","1","40 05:36.767","1","00","76 18:14.455","3","0","0","0","36101","0","0","0","N","0","0","0","2","36101","0","","1","01","N","N","0","","1","0","1","0","0","Y","1444","1","2","0","0","0","0","0","3","0","2","N","","","","","","","","","","","1541","04","","","N","N"
"1545","1","0","0","0","0","0","0","0","0","4","0","","36","03","2021","2021027450","1","40.2191","-76.2409","1535","08","0","1","0","0","0","0","0","0","","0","0","0","15","1","1","01","1","40 13:08.583","7","00","76 14:27.322","3","0","0","0","36204","0","0","0","N","0","0","0","3","36506","0","","1","01","N","N","0","","1","0","1","3","3","N","1533","1","2","0","0","0","0","0","1","0","2","N","","","","","","","","","","","1630","03","","","N",""
"1152","0","0","0","0","0","0","0","0","0","4","0","","36","02","2021","2021020464","2","40.1377","-76.126","1121","08","0","0","0","0","0","0","0","0","","0","0","0","11","1","0","00","0","40 08:15.702","","00","76 07:33.691","0","0","0","0","36209","1","0","0","N","0","0","0","2","36415","0","","1","07","N","N","1","","0","0","0","0","0","","1121","0","2","0","0","1","0","0","1","0","1","N","","","","","","","","","","","","10","06","","N","N"
"0615","1","0","0","0","0","0","0","0","0","1","1","","36","07","2021","2021066345","5","40.1688","-76.1503","0610","08","0","0","0","0","0","1","0","0","","0","1","0","06","1","0","00","0","40 10:07.705","","00","76 09:01.159","0","0","0","0","36218","0","0","0","Y","0","0","0","2","36408","0","","1","01","N","N","0","","0","0","0","0","0","","0610","0","2","0","0","0","0","0","1","0","2","N","","","","","","","","","","","","03","","","N","N"
"1943","1","0","0","0","0","0","0","0","0","7","0","","36","07","2021","2021068302","7","40.1453","-76.6191","1921","08","0","0","0","0","0","0","0","1","","0","0","0","19","1","1","00","0","40 08:43.180","","00","76 37:08.700","3","0","0","0","36237","0","0","0","N","0","0","0","1","36505","0","","2","09","N","N","0","","1","0","0","9","9","","1920","1","1","0","0","0","0","0","1","0","1","N","","","","","","","","","","","","07","07","","N","N"
"2303","1","0","0","0","0","0","0","0","0","1","0","","36","07","2021","2021065522","7","40.0646","-76.2899","2301","08","0","0","0","0","0","0","0","0","","0","0","0","22","2","1","00","0","40 03:52.520","","00","76 17:23.740","3","0","0","0","36101","0","0","0","N","0","0","0","1","36101","0","","1","01","N","N","0","","1","0","1","0","0","","2259","1","2","0","0","1","0","0","3","0","2","N","","","","","","","","","","","","03","","","N","N"
"1721","0","0","0","1","0","0","0","0","0","4","0","","36","07","2021","2021066135","3","39.9265","-76.1641","1716","08","0","0","0","0","0","0","0","1","","0","0","0","17","1","1","00","0","39 55:35.220","","00","76 09:50.650","3","0","0","0","36216","1","0","0","N","0","0","0","2","68J01","0","","1","01","N","N","0","","1","0","1","0","0","","1713","1","2","0","0","0","0","0","1","0","1","N","","","","","","","","","","","","03","03","","N","N"
"0937","1","0","0","0","0","0","0","0","0","4","0","","36","03","2021","2021027442","3","40.0817","-76.1157","0933","08","0","0","0","0","0","1","0","1","","0","0","0","09","1","3","01","2","40 04:54.116","7","00","76 06:56.550","3","0","0","0","36209","0","0","0","N","0","0","0","3","36415","1","","1","01","N","N","0","","1","0","1","3","3","Y","0931","3","2","0","0","0","1","0","1","0","2","N","","","","","","","","","","","1024","04","04","","N",""
"0846","1","0","0","0","0","0","0","0","0","4","0","","36","03","2021","2021025031","1","40.1011","-76.2268","0842","08","0","0","0","0","0","0","0","0","","0","0","1","08","1","0","02","0","40 06:04.059","","00","76 13:36.311","0","0","0","0","36234","4","0","0","N","0","0","0","5","36215","0","","1","01","N","N","0","","0","0","0","0","0","","0841","0","2","0","0","0","0","0","1","0","1","N","","","","","","","","","","","","03","03","","N",""
"2121","2","0","0","0","0","0","0","0","0","2","0","","36","03","2021","2021030594","7","40.0264","-76.3945","2016","08","0","0","0","1","0","0","0","0","","0","0","0","20","2","1","00","2","40 01:34.977","5","00","76 23:40.053","4","0","0","0","36223","0","0","0","N","0","0","0","3","36223","1","","1","09","N","N","0","","0","0","0","0","0","Y","2014","1","2","0","0","0","0","0","1","0","2","N","","","","","","","","","","","2117","04","","","N","N"
"1212","1","0","0","0","0","0","0","0","0","1","0","","36","03","2021","2021030595","5","40.0385","-76.5047","1212","08","0","0","0","0","0","0","0","0","","0","0","0","11","1","0","00","2","40 02:18.452","5","07","76 30:17.079","0","0","0","0","36404","0","0","0","N","0","0","0","2","36404","0","","1","01","N","N","0","","0","0","1","0","0","Y","1156","0","2","0","0","0","0","0","3","0","2","N","","","","","","","","","","","0030","03","","","N","N"
"1557","2","0","0","0","0","0","0","0","0","4","0","","36","07","2021","2021066231","3","40.0265","-76.3046","1545","08","0","0","0","0","0","0","1","0","","0","0","0","15","1","0","01","0","40 01:35.540","","00","76 18:16.541","0","0","0","0","36301","0","0","0","N","0","0","0","3","36301","0","","1","01","N","N","0","","0","0","0","3","3","","1541","0","2","0","0","0","0","0","3","0","2","N","","","","","","","","","","","","03","03","","N","N"
"2144","1","0","0","0","0","0","0","0","0","5","0","","36","07","2021","2021067147","4","40.0969","-76.1055","2138","08","0","0","0","0","0","0","1","0","","0","0","0","21","3","0","00","2","40 05:48.741","4","00","76 06:19.817","0","0","0","0","36415","0","0","0","N","0","0","0","1","36415","0","","6","01","N","N","1","","0","0","0","0","0","N","2135","0","2","0","0","0","0","0","1","0","2","N","","","","","","","","","","","2201","03","","","N","N"
"1236","1","0","0","0","0","0","0","0","0","7","0","","36","02","2021","2021010933","2","40.0787","-76.2618","1231","08","0","0","0","0","0","0","0","0","","0","0","0","12","1","0","00","1","40 04:43.140","4","00","76 15:42.460","0","0","0","0","36101","0","0","0","N","0","0","0","1","36101","0","","4","02","N","N","0","","0","0","0","3","3","N","1226","0","1","0","0","0","0","0","3","0","1","N","","","","","","","","","","","1325","06","06","","N","N"
"1159","0","0","0","0","0","0","0","0","0","1","0","","36","07","2021","2021066760","5","40.0537","-76.3234","1151","08","0","0","0","0","0","0","1","0","","0","0","0","11","1","0","00","1","40 03:13.376","2","00","76 19:24.305","0","0","0","0","36101","0","0","0","N","0","0","0","2","36101","0","","1","01","N","N","0","","0","0","2","0","0","N","1146","0","2","0","0","0","0","0","3","0","2","N","","","","","","","","","","","1215","03","03","","N","N"
"0051","1","0","0","0","0","0","0","0","0","98","0","","36","07","2021","2021070113","5","40.0535","-76.2642","0046","08","0","0","0","0","0","1","0","0","","0","0","0","00","3","0","00","0","40 03:12.812","","00","76 15:51.728","0","0","0","0","36215","0","0","0","N","0","0","0","1","36215","0","","1","01","N","N","0","","0","0","0","0","0","","0043","0","1","0","0","0","0","0","1","0","1","N","","","","","","","","","","","","03","","","N","N"
"1632","1","0","0","0","0","0","0","0","0","5","0","","36","07","2021","2021069445","2","40.0167","-76.3237","1626","08","0","0","0","0","0","1","0","0","","0","0","0","16","1","1","01","0","40 01:00.249","","00","76 19:25.434","3","0","0","1","36220","0","0","0","N","0","0","0","2","36101","0","","1","01","N","N","0","","1","0","0","0","0","","1626","1","2","0","0","0","0","0","3","0","2","N","","","","","","","","","","","","03","03","","N",""
"1554","2","0","0","0","0","0","0","0","0","4","0","","36","05","2021","2021053967","1","40.0278","-76.2235","1547","08","0","0","0","1","0","0","0","0","","0","0","0","15","1","1","00","2","40 01:40.258","4","07","76 13:24.492","3","0","0","0","36215","0","0","0","N","0","0","0","4","36215","0","","1","01","N","N","0","","1","0","0","0","0","N","1546","1","2","0","0","0","0","0","1","0","2","N","","","","","","","","","","","1640","03","03","","N","N"
"0515","1","0","0","0","0","0","0","0","0","7","0","","36","07","2021","2021069565","4","39.9997","-76.0156","0500","08","0","0","0","0","0","0","0","0","","0","0","0","04","2","0","00","0","39 59:58.875","","00","76 00:56.281","0","0","0","0","36232","0","0","0","N","0","0","0","2","68J01","0","","4","01","N","N","0","","0","0","0","0","0","","0455","0","2","0","0","0","0","0","1","0","1","N","","","","","","","","","","","","03","","","N","N"
"1803","1","0","0","0","0","0","0","0","0","4","0","","36","03","2021","2021026144","6","40.1761","-76.2249","1759","08","0","1","0","0","0","0","0","0","","0","0","0","17","1","0","01","1","40 10:34.041","2","00","76 13:29.758","0","0","0","0","36218","0","0","0","N","0","0","0","2","36408","0","","1","01","N","N","0","","0","0","1","3","3","N","1757","0","2","0","0","0","0","0","1","0","2","N","","","","","","","","","","","1825","03","03","","N","N"
"0550","1","0","0","0","0","0","0","0","0","1","0","","36","03","2021","2021034911","4","40.1968","-76.1692","0544","08","0","0","0","0","0","0","0","0","","0","0","0","05","3","1","01","1","40 11:48.459","2","00","76 10:08.984","3","0","0","0","36218","0","0","0","N","0","0","0","2","36408","0","","1","09","N","N","1","","1","0","0","3","2","N","0544","1","2","0","0","0","0","0","1","0","2","N","","","","","","","","","","","0625","07","","","N","N"
"0314","0","0","0","0","0","0","0","0","0","7","0","","36","07","2021","2021064113","1","40.1092","-76.4378","0312","08","0","0","0","0","0","1","0","0","","0","0","0","03","2","0","00","1","40 06:33.180","3","00","76 26:16.015","0","0","0","0","36214","0","0","0","N","0","0","0","2","36214","0","","5","01","N","N","0","","0","0","1","0","0","N","0312","0","1","0","0","0","0","0","3","0","1","N","","","","","","","","","","","0415","03","","","N","N"
"2334","1","0","0","0","0","0","0","0","0","7","0","","36","03","2021","2021028575","7","40.2009","-76.1343","2325","08","0","0","0","0","0","0","0","0","","0","0","0","23","2","0","00","0","40 12:03.100","","00","76 08:03.500","0","0","0","0","36210","0","0","0","Y","0","0","0","1","36210","0","","4","01","N","N","0","","0","0","0","0","0","","2323","0","1","0","0","0","0","0","1","0","1","N","","","","","","","","","","","","03","","","N","N"
"1217","1","0","0","0","0","0","0","0","0","4","0","","36","03","2021","2021027437","2","40.0401","-76.3164","1215","08","0","0","0","0","0","1","0","0","","0","0","0","12","1","1","01","0","40 02:24.313","","00","76 18:59.176","4","0","0","0","36301","0","0","0","N","0","0","0","2","36301","1","","1","01","N","N","0","","0","0","1","3","3","","1213","1","2","0","0","0","0","0","3","0","2","N","","","","","","","","","","","","03","","","N",""
"1603","1","0","0","0","0","0","0","0","0","4","0","","36","03","2021","2021027809","4","40.0534","-76.2874","1549","08","0","0","0","0","0","0","1","0","","0","0","0","15","1","0","02","0","40 03:12.218","","00","76 17:14.749","0","0","0","0","36301","0","0","0","N","0","0","0","2","36101","0","","1","09","N","N","0","","0","0","1","3","3","","1547","0","2","0","0","0","0","0","3","0","2","N","","","","","","","","","","","","07","07","","N",""
"1553","1","0","0","0","0","0","0","0","0","4","0","","36","03","2021","2021029092","2","40.1009","-76.0823","1550","08","0","0","0","0","1","0","0","0","","0","0","0","15","1","0","01","1","40 06:03.334","7","00","76 04:56.150","0","0","0","0","36415","0","0","0","N","0","0","0","9","36415","0","","1","01","N","N","0","","0","0","1","3","3","Y","1549","0","3","0","0","4","0","0","1","1","3","N","","","","","","","","","","","1634","03","03","","N",""
"0127","1","0","0","0","0","0","0","0","0","7","0","","36","07","2021","2021065049","6","39.8568","-76.0779","0116","08","0","0","0","0","0","0","0","0","","0","0","0","01","2","0","00","0","39 51:24.391","","00","76 04:40.394","9","0","0","0","36205","0","0","0","N","0","0","0","1","68J01","0","","4","09","N","N","0","","0","0","0","0","0","","0115","0","1","0","0","0","0","1","1","0","1","N","","","","","","","","","","","","07","03","","N","N"
"2255","1","0","0","0","0","0","0","0","0","7","0","","36","07","2021","2021064511","6","40.0914","-76.2573","2252","08","0","0","0","0","0","1","0","0","","0","0","0","22","2","0","01","0","40 05:29.168","","00","76 15:26.373","0","0","0","0","36101","0","0","0","N","0","0","0","1","36101","0","","4","01","N","N","0","","0","0","0","3","3","","2249","0","1","0","0","0","0","0","3","0","1","N","","","","","","","","","","","","03","03","","N",""
"1304","1","0","0","0","0","0","0","0","0","4","0","","36","07","2021","2021064593","6","39.7739","-76.1791","1245","08","0","0","0","0","0","1","0","0","","0","0","0","12","1","0","00","0","39 46:26.068","","00","76 10:44.932","0","0","0","0","36219","0","0","0","N","0","0","0","2","68J01","0","","1","01","N","N","0","","0","0","0","0","0","","1243","0","2","0","0","0","0","0","1","1","2","N","","","","","","","","","","","","03","03","","N","Y"
"1508","0","0","1","0","0","0","0","0","0","7","0","","36","05","2021","2021066085","1","39.8185","-76.3224","1508","08","0","0","0","0","0","0","1","0","","0","0","0","15","1","3","00","2","39 49:06.609","3","00","76 19:20.522","2","0","0","0","36224","0","0","0","N","0","0","0","4","68J01","1","","2","01","N","N","2","","1","1","1","0","0","N","1508","3","3","0","0","0","0","0","1","0","3","N","","","","","","","","","","","1615","03","","","N","N"