"ARRIVAL_TM","AUTOMOBILE_COUNT","BELTED_DEATH_COUNT","BELTED_SUSP_SERIOUS_INJ_COUNT","BICYCLE_COUNT","BICYCLE_DEATH_COUNT","BICYCLE_SUSP_SERIOUS_INJ_COUNT","BUS_COUNT","CHLDPAS_DEATH_COUNT","CHLDPAS_SUSP_SERIOUS_INJ_COUNT","COLLISION_TYPE","COMM_VEH_COUNT","CONS_ZONE_SPD_LIM","COUNTY","CRASH_MONTH","CRASH_YEAR","CRN","DAY_OF_WEEK","DEC_LAT","DEC_LONG","DISPATCH_TM","DISTRICT","DRIVER_COUNT_16YR","DRIVER_COUNT_17YR","DRIVER_COUNT_18YR","DRIVER_COUNT_19YR","DRIVER_COUNT_20YR","DRIVER_COUNT_50_64YR","DRIVER_COUNT_65_74YR","DRIVER_COUNT_75PLUS","EST_HRS_CLOSED","FATAL_COUNT","HEAVY_TRUCK_COUNT","HORSE_BUGGY_COUNT","HOUR_OF_DAY","ILLUMINATION","INJURY_COUNT","INTERSECT_TYPE","LANE_CLOSED","LATITUDE","LN_CLOSE_DIR","LOCATION_TYPE","LONGITUDE","MAX_SEVERITY_LEVEL","MCYCLE_DEATH_COUNT","MCYCLE_SUSP_SERIOUS_INJ_COUNT","MOTORCYCLE_COUNT","MUNICIPALITY","NONMOTR_COUNT","NONMOTR_DEATH_COUNT","NONMOTR_SUSP_SERIOUS_INJ_COUNT","NTFY_HIWY_MAINT","PED_COUNT","PED_DEATH_COUNT","PED_SUSP_SERIOUS_INJ_COUNT","PERSON_COUNT","POLICE_AGCY","POSSIBLE_INJ_COUNT","RDWY_SURF_TYPE_CD","RELATION_TO_ROAD","ROAD_CONDITION","SCH_BUS_IND","SCH_ZONE_IND","SMALL_TRUCK_COUNT","SPEC_JURIS_CD","SUSP_MINOR_INJ_COUNT","SUSP_SERIOUS_INJ_COUNT","SUV_COUNT","TCD_FUNC_CD","TCD_TYPE","TFC_DETOUR_IND","TIME_OF_DAY","TOT_INJ_COUNT","TOTAL_UNITS","UNB_DEATH_COUNT","UNB_SUSP_SERIOUS_INJ_COUNT","UNBELTED_OCC_COUNT","UNK_INJ_DEG_COUNT","UNK_INJ_PER_COUNT","URBAN_RURAL","VAN_COUNT","VEHICLE_COUNT","WORK_ZONE_IND","WORK_ZONE_LOC","WORK_ZONE_TYPE","WORKERS_PRES","WZ_CLOSE_DETOUR","WZ_FLAGGER","WZ_LAW_OFFCR_IND","WZ_LN_CLOSURE","WZ_MOVING","WZ_OTHER","WZ_SHLDER_MDN","ROADWAY_CLEARED","WEATHER1","WEATHER2","WZ_WORKERS_INJ_KILLED","SECONDARY_CRASH","INTERSECTION_RELATED"
"2300","0","0","0","0","0","0","0","0","0","7","0","","36","07","2021","2021064590","5","39.7269","-76.187","2224","08","0","0","0","0","0","0","0","0","","0","0","0","22","2","0","00","0","39 43:36.810","","00","76 11:13.040","0","0","0","0","36219","0","0","0","N","0","0","0","1","68J01","0","","4","09","N","N","1","","0","0","0","0","0","","2211","0","1","0","0","0","0","0","1","0","1","N","","","","","","","","","","","","07","","","N","N"
"2021","1","0","0","0","0","0","0","0","0","0","0","","36","03","2021","2021034423","6","40.2167","-76.1041","2018","08","0","0","0","0","0","0","0","0","","0","0","0","20","2","1","00","2","40 13:00.100","5","00","76 06:14.600","3","0","0","0","36210","0","0","0","N","0","0","0","1","36210","0","","1","01","N","N","0","","1","0","0","0","0","Y","2018","1","1","0","0","0","0","0","1","0","1","N","","","","","","","","","","","2103","03","","","N","N"
"0903","1","0","0","0","0","0","0","0","0","7","0","","36","03","2021","2021029569","3","40.0665","-76.2083","0849","08","0","0","0","0","0","0","0","0","","0","0","0","08","1","0","03","0","40 03:59.432","","00","76 12:30.007","0","0","0","0","36234","0","0","0","N","0","0","0","1","36215","0","","4","01","N","N","0","","0","0","0","0","0","","0847","0","1","0","0","0","0","0","1","0","1","N","","","","","","","","","","","","03","03","","N",""
"1751","1","0","0","0","0","0","0","0","0","1","0","","36","03","2021","2021026629","6","40.0692","-76.306","1746","08","0","0","1","0","0","0","0","0","","0","0","0","17","1","0","00","0","40 04:09.064","","00","76 18:21.624","0","0","0","0","36101","0","0","0","N","0","0","0","4","36101","0","","1","01","N","N","0","","0","0","1","0","0","","1740","0","2","0","0","0","0","0","3","0","2","N","","","","","","","","","","","","03","","","N","N"
"0737","0","0","0","0","0","0","0","0","0","7","0","","36","03","2021","2021026766","2","40.0709","-76.2636","0728","08","0","0","0","0","1","0","0","0","","0","0","0","07","1","0","00","0","40 04:15.200","","00","76 15:49.100","0","0","0","0","36101","0","0","0","N","0","0","0","1","36101","0","","5","01","N","N","0","","0","0","0","0","0","","0725","0","1","0","0","0","0","0","3","1","1","N","","","","","","","","","","","","03","","","N","N"
"1038","1","0","0","0","0","0","0","0","0","7","0","","36","07","2021","2021068917","1","40.0605","-76.3606","1038","08","0","0","0","0","0","0","0","0","","0","0","0","10","1","0","00","2","40 03:38.006","3","00","76 21:37.157","0","0","0","0","36214","0","0","0","N","0","0","0","1","36214","0","","5","01","N","N","0","","0","0","0","0","0","N","1037","0","1","0","0","0","0","0","3","0","1","N","","","","","","","","","","","1115","03","03","","N","N"
"0715","1","0","0","0","0","0","0","0","0","5","0","","36","07","2021","2021069622","5","40.0606","-76.4165","0705","08","0","0","0","0","0","0","0","1","","0","0","0","07","1","2","00","1","40 03:38.299","3","00","76 24:59.484","3","0","0","0","36239","0","0","0","N","0","0","0","3","36239","0","","1","01","N","N","0","","2","0","1","0","0","N","0705","2","2","0","0","0","0","0","3","0","2","N","","","","","","","","","","","0800","03","","","N","N"
"2034","1","0","0","0","0","0","0","0","0","1","0","","36","03","2021","2021034627","1","39.9916","-76.0176","2028","08","0","0","0","0","0","1","0","0","","0","0","0","20","3","0","00","0","39 59:30.089","","00","76 01:05.341","0","0","0","0","36232","0","0","0","N","0","0","0","2","68J01","0","","1","01","N","N","0","","0","0","1","0","0","","2021","0","2","0","0","0","0","0","1","0","2","N","","","","","","","","","","","","03","03","","N","N"
"1836","0","0","0","0","0","0","0","0","0","4","0","","36","03","2021","2021027438","4","40.0329","-76.5037","1835","08","1","0","0","0","0","0","0","0","","0","0","0","18","1","0","01","2","40 01:58.364","5","00","76 30:13.291","0","0","0","0","36404","0","0","0","N","0","0","0","4","36404","0","","1","01","N","N","0","","0","0","2","3","3","Y","1832","0","3","0","0","0","0","0","3","1","3","N","","","","","","","","","","","1918","04","","","N",""
"1736","2","0","0","0","0","0","0","0","0","4","0","","36","03","2021","2021026482","2","40.1232","-76.1741","1726","08","0","0","0","0","0","0","0","0","","0","0","0","17","1","0","02","0","40 07:23.508","","00","76 10:26.818","0","0","0","0","36238","0","0","0","N","0","0","0","2","36238","0","","1","01","N","N","0","","0","0","0","0","0","","1726","0","2","0","0","0","0","0","3","0","2","N","","","","","","","","","","","","03","","","N","N"
"1501","2","0","0","0","0","0","0","0","0","4","0","","36","03","2021","2021024405","1","40.0736","-76.3205","1455","08","0","0","0","0","0","1","0","0","","0","0","0","14","1","0","02","0","40 04:24.900","","00","76 19:13.800","0","0","0","0","36101","0","0","0","N","0","0","0","2","36101","0","","1","01","N","N","0","","0","0","0","0","0","","1453","0","2","0","0","0","0","0","3","0","2","N","","","","","","","","","","","","03","03","","N",""
"1204","1","0","0","0","0","0","0","0","0","4","0","","36","07","2021","2021062638","5","40.0251","-76.3177","1201","08","0","0","0","0","0","1","0","0","","0","0","0","12","1","0","01","0","40 01:30.485","","00","76 19:03.655","0","0","0","0","36301","0","0","0","N","0","0","0","4","36301","0","","1","01","N","N","0","","0","0","1","3","3","","1201","0","2","0","0","0","0","0","3","0","2","N","","","","","","","","","","","","03","03","","N","N"
"0732","1","0","0","0","0","0","0","0","0","7","0","","36","03","2021","2021025869","5","40.0764","-76.2645","0727","08","0","0","0","0","0","0","0","0","","0","0","0","07","1","1","00","0","40 04:34.941","","00","76 15:52.306","8","0","0","0","36101","0","0","0","N","0","0","0","1","36101","0","","4","09","N","N","0","","0","0","0","0","0","","0724","1","1","0","0","0","1","0","3","0","1","N","","","","","","","","","","","","07","04","","N","N"
"2137","0","0","0","0","0","0","0","0","0","7","0","","36","07","2021","2021064589","5","40.0198","-76.0664","2132","08","0","0","0","0","0","0","0","0","","0","0","0","21","2","0","00","2","40 01:11.141","6","00","76 03:59.079","0","0","0","0","36221","0","0","0","N","0","0","0","2","68J01","0","","4","09","N","N","1","","0","0","0","0","0","Y","2130","0","1","0","0","0","0","0","1","0","1","N","","","","","","","","","","","2200","07","","","N","N"
"2026","1","0","0","0","0","0","0","0","0","7","0","","36","03","2021","2021032154","5","40.2306","-76.0721","2021","08","1","0","0","0","0","0","0","0","","0","0","0","20","2","1","00","2","40 13:50.089","6","00","76 04:19.500","3","0","0","0","36210","0","0","0","Y","0","0","0","1","36210","0","","4","09","N","N","0","","1","0","0","0","0","Y","2021","1","1","0","0","0","0","0","1","0","1","N","","","","","","","","","","","0400","07","","","N","N"
"1527","1","0","0","0","0","0","0","0","0","3","0","","36","03","2021","2021026615","3","40.2116","-76.1236","1522","08","0","0","0","1","0","0","0","0","","0","0","0","15","1","0","01","0","40 12:41.742","","00","76 07:24.795","0","0","0","0","36210","0","0","0","N","0","0","0","2","36210","0","","1","09","N","N","0","","0","0","1","3","3","","1522","0","2","0","0","0","0","0","1","0","2","N","","","","","","","","","","","","07","","","N",""
"1330","0","0","0","0","0","0","0","0","0","0","0","","36","03","2021","2021024873","2","40.0649","-76.3366","1322","08","0","0","0","0","0","1","0","0","","0","0","0","13","1","1","00","1","40 03:54.155","4","00","76 20:10.872","8","0","0","1","36301","0","0","0","N","0","0","0","1","36301","0","","1","01","N","N","0","","0","0","0","0","0","N","1320","1","1","0","0","0","1","0","3","0","1","N","","","","","","","","","","","1340","03","","","N","N"
"1542","1","0","0","0","0","0","0","0","0","4","0","","36","03","2021","2021029568","7","40.0406","-76.2528","1538","08","0","0","0","0","0","0","0","0","","0","0","0","15","1","1","01","1","40 02:26.267","3","00","76 15:10.183","3","0","0","0","36215","0","0","0","N","0","0","0","4","36215","0","","1","01","N","N","0","","1","0","1","3","2","N","1537","1","2","0","0","0","0","0","1","0","2","N","","","","","","","","","","","1626","03","03","","N",""
"1646","1","0","0","0","0","0","0","0","0","7","0","","36","07","2021","2021065323","3","40.1713","-76.3084","1641","08","0","0","0","0","0","1","0","0","","0","0","0","16","1","0","00","0","40 10:16.717","","00","76 18:30.179","0","0","0","0","36235","0","0","0","N","0","0","0","1","36506","0","","4","01","N","N","0","","0","0","0","0","0","","1641","0","1","0","0","0","0","0","1","0","1","N","","","","","","","","","","","","03","","","N","N"
"1026","0","0","0","0","0","0","0","0","0","4","1","","36","07","2021","2021068298","2","40.1249","-76.468","1017","08","0","0","0","0","0","1","0","0","","0","1","0","10","1","0","01","1","40 07:29.533","4","02","76 28:04.786","0","0","0","0","36230","0","0","0","N","0","0","0","2","36410","0","","1","01","N","N","0","","0","0","1","0","0","N","1017","0","2","0","0","0","0","0","1","0","2","N","","","","","","","","","","","1050","03","03","","N",""
"1552","0","0","0","0","0","0","0","0","0","4","0","","36","07","2021","2021068443","5","40.0606","-76.2768","1548","08","0","0","0","0","0","0","1","0","","0","0","0","15","1","0","01","1","40 03:38.398","4","00","76 16:37.304","0","0","0","0","36101","0","0","0","N","0","0","0","2","36101","0","","1","01","N","N","0","","0","0","2","3","2","N","1543","0","2","0","0","0","0","0","3","0","2","N","","","","","","","","","","","1625","03","03","","N",""
"1907","1","0","0","0","0","0","0","0","0","1","0","","36","03","2021","2021028065","7","40.0402","-76.2363","1838","08","0","0","0","0","0","0","0","0","","0","0","0","18","1","0","01","1","40 02:24.556","4","00","76 14:10.733","0","0","0","0","36215","0","0","0","N","0","0","0","3","36215","0","","1","01","N","N","1","","0","0","0","3","2","N","1835","0","2","0","0","0","0","0","1","0","2","N","","","","","","","","","","","1940","03","03","","N",""
"0250","1","0","4","0","0","0","0","0","0","5","0","","36","03","2021","2021049952","7","40.2296","-76.0521","0239","08","0","0","0","0","0","0","0","0","","0","0","0","02","2","4","00","2","40 13:46.591","2","00","76 03:07.646","2","0","0","0","36202","0","0","0","N","0","0","0","9","68J01","0","","1","01","N","N","0","","0","4","2","0","0","Y","0227","4","3","0","0","0","0","0","1","0","3","N","","","","","","","","","","","1000","03","03","","Y","N"
"0141","1","0","0","0","0","0","0","0","0","7","0","","36","07","2021","2021065442","1","39.9135","-76.2128","0138","08","0","0","0","0","0","0","0","0","","0","0","0","01","2","0","02","0","39 54:48.725","","00","76 12:46.033","0","0","0","0","36229","0","0","0","Y","0","0","0","1","68J01","0","","4","01","N","N","0","","0","0","0","0","0","","0137","0","1","0","0","0","0","0","1","0","1","N","","","","","","","","","","","","03","03","","N","N"
"0123","1","0","0","0","0","0","0","0","0","7","0","","36","03","2021","2021034058","6","39.9939","-76.0303","0109","08","0","0","0","0","0","0","0","0","","0","0","0","01","2","0","00","0","39 59:38.054","","00","76 01:49.161","0","0","0","0","36232","0","0","0","N","0","0","0","1","68J01","0","","3","09","N","N","0","","0","0","0","0","0","","0107","0","1","0","0","0","0","0","1","0","1","N","","","","","","","","","","","","07","07","","N","N"
"0904","0","0","0","1","0","0","0","0","0","5","0","","36","05","2021","2021045814","2","40.1686","-76.3082","0901","08","0","0","0","0","0","1","0","0","","0","0","0","09","1","1","00","0","40 10:06.949","","07","76 18:29.536","3","0","0","0","36235","1","0","0","N","0","0","0","2","36506","0","","1","01","N","N","0","","1","0","1","0","0","","0900","1","2","0","0","0","0","0","1","0","1","N","","","","","","","","","","","","03","","","N","N"
"1434","1","0","0","0","0","0","0","0","0","4","0","","36","07","2021","2021062247","5","40.0295","-76.3121","1428","08","0","0","0","0","0","1","0","0","","0","0","0","14","1","0","00","0","40 01:46.237","","00","76 18:43.441","9","0","0","0","36301","0","0","0","N","0","0","0","2","36301","0","","1","09","N","N","1","","0","0","0","0","0","","1423","0","2","0","0","0","0","1","3","0","2","N","","","","","","","","","","","","07","","","N","N"
"1642","0","0","0","0","0","0","0","0","0","5","0","","36","03","2021","2021029054","6","40.1739","-76.1721","1637","08","0","0","0","0","0","0","0","0","","0","0","0","16","1","0","00","0","40 10:25.907","","00","76 10:19.441","0","0","0","0","36408","0","0","0","N","0","0","0","1","36408","0","","6","01","N","N","0","","0","0","2","0","0","","1637","0","2","0","0","0","0","0","2","0","2","N","","","","","","","","","","","","03","","","N","N"
"1217","1","0","0","0","0","0","0","0","0","4","0","","36","07","2021","2021063438","3","40.0358","-76.3142","1210","08","0","0","0","0","0","0","1","0","","0","0","0","11","1","1","01","2","40 02:08.740","6","00","76 18:51.097","3","0","0","0","36301","0","0","0","N","0","0","0","2","36301","0","","1","01","N","N","0","","1","0","0","3","3","Y","1154","1","2","0","0","0","0","0","3","1","2","N","","","","","","","","","","","1306","03","","","N",""
"1530","2","0","0","0","0","0","0","0","0","4","0","","36","07","2021","2021065320","5","40.1559","-76.3435","1521","08","0","0","0","0","0","0","1","0","","0","0","0","15","1","1","01","1","40 09:21.314","6","00","76 20:36.634","8","0","0","0","36227","0","0","0","N","0","0","0","4","36506","0","","1","01","N","N","0","","0","0","0","3","3","Y","1521","1","2","0","0","0","1","0","1","0","2","N","","","","","","","","","","","1625","03","03","","N",""
"1712","0","0","0","0","0","0","0","0","0","7","0","","36","07","2021","2021064586","5","40.1118","-75.9782","1648","08","0","0","0","0","0","1","0","0","","0","0","0","16","1","2","00","1","40 06:42.412","4","00","75 58:41.571","3","0","0","0","36203","0","0","0","N","0","0","0","2","68J01","0","","4","01","N","N","0","","2","0","1","0","0","Y","1647","2","1","0","0","0","0","0","1","0","1","N","","","","","","","","","","","1730","03","","","N","N"
"0207","1","0","0","0","0","0","0","0","0","7","0","","36","07","2021","2021064114","2","40.0635","-76.3589","0205","08","0","0","0","0","0","0","0","0","","0","0","0","01","3","0","01","2","40 03:48.686","4","00","76 21:32.100","0","0","0","0","36214","0","0","0","N","0","0","0","1","36214","0","","5","09","N","N","0","","0","0","0","0","0","Y","0158","0","1","0","0","0","0","0","3","0","1","N","","","","","","","","","","","0300","03","03","","N",""
"0517","1","0","0","0","0","0","0","0","0","7","0","","36","03","2021","2021027786","4","40.173","-76.1457","0513","08","0","0","0","0","0","0","0","0","","0","0","0","05","2","1","00","1","40 10:22.825","1","00","76 08:44.529","2","0","0","0","36218","0","0","0","Y","0","0","0","1","36408","0","","2","01","N","N","0","","0","1","0","0","0","N","0512","1","1","0","0","0","0","0","1","0","1","N","","","","","","","","","","","0824","03","","","N","N"
"0728","1","0","0","0","0","0","0","0","0","7","0","","36","07","2021","2021065052","6","39.8976","-76.1776","0708","08","0","0","0","0","0","0","0","0","","0","0","0","06","1","0","00","0","39 53:51.420","","00","76 10:39.180","0","0","0","0","36229","0","0","0","N","0","0","0","1","68J01","0","","4","01","N","N","0","","0","0","0","0","0","","0649","0","1","0","0","0","0","0","1","0","1","N","","","","","","","","","","","","03","","","N","N"
"1450","1","0","0","0","0","0","0","0","0","1","0","","36","07","2021","2021065706","4","40.0765","-76.3375","1447","08","0","0","0","0","0","1","1","0","","0","0","0","14","1","0","00","1","40 04:35.341","2","00","76 20:14.823","0","0","0","0","36101","0","0","0","N","0","0","0","2","36101","0","","1","01","N","N","0","","0","0","1","0","0","N","1443","0","2","0","0","0","0","0","3","0","2","N","","","","","","","","","","","1525","03","03","","N","N"
"1106","0","0","0","0","0","0","0","0","0","4","1","","36","06","2021","2021063612","2","40.2222","-76.2852","1054","08","0","0","0","0","0","0","0","0","","0","1","0","10","1","1","02","0","40 13:20.085","","00","76 17:06.641","3","0","0","0","36217","0","0","0","N","0","0","0","3","68J01","0","","1","01","N","N","0","","1","0","1","0","0","","1052","1","2","0","0","0","0","0","1","0","2","N","","","","","","","","","","","","03","","","N","N"
"0230","0","0","0","0","0","0","0","0","0","7","0","","36","03","2021","2021027443","1","40.0677","-76.0682","0227","08","0","0","0","0","0","0","0","0","","0","0","0","02","2","0","03","0","40 04:03.798","","00","76 04:05.435","0","0","0","0","36209","0","0","0","N","0","0","0","1","36415","0","","4","01","N","N","0","","0","0","1","0","0","","0227","0","1","0","0","1","0","0","1","0","1","N","","","","","","","","","","","","03","03","","N",""
"1640","1","0","0","1","0","1","1","0","0","1","1","","36","05","2021","2021055747","3","40.0394","-76.3073","1631","08","0","0","0","0","0","1","0","0","","0","0","0","16","1","1","00","1","40 02:21.834","4","00","76 18:26.215","2","0","0","0","36301","1","0","1","N","0","0","0","3","36301","0","","1","01","N","N","0","","0","1","0","0","0","N","1620","1","3","0","0","0","0","0","3","0","2","N","","","","","","","","","","","1650","03","03","","N","N"
"1044","0","0","0","0","0","0","0","0","0","4","0","","36","03","2021","2021036909","2","40.1896","-76.18","1041","08","0","0","0","0","0","0","1","1","","0","0","0","10","1","0","00","0","40 11:22.457","","07","76 10:47.869","0","0","0","0","36218","0","0","0","N","0","0","0","2","36408","0","","1","01","N","N","0","","0","0","2","0","0","","1041","0","2","0","0","0","0","0","1","0","2","N","","","","","","","","","","","","03","","","N","N"
"1918","2","0","0","0","0","0","0","0","0","5","0","","36","03","2021","2021049554","7","40.0316","-76.321","1917","08","0","0","0","0","0","0","0","0","","0","0","0","19","3","0","00","0","40 01:53.700","","00","76 19:15.600","0","0","0","0","36301","0","0","0","N","0","0","0","1","36301","0","","6","09","N","N","1","","0","0","0","0","0","","1917","0","3","0","0","0","0","0","3","0","3","N","","","","","","","","","","","","07","07","","N","N"
"1843","0","0","0","0","0","0","0","0","0","4","0","","36","03","2021","2021028882","7","40.0302","-76.2352","1836","08","0","0","0","1","0","0","0","0","","0","0","0","18","3","1","02","0","40 01:48.600","","00","76 14:06.700","3","0","0","0","36215","0","0","0","N","0","0","0","8","36215","0","","1","01","N","N","1","","1","0","1","0","0","","1816","1","2","0","0","0","0","0","1","0","2","N","","","","","","","","","","","","03","03","","N",""
"2118","1","0","0","0","0","0","0","0","0","4","0","","36","03","2021","2021027441","6","40.1117","-76.4517","2110","08","0","0","1","0","0","0","0","0","","0","0","0","21","3","0","01","1","40 06:42.333","4","00","76 27:05.926","0","0","0","0","36230","0","0","0","N","0","0","0","4","36410","0","","1","01","N","N","0","","0","0","1","3","2","N","2109","0","2","0","0","0","0","0","1","0","2","N","","","","","","","","","","","2200","03","03","","N",""
"1649","0","0","0","0","0","0","0","0","0","1","0","","36","03","2021","2021029746","3","40.0532","-76.3857","1640","08","0","0","0","0","0","0","0","0","","0","0","0","16","1","1","00","2","40 03:11.356","4","00","76 23:08.520","3","0","0","0","36214","0","0","0","N","0","0","0","3","36214","0","","1","01","N","N","1","","1","0","2","0","0","Y","1639","1","3","0","0","0","0","0","3","0","3","N","","","","","","","","","","","1720","03","","","Y","N"
"1657","1","0","0","0","0","0","0","0","0","1","0","","36","03","2021","2021026148","5","40.1528","-76.207","1649","08","0","0","0","2","0","0","0","0","","0","0","0","16","1","0","00","0","40 09:10.168","","00","76 12:25.265","0","0","0","0","36218","0","0","0","N","0","0","0","2","36238","0","","1","09","N","N","0","","0","0","1","0","0","","1649","0","2","0","0","0","0","0","1","0","2","N","","","","","","","","","","","","07","","","N","N"
"2104","1","0","0","0","0","0","0","0","0","7","0","","36","07","2021","2021065449","1","40.0607","-76.0309","2052","08","0","0","1","0","0","0","0","0","","0","0","0","20","2","1","00","2","40 03:38.680","5","00","76 01:51.220","3","0","0","0","36232","0","0","0","N","0","0","0","1","68J01","0","","5","01","N","N","0","","1","0","0","0","0","Y","2046","1","1","0","0","0","0","0","1","0","1","N","","","","","","","","","","","2135","03","","","N","N"
"1743","2","0","0","0","0","0","0","0","0","4","0","","36","03","2021","2021025486","4","40.1019","-76.5609","1731","08","0","0","0","0","0","0","0","1","","0","0","0","17","1","0","03","0","40 06:06.974","","00","76 33:39.260","0","0","0","0","36211","0","0","0","N","0","0","0","3","36504","0","","1","01","N","N","0","","0","0","0","3","3","","1731","0","2","0","0","0","0","0","1","0","2","N","","","","","","","","","","","","03","","","N",""
"2310","3","0","0","0","0","0","0","0","0","2","0","","36","03","2021","2021028881","5","40.0842","-76.335","2306","08","0","0","0","0","0","0","0","0","","0","0","0","23","2","0","00","0","40 05:03.020","","00","76 20:06.100","0","0","0","0","36101","0","0","0","N","0","0","0","1","36101","0","","1","09","N","N","0","","0","0","0","0","0","","2304","0","3","0","0","0","0","0","3","0","3","N","","","","","","","","","","","","04","04","","N","N"
"1327","1","0","0","0","0","0","0","0","0","4","0","","36","07","2021","2021068497","6","40.0451","-76.2882","1325","08","0","0","0","0","0","0","0","0","","0","0","0","13","1","1","00","2","40 02:42.194","1","00","76 17:17.573","8","0","0","0","36301","0","0","0","N","0","0","0","1","36301","0","","1","01","N","N","1","","0","0","0","0","0","Y","1322","1","2","0","0","0","1","0","3","0","2","N","","","","","","","","","","","1420","03","03","","N","N"
"0531","1","0","0","0","0","0","0","0","0","7","0","","36","06","2021","2021059890","5","40.1723","-75.9348","0503","08","0","0","0","0","0","0","1","0","","0","0","0","05","5","1","00","0","40 10:20.440","","00","75 56:05.110","3","0","0","0","36203","0","0","0","N","0","0","0","1","68J01","0","","4","01","N","N","0","","1","0","0","0","0","","0501","1","1","0","0","1","0","0","1","0","1","N","","","","","","","","","","","","03","03","","N","N"
"1612","1","0","0","0","0","0","0","0","0","1","0","","36","03","2021","2021025227","3","40.0551","-76.3538","1610","08","0","0","0","0","0","0","0","1","","0","0","0","16","1","0","00","1","40 03:18.380","2","00","76 21:13.790","9","0","0","0","36214","0","0","0","N","0","0","0","3","36214","0","","1","09","N","N","0","","0","0","0","0","0","N","1600","0","2","0","0","0","0","1","3","1","2","N","","","","","","","","","","","0030","04","07","","N","N"
"1548","1","0","0","0","0","0","0","0","0","1","0","","36","03","2021","2021024785","1","40.2404","-76.2981","1521","08","0","1","0","0","0","0","0","1","","0","0","0","15","1","0","00","1","40 14:25.368","1","00","76 17:53.154","0","0","0","0","36217","0","0","0","N","0","0","0","3","68J01","0","","1","01","N","N","0","","0","0","1","0","0","N","1509","0","2","0","0","0","0","0","1","0","2","N","","","","","","","","","","","1630","03","","","N","N"
"0930","0","0","0","0","0","0","0","0","0","6","1","","36","06","2021","2021063606","5","39.9646","-76.0008","0917","08","0","0","0","0","0","1","0","0","","0","1","0","09","1","1","00","0","39 57:52.533","","00","76 00:02.700","3","0","0","0","36231","0","0","0","N","0","0","0","2","68J01","0","","1","01","N","N","0","","1","0","0","0","0","","0915","1","2","0","0","0","0","0","1","1","2","N","","","","","","","","","","","","03","","","N","N"
"1305","1","0","0","0","0","0","0","0","0","4","0","","36","07","2021","2021065316","4","40.088","-76.329","1305","08","0","0","0","0","0","0","0","1","","0","0","0","13","1","1","01","1","40 05:16.970","2","00","76 19:44.246","3","0","0","0","36101","0","0","0","N","0","0","0","3","36101","0","","1","01","N","N","0","","1","0","1","3","2","Y","1303","1","2","0","0","0","0","0","3","0","2","N","","","","","","","","","","","1345","03","03","","N",""
"2229","0","0","0","0","0","0","0","0","0","7","0","","36","07","2021","2021065014","1","39.9212","-76.2774","2223","08","0","1","0","0","0","0","0","0","","0","0","0","22","2","1","01","0","39 55:16.300","","00","76 16:38.567","3","0","0","0","36229","0","0","0","Y","0","0","0","1","68J01","0","","5","01","N","N","1","","1","0","0","3","3","","2217","1","1","0","0","0","0","0","1","0","1","N","","","","","","","","","","","","03","03","","N","N"
"0657","0","0","0","0","0","0","0","0","0","5","0","","36","07","2021","2021068739","6","39.9915","-76.017","0643","08","0","0","0","0","0","1","0","0","","0","1","0","06","1","1","00","0","39 59:29.818","","07","76 01:03.602","4","0","0","0","36232","0","0","0","N","0","0","0","2","68J01","1","","1","01","N","N","0","","0","0","1","0","0","","0625","1","2","0","0","0","0","0","1","0","2","N","","","","","","","","","","","","03","","","N","N"
"1456","0","0","0","0","0","0","0","0","0","7","0","","36","03","2021","2021027917","7","40.1176","-76.2304","1450","08","0","0","0","0","1","0","0","0","","0","0","0","14","1","1","00","1","40 07:03.377","5","00","76 13:49.299","4","0","0","0","36238","0","0","0","Y","0","0","0","3","36238","1","","3","01","N","N","1","","0","0","0","0","0","N","1450","1","1","0","0","0","0","0","3","0","1","N","","","","","","","","","","","1534","03","","","N","Y"
"1404","1","0","0","0","0","0","0","0","0","7","0","","36","07","2021","2021065030","4","39.9225","-76.2487","1402","08","0","0","0","0","0","0","0","0","","0","0","0","13","1","2","00","0","39 55:21.173","","00","76 14:55.388","3","0","0","0","36229","0","0","0","N","0","0","0","2","68J01","0","","5","01","N","N","0","","2","0","0","0","0","","1356","2","1","0","0","0","0","0","1","0","1","N","","","","","","","","","","","","03","","","N","N"
"2146","1","0","0","0","0","0","0","0","0","7","0","","36","07","2021","2021065865","5","40.061","-76.3577","2141","08","0","0","0","0","0","0","0","0","","0","0","0","21","3","1","00","2","40 03:39.569","4","00","76 21:26.655","3","0","0","0","36214","0","0","0","N","0","0","0","1","36214","0","","5","01","N","N","0","","1","0","0","0","0","Y","2140","1","1","0","0","1","0","0","3","0","1","N","","","","","","","","","","","2218","03","03","","N","N"
"1415","1","0","0","0","0","0","0","0","0","5","0","","36","03","2021","2021025383","7","40.0436","-76.3135","1415","08","0","0","0","0","0","1","0","0","","0","0","0","14","1","0","00","0","40 02:37.130","","00","76 18:48.690","0","0","0","0","36301","0","0","0","N","0","0","0","2","36301","0","","1","01","N","N","0","","0","0","2","0","0","","1415","0","3","0","0","0","0","0","3","0","3","N","","","","","","","","","","","","03","98","","N","N"
"1817","2","0","0","0","0","0","0","0","0","1","0","","36","03","2021","2021027452","2","40.2084","-76.2241","1809","08","0","0","0","0","1","0","0","0","","0","0","0","18","1","2","00","2","40 12:30.262","6","00","76 13:26.821","8","0","0","0","36204","0","0","0","N","0","0","0","7","36506","0","","1","01","N","N","0","","0","0","2","0","0","Y","1809","2","4","0","0","0","2","2","1","0","4","N","","","","","","","","","","","1913","03","","","Y","N"