"ARRIVAL_TM","AUTOMOBILE_COUNT","BELTED_DEATH_COUNT","BELTED_SUSP_SERIOUS_INJ_COUNT","BICYCLE_COUNT","BICYCLE_DEATH_COUNT","BICYCLE_SUSP_SERIOUS_INJ_COUNT","BUS_COUNT","CHLDPAS_DEATH_COUNT","CHLDPAS_SUSP_SERIOUS_INJ_COUNT","COLLISION_TYPE","COMM_VEH_COUNT","CONS_ZONE_SPD_LIM","COUNTY","CRASH_MONTH","CRASH_YEAR","CRN","DAY_OF_WEEK","DEC_LAT","DEC_LONG","DISPATCH_TM","DISTRICT","DRIVER_COUNT_16YR","DRIVER_COUNT_17YR","DRIVER_COUNT_18YR","DRIVER_COUNT_19YR","DRIVER_COUNT_20YR","DRIVER_COUNT_50_64YR","DRIVER_COUNT_65_74YR","DRIVER_COUNT_75PLUS","EST_HRS_CLOSED","FATAL_COUNT","HEAVY_TRUCK_COUNT","HORSE_BUGGY_COUNT","HOUR_OF_DAY","ILLUMINATION","INJURY_COUNT","INTERSECT_TYPE","LANE_CLOSED","LATITUDE","LN_CLOSE_DIR","LOCATION_TYPE","LONGITUDE","MAX_SEVERITY_LEVEL","MCYCLE_DEATH_COUNT","MCYCLE_SUSP_SERIOUS_INJ_COUNT","MOTORCYCLE_COUNT","MUNICIPALITY","NONMOTR_COUNT","NONMOTR_DEATH_COUNT","NONMOTR_SUSP_SERIOUS_INJ_COUNT","NTFY_HIWY_MAINT","PED_COUNT","PED_DEATH_COUNT","PED_SUSP_SERIOUS_INJ_COUNT","PERSON_COUNT","POLICE_AGCY","POSSIBLE_INJ_COUNT","RDWY_SURF_TYPE_CD","RELATION_TO_ROAD","ROAD_CONDITION","SCH_BUS_IND","SCH_ZONE_IND","SMALL_TRUCK_COUNT","SPEC_JURIS_CD","SUSP_MINOR_INJ_COUNT","SUSP_SERIOUS_INJ_COUNT","SUV_COUNT","TCD_FUNC_CD","TCD_TYPE","TFC_DETOUR_IND","TIME_OF_DAY","TOT_INJ_COUNT","TOTAL_UNITS","UNB_DEATH_COUNT","UNB_SUSP_SERIOUS_INJ_COUNT","UNBELTED_OCC_COUNT","UNK_INJ_DEG_COUNT","UNK_INJ_PER_COUNT","URBAN_RURAL","VAN_COUNT","VEHICLE_COUNT","WORK_ZONE_IND","WORK_ZONE_LOC","WORK_ZONE_TYPE","WORKERS_PRES","WZ_CLOSE_DETOUR","WZ_FLAGGER","WZ_LAW_OFFCR_IND","WZ_LN_CLOSURE","WZ_MOVING","WZ_OTHER","WZ_SHLDER_MDN","ROADWAY_CLEARED","WEATHER1","WEATHER2","WZ_WORKERS_INJ_KILLED","SECONDARY_CRASH","INTERSECTION_RELATED"
"0742","0","0","0","0","0","0","0","0","0","7","0","","36","07","2021","2021069979","7","40.1946","-76.2206","0734","08","0","0","0","0","0","0","0","0","","0","0","0","07","1","0","00","2","40 11:40.540","5","00","76 13:14.150","0","0","0","0","36204","0","0","0","N","0","0","0","1","36506","0","","4","01","N","N","0","","0","0","1","0","0","Y","0731","0","1","0","0","0","0","0","1","0","1","N","","","","","","","","","","","0820","03","","","N","N"
"0847","0","0","0","0","0","0","0","0","0","1","2","","36","06","2021","2021060621","2","40.1571","-76.1343","0834","08","0","0","0","0","0","1","0","0","","0","2","0","08","1","1","00","1","40 09:25.417","6","07","76 08:03.390","3","0","0","0","36209","0","0","0","N","0","0","0","3","36415","0","","1","01","N","N","0","","1","0","0","0","0","N","0834","1","3","0","0","0","0","0","1","1","3","N","","","","","","","","","","","0915","03","03","","N","N"
"1735","0","0","0","0","0","0","0","0","0","7","0","","36","05","2021","2021059167","7","39.8536","-76.0734","1731","08","0","0","0","0","0","0","0","0","","0","0","0","17","1","0","00","0","39 51:13.123","","00","76 04:24.144","0","0","0","0","36205","0","0","0","N","0","0","0","1","68J01","0","","2","01","N","N","0","","0","0","1","0","0","","1724","0","1","0","0","0","0","0","1","0","1","N","","","","","","","","","","","","03","03","","N","N"
"1957","0","0","0","0","0","0","0","0","0","2","0","","36","07","2021","2021061962","5","40.2378","-76.1699","1950","08","1","0","0","0","0","0","0","0","","0","0","0","19","1","0","00","1","40 14:16.048","3","03","76 10:11.818","0","0","0","0","36236","0","0","0","N","0","0","0","3","36408","0","","1","09","N","N","2","","0","0","0","3","4","N","1948","0","2","0","0","0","0","0","1","0","2","N","","","","","","","","","","","2040","07","07","","N","N"
"1445","1","0","0","0","0","0","0","0","0","1","0","","36","03","2021","2021028314","1","40.0518","-76.5169","1440","08","0","0","0","0","0","1","0","0","","0","0","0","14","1","0","00","0","40 03:06.606","","00","76 31:00.870","0","0","0","0","36239","0","0","0","N","0","0","0","3","36239","0","","1","01","N","N","0","","0","0","1","0","0","","1440","0","2","0","0","0","0","0","3","0","2","N","","","","","","","","","","","","03","03","","N","N"
"1831","0","0","0","0","0","0","0","0","0","7","0","","36","03","2021","2021028880","7","40.1001","-76.3047","1828","08","0","0","1","0","0","0","0","0","","0","0","0","18","1","0","01","2","40 06:00.233","7","00","76 18:17.066","0","0","0","0","36101","0","0","0","N","0","0","0","2","36101","0","","4","01","N","N","0","","0","0","1","3","3","Y","1826","0","2","0","0","0","0","0","3","0","1","N","","","","","","","","","","","1953","03","03","","N",""
"0905","0","0","0","0","0","0","0","0","0","4","0","","36","03","2021","2021029051","6","40.1974","-76.2023","0905","08","0","0","0","0","0","0","0","1","","0","0","0","09","1","0","01","0","40 11:50.629","","00","76 12:08.108","0","0","0","0","36408","0","0","0","N","0","0","0","2","36408","0","","1","01","N","N","0","","0","0","2","3","3","","0905","0","2","0","0","0","0","0","2","0","2","N","","","","","","","","","","","","03","","","N","N"
"1112","0","0","0","0","0","0","0","0","0","4","0","","36","03","2021","2021026634","1","40.1233","-76.3753","1111","08","0","0","0","0","0","1","0","0","","0","0","0","11","1","4","01","1","40 07:23.702","1","00","76 22:31.147","4","0","0","0","36214","0","0","0","N","0","0","0","5","36214","4","","1","01","N","N","1","","0","0","1","3","3","Y","1110","4","2","0","0","0","0","0","3","0","2","N","","","","","","","","","","","1210","03","03","","N",""
"0035","1","0","0","0","0","0","0","0","0","7","0","","36","07","2021","2021065480","4","39.8824","-76.2484","0016","08","0","0","0","0","0","0","0","0","","0","0","0","00","2","0","00","0","39 52:56.771","","00","76 14:54.342","0","0","0","0","36229","0","0","0","N","0","0","0","1","68J01","0","","4","01","N","N","0","","0","0","0","0","0","","0015","0","1","0","0","0","0","0","1","0","1","N","","","","","","","","","","","","03","","","N","N"
"1456","1","0","0","0","0","0","0","0","0","6","0","","36","07","2021","2021069447","4","40.0312","-76.3593","1452","08","0","0","0","0","0","1","0","0","","0","0","0","14","1","0","02","0","40 01:52.219","","00","76 21:33.336","0","0","0","0","36223","0","0","0","N","0","0","0","2","36223","0","","1","01","N","N","0","","0","0","1","0","0","","1449","0","2","0","0","0","0","0","1","0","2","N","","","","","","","","","","","","04","","","N",""
"1214","1","0","0","0","0","0","0","0","0","4","0","","36","03","2021","2021024407","1","40.0378","-76.3637","1211","08","0","0","0","0","1","1","0","0","","0","0","0","11","1","0","01","0","40 02:16.155","","00","76 21:49.258","0","0","0","0","36223","0","0","0","N","0","0","0","4","36223","0","","1","01","N","N","1","","0","0","1","3","3","","1158","0","3","0","0","0","0","0","1","0","3","N","","","","","","","","","","","","03","","","N",""
"1148","1","0","0","0","0","0","0","0","0","4","0","","36","03","2021","2021027436","1","40.052","-76.3095","1142","08","0","0","0","0","0","0","0","0","","0","0","0","11","1","0","02","2","40 03:07.317","4","00","76 18:34.122","0","0","0","0","36301","0","0","0","N","0","0","0","2","36301","0","","1","01","N","N","0","","0","0","1","3","3","N","1140","0","2","0","0","0","0","0","3","0","2","N","","","","","","","","","","","1220","03","","","N",""
"0022","0","0","0","0","0","0","0","0","0","5","0","","36","03","2021","2021031556","1","40.0375","-76.3002","0017","08","0","0","0","0","0","0","0","0","","0","0","0","00","3","0","00","0","40 02:15.056","","00","76 18:00.877","0","0","0","0","36301","0","0","0","N","0","0","0","1","36301","0","","6","01","N","N","1","","0","0","2","0","0","","0010","0","3","0","0","0","0","0","3","0","3","N","","","","","","","","","","","","03","03","","N","N"
"1739","2","0","0","0","0","0","0","0","0","4","0","","36","06","2021","2021059035","2","40.0424","-76.2938","1739","08","0","0","0","0","0","0","0","0","","0","0","0","17","1","0","01","1","40 02:32.780","3","00","76 17:37.618","0","0","0","0","36301","0","0","0","N","0","0","0","2","36301","0","","1","01","N","N","0","","0","0","0","3","3","N","1702","0","2","0","0","0","0","0","3","0","2","N","","","","","","","","","","","1818","03","03","","N",""
"1306","2","0","0","0","0","0","0","0","0","7","0","","36","06","2021","2021061356","4","40.0851","-76.2877","1259","08","0","0","0","0","0","1","1","0","","0","0","0","12","1","0","02","1","40 05:06.426","1","00","76 17:15.618","0","0","0","0","36101","0","0","0","N","0","0","0","2","36101","0","","2","01","N","N","0","","0","0","0","0","0","Y","1256","0","2","0","0","0","0","0","3","0","2","N","","","","","","","","","","","1347","03","03","","N",""
"2228","0","0","0","0","0","0","0","0","0","8","0","","36","06","2021","2021061167","7","40.0329","-76.3082","2225","08","0","0","0","0","0","0","0","0","","0","0","0","22","2","1","02","2","40 01:58.267","6","00","76 18:29.552","3","0","0","0","36301","1","0","0","N","1","0","0","2","36301","0","","1","01","N","N","0","","1","0","1","0","0","Y","2223","1","2","0","0","0","0","0","3","0","1","N","","","","","","","","","","","2251","03","","","N",""
"2302","1","0","0","0","0","0","0","0","0","4","0","","36","03","2021","2021043509","7","40.0332","-76.3208","2259","08","0","0","1","0","0","0","0","0","","0","0","0","22","3","0","01","0","40 01:59.379","","00","76 19:14.750","0","0","0","0","36301","0","0","0","N","0","0","0","3","36301","0","","1","01","N","N","0","","0","0","1","0","0","","2258","0","2","0","0","0","0","0","3","0","2","N","","","","","","","","","","","","03","03","","N",""
"1705","4","0","0","0","0","0","0","0","0","5","0","","36","03","2021","2021027959","3","40.0615","-76.3133","1656","08","0","0","0","0","0","0","0","0","","0","0","0","16","1","0","02","2","40 03:41.248","1","00","76 18:48.152","0","0","0","0","36101","0","0","0","N","0","0","0","5","36301","0","","1","01","N","N","0","","0","0","0","0","0","N","1653","0","4","0","0","0","0","0","3","0","4","N","","","","","","","","","","","1740","03","03","","Y",""
"1516","0","0","0","0","0","0","0","0","0","0","0","","36","03","2021","2021026631","7","40.0388","-76.3303","1513","08","0","0","0","0","0","0","0","0","","0","0","0","15","1","1","02","2","40 02:19.591","1","00","76 19:49.247","3","0","0","1","36220","0","0","0","N","0","0","0","1","36101","0","","1","01","N","N","0","","1","0","0","3","2","Y","1510","1","1","0","0","0","0","0","3","0","1","N","","","","","","","","","","","1530","03","","","N",""
"1428","0","0","0","1","0","0","0","0","0","5","0","","36","03","2021","2021029449","5","40.0953","-76.4103","1426","08","0","0","0","0","0","0","1","0","","0","0","0","14","1","1","01","0","40 05:43.016","","00","76 24:37.175","4","0","0","0","36214","1","0","0","N","0","0","0","2","36214","1","","1","01","N","N","0","","0","0","1","0","0","","1425","1","2","0","0","0","0","0","3","0","1","N","","","","","","","","","","","","04","","","N",""
"1745","1","0","0","0","0","0","0","0","0","2","0","","36","07","2021","2021065456","2","40.0032","-76.1853","1731","08","0","0","0","0","0","0","1","0","","0","0","0","17","1","1","00","2","40 00:11.519","5","07","76 11:07.139","8","0","0","0","36233","0","0","0","N","0","0","0","2","68J01","0","","1","09","N","N","0","","0","0","1","0","0","N","1730","1","2","0","0","0","1","0","1","0","2","N","","","","","","","","","","","1837","07","","","N","N"
"1405","0","0","0","0","0","0","0","0","0","7","0","","36","07","2021","2021065863","4","40.0703","-76.3013","1404","08","0","0","0","0","0","0","0","0","","0","0","0","14","1","1","01","1","40 04:12.969","7","00","76 18:04.751","4","0","0","0","36101","0","0","0","Y","0","0","0","1","36101","1","","2","01","N","N","0","","0","0","1","3","2","Y","1402","1","1","0","0","0","0","0","3","0","1","N","","","","","","","","","","","1554","04","04","","N",""
"0103","2","0","0","0","0","0","0","0","0","5","0","","36","03","2021","2021034047","2","40.0384","-76.3012","0103","08","0","0","0","0","0","0","0","0","","0","0","0","00","3","0","00","2","40 02:18.399","3","00","76 18:04.385","0","0","0","0","36301","0","0","0","N","0","0","0","1","36301","0","","6","01","N","N","0","","0","0","1","0","0","Y","0057","0","3","0","0","0","0","0","3","0","3","N","","","","","","","","","","","0208","03","03","","Y","N"
"1913","2","0","0","0","0","0","0","0","0","4","0","","36","03","2021","2021028148","6","40.1764","-76.1842","1910","08","1","0","0","0","0","1","0","0","","0","0","0","19","1","1","01","1","40 10:34.924","1","00","76 11:03.184","8","0","0","0","36408","0","0","0","N","0","0","0","3","36408","0","","1","01","N","N","0","","0","0","0","3","3","N","1908","1","2","0","0","0","1","0","2","0","2","N","","","","","","","","","","","2001","03","","","N",""
"1734","1","0","0","0","0","0","0","0","0","4","0","","36","07","2021","2021064587","5","40.001","-76.1037","1717","08","0","0","0","0","0","0","0","0","","0","0","0","17","1","1","00","1","40 00:03.491","2","00","76 06:13.155","3","0","0","0","36226","0","0","0","N","0","0","0","2","68J01","0","","1","01","N","N","0","","1","0","0","0","0","N","1716","1","2","0","0","0","0","0","1","1","2","N","","","","","","","","","","","1751","03","","","N","N"
"0915","0","0","0","0","0","0","0","0","0","1","0","","36","07","2021","2021065028","4","39.8726","-76.2286","0851","08","0","0","0","0","0","2","0","0","","0","0","0","08","1","0","01","0","39 52:21.285","","00","76 13:43.327","0","0","0","0","36208","0","0","0","N","0","0","0","3","68J01","0","","1","01","N","N","1","","0","0","2","3","2","","0834","0","3","0","0","0","0","0","1","0","3","N","","","","","","","","","","","","03","03","","N","N"
"1240","0","0","0","0","0","0","0","0","0","4","0","","36","06","2021","2021051752","7","40.0136","-76.3292","1237","08","0","0","0","0","0","1","1","0","","1","0","0","12","1","0","02","2","40 00:49.103","6","00","76 19:45.115","1","1","0","1","36220","0","0","0","N","0","0","0","4","36101","0","2","1","01","N","N","0","0","0","0","2","3","3","Y","1235","0","3","0","0","0","0","0","3","0","3","N","","","","","","","","","","","1400","03","","","Y","N"
"1322","2","0","0","0","0","0","0","0","0","4","0","","36","04","2021","2021053965","5","40.0676","-76.2078","1313","08","0","0","0","0","0","0","0","0","","0","0","0","13","1","0","00","0","40 04:03.280","","07","76 12:27.908","0","0","0","0","36234","0","0","0","N","0","0","0","2","36215","0","","1","09","N","N","0","","0","0","0","0","0","","1312","0","2","0","0","0","0","0","1","0","2","N","","","","","","","","","","","","07","03","","N","N"
"1448","0","0","0","0","0","0","0","0","0","0","0","","36","07","2021","2021069243","3","40.0962","-76.3967","1443","08","0","0","0","0","0","0","1","0","","0","1","0","14","1","1","00","0","40 05:46.210","","00","76 23:48.200","3","0","0","0","36214","0","0","0","N","0","0","0","5","36214","0","","1","01","N","N","0","","1","0","1","0","0","","1435","1","2","0","0","0","0","0","3","0","2","N","","","","","","","","","","","","03","03","","N","N"
"1008","2","0","0","0","0","0","0","0","0","2","0","","36","03","2021","2021024605","2","40.0593","-76.3599","1003","08","0","0","0","0","0","0","0","0","","0","0","0","10","1","1","01","0","40 03:33.488","","00","76 21:35.562","4","0","0","0","36214","0","0","0","N","0","0","0","4","36214","1","","1","01","N","N","0","","0","0","1","3","2","","1001","1","3","0","0","1","0","0","3","0","3","N","","","","","","","","","","","","03","03","","N",""
"0941","1","0","0","0","0","0","0","0","0","4","0","","36","03","2021","2021027434","7","40.0883","-76.2776","0934","08","0","0","0","0","0","2","0","0","","0","0","0","09","1","2","01","2","40 05:17.944","7","00","76 16:39.223","4","0","0","0","36101","0","0","0","N","0","0","0","2","36101","2","","1","01","N","N","0","","0","0","1","3","3","Y","0934","2","2","0","0","1","0","0","3","0","2","N","","","","","","","","","","","1025","03","03","","N",""
"2333","0","0","0","0","0","0","0","0","0","0","0","","36","07","2021","2021064600","1","39.922","-76.2786","2333","08","0","0","0","0","0","0","0","0","","0","0","0","23","2","0","03","2","39 55:19.041","3","00","76 16:42.847","0","0","0","0","36229","0","0","0","N","0","0","0","1","68J01","0","","1","01","N","N","0","","0","0","1","0","0","N","2333","0","1","0","0","0","0","0","1","0","1","N","","","","","","","","","","","2355","03","","","N","N"
"0738","0","0","0","0","0","0","0","0","0","7","0","","36","03","2021","2021028625","7","39.878","-76.1563","0716","08","0","1","0","0","0","0","0","0","","0","0","0","07","5","0","00","0","39 52:40.807","","00","76 09:22.767","0","0","0","0","36212","0","0","0","N","0","0","0","1","68J01","0","","4","01","N","N","1","","0","0","0","0","0","","0708","0","1","0","0","0","0","0","1","0","1","N","","","","","","","","","","","","03","","","N","N"
"2336","3","0","0","0","0","0","0","0","0","1","0","","36","03","2021","2021028062","7","40.0491","-76.2533","2332","08","0","0","1","1","0","0","0","0","","0","0","0","23","3","3","00","2","40 02:56.602","4","00","76 15:12.005","3","0","0","0","36215","0","0","0","N","0","0","0","6","36215","1","","1","01","N","N","1","","1","0","0","0","0","Y","2330","3","4","0","0","0","1","0","1","0","4","N","","","","","","","","","","","2339","03","","","N","N"
"1313","2","0","0","0","0","0","0","0","0","4","2","","36","07","2021","2021069481","4","40.1814","-75.9917","1247","08","0","0","1","0","0","2","2","0","","0","2","0","12","1","8","00","2","40 10:19.083","4","00","75 58:43.692","3","0","0","0","36202","0","0","0","N","0","0","0","16","68T06","0","","1","01","N","N","1","","8","0","4","0","0","Y","1247","8","9","0","0","0","0","0","1","0","9","N","","","","","","","","","","","1723","03","","","Y","N"
"1724","2","0","0","0","0","0","0","0","0","1","0","","36","05","2021","2021046459","6","40.0679","-76.3024","1724","08","0","0","0","0","0","1","0","0","","0","0","0","17","1","1","00","0","40 04:04.450","","00","76 18:08.640","8","0","0","0","36101","0","0","0","N","0","0","0","2","36101","0","","1","01","N","N","0","","0","0","0","0","0","","1719","1","2","0","0","0","1","0","3","0","2","N","","","","","","","","","","","","03","","","N","N"
"1414","1","0","0","0","0","0","0","0","0","1","0","","36","03","2021","2021029094","6","40.2086","-76.4201","1403","08","0","0","0","0","0","1","0","0","","0","0","0","14","1","1","00","1","40 12:31.020","1","00","76 25:12.223","3","0","0","0","36227","0","0","0","N","0","0","0","3","36506","0","","1","01","N","N","2","","1","0","0","0","0","N","1403","1","3","0","0","0","0","0","1","0","3","N","","","","","","","","","","","0100","03","","","N","N"
"0504","0","0","0","0","0","0","0","0","0","1","0","","36","07","2021","2021065319","4","40.0224","-76.3616","0459","08","0","0","0","0","0","0","0","0","","0","0","0","04","3","0","01","0","40 01:20.679","","00","76 21:41.606","0","0","0","0","36223","0","0","0","N","0","0","0","1","36223","0","","1","01","N","N","0","","0","0","1","3","2","","0457","0","2","0","0","0","0","0","1","0","2","N","","","","","","","","","","","","03","","","N",""
"1640","1","0","0","0","0","0","0","0","0","1","0","","36","03","2021","2021027444","3","40.1671","-76.6068","1633","08","0","0","0","0","0","2","0","0","","0","0","0","16","1","0","00","0","40 10:01.730","","00","76 36:24.305","0","0","0","0","36225","0","0","0","N","0","0","0","3","36505","0","","1","01","N","N","0","","0","0","2","0","0","","1633","0","3","0","0","0","0","0","2","0","3","N","","","","","","","","","","","","03","03","","N","N"
"0833","1","0","0","0","0","0","0","0","0","1","0","","36","03","2021","2021026613","1","40.2061","-76.149","0825","08","0","0","0","0","0","1","0","0","","0","0","0","08","1","0","01","1","40 12:22.032","1","00","76 08:56.392","0","0","0","0","36210","0","0","0","N","0","0","0","2","36210","0","","1","01","N","N","0","","0","0","1","3","2","N","0825","0","2","0","0","0","0","0","1","0","2","N","","","","","","","","","","","0915","03","","","N",""
"1407","1","0","0","0","0","0","0","0","0","7","0","","36","07","2021","2021065835","1","40.1232","-76.1741","1406","08","0","0","0","0","0","0","0","0","","0","0","0","14","1","0","00","0","40 07:23.560","","00","76 10:26.637","0","0","0","0","36238","0","0","0","N","0","0","0","2","36238","0","","4","01","N","N","0","","0","0","0","0","0","","1406","0","1","0","0","0","0","0","3","0","1","N","","","","","","","","","","","","03","","","N","N"
"2138","1","1","0","0","0","0","0","0","0","7","0","","36","06","2021","2021065736","1","39.8782","-76.014","2129","08","0","0","0","0","0","0","0","0","","1","0","0","21","2","0","00","2","39 52:41.350","5","00","76 00:50.439","1","0","0","0","36205","0","0","0","N","0","0","0","1","68J01","0","2","4","01","N","N","0","0","0","0","0","0","0","Y","2111","0","1","0","0","0","0","0","1","0","1","N","","","","","","","","","","","2343","03","03","","N","N"
"1538","1","0","0","0","0","0","0","0","0","7","0","","36","07","2021","2021066139","4","39.8718","-76.2257","1538","08","0","0","1","0","0","0","0","0","","0","0","0","15","1","0","00","0","39 52:18.510","","00","76 13:32.645","0","0","0","0","36212","0","0","0","N","0","0","0","1","68J01","0","","5","01","N","N","0","","0","0","0","0","0","","1533","0","1","0","0","0","0","0","1","0","1","N","","","","","","","","","","","","03","","","N","N"
"2221","1","0","0","0","0","0","0","0","0","98","0","","36","07","2021","2021064717","2","40.103","-76.422","2209","08","0","0","0","0","0","0","0","0","","0","0","0","22","2","0","00","0","40 06:10.756","","00","76 25:19.248","0","0","0","0","36214","0","0","0","N","0","0","0","1","36214","0","","1","01","N","N","0","","0","0","0","0","0","","2200","0","1","0","0","0","0","0","3","0","1","N","","","","","","","","","","","","04","","","N","N"
"0125","0","0","0","0","0","0","0","0","0","7","0","","36","06","2021","2021051774","1","40.2832","-76.1873","0115","08","0","0","0","0","0","0","0","0","","1","0","0","01","2","0","03","2","40 16:59.504","6","00","76 11:14.388","1","0","0","0","36236","0","0","0","N","0","0","0","1","36408","0","2","4","01","N","N","1","0","0","0","0","0","0","Y","0115","0","1","1","0","1","0","0","1","0","1","N","","","","","","","","","","","0500","03","03","","N","N"
"2249","1","0","0","0","0","0","0","0","0","7","0","","36","07","2021","2021064715","7","40.009","-76.3033","2244","08","0","0","0","0","0","0","0","0","","0","0","0","22","2","0","00","1","40 00:32.282","2","00","76 18:12.010","0","0","0","0","36220","0","0","0","N","0","0","0","1","36101","0","","4","01","N","N","0","","0","0","0","0","0","N","2218","0","1","0","0","0","0","0","3","0","1","N","","","","","","","","","","","0030","03","03","","N","N"
"0052","4","0","0","0","0","0","0","0","0","4","0","","36","07","2021","2021068113","3","40.0488","-76.3077","0052","08","0","0","0","1","0","0","0","0","","0","0","0","00","3","0","01","1","40 02:55.795","1","00","76 18:27.890","0","0","0","0","36301","0","0","0","N","0","0","0","2","36301","0","","1","01","N","N","0","","0","0","0","3","3","N","0048","0","4","0","0","0","0","0","3","0","4","N","","","","","","","","","","","0157","03","03","","N","N"
"0149","1","0","0","0","0","0","0","0","0","7","0","","36","07","2021","2021065864","6","40.0672","-76.2914","0145","08","0","0","0","0","0","0","0","0","","0","0","0","01","3","0","00","0","40 04:01.997","","02","76 17:28.992","0","0","0","0","36101","0","0","0","N","0","0","0","1","36101","0","","5","01","N","N","0","","0","0","0","0","0","","0143","0","1","0","0","0","0","0","3","0","1","N","","","","","","","","","","","","03","","","N","N"
"1022","0","0","0","0","0","0","0","0","0","4","0","","36","03","2021","2021025954","5","39.9751","-76.2473","1018","08","0","0","0","0","0","0","0","0","","0","0","0","10","1","0","01","0","39 58:30.378","","00","76 14:50.447","0","0","0","0","36240","0","0","0","N","0","0","0","2","36240","0","","1","09","N","N","0","","0","0","2","3","2","","1016","0","2","0","0","0","0","0","1","0","2","N","","","","","","","","","","","","07","07","","N","N"
"1441","1","0","0","0","0","0","0","0","0","1","0","","36","03","2021","2021027687","7","40.039","-76.2801","1433","08","0","0","0","0","0","0","0","1","","0","0","0","14","1","0","00","1","40 02:20.257","3","00","76 16:48.398","0","0","0","0","36220","0","0","0","N","0","0","0","3","36101","0","","1","01","N","N","1","","0","0","0","0","0","N","1431","0","2","0","0","0","0","0","3","0","2","N","","","","","","","","","","","1523","03","","","N","N"
"1701","0","0","0","0","0","0","0","0","0","1","0","","36","03","2021","2021024396","7","40.0141","-76.3514","1657","08","0","0","0","0","0","1","0","0","","0","0","0","16","1","1","00","0","40 00:50.768","","00","76 21:05.063","3","0","0","0","36412","0","0","0","N","0","0","0","4","36412","0","","1","01","N","N","0","","1","0","1","0","0","","1657","1","2","0","0","1","0","0","3","1","2","N","","","","","","","","","","","","03","","","N","N"
"0722","1","0","0","0","0","0","0","0","0","7","0","","36","03","2021","2021027091","4","40.2297","-76.0524","0656","08","0","0","0","0","0","0","0","0","","0","0","0","06","5","0","00","0","40 13:47.034","","00","76 03:08.520","0","0","0","0","36202","0","0","0","Y","0","0","0","1","68J01","0","","3","01","N","N","0","","0","0","0","0","0","","0646","0","1","0","0","0","0","0","1","0","1","N","","","","","","","","","","","","03","","","N","N"
"1334","1","0","0","0","0","0","0","0","0","4","0","","36","03","2021","2021024130","7","40.1505","-76.0281","1328","08","0","0","0","0","0","1","0","0","","0","0","0","13","1","2","01","2","40 09:01.638","5","00","76 01:41.060","8","0","0","0","36213","0","0","0","N","0","0","0","4","36213","0","","1","01","N","N","0","","0","0","1","3","3","Y","1329","2","2","0","0","0","2","0","1","0","2","N","","","","","","","","","","","1441","03","","","N",""
"1524","1","0","0","0","0","0","0","0","0","4","0","","36","03","2021","2021026282","3","40.0723","-76.2681","1521","08","0","0","1","0","1","0","0","0","","0","0","0","15","1","0","02","0","40 04:20.400","","00","76 16:05.210","0","0","0","0","36101","0","0","0","N","0","0","0","2","36101","0","","1","09","N","N","1","","0","0","0","3","2","","1519","0","2","0","0","0","0","0","3","0","2","N","","","","","","","","","","","","07","","","N",""
"1555","0","0","0","0","0","0","0","0","0","7","0","","36","06","2021","2021061245","2","40.1647","-76.1229","1549","08","0","0","0","0","0","1","0","0","","0","0","0","15","1","0","00","2","40 09:53.005","6","00","76 07:22.519","0","0","0","0","36218","0","0","0","N","0","0","0","1","36408","0","","2","01","N","N","0","","0","0","1","0","0","Y","1549","0","1","0","0","0","0","0","1","0","1","N","","","","","","","","","","","1649","03","03","","N","N"
"0910","1","0","0","0","0","0","0","0","0","7","0","","36","07","2021","2021069971","2","40.0709","-76.3198","0906","08","0","0","0","0","0","0","1","0","","0","0","0","08","1","1","00","1","40 04:14.999","4","00","76 19:10.403","3","0","0","0","36101","0","0","0","N","0","0","0","1","36101","0","","5","01","N","N","0","","1","0","0","0","0","N","0857","1","1","0","0","0","0","0","3","0","1","N","","","","","","","","","","","0955","03","03","","N","N"
"1713","1","0","0","0","0","0","0","0","0","4","0","","36","08","2021","2021077457","4","40.0758","-76.3087","1709","08","0","0","0","0","0","1","1","0","","0","0","0","17","1","0","00","0","40 04:32.914","","00","76 18:31.219","0","0","0","0","36101","0","0","0","N","0","0","0","2","36101","0","","1","09","N","N","1","","0","0","0","0","0","","1704","0","2","0","0","0","0","0","3","0","2","N","","","","","","","","","","","","07","","","N","N"
"0908","0","0","0","0","0","0","0","0","0","5","1","","36","08","2021","2021077659","2","40.0945","-76.3046","0904","08","0","0","0","0","0","1","0","0","","0","1","0","08","1","1","02","1","40 05:40.284","1","07","76 18:16.598","4","0","0","0","36101","0","0","0","N","0","0","0","2","36101","1","","1","01","N","N","1","","0","0","0","3","2","N","0858","1","2","0","0","0","0","0","3","0","2","N","","","","","","","","","","","0945","03","03","","N",""
"0826","1","0","0","0","0","0","0","0","0","4","0","90","36","08","2021","2021076608","5","40.0895","-76.3804","0821","08","0","0","0","1","0","0","0","1","","0","0","0","08","1","0","01","0","40 05:22.192","","08","76 22:49.576","0","0","0","0","36214","0","0","0","N","0","0","0","2","36214","0","","1","01","N","N","0","","0","0","1","3","2","","0820","0","2","0","0","0","0","0","3","0","2","Y","8","1","N","N","N","N","N","N","Y","N","","03","","N","N",""