"ARRIVAL_TM","AUTOMOBILE_COUNT","BELTED_DEATH_COUNT","BELTED_SUSP_SERIOUS_INJ_COUNT","BICYCLE_COUNT","BICYCLE_DEATH_COUNT","BICYCLE_SUSP_SERIOUS_INJ_COUNT","BUS_COUNT","CHLDPAS_DEATH_COUNT","CHLDPAS_SUSP_SERIOUS_INJ_COUNT","COLLISION_TYPE","COMM_VEH_COUNT","CONS_ZONE_SPD_LIM","COUNTY","CRASH_MONTH","CRASH_YEAR","CRN","DAY_OF_WEEK","DEC_LAT","DEC_LONG","DISPATCH_TM","DISTRICT","DRIVER_COUNT_16YR","DRIVER_COUNT_17YR","DRIVER_COUNT_18YR","DRIVER_COUNT_19YR","DRIVER_COUNT_20YR","DRIVER_COUNT_50_64YR","DRIVER_COUNT_65_74YR","DRIVER_COUNT_75PLUS","EST_HRS_CLOSED","FATAL_COUNT","HEAVY_TRUCK_COUNT","HORSE_BUGGY_COUNT","HOUR_OF_DAY","ILLUMINATION","INJURY_COUNT","INTERSECT_TYPE","LANE_CLOSED","LATITUDE","LN_CLOSE_DIR","LOCATION_TYPE","LONGITUDE","MAX_SEVERITY_LEVEL","MCYCLE_DEATH_COUNT","MCYCLE_SUSP_SERIOUS_INJ_COUNT","MOTORCYCLE_COUNT","MUNICIPALITY","NONMOTR_COUNT","NONMOTR_DEATH_COUNT","NONMOTR_SUSP_SERIOUS_INJ_COUNT","NTFY_HIWY_MAINT","PED_COUNT","PED_DEATH_COUNT","PED_SUSP_SERIOUS_INJ_COUNT","PERSON_COUNT","POLICE_AGCY","POSSIBLE_INJ_COUNT","RDWY_SURF_TYPE_CD","RELATION_TO_ROAD","ROAD_CONDITION","SCH_BUS_IND","SCH_ZONE_IND","SMALL_TRUCK_COUNT","SPEC_JURIS_CD","SUSP_MINOR_INJ_COUNT","SUSP_SERIOUS_INJ_COUNT","SUV_COUNT","TCD_FUNC_CD","TCD_TYPE","TFC_DETOUR_IND","TIME_OF_DAY","TOT_INJ_COUNT","TOTAL_UNITS","UNB_DEATH_COUNT","UNB_SUSP_SERIOUS_INJ_COUNT","UNBELTED_OCC_COUNT","UNK_INJ_DEG_COUNT","UNK_INJ_PER_COUNT","URBAN_RURAL","VAN_COUNT","VEHICLE_COUNT","WORK_ZONE_IND","WORK_ZONE_LOC","WORK_ZONE_TYPE","WORKERS_PRES","WZ_CLOSE_DETOUR","WZ_FLAGGER","WZ_LAW_OFFCR_IND","WZ_LN_CLOSURE","WZ_MOVING","WZ_OTHER","WZ_SHLDER_MDN","ROADWAY_CLEARED","WEATHER1","WEATHER2","WZ_WORKERS_INJ_KILLED","SECONDARY_CRASH","INTERSECTION_RELATED"
"0816","0","0","0","0","0","0","0","0","0","4","0","","36","08","2021","2021077662","5","40.0382","-76.3414","0812","08","0","0","0","0","0","0","0","0","","0","0","0","08","1","1","01","0","40 02:17.361","","00","76 20:28.994","3","0","0","0","36220","0","0","0","N","0","0","0","2","36101","0","","1","01","N","N","0","","1","0","2","3","2","","0811","1","2","0","0","0","0","0","3","0","2","N","","","","","","","","","","","","04","","","N",""
"1848","1","0","0","0","0","0","0","0","0","4","0","","36","08","2021","2021077069","2","40.1749","-76.1913","1846","08","0","0","0","0","0","1","0","0","","0","0","0","18","1","0","00","2","40 10:29.690","2","07","76 11:28.710","0","0","0","0","36408","0","0","0","N","0","0","0","2","36408","0","","1","01","N","N","0","","0","0","1","0","0","Y","1843","0","2","0","0","0","0","0","2","0","2","N","","","","","","","","","","","1920","07","","","N","N"
"1308","1","0","0","0","0","0","0","0","0","1","0","","36","07","2021","2021076584","7","40.1501","-76.1692","1300","08","0","0","0","0","0","0","0","0","","0","0","0","13","1","1","00","1","40 09:00.424","1","00","76 10:09.256","8","0","0","1","36238","0","0","0","N","0","0","0","3","36238","0","","1","01","N","N","0","","0","0","0","0","0","N","1300","1","2","0","0","0","1","0","3","0","2","N","","","","","","","","","","","1405","03","","","N","N"
"1328","1","0","0","0","0","0","0","0","0","7","0","","36","07","2021","2021076784","7","40.1485","-76.1803","1328","08","0","0","0","0","0","0","0","0","","0","0","0","13","1","0","00","0","40 08:54.661","","00","76 10:48.994","0","0","0","0","36238","0","0","0","N","0","0","0","1","36238","0","","3","01","N","N","0","","0","0","0","0","0","","1328","0","1","0","0","0","0","0","3","0","1","N","","","","","","","","","","","","03","","","N","N"
"1510","1","0","0","0","0","0","0","0","0","4","0","","36","07","2021","2021074613","5","39.9804","-76.2769","1505","08","0","0","0","0","0","1","0","0","","0","1","0","15","1","2","00","0","39 58:49.495","","00","76 16:36.796","3","0","0","0","36240","0","0","0","N","0","0","0","3","36240","0","","1","09","N","N","0","","2","0","0","0","0","","1503","2","2","0","0","0","0","0","1","0","2","N","","","","","","","","","","","","07","","","N","N"
"1420","0","0","0","0","0","0","0","0","0","0","1","","36","08","2021","2021076292","5","40.1019","-76.5609","1415","08","0","0","0","0","0","1","0","0","","0","1","0","14","1","1","02","2","40 06:06.974","5","00","76 33:39.260","3","0","0","0","36211","0","0","0","N","0","0","0","1","36504","0","","1","01","N","N","0","","1","0","0","3","3","Y","1410","1","2","0","0","0","0","0","1","0","1","N","","","","","","","","","","","1730","03","03","","N",""
"0605","0","0","0","0","0","0","0","0","0","7","0","","36","08","2021","2021078005","6","40.0758","-76.337","0605","08","0","0","0","0","0","0","0","1","","0","0","0","06","2","0","00","0","40 04:32.904","","03","76 20:13.037","0","0","0","0","36101","0","0","0","N","0","0","0","1","36101","0","","3","09","N","N","0","","0","0","1","0","0","","0600","0","1","0","0","0","0","0","3","0","1","N","","","","","","","","","","","","07","07","","N","N"
"2152","0","0","0","0","0","0","0","0","0","7","0","","36","07","2021","2021076326","7","40.2123","-76.1959","2140","08","0","0","0","0","0","0","0","0","","1","0","0","21","2","0","00","2","40 12:44.120","7","00","76 11:45.080","1","1","0","1","36204","0","0","0","N","0","0","0","1","36506","0","2","4","01","N","N","0","0","0","0","0","0","0","Y","2140","0","1","0","0","0","0","0","1","0","1","N","","","","","","","","","","","0030","03","","","N","N"
"1022","1","0","0","0","0","0","0","0","0","4","0","","36","08","2021","2021075833","6","40.0348","-76.3245","1017","08","0","0","1","0","0","1","0","0","","0","0","0","09","1","1","02","0","40 02:05.326","","00","76 19:28.020","3","0","0","0","36220","0","0","0","N","0","0","0","2","36101","0","","1","01","N","N","1","","1","0","0","3","3","","0954","1","2","0","0","0","0","0","3","0","2","N","","","","","","","","","","","","03","","","N",""
"1715","1","0","0","0","0","0","0","0","0","7","0","","36","08","2021","2021075578","5","40.007","-76.2971","1713","08","0","0","0","0","0","0","0","0","","0","0","0","17","1","1","00","2","40 00:25.266","5","00","76 17:49.485","3","0","0","0","36240","0","0","0","N","0","0","0","1","36240","0","","5","01","N","N","0","","1","0","0","0","0","Y","1709","1","1","0","0","0","0","0","1","0","1","N","","","","","","","","","","","1802","03","","","N","N"
"1935","0","0","0","0","0","0","0","0","0","4","1","","36","07","2021","2021070047","6","40.0436","-75.9877","1838","08","0","0","0","0","0","2","0","0","","0","1","0","18","1","1","00","0","40 02:36.830","","00","75 59:15.630","3","0","0","0","36232","0","0","0","N","0","0","0","4","68J01","0","","1","09","N","N","0","","1","0","1","0","0","","1838","1","2","0","0","0","0","0","1","0","2","N","","","","","","","","","","","","07","07","","N","N"
"0429","1","0","0","0","0","0","0","0","0","98","0","","36","06","2021","2021069621","3","40.045","-76.5136","0418","08","0","0","0","0","0","0","0","0","","0","0","0","04","2","0","02","0","40 02:42.158","","00","76 30:48.975","0","0","0","0","36239","0","0","0","N","0","0","0","2","36239","0","","1","01","N","N","0","","0","0","0","0","0","","0414","0","1","0","0","0","0","0","3","0","1","N","","","","","","","","","","","","03","","","N",""
"0647","0","0","0","0","0","0","0","0","0","7","0","","36","07","2021","2021069495","7","40.1922","-76.0038","0639","08","0","0","0","0","0","0","0","0","","0","0","0","06","1","0","00","0","40 11:33.806","","00","76 00:15.016","0","0","0","0","36202","0","0","0","N","0","0","0","1","68T06","0","","1","01","N","N","0","","0","0","0","0","0","","0639","0","1","0","0","0","0","0","1","1","1","N","","","","","","","","","","","","03","","","N","N"
"2303","1","0","0","0","0","0","0","0","0","1","0","","36","06","2021","2021052098","7","40.1312","-76.5638","2303","08","0","0","0","0","0","0","0","0","","0","0","0","23","3","1","01","0","40 07:52.429","","00","76 33:49.559","4","0","0","0","36225","0","0","0","N","0","0","0","3","36505","1","","1","01","N","N","0","","0","0","0","3","2","","2300","1","2","0","0","0","0","0","2","1","2","N","","","","","","","","","","","","03","03","","N","N"
"1100","0","0","0","0","0","0","0","0","0","4","1","","36","05","2021","2021076576","7","39.9748","-76.2795","1053","08","0","0","0","0","0","1","0","0","","0","1","0","10","1","0","01","2","39 58:29.119","2","00","76 16:46.355","0","0","0","0","36228","0","0","0","N","0","0","0","4","36228","0","","1","01","N","N","0","","0","0","1","9","3","Y","1053","0","2","0","0","0","0","0","1","0","2","N","","","","","","","","","","","1144","03","","","N","N"
"1201","2","0","1","0","0","0","0","0","0","4","0","","36","07","2021","2021076589","6","40.0927","-76.1523","1153","08","0","0","0","1","0","0","0","1","","0","0","0","11","1","1","02","2","40 05:33.693","2","00","76 09:08.445","2","0","0","0","36238","0","0","0","N","0","0","0","2","36238","0","","1","01","N","N","0","","0","1","0","3","3","Y","1153","1","2","0","0","0","0","0","3","0","2","N","","","","","","","","","","","1245","03","","","N","N"
"1838","2","0","0","0","0","0","0","0","0","1","0","","36","06","2021","2021056997","1","40.1505","-76.0281","1830","08","1","1","0","0","0","0","0","0","","0","0","0","18","1","1","02","2","40 09:01.638","1","00","76 01:41.060","3","0","0","0","36213","0","0","0","N","0","0","0","2","36213","0","","1","01","N","N","0","","1","0","0","0","0","N","1829","1","2","0","0","0","0","0","1","0","2","N","","","","","","","","","","","1918","03","","","N",""
"1641","2","0","0","0","0","0","0","0","0","1","1","","36","08","2021","2021077660","5","40.0623","-76.3432","1631","08","0","0","1","0","0","1","0","1","","0","1","0","16","1","1","00","1","40 03:44.442","4","00","76 20:34.824","3","0","0","0","36214","0","0","0","N","0","0","0","3","36101","0","","1","01","N","N","0","","1","0","0","0","0","N","1630","1","3","0","0","0","0","0","3","0","3","N","","","","","","","","","","","1730","03","","","N","N"
"1706","0","0","0","0","0","0","0","0","0","4","0","","36","08","2021","2021078059","2","40.0387","-76.1577","1659","08","0","0","0","0","0","1","0","0","","0","0","0","16","1","0","01","1","40 02:19.244","3","00","76 09:27.899","0","0","0","0","36221","0","0","0","Y","0","0","0","2","68J01","0","","1","01","N","N","0","","0","0","1","3","3","N","1655","0","2","0","0","0","0","0","1","1","2","N","","","","","","","","","","","1735","03","","","N","N"
"1239","0","0","0","0","0","0","0","0","0","7","0","","36","08","2021","2021078008","4","40.0677","-76.2005","1233","08","0","0","0","0","0","0","0","0","","0","0","0","12","1","0","00","2","40 04:03.880","4","00","76 12:01.820","0","0","0","0","36234","0","0","0","N","0","0","0","1","36215","0","","5","01","N","N","0","","0","0","1","0","0","N","1232","0","1","0","0","0","0","0","1","0","1","N","","","","","","","","","","","1318","04","","","N","N"
"2327","3","0","0","0","0","0","0","0","0","5","0","","36","04","2021","2021039569","6","40.0467","-76.3029","2318","08","0","0","0","0","0","0","0","0","","0","0","0","23","3","1","00","1","40 02:47.987","1","00","76 18:10.603","3","0","0","0","36301","0","0","0","N","0","0","0","2","36301","0","","1","01","N","N","0","","1","0","1","0","0","N","2318","1","4","0","0","0","0","0","3","0","4","N","","","","","","","","","","","0041","03","03","","N","N"
"1919","0","0","0","0","0","0","0","0","0","4","0","","36","07","2021","2021061711","7","40.1571","-76.1343","1919","08","0","0","0","0","0","0","0","0","","0","1","0","19","1","2","00","2","40 09:25.475","6","00","76 08:03.525","4","0","0","0","36218","0","0","0","N","0","0","0","4","36408","1","","1","09","N","N","1","","0","0","0","0","0","Y","1919","2","2","0","0","0","1","2","1","0","2","N","","","","","","","","","","","2100","03","03","","N","N"
"1902","1","0","0","0","0","0","0","0","0","4","0","","36","01","2021","2021005039","6","40.0302","-76.293","1858","08","0","0","0","0","0","0","0","0","","0","0","0","18","3","0","01","0","40 01:48.723","","00","76 17:34.850","0","0","0","0","36301","0","0","0","N","0","0","0","6","36301","0","","1","09","N","N","0","","0","0","1","3","3","","1856","0","2","0","0","0","0","0","3","0","2","N","","","","","","","","","","","","07","04","","Y","N"
"2353","1","0","0","0","0","0","0","0","0","7","0","25","36","08","2021","2021075360","2","40.0384","-76.3162","2351","08","0","0","0","0","0","0","0","0","","0","0","0","23","3","0","01","0","40 02:18.405","","00","76 18:58.402","0","0","0","0","36301","0","0","0","N","0","0","0","3","36301","0","","1","01","N","N","0","","0","0","0","3","2","N","2351","0","1","0","0","0","0","0","3","0","1","Y","4","1","N","","","N","","","Y","","","03","03","N","N","N"
"1230","0","0","0","0","0","0","0","0","0","1","0","","36","07","2021","2021068575","6","40.0711","-76.2874","1217","08","0","0","0","0","0","0","0","0","","0","0","0","12","1","0","00","0","40 04:16.036","","00","76 17:14.616","0","0","0","0","36101","0","0","0","N","0","0","0","2","36101","0","","1","01","N","N","1","","0","0","1","0","0","","1214","0","2","0","0","0","0","0","3","0","2","N","","","","","","","","","","","","03","03","","N","N"
"2027","1","0","0","0","0","0","0","0","0","1","1","","36","07","2021","2021070114","7","40.0241","-76.2005","2021","08","0","0","0","0","0","1","1","0","","0","1","0","20","3","1","00","2","40 01:26.647","4","07","76 12:01.851","8","0","0","0","36215","0","0","0","N","0","0","0","2","36215","0","","1","09","N","N","0","","0","0","0","3","2","N","2019","1","2","0","0","0","1","0","1","0","2","N","","","","","","","","","","","2044","07","","","N","N"
"1215","2","0","0","0","0","0","0","0","0","4","0","","36","08","2021","2021076182","7","40.0698","-76.3171","1208","08","0","0","0","0","0","1","0","0","","0","0","0","12","1","0","01","2","40 04:11.407","2","00","76 19:01.471","0","0","0","0","36101","0","0","0","N","0","0","0","4","36101","0","","1","01","N","N","0","","0","0","1","3","2","N","1205","0","3","0","0","0","0","0","3","0","3","N","","","","","","","","","","","1308","03","03","","N",""
"1444","1","0","0","0","0","0","0","0","0","4","0","","36","08","2021","2021075396","3","40.0502","-76.3237","1435","08","0","0","0","0","1","0","1","0","","0","0","0","14","1","0","01","0","40 03:00.665","","00","76 19:25.230","0","0","0","0","36301","0","0","0","N","0","0","0","3","36301","0","","1","01","N","N","0","","0","0","1","3","3","","1435","0","2","0","0","0","0","0","3","0","2","N","","","","","","","","","","","","03","03","","N","N"
"1340","1","0","0","0","0","0","0","0","0","4","0","","36","04","2021","2021036062","4","40.044","-76.3096","1334","08","0","0","0","0","0","0","0","0","","0","0","0","13","1","0","01","1","40 02:38.526","5","00","76 18:34.563","0","0","0","0","36301","0","0","0","N","0","0","0","2","36301","0","","1","01","N","N","0","","0","0","1","3","3","N","1334","0","2","0","0","0","0","0","3","0","2","N","","","","","","","","","","","1430","03","","","N","N"
"1352","2","0","0","0","0","0","0","0","0","2","0","","36","08","2021","2021076199","5","40.031","-76.3209","1344","08","0","0","1","0","0","1","0","0","","0","0","0","13","1","0","01","1","40 01:51.430","4","00","76 19:15.123","0","0","0","0","36301","0","0","0","N","0","0","0","2","36301","0","","1","01","N","N","0","","0","0","0","3","2","N","1342","0","2","0","0","0","0","0","3","0","2","N","","","","","","","","","","","1438","03","03","","N","N"
"0426","1","0","0","0","0","0","0","0","0","8","0","","36","07","2021","2021076190","3","40.162","-76.2019","0418","08","0","0","0","0","0","0","1","0","","0","0","0","04","2","1","00","2","40 09:43.025","5","00","76 12:06.834","2","0","0","0","36402","1","0","1","N","1","0","1","2","36238","0","","1","01","N","N","0","","0","1","0","0","0","Y","0418","1","2","0","0","0","0","0","2","0","1","N","","","","","","","","","","","0453","03","03","","N","N"
"1338","2","0","0","0","0","0","0","0","0","4","0","","36","02","2021","2021076565","3","39.9854","-76.3156","1336","08","0","0","0","0","0","0","0","0","","0","0","0","13","1","0","00","0","39 59:07.598","","07","76 18:56.120","9","0","0","0","36228","0","0","0","N","0","0","0","2","36228","0","","1","01","N","N","0","","0","0","0","0","0","","1336","0","2","0","0","0","0","1","1","0","2","N","","","","","","","","","","","","03","","","N","N"
"1727","1","0","0","0","0","0","0","0","0","7","0","","36","07","2021","2021069981","3","40.1388","-76.3274","1734","08","0","0","0","0","0","0","0","0","","0","0","0","17","1","1","00","2","40 08:19.840","7","00","76 19:38.720","8","0","0","0","36235","0","0","0","N","0","0","0","1","36506","0","","4","01","N","N","0","","0","0","0","0","0","Y","1713","1","1","0","0","0","1","0","1","0","1","N","","","","","","","","","","","1756","03","03","","N","N"
"0022","0","0","0","0","0","0","0","0","0","7","0","","36","08","2021","2021075475","1","40.2315","-76.1257","0017","08","0","0","0","0","0","1","0","0","","1","0","0","00","2","0","00","1","40 13:53.907","4","00","76 07:33.654","1","1","0","1","36210","0","0","0","N","0","0","0","1","68T06","0","2","3","01","N","N","0","0","0","0","0","0","0","N","0017","0","1","0","0","0","0","0","1","0","1","N","","","","","","","","","","","0118","03","03","","N","N"
"1910","0","0","0","0","0","0","0","0","0","0","0","","36","07","2021","2021075551","6","40.1026","-76.343","1853","08","0","0","0","0","0","1","0","0","","1","0","0","18","1","0","00","2","40 06:09.234","6","00","76 20:34.654","1","1","0","1","36406","0","0","0","N","0","0","0","2","36506","0","2","1","01","N","N","0","0","0","0","1","0","0","Y","1852","0","2","0","0","0","0","0","3","0","2","N","","","","","","","","","","","2144","03","","","N","N"
"0950","0","0","0","0","0","0","0","0","0","5","0","","36","08","2021","2021076073","6","40.0385","-76.3564","0944","08","0","0","0","0","0","0","1","0","","0","0","0","09","1","0","00","0","40 02:18.733","","00","76 21:23.196","0","0","0","0","36223","0","0","0","N","0","0","0","2","36223","0","","1","01","N","N","0","","0","0","2","0","0","","0942","0","2","0","0","0","0","0","1","0","2","N","","","","","","","","","","","","03","03","","N","N"
"2159","1","0","0","0","0","0","0","0","0","2","0","","36","07","2021","2021077290","1","40.1606","-76.3101","2159","08","0","0","0","0","0","2","0","0","","0","0","0","21","3","1","00","1","40 09:38.249","3","00","76 18:36.336","4","0","0","0","36409","0","0","0","N","0","0","0","5","36409","1","","1","01","N","N","0","","0","0","1","0","0","N","2157","1","2","0","0","0","0","0","3","0","2","N","","","","","","","","","","","2257","03","03","","N","N"
"0949","3","0","0","0","0","0","0","0","0","1","0","","36","08","2021","2021076622","7","40.0457","-76.2883","0937","08","0","0","0","1","0","0","0","0","","0","0","0","09","1","0","00","0","40 02:44.445","","00","76 17:18.041","0","0","0","0","36301","0","0","0","N","0","0","0","1","36301","0","","1","01","N","N","1","","0","0","0","0","0","","0934","0","4","0","0","0","0","0","3","0","4","N","","","","","","","","","","","","03","","","Y","N"
"0521","1","0","0","0","0","0","0","0","0","4","0","","36","07","2021","2021069973","4","40.0685","-76.3074","0516","08","0","0","0","0","0","1","0","0","","0","0","0","05","3","0","01","1","40 04:06.527","1","00","76 18:26.750","0","0","0","0","36101","0","0","0","N","0","0","0","2","36101","0","","1","01","N","N","0","","0","0","1","3","2","N","0514","0","2","0","0","0","0","0","3","0","2","N","","","","","","","","","","","0545","04","04","","N",""
"2126","0","0","0","0","0","0","0","0","0","7","0","","36","08","2021","2021076183","7","40.0802","-76.3392","2121","08","0","0","0","0","0","0","0","0","","0","0","0","21","3","0","00","0","40 04:48.552","","00","76 20:21.105","0","0","0","0","36101","0","0","0","N","0","0","0","1","36101","0","","5","01","N","N","0","","0","0","1","0","0","","2119","0","1","0","0","0","0","0","3","0","1","N","","","","","","","","","","","","03","","","N","N"
"1318","0","0","0","0","0","0","0","0","0","5","0","","36","07","2021","2021077068","4","40.1713","-76.1481","1311","08","0","0","0","0","0","0","0","0","","0","0","0","13","1","0","00","1","40 10:16.676","1","00","76 08:53.172","0","0","0","0","36218","0","0","0","Y","0","0","0","1","36408","0","","5","01","N","N","0","","0","0","0","0","0","N","1308","0","1","0","0","0","0","0","1","1","1","N","","","","","","","","","","","1415","03","03","","N","N"
"2241","1","0","0","0","0","0","0","0","0","4","0","","36","07","2021","2021078053","4","39.9096","-76.1154","2226","08","0","0","0","0","1","0","0","0","","0","0","1","22","2","0","00","1","39 54:34.535","3","07","76 06:55.544","0","0","0","0","36216","3","0","0","N","0","0","0","4","68J01","0","","1","01","N","N","0","","0","0","0","0","0","N","2218","0","2","0","0","0","0","0","1","0","1","N","","","","","","","","","","","2330","03","","","N","N"
"1319","1","0","0","0","0","0","0","0","0","6","1","","36","07","2021","2021069844","4","40.1237","-76.0123","1315","08","0","0","0","0","0","0","0","1","","0","1","0","13","1","1","00","2","40 07:25.417","6","00","76 00:44.410","3","0","0","0","36213","0","0","0","N","0","0","0","2","36213","0","","1","01","N","N","0","","1","0","0","0","0","Y","1310","1","2","0","0","0","0","0","1","0","2","N","","","","","","","","","","","1410","03","03","","N","N"
"1631","0","0","0","0","0","0","0","0","0","7","0","","36","07","2021","2021069972","2","40.0883","-76.3054","1628","08","0","0","1","0","0","0","0","0","","0","0","0","16","1","1","00","1","40 05:17.738","1","00","76 18:19.494","3","0","0","0","36101","0","0","0","N","0","0","0","1","36101","0","","4","01","N","N","0","","1","0","1","0","0","N","1627","1","1","0","0","0","0","0","3","0","1","N","","","","","","","","","","","1715","03","03","","N","N"
"1425","0","0","0","0","0","0","0","0","0","1","1","","36","08","2021","2021077098","1","40.1531","-76.1276","1419","08","0","0","1","0","0","0","0","0","","0","1","0","14","1","0","00","0","40 09:11.227","","03","76 07:39.532","0","0","0","0","36209","0","0","0","N","0","0","0","5","36408","0","","1","01","N","N","0","","0","0","1","0","0","","1415","0","2","0","0","0","0","0","1","0","2","N","","","","","","","","","","","","03","03","","N","N"
"1614","0","0","0","0","0","0","0","0","0","8","0","","36","07","2021","2021066316","6","40.0352","-76.3148","1610","08","0","0","0","0","0","0","0","0","","0","0","0","16","1","1","00","1","40 02:06.866","4","00","76 18:53.159","3","0","0","0","36301","1","0","0","N","1","0","0","4","36301","0","","1","01","N","N","0","","1","0","1","0","0","N","1610","1","2","0","0","0","0","0","3","0","1","N","","","","","","","","","","","1725","03","03","","N","N"
"0821","3","0","0","0","0","0","0","0","0","4","0","","36","07","2021","2021067555","6","40.043","-76.2879","0818","08","0","0","0","0","1","0","0","0","","0","0","0","08","1","0","01","0","40 02:34.960","","00","76 17:16.322","0","0","0","0","36301","0","0","0","N","0","0","0","2","36301","0","","1","01","N","N","0","","0","0","0","3","2","","0813","0","3","0","0","0","0","0","3","0","3","N","","","","","","","","","","","","03","03","","Y","N"
"1722","0","0","0","0","0","0","0","0","0","1","0","","36","08","2021","2021077086","3","40.0639","-76.3391","1714","08","1","0","0","0","0","0","0","0","","0","0","0","17","1","0","00","2","40 03:50.376","4","00","76 20:19.983","0","0","0","0","36101","0","0","0","N","0","0","0","2","36101","0","","1","09","N","N","0","","0","0","1","0","0","N","1706","0","2","0","0","0","0","0","3","0","2","N","","","","","","","","","","","1845","07","07","","N","N"
"1636","1","1","1","0","0","0","0","0","0","7","0","","36","05","2021","2021076571","2","39.9584","-76.324","1630","08","0","0","0","0","0","0","1","0","","1","0","0","16","1","1","02","1","39 57:30.400","2","00","76 19:26.573","1","0","0","0","36228","0","0","0","N","0","0","0","2","36228","0","2","4","01","N","N","0","0","0","1","0","0","0","N","1630","1","1","0","0","0","0","0","1","0","1","N","","","","","","","","","","","1705","03","","","N","N"
"0613","1","0","0","0","0","0","0","0","0","1","0","","36","08","2021","2021077845","6","40.2016","-76.2019","0606","08","0","0","0","0","0","0","0","0","","0","0","0","06","5","0","00","0","40 12:05.869","","00","76 12:06.983","0","0","0","0","36218","0","0","0","N","0","0","0","1","36408","0","","6","09","N","N","0","","0","0","1","0","0","","0603","0","2","0","0","0","0","0","1","0","2","N","","","","","","","","","","","","07","","","N","N"
"1057","1","0","0","0","0","0","0","0","0","4","0","","36","07","2021","2021063946","1","40.0516","-76.3134","1054","08","0","0","0","0","0","0","0","0","","0","0","0","10","1","1","02","1","40 03:05.838","6","00","76 18:48.169","3","0","0","1","36301","0","0","0","N","0","0","0","4","36301","0","","1","09","N","N","0","","1","0","0","3","3","Y","1052","1","2","0","0","0","0","0","3","0","2","N","","","","","","","","","","","1129","07","07","","N",""
"1914","1","0","0","0","0","0","0","0","0","7","0","","36","07","2021","2021078050","3","40.1976","-76.2794","1858","08","0","0","0","0","0","0","0","0","","0","0","0","18","1","1","00","0","40 11:51.474","","00","76 16:46.016","3","0","0","0","36217","0","0","0","N","0","0","0","1","68J01","0","","4","01","N","N","0","","1","0","0","0","0","","1849","1","1","0","0","0","0","0","1","0","1","N","","","","","","","","","","","","03","","","N","N"
"2115","1","0","0","0","0","0","0","0","0","7","0","","36","08","2021","2021076579","3","39.9732","-76.2884","2106","08","0","0","0","0","0","0","1","0","","0","0","0","21","2","1","00","2","39 58:23.517","5","00","76 17:18.095","3","0","0","0","36228","0","0","0","N","0","0","0","1","36228","0","","5","01","N","N","0","","1","0","0","0","0","Y","2106","1","1","0","0","0","0","0","1","0","1","N","","","","","","","","","","","2150","03","","","N","N"
"1553","0","0","0","0","0","0","0","0","0","7","0","","36","08","2021","2021077289","6","40.0909","-76.2638","1551","08","0","0","0","1","0","0","0","0","","0","0","0","15","1","1","00","1","40 05:27.124","5","00","76 15:49.729","3","0","0","0","36101","0","0","0","N","0","0","0","1","36101","0","","4","01","N","N","0","","1","0","1","0","0","N","1548","1","1","0","0","0","0","0","3","0","1","N","","","","","","","","","","","1650","03","","","N","N"
"1017","0","0","0","1","0","0","0","0","0","4","0","","36","06","2021","2021061551","4","39.9876","-76.2766","1014","08","0","0","0","0","0","1","0","0","","0","0","0","10","1","1","01","1","39 59:15.198","2","00","76 16:35.769","3","0","0","0","36240","1","0","0","N","0","0","0","2","36240","0","","1","01","N","N","0","","1","0","0","3","2","N","1007","1","2","0","0","0","0","0","1","1","1","N","","","","","","","","","","","1038","03","03","","N","N"
"2350","0","0","0","0","0","0","0","0","0","5","1","","36","03","2021","2021023264","3","40.1033","-76.4229","2341","08","0","0","0","0","0","0","0","0","","0","1","0","23","2","0","00","0","40 06:11.999","","00","76 25:22.319","9","0","0","0","36214","0","0","0","N","0","0","0","2","36214","0","","1","01","N","N","0","","0","0","1","0","0","","2335","0","2","0","0","0","0","1","3","0","2","N","","","","","","","","","","","","04","04","","N","N"
"1436","1","0","0","0","0","0","0","0","0","1","0","","36","03","2021","2021023573","2","40.1117","-76.4517","1427","08","0","0","0","0","0","1","0","0","","0","0","0","14","1","1","01","1","40 06:42.025","3","00","76 27:06.017","4","0","0","0","36230","0","0","0","N","0","0","0","5","36410","1","","1","01","Y","N","0","","0","0","0","3","2","N","1427","1","2","0","0","0","0","0","1","1","2","N","","","","","","","","","","","0030","03","03","","N",""
"1401","0","0","0","0","0","0","0","0","0","1","0","","36","03","2021","2021022334","6","40.0578","-76.3597","1358","08","0","0","0","0","0","2","1","0","","0","0","0","13","1","0","00","1","40 03:28.065","2","00","76 21:34.918","0","0","0","0","36214","0","0","0","N","0","0","0","3","36214","0","","1","01","N","N","0","","0","0","2","0","0","N","1358","0","3","0","0","0","0","0","3","1","3","N","","","","","","","","","","","1433","03","","","N","N"
"1736","0","0","0","0","0","0","0","0","0","7","0","","36","06","2021","2021061183","7","40.119","-76.671","1724","08","0","0","0","0","0","0","0","0","","0","0","0","17","1","2","02","0","40 07:08.482","","00","76 40:15.639","3","0","0","0","36207","0","0","0","N","0","0","0","2","36504","0","","2","01","N","N","1","","2","0","0","0","0","","1722","2","1","0","0","0","0","0","1","0","1","N","","","","","","","","","","","","03","03","","N","N"