"ARRIVAL_TM","AUTOMOBILE_COUNT","BELTED_DEATH_COUNT","BELTED_SUSP_SERIOUS_INJ_COUNT","BICYCLE_COUNT","BICYCLE_DEATH_COUNT","BICYCLE_SUSP_SERIOUS_INJ_COUNT","BUS_COUNT","CHLDPAS_DEATH_COUNT","CHLDPAS_SUSP_SERIOUS_INJ_COUNT","COLLISION_TYPE","COMM_VEH_COUNT","CONS_ZONE_SPD_LIM","COUNTY","CRASH_MONTH","CRASH_YEAR","CRN","DAY_OF_WEEK","DEC_LAT","DEC_LONG","DISPATCH_TM","DISTRICT","DRIVER_COUNT_16YR","DRIVER_COUNT_17YR","DRIVER_COUNT_18YR","DRIVER_COUNT_19YR","DRIVER_COUNT_20YR","DRIVER_COUNT_50_64YR","DRIVER_COUNT_65_74YR","DRIVER_COUNT_75PLUS","EST_HRS_CLOSED","FATAL_COUNT","HEAVY_TRUCK_COUNT","HORSE_BUGGY_COUNT","HOUR_OF_DAY","ILLUMINATION","INJURY_COUNT","INTERSECT_TYPE","LANE_CLOSED","LATITUDE","LN_CLOSE_DIR","LOCATION_TYPE","LONGITUDE","MAX_SEVERITY_LEVEL","MCYCLE_DEATH_COUNT","MCYCLE_SUSP_SERIOUS_INJ_COUNT","MOTORCYCLE_COUNT","MUNICIPALITY","NONMOTR_COUNT","NONMOTR_DEATH_COUNT","NONMOTR_SUSP_SERIOUS_INJ_COUNT","NTFY_HIWY_MAINT","PED_COUNT","PED_DEATH_COUNT","PED_SUSP_SERIOUS_INJ_COUNT","PERSON_COUNT","POLICE_AGCY","POSSIBLE_INJ_COUNT","RDWY_SURF_TYPE_CD","RELATION_TO_ROAD","ROAD_CONDITION","SCH_BUS_IND","SCH_ZONE_IND","SMALL_TRUCK_COUNT","SPEC_JURIS_CD","SUSP_MINOR_INJ_COUNT","SUSP_SERIOUS_INJ_COUNT","SUV_COUNT","TCD_FUNC_CD","TCD_TYPE","TFC_DETOUR_IND","TIME_OF_DAY","TOT_INJ_COUNT","TOTAL_UNITS","UNB_DEATH_COUNT","UNB_SUSP_SERIOUS_INJ_COUNT","UNBELTED_OCC_COUNT","UNK_INJ_DEG_COUNT","UNK_INJ_PER_COUNT","URBAN_RURAL","VAN_COUNT","VEHICLE_COUNT","WORK_ZONE_IND","WORK_ZONE_LOC","WORK_ZONE_TYPE","WORKERS_PRES","WZ_CLOSE_DETOUR","WZ_FLAGGER","WZ_LAW_OFFCR_IND","WZ_LN_CLOSURE","WZ_MOVING","WZ_OTHER","WZ_SHLDER_MDN","ROADWAY_CLEARED","WEATHER1","WEATHER2","WZ_WORKERS_INJ_KILLED","SECONDARY_CRASH","INTERSECTION_RELATED"
"1014","1","0","0","0","0","0","0","0","0","1","0","","36","03","2021","2021022739","2","40.1086","-76.436","1012","08","0","0","0","0","0","1","1","0","","0","0","0","10","1","1","00","1","40 06:31.017","4","00","76 26:09.693","3","0","0","0","36214","0","0","0","N","0","0","0","3","36214","0","","1","01","N","N","0","","1","0","1","0","0","N","1009","1","3","0","0","0","0","0","3","1","3","N","","","","","","","","","","","1105","03","03","","N","N"
"1553","0","0","0","0","0","0","0","0","0","4","0","","36","03","2021","2021024862","4","40.0631","-76.4303","1545","08","0","0","0","0","0","1","0","0","","0","0","0","15","1","1","00","0","40 03:47.027","","07","76 25:49.229","4","0","0","1","36239","0","0","0","N","0","0","0","3","36239","1","","1","01","N","N","0","","0","0","1","3","3","","1545","1","2","0","0","0","0","0","3","0","2","N","","","","","","","","","","","","03","03","","N","N"
"0321","1","0","0","0","0","0","0","0","0","7","0","","36","03","2021","2021023969","6","40.2275","-76.3772","0305","08","0","0","0","0","0","0","0","0","","0","0","0","03","2","0","00","1","40 13:43.023","4","00","76 21:28.437","0","0","0","0","36217","0","0","0","N","0","0","0","1","68T06","0","","3","09","N","N","0","","0","0","0","0","0","N","0304","0","1","0","0","0","0","0","1","0","1","N","","","","","","","","","","","0400","07","","","N","N"
"1242","2","0","0","0","0","0","0","0","0","4","0","","36","05","2021","2021051195","7","40.0278","-76.2228","1240","08","0","0","0","1","0","0","0","0","","0","0","0","12","1","2","00","0","40 01:40.043","","07","76 13:22.075","3","0","0","0","36215","0","0","0","N","0","0","0","6","36215","0","","1","09","N","N","0","","2","0","0","0","0","","1239","2","2","0","0","0","0","0","1","0","2","N","","","","","","","","","","","","07","07","","N","N"
"0925","1","0","0","0","0","0","0","0","0","7","0","","36","07","2021","2021069567","4","40.0093","-76.1359","0919","08","0","0","0","0","0","0","0","1","","0","0","0","09","1","1","00","2","40 00:33.312","6","00","76 08:09.091","3","0","0","0","36226","0","0","0","N","0","0","0","1","68J01","0","","4","01","N","N","0","","1","0","0","0","0","Y","0914","1","1","0","0","0","0","0","1","0","1","N","","","","","","","","","","","1100","03","03","","N","N"
"1317","1","0","0","0","0","0","0","0","0","4","0","","36","04","2021","2021040874","6","40.0662","-76.3048","1310","08","0","0","0","0","0","0","0","0","","0","0","0","13","1","0","00","0","40 03:58.480","","07","76 18:17.106","0","0","0","0","36101","0","0","0","N","0","0","0","2","36101","0","","1","01","N","N","0","","0","0","1","0","0","","1307","0","2","0","0","0","0","0","3","0","2","N","","","","","","","","","","","","03","","","N","N"
"1717","1","0","0","0","0","0","0","0","0","4","0","","36","03","2021","2021025384","3","40.1533","-76.3688","1711","08","0","1","0","0","0","0","0","0","","0","0","0","17","1","1","02","1","40 09:11.989","5","00","76 22:07.535","3","0","0","0","36227","0","0","0","N","0","0","0","3","36506","0","","1","01","N","N","0","","1","0","1","3","3","Y","1710","1","2","0","0","0","0","0","1","0","2","N","","","","","","","","","","","1801","03","03","","N",""
"1703","3","0","0","0","0","0","0","0","0","4","0","","36","03","2021","2021024123","6","40.0524","-76.3228","1659","08","0","0","1","0","1","0","1","0","","0","0","0","16","1","0","02","0","40 03:08.799","","00","76 19:22.141","0","0","0","0","36301","0","0","0","N","0","0","0","3","36101","0","","1","01","N","N","0","","0","0","0","0","0","","1656","0","3","0","0","0","0","0","3","0","3","N","","","","","","","","","","","","03","03","","N",""
"0955","1","0","0","0","0","0","0","0","0","6","0","","36","06","2021","2021062022","4","40.0399","-76.3029","0955","08","0","0","0","0","0","0","2","0","","0","0","0","09","1","0","01","1","40 02:23.504","4","00","76 18:10.551","0","0","0","0","36301","0","0","0","N","0","0","0","2","36301","0","","1","01","N","N","1","","0","0","0","3","3","N","0924","0","2","0","0","0","0","0","3","0","2","N","","","","","","","","","","","1030","03","","","N",""
"1924","0","0","0","0","0","0","0","0","0","1","0","","36","03","2021","2021021445","4","40.116","-76.3057","1917","08","0","0","0","0","0","0","0","0","","0","0","0","19","3","3","00","1","40 06:57.540","1","00","76 18:20.409","3","0","0","0","36101","0","0","0","N","0","0","0","3","36101","0","","1","01","N","N","0","","3","0","2","3","2","N","1914","3","2","0","0","1","0","0","3","0","2","N","","","","","","","","","","","2020","03","03","","N","N"
"1824","1","0","0","0","0","0","0","0","0","1","0","","36","06","2021","2021063607","6","40.2295","-76.311","1806","08","0","1","0","0","0","0","0","0","","0","0","0","18","1","0","00","0","40 13:46.052","","00","76 18:39.518","0","0","0","0","36217","0","0","0","N","0","0","0","7","68J01","0","","1","01","N","N","0","","0","0","1","0","0","","1804","0","3","0","0","0","0","0","1","1","3","N","","","","","","","","","","","","03","","","N","N"
"0310","0","0","0","0","0","0","0","0","0","7","0","","36","06","2021","2021063559","1","40.0455","-76.1691","0303","08","0","0","0","0","1","0","0","0","","0","0","0","03","2","1","02","0","40 02:43.852","","00","76 10:08.706","3","0","0","0","36234","0","0","0","N","0","0","0","2","36215","0","","5","01","N","N","0","","1","0","1","3","3","","0301","1","1","0","0","1","0","0","1","0","1","N","","","","","","","","","","","","05","","","N",""
"0947","1","0","0","0","0","0","0","0","0","4","0","","36","03","2021","2021022895","3","40.0851","-76.2877","0941","08","0","0","0","0","0","0","1","1","","0","0","0","09","1","0","02","1","40 05:06.426","1","00","76 17:15.618","0","0","0","0","36101","0","0","0","N","0","0","0","3","36101","0","","1","01","N","N","0","","0","0","1","3","3","N","0940","0","2","0","0","0","0","0","3","0","2","N","","","","","","","","","","","1045","03","03","","N",""
"1724","0","0","0","0","0","0","0","0","0","5","0","","36","06","2021","2021051127","3","39.9932","-76.0279","1714","08","0","0","0","0","0","0","0","0","","0","0","0","17","1","0","00","0","39 59:35.349","","07","76 01:40.330","0","0","0","0","36232","0","0","0","N","0","0","0","2","68J01","0","","1","01","N","N","0","","0","0","2","0","0","","1708","0","2","0","0","0","0","0","1","0","2","N","","","","","","","","","","","","03","","","N","N"
"1214","0","0","0","0","0","0","0","0","0","5","0","","36","07","2021","2021068574","3","40.068","-76.2944","1201","08","0","0","0","1","0","0","0","0","","0","0","0","11","1","0","00","0","40 04:04.667","","00","76 17:39.943","0","0","0","0","36101","0","0","0","N","0","0","0","3","36101","0","","1","01","N","N","0","","0","0","2","0","0","","1155","0","2","0","0","0","0","0","3","0","2","N","","","","","","","","","","","","03","","","N","N"
"1346","2","0","1","0","0","0","0","0","0","1","0","","36","06","2021","2021062392","3","40.1843","-76.6009","1341","08","0","0","0","0","0","1","0","0","","0","0","0","13","1","2","01","0","40 11:03.464","","00","76 36:03.165","2","0","0","0","36225","0","0","0","N","0","0","0","2","36505","1","","1","01","N","N","0","","0","1","0","0","0","","1339","2","2","0","0","0","0","0","2","0","2","N","","","","","","","","","","","","03","","","N",""
"1009","0","0","0","0","0","0","0","0","0","7","0","","36","06","2021","2021062391","3","40.1939","-76.5646","1006","08","0","0","0","0","0","0","0","0","","0","0","0","10","1","1","00","1","40 11:38.012","3","00","76 33:52.533","2","0","1","1","36225","0","0","0","N","0","0","0","1","36505","0","","5","01","N","N","0","","0","1","0","0","0","N","1003","1","1","0","0","0","0","0","2","0","1","N","","","","","","","","","","","1040","03","","","N","N"
"1132","1","0","0","0","0","0","0","0","0","1","0","","36","03","2021","2021023738","5","40.1089","-76.4368","1126","08","0","0","0","1","0","0","1","0","","0","0","0","11","1","3","00","1","40 06:32.110","4","00","76 26:12.430","3","0","0","0","36214","0","0","0","N","0","0","0","5","36214","0","","1","01","N","N","1","","3","0","1","0","0","N","1123","3","4","0","0","0","0","0","3","1","4","N","","","","","","","","","","","1226","03","","","N","N"
"1144","0","0","0","0","0","0","0","0","0","7","0","","36","01","2021","2021009233","4","40.0754","-76.3371","1139","08","0","0","0","0","0","0","1","0","","0","0","0","11","1","1","00","2","40 04:31.600","3","02","76 20:14.900","3","0","0","0","36101","0","0","0","N","0","0","0","1","36101","0","","7","01","N","N","1","","1","0","0","0","0","Y","1137","1","1","0","0","0","0","0","3","0","1","N","","","","","","","","","","","1245","03","03","","N","N"
"1345","1","0","0","0","0","0","0","0","0","4","0","","36","06","2021","2021062119","1","40.2272","-76.3829","1324","08","0","0","0","0","0","0","1","0","","0","0","0","13","1","0","00","0","40 13:37.775","","00","76 22:58.922","0","0","0","0","36217","0","0","0","N","0","0","0","3","68T06","0","","1","01","N","N","0","","0","0","1","0","0","","1324","0","3","0","0","0","0","0","1","0","2","N","","","","","","","","","","","","03","","","N","N"
"1544","1","0","0","0","0","0","0","0","0","2","0","","36","07","2021","2021063566","5","40.1741","-76.2937","1541","08","0","1","0","0","0","0","0","0","","0","0","0","15","1","1","00","0","40 10:26.680","","00","76 17:37.490","3","0","0","0","36235","0","0","0","N","0","0","0","2","36506","0","","1","01","N","N","0","","1","0","1","0","0","","1539","1","2","0","0","0","0","0","1","0","2","N","","","","","","","","","","","","04","","","N","N"
"0757","1","0","0","0","0","0","0","0","0","1","0","","36","03","2021","2021023571","6","40.1499","-76.4115","0732","08","0","0","0","0","1","0","0","0","","0","0","0","07","1","0","01","0","40 08:59.638","","00","76 24:41.226","0","0","0","0","36230","0","0","0","N","0","0","0","4","36410","0","","1","01","Y","N","0","","0","0","0","0","0","","0731","0","2","0","0","0","0","0","1","1","2","N","","","","","","","","","","","","03","03","","N",""
"1700","1","0","0","0","0","0","0","0","0","1","0","","36","03","2021","2021023263","3","40.0932","-76.4041","1649","08","0","0","0","0","0","1","0","0","","0","0","0","16","1","0","03","0","40 05:35.364","","00","76 24:14.848","0","0","0","0","36214","0","0","0","N","0","0","0","4","36214","0","","1","01","N","N","0","","0","0","0","0","0","","1645","0","2","0","0","0","0","0","3","1","2","N","","","","","","","","","","","","03","","","N",""
"2229","1","0","0","0","0","0","0","0","0","6","0","","36","03","2021","2021032707","1","39.8971","-76.1781","2214","08","0","0","0","1","0","1","0","0","","0","0","0","22","3","0","00","2","39 53:49.591","5","00","76 10:40.997","0","0","0","0","36229","0","0","0","N","0","0","0","3","68J01","0","","1","01","N","N","0","","0","0","2","0","0","Y","2211","0","3","0","0","1","0","0","1","0","3","N","","","","","","","","","","","2345","03","03","","N","N"
"1236","2","0","0","0","0","0","0","0","0","1","0","","36","05","2021","2021063417","7","40.0407","-76.3153","1224","08","0","0","0","0","0","0","0","0","","0","0","0","02","6","0","00","0","40 02:26.512","","00","76 18:55.022","9","0","0","0","36301","0","0","0","N","0","0","0","1","36301","0","","6","99","N","N","0","","0","0","1","0","0","N","0200","0","3","0","0","0","0","1","3","0","3","N","","","","","","","","","","","","99","","","Y","N"
"1804","2","0","0","0","0","0","0","0","0","4","0","","36","07","2021","2021067206","2","40.043","-76.3066","1800","08","0","0","0","0","0","2","0","0","","0","0","0","17","1","0","00","1","40 02:34.711","1","00","76 18:23.908","0","0","0","0","36301","0","0","0","N","0","0","0","3","36301","0","","1","01","N","N","0","","0","0","0","0","0","N","1758","0","2","0","0","0","0","0","3","0","2","N","","","","","","","","","","","1855","03","","","N","N"
"1515","1","0","0","0","0","0","0","0","0","1","0","","36","03","2021","2021025900","4","40.0236","-76.4932","1512","08","0","0","0","0","1","0","0","0","","0","0","0","15","1","0","02","2","40 01:24.848","5","00","76 29:35.455","0","0","0","0","36404","0","0","0","N","0","0","0","3","36404","0","","1","01","N","N","1","","0","0","1","0","0","Y","1512","0","3","0","0","0","0","0","3","0","3","N","","","","","","","","","","","1545","03","","","N",""
"1517","0","0","0","0","0","0","0","0","0","4","0","","36","03","2021","2021031808","6","40.2448","-76.1041","1509","08","0","0","0","0","0","1","1","0","","0","0","0","15","1","0","01","0","40 14:41.207","","00","76 06:14.899","0","0","0","0","36210","0","0","0","N","0","0","0","2","36210","0","","1","01","N","N","0","","0","0","2","3","3","","1509","0","2","0","0","0","0","0","1","0","2","N","","","","","","","","","","","","03","","","N","N"
"2341","2","0","0","0","0","0","0","0","0","1","0","","36","07","2021","2021063555","7","40.081","-76.334","2341","08","0","0","0","0","0","0","0","0","","0","0","0","23","3","0","00","0","40 04:51.580","","00","76 20:02.410","0","0","0","0","36101","0","0","0","N","0","0","0","1","36101","0","","4","01","N","N","0","","0","0","0","0","0","","2339","0","2","0","0","0","0","0","3","0","2","N","","","","","","","","","","","","03","03","","N","N"
"0407","2","0","0","0","0","0","0","0","0","1","0","","36","03","2021","2021038391","6","40.0437","-76.3024","0403","08","0","0","0","0","0","0","0","0","","0","0","0","04","3","0","00","0","40 02:37.497","","00","76 18:08.558","0","0","0","0","36301","0","0","0","N","0","0","0","1","36301","0","","6","01","N","N","0","","0","0","1","0","0","","0403","0","3","0","0","0","0","0","3","0","3","N","","","","","","","","","","","","03","03","","N","N"
"1726","1","0","0","0","0","0","0","0","0","4","0","","36","03","2021","2021028060","4","40.0878","-76.3325","1719","08","1","0","0","0","0","0","0","0","","0","0","0","17","1","0","01","0","40 05:16.227","","00","76 19:57.176","0","0","0","0","36101","0","0","0","N","0","0","0","5","36101","0","","1","09","N","N","0","","0","0","1","3","3","","1717","0","2","0","0","0","0","0","3","0","2","N","","","","","","","","","","","","07","","","N",""
"1838","2","0","0","0","0","0","0","0","0","1","0","","36","01","2021","2021009209","3","40.0543","-76.3064","1827","08","0","0","1","0","0","0","0","0","","0","0","0","18","3","0","00","0","40 03:15.570","","03","76 18:23.043","0","0","0","0","36301","0","0","0","N","0","0","0","2","36301","0","","1","09","N","N","0","","0","0","0","0","0","","1827","0","2","0","0","0","0","0","3","0","2","N","","","","","","","","","","","","07","04","","N","Y"
"0449","2","0","0","0","0","0","0","0","0","5","0","","36","03","2021","2021026359","1","40.0334","-76.297","0447","08","0","0","0","1","0","0","0","0","","0","0","0","04","3","1","00","0","40 02:00.100","","00","76 17:49.200","4","0","0","0","36301","0","0","0","N","0","0","0","2","36301","1","","1","01","N","N","0","","0","0","0","0","0","","0440","1","2","0","0","0","0","1","3","0","2","N","","","","","","","","","","","","03","","","N","N"
"1404","0","0","0","0","0","0","0","0","0","1","1","","36","07","2021","2021068790","6","40.0403","-76.502","1348","08","0","0","0","0","0","1","0","0","","0","1","0","13","1","0","00","0","40 02:25.068","","00","76 30:07.259","0","0","0","0","36404","0","0","0","N","0","0","0","2","36404","0","","1","01","N","N","1","","0","0","0","0","0","","1348","0","2","0","0","1","0","0","3","0","2","N","","","","","","","","","","","","03","03","","N","N"
"1252","2","0","0","0","0","0","0","0","0","4","0","","36","03","2021","2021022458","7","40.1","-76.3556","1242","08","0","0","0","0","0","1","0","0","","0","0","0","12","1","1","01","2","40 05:59.944","4","00","76 21:20.163","3","0","0","0","36406","0","0","0","N","0","0","0","3","36506","0","","1","01","N","N","0","","1","0","0","3","2","Y","1241","1","2","0","0","0","0","0","3","0","2","N","","","","","","","","","","","1328","03","","","N",""
"1551","1","0","0","0","0","0","0","0","0","1","0","","36","03","2021","2021022333","7","40.0278","-76.3262","1545","08","0","0","0","0","0","0","1","0","","0","0","0","15","1","1","00","0","40 01:39.968","","00","76 19:34.314","3","0","0","0","36220","0","0","0","N","0","0","0","4","36101","0","","1","01","N","N","0","","1","0","1","3","2","","1542","1","2","0","0","0","0","0","3","0","2","N","","","","","","","","","","","","03","03","","N","N"
"1615","0","0","0","0","0","0","0","0","0","1","0","","36","03","2021","2021023706","5","40.2034","-76.1169","1608","08","0","0","0","0","0","2","0","0","","0","0","0","16","1","0","02","0","40 12:12.339","","00","76 07:00.984","0","0","0","0","36210","0","0","0","N","0","0","0","2","36210","0","","1","01","N","N","0","","0","0","1","0","0","","1608","0","2","0","0","0","0","0","1","1","2","N","","","","","","","","","","","","03","","","N",""
"1249","0","0","0","0","0","0","0","0","0","4","0","","36","03","2021","2021023269","7","40.0234","-76.1978","1239","08","1","0","0","0","0","1","0","0","","0","0","0","12","1","0","00","0","40 01:24.332","","07","76 11:52.059","0","0","0","0","36215","0","0","0","N","0","0","0","6","36215","0","","1","01","N","N","1","","0","0","1","3","3","","1237","0","2","0","0","0","0","0","1","0","2","N","","","","","","","","","","","","03","","","N","N"
"1241","0","0","0","0","0","0","0","0","0","1","0","","36","07","2021","2021062224","2","40.0886","-76.3076","1236","08","0","0","0","0","0","0","1","0","","0","0","0","12","1","0","00","1","40 05:19.060","4","00","76 18:27.270","0","0","0","0","36101","0","0","0","N","0","0","0","2","36101","0","","1","01","N","N","0","","0","0","2","0","0","N","1235","0","2","0","0","0","0","0","3","0","2","N","","","","","","","","","","","1310","03","03","","N","N"
"0100","2","0","0","0","0","0","0","0","0","1","0","","36","03","2021","2021023075","1","40.1467","-76.2082","0057","08","0","0","0","0","0","0","0","0","","0","0","0","00","3","0","00","1","40 08:47.944","1","00","76 12:29.582","0","0","0","0","36238","0","0","0","N","0","0","0","1","36238","0","","6","01","N","N","0","","0","0","0","0","0","N","0057","0","3","0","0","0","0","0","3","1","3","N","","","","","","","","","","","0153","03","","","N","N"
"2059","2","0","0","0","0","0","0","0","0","7","0","","36","01","2021","2021009679","3","40.0786","-76.5817","2059","08","0","0","0","0","0","0","0","0","","0","0","0","20","3","1","00","2","40 04:42.900","7","00","76 34:54.000","8","0","0","0","36211","0","0","0","N","0","0","0","1","36504","0","","4","01","N","N","1","","0","0","0","0","0","Y","2059","1","3","0","0","0","1","0","1","0","3","N","","","","","","","","","","","0600","03","","","N","Y"
"0540","1","0","0","0","0","0","0","0","0","4","0","","36","07","2021","2021061902","7","40.1019","-76.5609","0535","08","0","0","0","0","1","1","0","0","","0","1","0","05","1","1","02","2","40 06:06.974","6","00","76 33:39.260","2","0","0","0","36211","0","0","0","N","0","0","0","2","36504","0","","1","01","N","N","0","","0","1","0","0","0","Y","0530","1","2","0","1","1","0","0","1","0","2","N","","","","","","","","","","","0924","03","","","N","N"
"1032","0","0","0","0","0","0","0","0","0","7","0","","36","06","2021","2021062819","3","40.2138","-76.4301","1027","08","0","1","0","0","0","0","0","0","","0","0","0","10","1","1","00","1","40 12:49.577","1","00","76 25:48.534","4","0","0","0","36230","0","0","0","N","0","0","0","1","36410","1","","5","09","N","N","0","","0","0","1","0","0","N","1023","1","1","0","0","0","0","0","1","0","1","N","","","","","","","","","","","1151","07","","","N","N"
"0505","1","0","0","0","0","0","0","0","0","7","0","","36","03","2021","2021030393","4","40.1293","-76.1582","0457","08","0","0","0","1","0","0","0","0","","0","0","0","04","2","0","00","0","40 07:45.602","","00","76 09:29.407","0","0","0","0","36238","0","0","0","Y","0","0","0","1","36238","0","","4","01","N","N","0","","0","0","0","0","0","","0457","0","1","0","0","0","0","0","3","0","1","N","","","","","","","","","","","","03","","","N","N"
"0231","1","0","0","0","0","0","0","0","0","8","0","","36","06","2021","2021069138","6","39.9743","-76.2794","0217","08","0","0","0","0","1","0","0","0","","1","0","0","02","2","0","00","2","39 58:27.343","2","00","76 16:45.682","1","0","0","0","36228","1","1","0","N","1","1","0","3","68J01","0","2","1","09","N","N","0","0","0","0","0","0","0","Y","0215","0","2","0","0","0","0","0","1","0","1","N","","","","","","","","","","","0640","07","07","","N","N"
"1049","2","0","0","0","0","0","0","0","0","4","0","","36","03","2021","2021027686","3","40.0335","-76.3246","1041","08","0","0","0","0","1","0","0","0","","0","0","0","10","1","0","01","1","40 02:00.452","1","00","76 19:28.588","0","0","0","0","36220","0","0","0","N","0","0","0","6","36101","0","","1","01","N","N","0","","0","0","0","3","3","N","1038","0","2","0","0","0","0","0","3","0","2","N","","","","","","","","","","","1132","03","","","N",""
"1241","1","0","0","0","0","0","0","0","0","1","0","","36","03","2021","2021022035","6","40.0358","-76.2943","1228","08","0","0","0","0","0","0","0","0","","0","0","0","12","1","1","00","0","40 02:09.000","","00","76 17:39.600","4","0","0","0","36301","0","0","0","N","0","0","0","2","36301","1","","6","01","N","N","0","","0","0","1","0","0","","1225","1","3","0","0","0","0","0","3","1","3","N","","","","","","","","","","","","03","","","Y","N"
"1405","0","0","0","0","0","0","0","0","0","1","0","","36","03","2021","2021022744","1","40.0391","-76.4333","1358","08","0","0","0","0","0","0","0","0","","0","0","0","13","1","1","00","1","40 02:20.899","6","00","76 25:59.979","3","0","0","1","36414","0","0","0","N","0","0","0","2","36239","0","","1","01","N","N","0","","1","0","1","0","0","N","1358","1","2","0","0","0","0","0","3","0","2","N","","","","","","","","","","","1438","03","03","","N","Y"
"2038","1","0","0","0","0","0","0","0","0","4","0","","36","03","2021","2021022122","6","40.1009","-76.0823","2037","08","0","0","0","0","0","1","0","0","","0","0","0","20","3","0","01","2","40 06:03.334","6","00","76 04:56.150","0","0","0","0","36415","0","0","0","N","0","0","0","2","36415","0","","1","01","N","N","0","","0","0","1","3","3","Y","2036","0","2","0","0","0","0","0","1","0","2","N","","","","","","","","","","","0100","03","03","","N",""
"1420","1","0","0","0","0","0","0","0","0","4","0","","36","03","2021","2021024121","2","40.026","-76.335","1416","08","0","0","0","1","0","0","0","0","","0","0","0","14","1","0","02","1","40 01:33.646","3","00","76 20:06.118","0","0","0","0","36220","0","0","0","N","0","0","0","2","36101","0","","1","01","N","N","0","","0","0","1","3","3","N","1414","0","2","0","0","0","0","0","3","0","2","N","","","","","","","","","","","1503","03","03","","N",""
"1729","2","0","3","0","0","0","0","0","0","4","0","","36","06","2021","2021062228","4","40.1895","-76.31","1724","08","0","1","0","0","0","1","0","0","","0","0","0","17","1","4","01","2","40 11:22.225","7","00","76 18:36.112","2","0","0","0","36235","0","0","0","N","0","0","0","6","36506","1","","1","01","N","N","1","","0","3","0","3","3","Y","1724","4","3","0","0","0","0","0","1","0","3","N","","","","","","","","","","","0130","03","","","N",""
"0627","1","0","0","0","0","0","0","0","0","7","0","","36","03","2021","2021022218","7","39.9734","-76.4178","0617","08","0","0","0","0","0","0","0","0","","0","0","0","06","5","1","00","2","39 58:24.365","6","00","76 25:03.986","3","0","0","0","36223","0","0","0","N","0","0","0","1","36223","0","","4","01","N","N","0","","1","0","0","0","0","Y","0614","1","1","0","0","0","0","0","1","0","1","N","","","","","","","","","","","0749","03","","","N","N"
"0711","0","0","0","0","0","0","0","0","0","1","0","","36","03","2021","2021024305","3","40.0789","-76.281","0703","08","0","0","0","0","0","1","0","0","","0","0","0","06","1","0","00","0","40 04:43.939","","00","76 16:51.546","0","0","0","0","36101","0","0","0","N","0","0","0","2","36101","0","","1","01","N","N","1","","0","0","0","0","0","","0657","0","2","0","0","0","0","0","3","1","2","N","","","","","","","","","","","","03","03","","N","N"
"1304","0","0","0","0","0","0","0","0","0","4","0","","36","03","2021","2021025553","6","40.0316","-76.3045","1259","08","0","0","0","0","0","0","0","0","","0","0","0","12","1","0","01","2","40 01:53.832","1","00","76 18:16.263","0","0","0","0","36301","0","0","0","N","0","0","0","4","36301","0","","1","01","N","N","0","","0","0","2","3","3","Y","1257","0","3","0","0","0","0","0","3","1","3","N","","","","","","","","","","","1400","03","","","Y",""
"1315","0","0","0","0","0","0","0","0","0","4","0","","36","03","2021","2021026335","7","40.1088","-76.0484","1311","08","0","0","0","0","0","0","0","0","","0","0","0","13","1","0","01","1","40 06:31.595","4","00","76 02:54.331","0","0","0","0","36213","0","0","0","N","0","0","0","2","36213","0","","1","01","N","N","1","","0","0","1","3","3","N","1309","0","2","0","0","0","0","0","1","0","2","N","","","","","","","","","","","1349","03","03","","N",""
"2204","2","0","0","0","0","0","0","0","0","1","0","","36","07","2021","2021062226","5","40.04","-76.3687","2157","08","0","0","0","0","0","0","0","0","","0","0","0","21","2","1","00","2","40 02:23.849","3","00","76 22:07.480","3","0","0","0","36223","0","0","0","N","0","0","0","1","36223","0","","2","09","N","N","0","","1","0","0","0","0","N","2155","1","2","0","0","0","0","0","1","0","2","N","","","","","","","","","","","2235","07","04","","N","N"
"1045","2","0","0","0","0","0","0","0","0","1","0","","36","07","2021","2021061814","1","39.9722","-76.2738","1038","08","0","0","0","0","0","1","0","0","","0","0","0","10","1","0","02","0","39 58:19.748","","00","76 16:25.601","0","0","0","0","36240","0","0","0","N","0","0","0","6","36240","0","","1","01","N","N","0","","0","0","0","3","3","","1029","0","2","0","0","2","0","0","1","0","2","N","","","","","","","","","","","","03","03","","Y","N"
"1040","1","0","0","0","0","0","0","0","0","8","0","","36","05","2021","2021045646","4","40.0382","-76.3036","1040","08","0","0","0","0","0","0","0","0","","0","0","0","10","1","1","01","2","40 02:17.489","2","00","76 18:12.922","3","0","0","0","36301","1","0","0","N","1","0","0","2","36301","0","","1","01","N","N","0","","1","0","0","3","2","Y","1040","1","2","0","0","0","0","0","3","0","1","N","","","","","","","","","","","1120","03","","","N",""
"2019","2","0","0","0","0","0","0","0","0","1","0","","36","03","2021","2021025499","6","40.0404","-76.3229","2014","08","0","0","0","0","0","0","1","0","","0","0","0","20","3","0","01","2","40 02:25.547","2","00","76 19:22.515","0","0","0","0","36301","0","0","0","N","0","0","0","3","36301","0","","1","01","N","N","0","","0","0","1","0","0","Y","2010","0","3","0","0","0","0","0","3","0","3","N","","","","","","","","","","","2042","03","03","","N","N"