"ARRIVAL_TM","AUTOMOBILE_COUNT","BELTED_DEATH_COUNT","BELTED_SUSP_SERIOUS_INJ_COUNT","BICYCLE_COUNT","BICYCLE_DEATH_COUNT","BICYCLE_SUSP_SERIOUS_INJ_COUNT","BUS_COUNT","CHLDPAS_DEATH_COUNT","CHLDPAS_SUSP_SERIOUS_INJ_COUNT","COLLISION_TYPE","COMM_VEH_COUNT","CONS_ZONE_SPD_LIM","COUNTY","CRASH_MONTH","CRASH_YEAR","CRN","DAY_OF_WEEK","DEC_LAT","DEC_LONG","DISPATCH_TM","DISTRICT","DRIVER_COUNT_16YR","DRIVER_COUNT_17YR","DRIVER_COUNT_18YR","DRIVER_COUNT_19YR","DRIVER_COUNT_20YR","DRIVER_COUNT_50_64YR","DRIVER_COUNT_65_74YR","DRIVER_COUNT_75PLUS","EST_HRS_CLOSED","FATAL_COUNT","HEAVY_TRUCK_COUNT","HORSE_BUGGY_COUNT","HOUR_OF_DAY","ILLUMINATION","INJURY_COUNT","INTERSECT_TYPE","LANE_CLOSED","LATITUDE","LN_CLOSE_DIR","LOCATION_TYPE","LONGITUDE","MAX_SEVERITY_LEVEL","MCYCLE_DEATH_COUNT","MCYCLE_SUSP_SERIOUS_INJ_COUNT","MOTORCYCLE_COUNT","MUNICIPALITY","NONMOTR_COUNT","NONMOTR_DEATH_COUNT","NONMOTR_SUSP_SERIOUS_INJ_COUNT","NTFY_HIWY_MAINT","PED_COUNT","PED_DEATH_COUNT","PED_SUSP_SERIOUS_INJ_COUNT","PERSON_COUNT","POLICE_AGCY","POSSIBLE_INJ_COUNT","RDWY_SURF_TYPE_CD","RELATION_TO_ROAD","ROAD_CONDITION","SCH_BUS_IND","SCH_ZONE_IND","SMALL_TRUCK_COUNT","SPEC_JURIS_CD","SUSP_MINOR_INJ_COUNT","SUSP_SERIOUS_INJ_COUNT","SUV_COUNT","TCD_FUNC_CD","TCD_TYPE","TFC_DETOUR_IND","TIME_OF_DAY","TOT_INJ_COUNT","TOTAL_UNITS","UNB_DEATH_COUNT","UNB_SUSP_SERIOUS_INJ_COUNT","UNBELTED_OCC_COUNT","UNK_INJ_DEG_COUNT","UNK_INJ_PER_COUNT","URBAN_RURAL","VAN_COUNT","VEHICLE_COUNT","WORK_ZONE_IND","WORK_ZONE_LOC","WORK_ZONE_TYPE","WORKERS_PRES","WZ_CLOSE_DETOUR","WZ_FLAGGER","WZ_LAW_OFFCR_IND","WZ_LN_CLOSURE","WZ_MOVING","WZ_OTHER","WZ_SHLDER_MDN","ROADWAY_CLEARED","WEATHER1","WEATHER2","WZ_WORKERS_INJ_KILLED","SECONDARY_CRASH","INTERSECTION_RELATED"
"1738","1","0","0","0","0","0","0","0","0","7","0","","36","06","2021","2021061518","5","40.0058","-76.4528","1728","08","0","0","0","0","0","0","0","0","","0","0","0","17","1","1","00","2","40 00:21.010","5","00","76 27:10.210","3","0","0","0","36223","0","0","0","N","0","0","0","2","36223","0","","5","01","N","N","0","","1","0","0","0","0","U","1723","1","1","0","0","0","0","0","1","0","1","N","","","","","","","","","","","1810","03","","","N","N"
"2007","0","0","0","0","0","0","0","0","0","4","0","","36","03","2021","2021023736","1","40.0397","-76.3643","2007","08","0","0","0","0","0","1","0","0","","0","0","0","20","3","1","01","0","40 02:22.764","","00","76 21:51.574","4","0","0","0","36214","0","0","0","N","0","0","0","5","36214","1","","1","01","N","N","0","","0","0","1","3","2","","2007","1","2","0","0","0","0","0","3","1","2","N","","","","","","","","","","","","03","03","","N",""
"0902","1","0","0","0","0","0","0","0","0","4","1","","36","06","2021","2021063205","2","40.0345","-76.3079","0857","08","0","0","0","0","0","0","0","0","","0","1","0","08","1","0","01","2","40 02:04.189","2","00","76 18:28.439","0","0","0","0","36301","0","0","0","N","0","0","0","2","36301","0","","1","01","N","N","0","","0","0","0","3","3","Y","0857","0","2","0","0","0","0","0","3","0","2","N","","","","","","","","","","","0955","03","03","","N",""
"1630","1","0","0","0","0","0","0","0","0","0","0","","36","06","2021","2021059066","6","40.164","-76.1511","1627","08","0","0","0","0","0","0","0","0","","0","0","0","16","1","1","00","1","40 09:50.289","1","00","76 09:04.090","8","0","0","0","36218","0","0","0","N","0","0","0","2","36408","0","","1","01","N","N","1","","0","0","0","0","0","N","1624","1","2","0","0","0","1","0","1","0","2","N","","","","","","","","","","","1730","03","03","","N","N"
"0035","2","0","0","0","0","0","0","0","0","7","0","","36","07","2021","2021063554","7","40.0737","-76.332","0033","08","0","0","0","0","1","0","0","0","","0","0","0","00","3","0","00","1","40 04:25.356","3","00","76 19:55.290","0","0","0","0","36101","0","0","0","Y","0","0","0","3","36101","0","","2","01","N","N","0","","0","0","0","0","0","N","0030","0","2","0","0","0","0","0","3","0","2","N","","","","","","","","","","","0055","03","","","N","N"
"0813","0","0","0","0","0","0","0","0","0","4","0","","36","03","2021","2021023076","6","40.1277","-76.1649","0806","08","0","0","0","0","0","1","0","0","","0","0","0","08","1","0","01","0","40 07:39.631","","00","76 09:53.677","0","0","0","0","36238","0","0","0","N","0","0","0","3","36238","0","","1","01","N","N","0","","0","0","1","2","3","","0806","0","2","0","0","0","0","0","3","1","2","N","","","","","","","","","","","","03","","","N",""
"1548","0","0","0","0","0","0","0","0","0","4","0","","36","03","2021","2021025707","4","40.1113","-76.2835","1536","08","0","0","0","0","0","1","0","0","","0","0","0","15","1","0","01","0","40 06:40.818","","00","76 17:00.459","0","0","0","0","36101","0","0","0","N","0","0","0","2","36101","0","","1","01","N","N","2","","0","0","0","3","2","","1532","0","2","0","0","0","0","0","3","0","2","N","","","","","","","","","","","","04","","","N",""
"0607","1","0","0","0","0","0","0","0","0","1","0","","36","03","2021","2021025228","5","40.1602","-76.3076","0605","08","0","0","0","0","0","0","0","1","","0","0","0","06","5","1","01","0","40 09:36.663","","00","76 18:27.476","3","0","0","0","36409","0","0","0","N","0","0","0","2","36409","0","","1","01","N","N","0","","1","0","1","3","2","","0602","1","2","0","0","0","0","0","3","0","2","N","","","","","","","","","","","","03","","","N",""
"2020","1","0","0","0","0","0","0","0","0","7","0","","36","06","2021","2021063608","6","40.226","-76.0649","2005","08","0","0","0","0","0","0","0","0","","0","0","0","20","4","0","00","0","40 13:33.662","","00","76 03:53.540","9","0","0","0","36202","0","0","0","N","0","0","0","1","68J01","0","","4","01","N","N","0","","0","0","0","0","0","","2005","0","1","0","0","0","0","1","1","0","1","N","","","","","","","","","","","","03","","","N","N"
"1459","1","0","0","0","0","0","0","0","0","1","0","","36","03","2021","2021026173","4","40.0493","-76.3257","1423","08","0","0","0","0","1","0","0","0","","0","0","0","13","1","2","01","0","40 02:57.526","","00","76 19:32.584","3","0","0","0","36301","0","0","0","N","0","0","0","3","36301","1","","1","01","N","N","0","","1","0","1","0","0","","1342","2","2","0","0","0","0","0","3","0","2","N","","","","","","","","","","","","03","03","","N","N"
"2302","1","0","0","0","0","0","0","0","0","7","0","","36","07","2021","2021061706","7","40.0108","-76.2657","2259","08","0","0","0","0","0","0","0","0","","0","0","0","22","3","0","00","0","40 00:38.700","","00","76 15:56.570","0","0","0","0","36240","0","0","0","Y","0","0","0","1","36240","0","","5","01","N","N","0","","0","0","0","0","0","","2257","0","1","0","0","0","0","0","1","0","1","N","","","","","","","","","","","","03","","","N","N"
"1357","0","0","0","0","0","0","0","0","0","7","0","","36","03","2021","2021023941","6","39.9997","-76.0717","1345","08","0","0","0","0","0","0","1","0","","0","0","0","13","1","0","00","0","39 59:59.077","","00","76 04:18.108","0","0","0","0","36226","0","0","0","N","0","0","0","1","68J01","0","","4","01","N","N","0","","0","0","1","0","0","","1341","0","1","0","0","0","0","0","1","0","1","N","","","","","","","","","","","","03","","","N","N"
"1944","1","0","0","0","0","0","0","0","0","0","0","","36","06","2021","2021059430","7","40.085","-76.1118","1940","08","0","0","0","0","0","1","0","0","","0","0","0","19","1","0","02","0","40 05:06.064","","00","76 06:42.555","0","0","0","0","36209","0","0","0","N","0","0","0","1","36415","0","","1","01","N","N","0","","0","0","0","3","3","","1940","0","1","0","0","1","0","0","1","0","1","N","","","","","","","","","","","","03","03","","N",""
"1412","0","0","0","0","0","0","0","0","0","4","0","","36","06","2021","2021059137","4","40.1041","-76.0845","1411","08","0","0","0","0","0","1","0","0","","0","0","0","14","1","0","02","1","40 06:14.710","2","00","76 05:04.321","0","0","0","0","36415","0","0","0","N","0","0","0","4","36415","0","","1","01","N","N","0","","0","0","2","3","2","N","1409","0","2","0","0","0","0","0","1","0","2","N","","","","","","","","","","","1420","03","","","N",""
"1735","0","0","0","0","0","0","0","0","0","1","0","","36","03","2021","2021027568","6","39.9756","-76.0382","1720","08","0","0","0","0","0","0","0","0","","0","0","1","17","1","2","00","2","39 58:32.080","7","00","76 02:17.390","2","0","0","0","36231","2","0","1","N","0","0","0","3","68J01","0","","1","01","N","N","1","","1","1","0","0","0","Y","1718","2","2","0","0","0","0","0","1","0","1","N","","","","","","","","","","","0100","03","","","N","N"
"1032","1","0","0","1","0","0","0","0","0","3","0","","36","06","2021","2021058798","6","40.0473","-76.323","1027","08","0","0","0","0","0","0","0","0","","0","0","0","10","1","1","00","0","40 02:50.432","","00","76 19:22.802","8","0","0","0","36301","1","0","0","N","0","0","0","2","36301","0","","1","01","N","N","0","","0","0","1","0","0","","1025","1","3","0","0","0","1","0","3","0","2","N","","","","","","","","","","","","03","","","N","N"
"2351","1","0","0","0","0","0","0","0","0","7","0","","36","06","2021","2021062820","1","40.1572","-76.3952","2337","08","0","0","0","0","0","0","0","0","","0","0","0","23","2","1","00","1","40 09:26.010","6","00","76 23:42.820","4","0","0","0","36410","0","0","0","N","0","0","0","1","36410","1","","5","01","N","N","0","","0","0","0","0","0","N","2337","1","1","0","0","0","0","0","2","0","1","N","","","","","","","","","","","0030","03","03","","N","N"
"1715","0","0","0","0","0","0","0","0","0","1","0","","36","06","2021","2021062818","1","40.1283","-76.4522","1701","08","0","0","0","0","0","1","0","0","","0","0","0","17","1","0","01","0","40 07:41.862","","00","76 27:08.026","0","0","0","0","36230","0","0","0","N","0","0","0","3","36410","0","","1","01","N","N","2","","0","0","0","3","2","","1701","0","2","0","0","0","0","0","1","0","2","N","","","","","","","","","","","","03","03","","N",""
"2030","1","0","0","0","0","0","0","0","0","4","0","","36","07","2021","2021062047","7","40.0169","-76.4548","2023","08","0","0","1","0","0","0","0","0","","0","0","0","20","4","1","01","1","40 01:00.844","6","00","76 27:17.122","3","0","0","0","36223","0","0","0","N","0","0","0","2","36223","0","","1","01","N","N","0","","1","0","1","3","3","Y","2022","1","2","0","0","1","0","0","1","0","2","N","","","","","","","","","","","2111","03","03","","N",""
"0853","1","0","0","0","0","0","0","0","0","4","0","","36","03","2021","2021021870","4","40.0936","-76.3506","0853","08","0","0","0","0","0","0","0","0","","0","0","0","08","1","1","01","2","40 05:36.817","5","00","76 21:02.132","3","0","0","0","36406","0","0","0","N","0","0","0","2","36506","0","","1","01","N","N","0","","1","0","0","3","2","N","0853","1","2","0","0","0","0","0","3","1","2","N","","","","","","","","","","","0935","03","","","N",""
"2218","0","0","0","0","0","0","0","0","0","0","0","","36","07","2021","2021063393","2","40.0399","-76.4666","2215","08","1","0","0","0","0","0","0","0","","0","0","0","22","2","1","00","2","40 02:23.540","6","00","76 27:59.650","3","0","0","0","36239","0","0","0","N","0","0","0","1","36239","0","","5","01","N","N","1","","1","0","0","0","0","Y","2214","1","1","0","0","0","0","0","3","0","1","N","","","","","","","","","","","0005","03","03","","N","N"
"2235","1","0","0","0","0","0","0","0","0","4","0","","36","03","2021","2021024001","6","40.1539","-76.5997","2231","08","0","0","1","0","1","0","0","0","","0","0","0","22","3","0","01","0","40 09:14.162","","00","76 35:58.842","0","0","0","0","36407","0","0","0","N","0","0","0","4","36407","0","","1","01","N","N","0","","0","0","1","3","3","","2230","0","2","0","0","0","0","0","2","0","2","N","","","","","","","","","","","","03","03","","N",""
"1930","2","0","0","0","0","0","0","0","0","4","0","","36","07","2021","2021061473","6","40.2601","-76.1156","1926","08","0","0","1","0","0","1","0","0","","0","0","0","19","1","2","00","0","40 15:36.200","","00","76 06:56.069","8","0","0","0","36236","0","0","0","N","0","0","0","3","36408","0","","1","01","N","N","0","","0","0","0","3","3","","1924","2","2","0","0","0","2","0","1","0","2","N","","","","","","","","","","","","03","03","","Y","Y"
"1529","0","0","0","0","0","0","0","0","0","1","0","","36","03","2021","2021023233","4","40.0535","-76.2721","1526","08","0","0","0","0","0","0","0","0","","0","0","0","15","1","1","00","2","40 03:12.693","6","03","76 16:19.400","4","0","0","1","36301","0","0","0","N","0","0","0","2","36301","1","","1","01","N","N","0","","0","0","1","0","0","N","1524","1","2","0","0","0","0","0","3","0","2","N","","","","","","","","","","","1620","03","03","","N","N"
"0013","1","0","0","0","0","0","0","0","0","98","0","","36","06","2021","2021060212","7","40.1318","-76.5369","0005","08","0","0","0","0","0","0","0","0","","0","0","0","00","2","0","00","0","40 07:54.367","","00","76 32:12.907","0","0","0","0","36225","0","0","0","N","0","0","0","2","36505","0","","1","01","N","N","0","","0","0","0","0","0","","0005","0","1","0","0","0","0","0","2","0","1","N","","","","","","","","","","","","03","","","N","N"
"1554","0","0","0","0","0","0","0","0","0","4","0","","36","04","2021","2021034540","3","39.9803","-76.163","1546","08","0","0","0","0","0","0","0","2","","0","0","0","15","1","0","01","1","39 58:49.236","4","00","76 09:46.621","0","0","0","0","36233","0","0","0","N","0","0","0","3","68J01","0","","1","01","N","N","1","","0","0","0","3","3","N","1544","0","2","0","0","0","0","0","1","1","2","N","","","","","","","","","","","0100","03","","","N","N"
"1723","0","0","0","0","0","0","0","0","0","7","0","","36","03","2021","2021022894","2","40.108","-76.2481","1708","08","0","0","0","0","0","1","0","0","","0","0","0","17","1","0","00","0","40 06:28.823","","00","76 14:53.033","0","0","0","0","36101","0","0","0","N","0","0","0","1","36101","0","","1","01","N","N","0","","0","0","1","0","0","","1705","0","1","0","0","0","0","0","3","0","1","N","","","","","","","","","","","","03","03","","N","N"
"2123","1","0","0","0","0","0","0","0","0","2","0","","36","07","2021","2021067769","1","40.044","-76.2941","2121","08","0","0","0","0","1","0","1","0","","0","0","0","21","3","2","01","2","40 02:38.400","3","00","76 17:38.583","3","0","0","0","36301","0","0","0","N","0","0","0","4","36301","0","","1","09","N","N","1","","2","0","0","3","3","Y","2118","2","2","0","0","1","0","0","3","0","2","N","","","","","","","","","","","2229","04","07","","N",""
"1421","0","0","0","0","0","0","0","0","0","7","0","","36","07","2021","2021061813","7","40.013","-76.2629","1414","08","0","0","0","0","0","1","0","0","","0","0","0","14","1","1","00","1","40 00:46.829","4","00","76 15:46.589","3","0","0","0","36240","0","0","0","N","0","0","0","1","36240","0","","5","09","N","N","0","","1","0","1","0","0","N","1413","1","1","0","0","0","0","0","1","0","1","N","","","","","","","","","","","1504","03","03","","N","N"
"1721","2","0","0","0","0","0","0","0","0","4","0","","36","06","2021","2021062632","3","40.0478","-76.3075","1711","08","0","0","0","0","0","0","1","0","","0","0","0","17","1","1","02","0","40 02:51.985","","00","76 18:27.154","2","0","0","0","36301","0","0","0","N","0","0","0","2","36301","0","","1","01","N","N","0","","0","1","0","3","3","","1710","1","2","0","1","1","0","0","3","0","2","N","","","","","","","","","","","","03","03","","N",""
"1112","0","0","0","0","0","0","0","0","0","4","0","","36","03","2021","2021025033","6","40.1383","-76.1002","1106","08","0","0","0","0","0","0","1","0","","0","0","0","11","1","0","01","1","40 08:17.874","3","00","76 06:00.622","0","0","0","0","36209","0","0","0","N","0","0","0","2","36415","0","","1","01","N","N","0","","0","0","2","3","3","N","1106","0","2","0","0","0","0","0","1","0","2","N","","","","","","","","","","","1140","03","","","N",""
"1513","2","0","0","0","0","0","0","0","0","1","0","","36","03","2021","2021022457","6","40.1895","-76.31","1506","08","0","0","1","0","0","0","0","0","","0","0","0","15","1","0","01","1","40 11:22.225","3","00","76 18:36.112","0","0","0","0","36235","0","0","0","N","0","0","0","2","36506","0","","1","01","Y","N","0","","0","0","0","0","0","Y","1506","0","2","0","0","0","0","0","1","0","2","N","","","","","","","","","","","0100","03","","","N",""
"0540","0","0","0","0","0","0","0","0","0","98","0","","36","07","2021","2021062736","6","39.9305","-76.1999","0521","08","0","0","0","0","0","1","0","0","","0","0","0","05","5","0","00","1","39 55:49.748","1","00","76 11:59.694","0","0","0","0","36233","0","0","0","N","0","0","0","1","68J01","0","","1","09","N","N","0","","0","0","1","0","0","N","0517","0","1","0","0","0","0","0","1","0","1","N","","","","","","","","","","","0630","03","","","N","N"
"1115","0","0","0","0","0","0","0","0","0","1","1","","36","06","2021","2021060617","7","40.0684","-76.3025","1110","08","0","0","0","0","0","1","0","0","","0","0","0","11","1","0","00","0","40 04:06.291","","00","76 18:08.836","0","0","0","0","36101","0","0","0","N","0","0","0","3","36101","0","","1","01","N","N","1","","0","0","1","0","0","","1105","0","2","0","0","0","0","0","3","0","2","N","","","","","","","","","","","","03","","","N","N"
"1457","0","0","0","0","0","0","0","0","0","4","1","","36","06","2021","2021063202","3","40.1034","-76.435","1435","08","0","0","0","0","0","0","0","0","","0","1","0","14","1","1","02","2","40 06:12.325","6","00","76 26:05.839","3","0","0","0","36239","0","0","0","N","0","0","0","2","36239","0","","1","01","N","N","1","","1","0","0","3","3","Y","1433","1","2","0","0","0","0","0","3","0","2","N","","","","","","","","","","","1550","03","03","","N",""
"0942","1","0","0","0","0","0","0","0","0","5","0","","36","03","2021","2021027027","2","40.0377","-76.3237","0940","08","0","0","0","0","0","2","0","0","","0","0","0","09","1","2","00","2","40 02:15.564","7","00","76 19:25.150","3","0","0","0","36301","0","0","0","N","0","0","0","3","36301","0","","1","01","N","N","0","","2","0","3","0","0","Y","0939","2","4","0","0","0","0","0","3","0","4","N","","","","","","","","","","","1042","03","","","N","Y"
"1047","0","0","0","0","0","0","0","0","0","2","0","","36","06","2021","2021062715","3","39.8603","-76.224","1042","08","0","0","0","0","0","0","0","0","","0","0","0","10","1","1","00","1","39 51:36.960","2","00","76 13:26.360","3","0","0","0","36208","0","0","0","N","0","0","0","1","68J01","0","","4","01","N","N","1","","1","0","0","0","0","N","1040","1","1","0","0","0","0","0","1","0","1","N","","","","","","","","","","","1115","03","03","","N","N"
"1721","0","0","0","0","0","0","0","0","0","1","0","","36","03","2021","2021023153","6","40.0596","-76.5334","1717","08","0","0","0","0","0","0","0","0","","0","0","0","17","1","0","03","2","40 03:34.535","5","00","76 32:00.331","0","0","0","0","36211","0","0","0","N","0","0","0","2","36504","0","","1","01","N","N","0","","0","0","2","0","0","Y","1715","0","2","0","0","0","0","0","1","0","2","N","","","","","","","","","","","1808","03","03","","N","N"
"1020","1","0","0","0","0","0","0","0","0","1","0","","36","04","2021","2021036911","1","40.1832","-76.1918","1016","08","0","0","0","0","0","2","0","0","","0","0","0","10","1","0","01","0","40 10:59.536","","00","76 11:30.551","0","0","0","0","36408","0","0","0","N","0","0","0","2","36408","0","","1","09","N","N","0","","0","0","1","3","2","","1016","0","2","0","0","0","0","0","2","0","2","N","","","","","","","","","","","","07","","","N","N"
"2110","0","0","0","0","0","0","0","0","0","4","0","","36","06","2021","2021061200","6","40.0091","-76.3101","2110","08","0","0","0","0","0","0","0","0","","0","0","0","21","2","0","00","0","40 00:32.600","","00","76 18:36.470","0","0","0","0","36220","0","0","0","N","0","0","0","1","36101","0","","1","01","N","N","0","","0","0","2","0","0","","2110","0","2","0","0","0","0","0","3","0","2","N","","","","","","","","","","","","03","03","","N","N"
"1246","1","0","0","0","0","0","0","0","0","1","0","","36","07","2021","2021069655","7","40.0299","-76.3187","1244","08","0","0","0","0","0","0","0","0","","0","0","0","12","1","0","00","1","40 01:47.575","4","00","76 19:07.384","0","0","0","0","36301","0","0","0","N","0","0","0","1","36301","0","","1","01","N","N","1","","0","0","0","0","0","N","1242","0","2","0","0","0","0","0","3","0","2","N","","","","","","","","","","","1333","03","03","","N","N"
"0939","1","0","0","0","0","0","0","0","0","3","0","","36","07","2021","2021068789","6","40.0319","-76.4917","0937","08","0","0","1","0","0","1","0","0","","0","0","0","09","1","0","00","0","40 01:54.886","","07","76 29:30.226","0","0","0","0","36404","0","0","0","N","0","0","0","3","36404","0","","4","01","N","N","0","","0","0","1","0","0","","0934","0","2","0","0","0","0","0","3","0","2","N","","","","","","","","","","","","03","","","N","N"
"1409","2","0","0","0","0","0","0","0","0","4","0","","36","07","2021","2021062587","2","40.0579","-76.2808","1404","08","0","0","0","0","0","0","0","2","","0","0","0","14","1","1","01","0","40 03:28.276","","00","76 16:50.908","3","0","0","0","36101","0","0","0","N","0","0","0","2","36101","0","","1","01","N","N","0","","1","0","0","3","2","","1402","1","2","0","0","0","0","0","3","0","2","N","","","","","","","","","","","","03","","","N",""
"2045","2","0","0","0","0","0","0","0","0","8","0","","36","03","2021","2021024006","6","40.0505","-76.308","2041","08","0","0","0","0","0","1","0","0","","0","0","0","20","3","1","00","0","40 03:01.693","","00","76 18:28.972","3","0","0","0","36301","1","0","0","N","1","0","0","2","36301","0","","6","01","N","N","0","","1","0","0","0","0","","2039","1","3","0","0","0","0","0","3","0","2","N","","","","","","","","","","","","03","","","N","N"
"0318","0","0","0","0","0","0","0","0","0","0","0","","36","03","2021","2021044644","6","","","0303","08","0","0","0","0","0","0","0","0","","0","0","0","03","3","1","00","2","","3","00","","2","0","1","1","36234","0","0","0","N","0","0","0","1","68J01","0","","1","01","N","N","0","","0","1","0","0","0","N","0303","1","1","0","0","0","0","0","1","0","1","N","","","","","","","","","","","0400","03","03","","N","N"
"2259","1","0","0","0","0","0","0","0","0","2","0","","36","03","2021","2021035782","6","39.8549","-76.1649","2259","08","0","1","1","0","0","0","0","0","","0","0","0","22","2","2","00","2","39 51:17.800","5","00","76 09:53.800","3","0","0","0","36212","0","0","0","N","0","0","0","2","68J01","0","","1","01","N","N","1","","1","0","0","0","0","Y","2259","2","2","0","0","1","1","0","1","0","2","N","","","","","","","","","","","2355","03","03","","N","N"
"0500","2","0","0","0","0","0","0","0","0","4","0","","36","06","2021","2021058972","4","40.0494","-76.3058","0450","08","0","0","0","0","0","0","0","0","","0","0","0","04","3","0","00","0","40 02:57.944","","00","76 18:20.892","9","0","0","0","36301","0","0","0","N","0","0","0","1","36301","0","","2","01","N","N","0","","0","0","0","0","0","","0450","0","2","0","0","0","0","1","3","0","2","N","","","","","","","","","","","","03","03","","N","N"
"1303","0","0","0","0","0","0","0","0","0","0","0","","36","07","2021","2021063563","5","40.0334","-76.2473","1258","08","0","0","0","0","0","0","0","0","","0","0","0","12","1","0","02","0","40 02:00.388","","00","76 14:50.421","0","0","0","0","36215","0","0","0","N","0","0","0","1","36215","0","","1","01","N","N","1","","0","0","0","0","0","","1258","0","1","0","0","0","0","0","1","0","1","N","","","","","","","","","","","","03","","","N",""
"0650","0","0","0","0","0","0","0","0","0","1","0","","36","03","2021","2021021580","4","40.2172","-76.4329","0639","08","0","0","0","0","0","1","0","0","","0","0","0","06","5","0","00","0","40 13:02.039","","00","76 25:58.476","0","0","0","0","36230","0","0","0","N","0","0","0","2","36410","0","","1","01","N","N","1","","0","0","1","0","0","","0639","0","3","0","0","0","0","0","1","0","2","N","","","","","","","","","","","","03","03","","N","N"
"1325","0","0","0","0","0","0","0","0","0","8","0","","36","03","2021","2021028200","6","40.0379","-76.3066","1316","08","0","0","0","0","0","0","0","0","","0","0","0","13","1","1","00","1","40 02:16.301","3","00","76 18:23.803","2","0","0","1","36301","1","0","1","N","1","0","1","2","36301","0","","1","01","N","N","0","","0","1","0","0","0","N","1315","1","2","0","0","0","0","0","3","0","1","N","","","","","","","","","","","1345","03","03","","N","N"
"1535","1","0","0","0","0","0","0","0","0","1","0","","36","03","2021","2021021576","4","40.067","-76.3323","1530","08","0","0","0","0","0","0","0","0","","0","0","0","15","1","0","00","1","40 04:01.744","4","00","76 19:55.725","0","0","0","0","36101","0","0","0","N","0","0","0","2","36101","0","","1","01","N","N","0","","0","0","1","0","0","N","1525","0","2","0","0","0","0","0","3","0","2","N","","","","","","","","","","","0050","03","","","N","N"
"1708","1","0","0","0","0","0","0","0","0","1","0","","36","07","2021","2021063201","4","40.0706","-76.3079","1708","08","0","0","0","0","1","1","0","0","","0","0","0","17","1","0","00","1","40 04:14.027","2","00","76 18:28.555","0","0","0","0","36101","0","0","0","N","0","0","0","5","36101","0","","1","01","N","N","0","","0","0","1","0","0","N","1705","0","2","0","0","0","0","0","3","0","2","N","","","","","","","","","","","1737","03","","","N","N"
"1250","1","0","0","0","0","0","0","0","0","1","0","","36","03","2021","2021022119","6","40.0742","-76.3084","1243","08","0","0","0","0","0","1","2","0","","0","0","0","12","1","0","00","0","40 04:27.015","","00","76 18:30.402","0","0","0","0","36101","0","0","0","N","0","0","0","4","36101","0","","1","01","N","N","1","","0","0","1","0","0","","1241","0","3","0","0","0","0","0","3","0","3","N","","","","","","","","","","","","03","03","","N","N"
"1925","0","0","0","0","0","0","0","0","0","0","0","","36","03","2021","2021035017","6","40.0537","-76.1309","1907","08","0","0","0","0","0","0","0","0","","0","0","0","19","2","1","00","0","40 03:13.258","","00","76 07:51.369","8","0","0","1","36221","0","0","0","N","0","0","0","1","68J01","0","","4","01","N","N","0","","0","0","0","0","0","","1902","1","1","0","0","0","1","0","1","0","1","N","","","","","","","","","","","","03","","","N","N"
"0956","1","0","0","0","0","0","0","0","0","98","0","","36","07","2021","2021062030","5","39.9605","-76.2675","0947","08","0","0","0","0","0","0","0","1","","0","0","0","09","1","0","00","0","39 57:37.747","","00","76 16:02.835","0","0","0","0","36228","0","0","0","N","0","0","0","1","36228","0","","1","01","N","N","0","","0","0","0","0","0","","0947","0","1","0","0","0","0","0","1","0","1","N","","","","","","","","","","","","04","","","N","N"
"1919","2","0","0","0","0","0","0","0","0","1","0","","36","06","2021","2021062239","7","40.1862","-76.1333","1914","08","0","1","0","0","0","0","0","0","","0","0","0","19","1","0","00","0","40 11:10.243","","00","76 07:59.885","0","0","0","0","36218","0","0","0","N","0","0","0","2","36408","0","","1","01","N","N","0","","0","0","0","0","0","","1914","0","2","0","0","0","0","0","1","0","2","N","","","","","","","","","","","","03","","","N","N"
"1033","1","0","0","0","0","0","0","0","0","1","0","","36","07","2021","2021062814","3","40.1165","-76.3792","1016","08","0","0","0","0","0","0","2","0","","0","0","0","10","1","2","00","0","40 06:59.360","","00","76 22:45.240","3","0","0","0","36214","0","0","0","N","0","0","0","3","36214","0","","1","01","N","N","0","","1","0","1","3","8","","1010","2","2","0","0","0","1","0","3","0","2","N","","","","","","","","","","","","03","03","","N","N"
"1124","0","0","0","0","0","0","0","0","0","4","0","","36","03","2021","2021025918","2","40.1509","-76.6074","1122","08","0","0","0","1","0","0","0","0","","0","0","0","11","1","0","01","0","40 09:03.364","","00","76 36:26.822","0","0","0","0","36407","0","0","0","N","0","0","0","3","36407","0","","1","01","N","N","1","","0","0","1","3","3","","1122","0","2","0","0","0","0","0","2","0","2","N","","","","","","","","","","","","03","","","N",""
"0540","1","0","0","0","0","0","0","0","0","1","0","","36","06","2021","2021062821","3","40.124","-76.472","0529","08","0","0","0","0","0","1","0","0","","0","0","0","05","5","1","02","1","40 07:26.286","4","00","76 28:19.173","2","0","0","0","36230","0","0","0","N","0","0","0","2","36410","0","","1","01","N","N","1","","0","1","0","0","0","N","0529","1","2","0","1","2","0","0","1","0","2","N","","","","","","","","","","","0601","03","03","","N",""
"1350","0","0","0","0","0","0","0","0","0","5","1","","36","07","2021","2021062138","5","40.2423","-76.148","1323","08","0","0","0","0","0","1","0","0","","0","1","0","13","1","0","00","1","40 14:32.083","4","00","76 08:51.710","0","0","0","0","36236","0","0","0","N","0","0","0","2","68T06","0","","1","01","N","N","0","","0","0","1","0","0","N","1323","0","2","0","0","0","0","0","1","0","2","N","","","","","","","","","","","0030","03","","","N","N"