"ARRIVAL_TM","AUTOMOBILE_COUNT","BELTED_DEATH_COUNT","BELTED_SUSP_SERIOUS_INJ_COUNT","BICYCLE_COUNT","BICYCLE_DEATH_COUNT","BICYCLE_SUSP_SERIOUS_INJ_COUNT","BUS_COUNT","CHLDPAS_DEATH_COUNT","CHLDPAS_SUSP_SERIOUS_INJ_COUNT","COLLISION_TYPE","COMM_VEH_COUNT","CONS_ZONE_SPD_LIM","COUNTY","CRASH_MONTH","CRASH_YEAR","CRN","DAY_OF_WEEK","DEC_LAT","DEC_LONG","DISPATCH_TM","DISTRICT","DRIVER_COUNT_16YR","DRIVER_COUNT_17YR","DRIVER_COUNT_18YR","DRIVER_COUNT_19YR","DRIVER_COUNT_20YR","DRIVER_COUNT_50_64YR","DRIVER_COUNT_65_74YR","DRIVER_COUNT_75PLUS","EST_HRS_CLOSED","FATAL_COUNT","HEAVY_TRUCK_COUNT","HORSE_BUGGY_COUNT","HOUR_OF_DAY","ILLUMINATION","INJURY_COUNT","INTERSECT_TYPE","LANE_CLOSED","LATITUDE","LN_CLOSE_DIR","LOCATION_TYPE","LONGITUDE","MAX_SEVERITY_LEVEL","MCYCLE_DEATH_COUNT","MCYCLE_SUSP_SERIOUS_INJ_COUNT","MOTORCYCLE_COUNT","MUNICIPALITY","NONMOTR_COUNT","NONMOTR_DEATH_COUNT","NONMOTR_SUSP_SERIOUS_INJ_COUNT","NTFY_HIWY_MAINT","PED_COUNT","PED_DEATH_COUNT","PED_SUSP_SERIOUS_INJ_COUNT","PERSON_COUNT","POLICE_AGCY","POSSIBLE_INJ_COUNT","RDWY_SURF_TYPE_CD","RELATION_TO_ROAD","ROAD_CONDITION","SCH_BUS_IND","SCH_ZONE_IND","SMALL_TRUCK_COUNT","SPEC_JURIS_CD","SUSP_MINOR_INJ_COUNT","SUSP_SERIOUS_INJ_COUNT","SUV_COUNT","TCD_FUNC_CD","TCD_TYPE","TFC_DETOUR_IND","TIME_OF_DAY","TOT_INJ_COUNT","TOTAL_UNITS","UNB_DEATH_COUNT","UNB_SUSP_SERIOUS_INJ_COUNT","UNBELTED_OCC_COUNT","UNK_INJ_DEG_COUNT","UNK_INJ_PER_COUNT","URBAN_RURAL","VAN_COUNT","VEHICLE_COUNT","WORK_ZONE_IND","WORK_ZONE_LOC","WORK_ZONE_TYPE","WORKERS_PRES","WZ_CLOSE_DETOUR","WZ_FLAGGER","WZ_LAW_OFFCR_IND","WZ_LN_CLOSURE","WZ_MOVING","WZ_OTHER","WZ_SHLDER_MDN","ROADWAY_CLEARED","WEATHER1","WEATHER2","WZ_WORKERS_INJ_KILLED","SECONDARY_CRASH","INTERSECTION_RELATED"
"1706","2","0","0","0","0","0","0","0","0","1","0","","36","03","2021","2021033202","5","39.98","-76.3111","1657","08","0","0","0","0","0","0","0","0","","0","0","0","16","1","2","01","0","39 58:48.043","","00","76 18:40.056","8","0","0","0","36228","0","0","0","N","0","0","0","2","36228","0","","1","01","N","N","0","","0","0","0","3","2","","1657","2","2","0","0","0","2","0","1","0","2","N","","","","","","","","","","","","03","","","N",""
"1043","2","0","0","0","0","0","0","0","0","1","0","","36","03","2021","2021025029","2","40.0482","-76.2516","1035","08","0","0","0","0","0","0","0","0","","0","0","0","10","1","3","00","1","40 02:53.656","4","00","76 15:05.781","4","0","0","0","36215","0","0","0","N","0","0","0","4","36215","3","","1","01","N","N","0","","0","0","0","0","0","N","1033","3","2","0","0","1","0","0","1","0","2","N","","","","","","","","","","","1138","03","03","","Y","N"
"0920","1","0","0","0","0","0","0","0","0","2","0","","36","03","2021","2021023817","7","40.0075","-76.0391","0902","08","0","0","0","0","1","1","0","0","","0","0","0","09","1","1","00","1","40 00:26.942","2","00","76 02:20.756","8","0","0","0","36232","0","0","0","N","0","0","0","2","68J01","0","","1","01","N","N","1","","0","0","0","0","0","N","0901","1","2","0","0","0","1","0","1","0","2","N","","","","","","","","","","","1020","03","","","N","N"
"1115","0","0","0","0","0","0","0","0","0","4","0","","36","07","2021","2021062229","6","40.1903","-76.3081","1114","08","0","0","0","0","0","1","0","0","","0","0","0","11","1","0","02","1","40 11:24.912","5","00","76 18:29.319","0","0","0","0","36235","0","0","0","N","0","0","0","2","36506","0","","1","01","N","N","2","","0","0","0","3","3","N","1112","0","2","0","0","0","0","0","1","0","2","N","","","","","","","","","","","1145","04","","","N",""
"0642","1","0","0","0","0","0","0","0","0","7","0","","36","07","2021","2021062601","2","39.9994","-76.2426","0640","08","0","0","0","0","0","0","0","0","","0","0","0","06","1","0","00","1","39 59:57.787","3","00","76 14:33.505","0","0","0","0","36240","0","0","0","N","0","0","0","1","36240","0","","5","01","N","N","0","","0","0","0","0","0","N","0635","0","1","0","0","1","0","0","1","0","1","N","","","","","","","","","","","0728","03","","","N","N"
"2020","1","0","0","0","0","0","0","0","0","1","0","","36","03","2021","2021023435","2","40.1585","-76.1377","2011","08","0","1","0","0","0","0","0","0","","0","0","0","20","2","1","00","1","40 09:30.566","3","00","76 08:15.559","3","0","0","0","36209","0","0","0","N","0","0","0","7","36415","0","","1","01","N","N","1","","1","0","1","0","0","N","2010","1","3","0","0","0","0","0","1","0","3","N","","","","","","","","","","","2102","03","","","N","N"
"0806","0","0","0","0","0","0","0","0","0","7","0","","36","06","2021","2021062388","5","40.1924","-76.5708","0753","08","0","0","0","0","0","0","0","0","","0","0","0","07","1","0","00","2","40 11:32.614","2","00","76 34:14.921","0","0","0","0","36225","0","0","0","N","0","0","0","1","36505","0","","4","01","N","N","0","","0","0","1","0","0","N","0750","0","1","0","0","0","0","0","2","0","1","N","","","","","","","","","","","0830","03","03","","N","N"
"2259","0","0","0","0","0","0","0","0","0","7","0","","36","03","2021","2021022743","6","40.0272","-76.455","2249","08","0","0","0","0","0","0","0","0","","0","0","0","22","2","0","00","0","40 01:38.030","","00","76 27:18.040","0","0","0","0","36239","0","0","0","N","0","0","0","1","36239","0","","4","01","N","N","1","","0","0","0","0","0","","2246","0","1","0","0","0","0","0","3","0","1","N","","","","","","","","","","","","03","","","N","N"
"1639","1","0","0","0","0","0","0","0","0","1","0","","36","03","2021","2021029101","2","40.1939","-76.2053","1632","08","0","0","1","0","0","0","1","0","","0","0","0","16","1","0","02","0","40 11:38.076","","00","76 12:19.095","0","0","0","0","36218","0","0","0","N","0","0","0","2","36408","0","","1","01","N","N","0","","0","0","1","0","0","","1632","0","2","0","0","0","0","0","1","0","2","N","","","","","","","","","","","","03","","","N",""
"2050","1","0","0","0","0","0","0","0","0","4","0","","36","03","2021","2021023056","3","40.0358","-76.3142","2050","08","0","0","0","0","0","1","0","0","","0","0","0","20","3","0","01","0","40 02:08.740","","00","76 18:51.097","0","0","0","0","36301","0","0","0","N","0","0","0","4","36301","0","","1","01","N","N","1","","0","0","0","3","3","","2047","0","2","0","0","0","0","0","3","0","2","N","","","","","","","","","","","","03","","","N",""
"1536","2","0","0","0","0","0","0","0","0","1","0","","36","07","2021","2021064730","2","40.1579","-76.5922","1531","08","0","0","0","0","1","1","0","0","","0","0","0","15","1","0","00","1","40 09:28.469","3","00","76 35:31.962","0","0","0","0","36407","0","0","0","N","0","0","0","3","36407","0","","1","01","N","N","0","","0","0","0","0","0","Y","1530","0","2","0","0","0","0","0","2","0","2","N","","","","","","","","","","","1611","04","","","N","Y"
"1057","1","0","0","0","0","0","0","0","0","4","0","","36","06","2021","2021062223","1","40.1064","-76.3055","1054","08","0","0","0","0","0","1","0","0","","0","0","0","10","1","2","01","2","40 06:22.882","1","00","76 18:19.646","3","0","0","0","36101","0","0","0","N","0","0","0","2","36101","0","","1","01","N","N","1","","2","0","0","3","2","Y","1053","2","2","0","0","0","0","0","3","0","2","N","","","","","","","","","","","1145","03","03","","N",""
"1739","1","0","0","0","0","0","0","0","0","1","0","","36","03","2021","2021025225","5","40.1039","-76.3054","1731","08","0","0","0","0","1","0","0","0","","0","0","0","17","1","0","02","0","40 06:14.053","","00","76 18:19.476","0","0","0","0","36101","0","0","0","N","0","0","0","3","36101","0","","1","01","N","N","0","","0","0","2","0","0","","1730","0","3","0","0","0","0","0","3","0","3","N","","","","","","","","","","","","03","03","","N","N"
"0904","2","0","0","0","0","0","0","0","0","4","0","","36","06","2021","2021059960","5","40.291","-76.1482","0856","08","0","0","0","0","0","0","2","0","","0","0","0","08","1","1","01","2","40 17:27.754","7","00","76 08:53.537","8","0","0","0","36236","0","0","0","N","0","0","0","2","36408","0","","1","01","N","N","0","","0","0","0","3","3","Y","0854","1","2","0","0","0","1","0","1","0","2","N","","","","","","","","","","","0945","03","03","","N",""
"1015","2","0","0","0","0","0","0","0","0","4","0","","36","03","2021","2021024307","7","40.0685","-76.3074","1012","08","0","0","0","0","0","1","0","0","","0","0","0","10","1","1","01","1","40 04:06.527","1","00","76 18:26.750","8","0","0","0","36101","0","0","0","N","0","0","0","2","36101","0","","1","01","N","N","0","","0","0","0","3","2","N","1011","1","2","0","0","0","1","0","3","0","2","N","","","","","","","","","","","1100","03","03","","N",""
"1528","1","0","0","0","0","0","0","0","0","8","0","","36","07","2021","2021067533","2","40.0497","-76.2956","1525","08","0","0","0","0","0","0","0","0","","0","0","0","15","1","1","01","0","40 02:58.862","","00","76 17:44.113","3","0","0","0","36301","1","0","0","N","1","0","0","2","36301","0","","1","01","N","N","0","","1","0","0","3","3","","1523","1","2","0","0","0","0","0","3","0","1","N","","","","","","","","","","","","03","","","N","N"
"0944","1","0","0","0","0","0","0","0","0","4","0","","36","03","2021","2021023089","7","40.1559","-76.3435","0939","08","0","0","0","0","0","1","0","0","","0","0","0","09","1","2","01","0","40 09:21.372","","00","76 20:36.769","3","0","0","0","36227","0","0","0","N","0","0","0","5","36506","1","","1","01","N","N","0","","1","0","0","3","3","","0938","2","2","0","0","0","0","0","1","1","2","N","","","","","","","","","","","","03","","","N",""
"1133","1","0","0","0","0","0","0","0","0","7","0","","36","06","2021","2021062389","1","40.1592","-76.6288","1128","08","0","0","0","0","0","0","0","1","","0","0","0","11","1","1","00","1","40 09:33.185","3","00","76 37:43.657","8","0","0","0","36237","0","0","0","N","0","0","0","1","36505","0","","5","01","N","N","0","","0","0","0","0","0","N","1123","1","1","0","0","0","1","0","1","0","1","N","","","","","","","","","","","1215","03","03","","N","N"
"1702","0","0","0","0","0","0","0","0","0","4","0","","36","06","2021","2021061753","2","40.0451","-76.2837","1659","08","0","0","0","0","0","1","0","0","","0","0","0","16","1","1","01","2","40 02:42.268","5","00","76 17:01.281","8","0","0","0","36301","0","0","0","N","0","0","0","2","36301","0","","1","01","N","N","0","","0","0","2","3","2","Y","1659","1","2","0","0","0","1","0","3","0","2","N","","","","","","","","","","","1744","03","","","N",""
"0807","1","0","0","0","0","0","0","0","0","98","0","","36","10","2021","2021105495","2","40.1463","-76.1873","0759","08","0","0","0","0","0","0","0","0","","0","0","0","07","2","0","00","0","40 08:46.723","","00","76 11:14.259","0","0","0","0","36238","0","0","0","N","0","0","0","1","36238","0","","1","01","N","N","0","","0","0","0","0","0","","0759","0","1","0","0","0","0","0","3","0","1","N","","","","","","","","","","","","03","","","N","N"
"1544","0","0","0","0","0","0","0","0","0","4","0","","36","10","2021","2021100548","4","39.9919","-76.0198","1530","08","0","0","0","0","0","0","0","0","","0","0","0","15","1","0","00","1","39 59:31.017","3","07","76 01:11.363","0","0","0","0","36232","0","0","0","N","0","0","0","2","68J01","0","","1","01","N","N","1","","0","0","1","3","2","N","1514","0","2","0","0","0","0","0","1","0","2","N","","","","","","","","","","","1607","03","","","N","N"
"1619","1","0","0","0","0","0","0","0","0","4","0","","36","10","2021","2021098367","6","40.0577","-76.5506","1614","08","0","0","0","0","0","0","0","0","","0","0","0","16","1","2","01","2","40 03:27.561","7","00","76 33:02.008","3","0","0","0","36411","0","0","0","N","0","0","0","4","36504","0","","1","01","N","N","0","","2","0","0","0","0","Y","1612","2","2","0","0","1","0","0","1","1","2","N","","","","","","","","","","","1707","03","","","N",""
"0522","0","0","0","0","0","0","0","0","0","7","0","","36","10","2021","2021097062","2","40.2167","-76.104","0444","08","0","0","0","0","0","0","0","0","","0","0","0","04","2","1","00","0","40 13:00.100","","00","76 06:14.400","8","0","0","1","36210","0","0","0","N","0","0","0","1","36210","0","","4","01","N","N","0","","0","0","0","0","0","","0444","1","1","0","0","0","1","0","1","0","1","N","","","","","","","","","","","","03","","","N","N"
"0703","1","0","0","0","0","0","0","0","0","1","0","","36","10","2021","2021120794","4","40.0435","-76.2474","0654","08","0","0","0","0","0","0","0","0","","0","0","0","06","5","1","00","0","40 02:36.576","","00","76 14:50.768","3","0","0","0","36215","0","0","0","N","0","0","0","3","36215","0","","1","01","N","N","1","","1","0","0","0","0","","0654","1","2","0","0","0","0","0","1","0","2","N","","","","","","","","","","","","03","03","","N","N"
"1059","0","0","0","0","0","0","0","0","0","4","0","","36","10","2021","2021104973","6","39.8986","-76.1593","1056","08","0","0","0","0","0","1","0","0","","0","0","0","10","1","2","01","1","39 53:54.870","3","00","76 09:33.620","3","0","0","0","36416","0","0","0","N","0","0","0","5","36416","0","","1","01","N","N","1","","2","0","1","3","3","Y","1056","2","2","0","0","0","0","0","1","0","2","N","","","","","","","","","","","1120","04","04","","N","N"
"1518","1","0","0","0","0","0","0","0","0","1","0","","36","10","2021","2021098587","7","40.0354","-76.3031","1515","08","0","0","0","0","0","0","0","0","","0","0","0","14","1","1","00","0","40 02:07.597","","00","76 18:11.034","3","0","0","0","36301","0","0","0","N","0","0","0","4","36301","0","","1","09","N","N","0","","1","0","1","0","0","","1439","1","2","0","0","0","0","0","3","0","2","N","","","","","","","","","","","","07","07","","N","Y"
"1232","0","0","0","0","0","0","0","0","0","7","0","","36","10","2021","2021103849","3","40.1754","-76.6022","1226","08","0","0","0","0","0","0","0","0","","0","0","0","12","1","1","00","1","40 10:31.609","2","00","76 36:07.955","2","0","1","1","36225","0","0","0","N","0","0","0","1","36505","0","","4","01","N","N","0","","0","1","0","0","0","N","1225","1","1","0","0","0","0","0","2","0","1","N","","","","","","","","","","","1410","04","03","","N","N"
"2048","0","0","0","0","0","0","0","0","0","98","0","","36","10","2021","2021097205","2","39.9617","-76.3113","2041","08","0","0","0","0","0","1","0","0","","0","0","0","20","2","1","00","2","39 57:42.200","6","00","76 18:40.600","8","0","0","1","36228","0","0","0","N","0","0","0","2","36228","0","","1","01","N","N","0","","0","0","1","0","0","Y","2041","1","2","0","0","0","1","0","1","0","2","N","","","","","","","","","","","2116","03","03","","N","N"
"0635","1","0","0","0","0","0","0","0","0","6","0","","36","10","2021","2021098870","3","40.1803","-76.1994","0628","08","0","0","0","0","0","0","0","0","","0","0","0","06","5","0","00","0","40 10:48.900","","00","76 11:58.000","0","0","0","0","36218","0","0","0","N","0","0","0","1","36408","0","","6","01","N","N","0","","0","0","1","0","0","","0628","0","2","0","0","0","0","0","1","0","2","N","","","","","","","","","","","","03","","","N","N"
"0045","0","0","0","0","0","0","0","0","0","1","0","65","36","10","2021","2021108631","5","40.1662","-76.5853","0045","08","0","0","0","0","0","1","0","0","","0","0","0","00","2","0","00","0","40 09:58.305","","00","76 35:06.993","0","0","0","0","36225","0","0","0","N","0","0","0","2","68J01","0","","1","01","N","N","0","","0","0","2","0","0","","0040","0","2","0","0","0","0","0","2","0","2","Y","4","2","Y","N","N","Y","Y","N","Y","N","","05","","N","N","N"
"1215","1","0","0","0","0","0","0","0","0","98","0","","36","10","2021","2021103850","2","40.1302","-76.5278","1215","08","0","0","0","0","0","0","0","0","","0","0","0","00","2","0","00","0","40 07:48.612","","00","76 31:40.045","0","0","0","0","36225","0","0","0","N","0","0","0","1","36505","0","","1","01","N","N","0","","0","0","0","0","0","","0000","0","1","0","0","0","0","0","2","0","1","N","","","","","","","","","","","","03","03","","N","N"
"0638","0","0","0","0","0","0","0","0","0","7","0","","36","10","2021","2021098467","2","40.1713","-76.1238","0627","08","0","0","0","0","0","1","0","0","","0","0","0","06","3","1","01","0","40 10:16.682","","00","76 07:25.649","3","0","0","0","36218","0","0","0","N","0","0","0","1","36408","0","","4","01","N","N","0","","1","0","0","3","3","","0627","1","1","0","0","0","0","0","1","1","1","N","","","","","","","","","","","","03","","","N","N"
"1212","0","0","0","0","0","0","0","0","0","4","0","","36","10","2021","2021097133","3","40.096","-76.1131","1204","08","0","0","0","0","0","0","0","1","","0","0","0","12","1","0","02","0","40 05:45.452","","07","76 06:47.055","0","0","0","0","36209","0","0","0","N","0","0","0","2","36415","0","","1","01","N","N","0","","0","0","1","3","3","","1204","0","2","0","0","0","0","0","1","1","2","N","","","","","","","","","","","","04","","","N",""
"0355","3","0","0","0","0","0","0","0","0","2","0","","36","10","2021","2021100463","7","39.9962","-76.365","0341","08","0","0","0","0","0","0","0","0","","0","0","0","03","3","0","00","0","39 59:46.370","","00","76 21:53.990","0","0","0","0","36223","0","0","0","N","0","0","0","1","36223","0","","6","01","N","N","0","","0","0","1","0","0","","0341","0","4","0","0","0","0","0","1","0","4","N","","","","","","","","","","","","03","03","","Y","N"
"1250","0","0","0","0","0","0","0","0","0","4","0","","36","10","2021","2021095195","4","40.0788","-76.3373","1242","08","0","0","0","0","0","1","0","0","","0","0","0","12","1","1","00","1","40 04:43.700","4","07","76 20:14.400","3","0","0","0","36101","0","0","0","N","0","0","0","3","36101","0","","1","01","N","N","0","","1","0","2","0","0","N","1240","1","2","0","0","0","0","0","3","0","2","N","","","","","","","","","","","1324","03","03","","N","N"
"1522","2","0","0","0","0","0","0","0","0","4","0","","36","10","2021","2021103469","4","40.2228","-76.0981","1519","08","0","0","0","0","0","0","0","0","","0","0","0","15","1","0","00","0","40 13:22.000","","07","76 05:53.100","0","0","0","0","36210","0","0","0","N","0","0","0","3","36210","0","","1","01","N","N","0","","0","0","0","0","0","","1519","0","2","0","0","0","0","0","1","0","2","N","","","","","","","","","","","","03","","","N","Y"
"1712","1","0","0","0","0","0","0","0","0","4","0","","36","10","2021","2021100102","3","39.9909","-76.0131","1711","08","0","0","0","0","0","1","1","0","","0","0","0","17","1","0","02","0","39 59:27.182","","00","76 00:47.291","0","0","0","0","36232","0","0","0","N","0","0","0","3","68J01","0","","4","01","N","N","0","","0","0","0","0","0","","1707","0","2","0","0","0","0","0","1","1","2","N","","","","","","","","","","","","03","","","N","N"
"1530","1","0","0","0","0","0","0","0","0","98","0","","36","10","2021","2021099818","2","40.0976","-76.4056","1520","08","0","0","0","0","0","0","1","0","","0","0","0","15","1","0","00","0","40 05:51.386","","00","76 24:19.991","0","0","0","0","36214","0","0","0","N","0","0","0","1","36214","0","","1","01","N","N","0","","0","0","0","0","0","","1517","0","1","0","0","0","0","0","3","0","1","N","","","","","","","","","","","","03","03","","N","N"
"1517","0","0","0","0","0","0","0","0","0","1","0","","36","10","2021","2021098142","5","40.0572","-76.396","1504","08","0","0","0","0","0","0","0","0","","0","0","0","15","1","1","02","0","40 03:25.857","","00","76 23:45.702","4","0","0","0","36214","0","0","0","N","0","0","0","4","36214","1","","1","01","N","N","0","","0","0","2","0","0","","1500","1","2","0","0","0","0","0","3","0","2","N","","","","","","","","","","","","03","03","","N",""
"0334","1","0","0","0","0","0","0","0","0","7","0","","36","10","2021","2021102658","1","40.2033","-76.1189","0327","08","0","0","0","0","0","0","0","0","","0","0","0","03","2","0","00","0","40 12:11.908","","00","76 07:08.202","0","0","0","0","36210","0","0","0","N","0","0","0","1","36210","0","","3","01","N","N","0","","0","0","0","0","0","","0327","0","1","0","0","0","0","0","1","0","1","N","","","","","","","","","","","","03","","","N","N"
"1546","2","0","0","0","0","0","0","0","0","1","0","","36","10","2021","2021097384","1","40.2355","-76.4356","1545","08","0","0","0","1","0","1","0","0","","0","0","0","15","1","0","00","0","40 14:07.749","","00","76 26:08.116","0","0","0","0","36230","0","0","0","N","0","0","0","3","36410","0","","1","01","N","N","1","","0","0","0","0","0","","1538","0","3","0","0","0","0","0","1","0","3","N","","","","","","","","","","","","03","","","N","N"
"2025","1","0","0","0","0","0","0","0","0","7","0","","36","10","2021","2021103204","3","40.0723","-76.4606","2022","08","0","0","0","0","0","0","0","0","","0","0","0","20","2","0","00","0","40 04:20.265","","00","76 27:38.090","0","0","0","0","36239","0","0","0","N","0","0","0","1","36239","0","","5","01","N","N","0","","0","0","0","0","0","","2019","0","1","0","0","0","0","0","3","0","1","N","","","","","","","","","","","","03","03","","N","N"
"2058","1","0","1","0","0","0","0","0","0","1","0","","36","10","2021","2021097392","3","40.1405","-76.5908","2054","08","0","0","0","0","0","1","0","0","","0","0","0","20","3","5","00","2","40 08:25.669","5","07","76 35:26.833","2","0","0","0","36237","0","0","0","N","0","0","0","5","36505","1","","1","01","N","N","0","","3","1","3","0","0","Y","2053","5","4","0","0","1","0","0","1","0","4","N","","","","","","","","","","","2153","03","","","Y","N"
"1603","1","0","0","0","0","0","0","0","0","4","0","","36","10","2021","2021108635","3","39.9272","-76.1975","1552","08","1","0","0","0","0","0","0","0","","0","0","0","15","1","1","02","1","39 55:38.003","5","00","76 11:50.959","8","0","0","0","36233","0","0","0","N","0","0","0","3","68J01","0","","1","01","N","N","0","","0","0","0","3","3","Y","1547","1","2","0","0","0","1","0","1","1","2","N","","","","","","","","","","","1630","03","","","N","N"
"1707","0","0","0","0","0","0","0","0","0","1","0","","36","10","2021","2021102017","5","40.0386","-76.1734","1644","08","0","0","0","0","0","1","0","1","","0","0","0","16","1","0","01","0","40 02:18.836","","00","76 10:24.111","0","0","0","0","36221","0","0","0","N","0","0","0","2","68J01","0","","1","01","N","N","0","","0","0","2","0","0","","1615","0","2","0","0","0","0","0","1","0","2","N","","","","","","","","","","","","03","","","N",""
"1357","1","0","0","0","0","0","0","0","0","4","0","","36","10","2021","2021098629","5","40.1266","-76.3051","1352","08","0","0","0","0","0","2","0","1","","0","0","0","13","1","2","01","1","40 07:35.600","7","00","76 18:18.296","3","0","0","0","36235","0","0","0","N","0","0","0","4","36506","0","","1","01","N","N","1","","2","0","1","3","2","Y","1350","2","3","0","0","0","0","0","1","0","3","N","","","","","","","","","","","1450","03","","","N",""
"1657","1","0","0","0","0","0","0","0","0","4","0","","36","10","2021","2021099000","5","40.045","-76.2837","1648","08","0","0","0","1","0","0","0","0","","0","0","0","16","1","2","01","1","40 02:41.860","7","00","76 17:01.235","3","0","0","0","36301","0","0","0","N","0","0","0","2","36301","0","","1","01","N","N","0","","2","0","1","3","2","Y","1644","2","2","0","0","0","0","0","3","0","2","N","","","","","","","","","","","1742","03","03","","N",""
"1302","1","0","0","0","0","0","0","0","0","0","0","","36","09","2021","2021088258","7","40.0691","-76.288","1254","08","0","0","0","0","0","1","0","0","","0","0","0","12","1","0","00","0","40 04:08.809","","02","76 17:16.623","0","0","0","0","36101","0","0","0","N","0","0","0","2","36101","0","","1","01","N","N","1","","0","0","0","0","0","","1247","0","2","0","0","0","0","0","3","0","2","N","","","","","","","","","","","","03","03","","N","N"
"0555","1","0","0","0","0","0","0","0","0","7","0","","36","10","2021","2021097586","4","40.0591","-76.4629","0555","08","0","0","0","0","0","0","0","0","","0","0","0","05","2","0","03","2","40 03:32.814","7","00","76 27:46.398","9","0","0","0","36239","0","0","0","N","0","0","0","1","36239","0","","4","09","N","N","0","","0","0","0","0","0","N","0555","0","1","0","0","0","0","1","3","0","1","N","","","","","","","","","","","0655","03","03","","N",""
"1517","1","0","0","0","0","0","0","0","0","4","0","","36","10","2021","2021100216","4","40.1895","-76.31","1517","08","0","0","1","0","0","0","0","0","","0","0","0","15","1","0","01","0","40 11:22.225","","00","76 18:36.138","0","0","0","0","36217","0","0","0","N","0","0","0","2","36506","0","","1","01","N","N","0","","0","0","1","3","3","","1517","0","2","0","0","0","0","0","1","0","2","N","","","","","","","","","","","","03","03","","N",""
"1832","1","0","0","0","0","0","0","0","0","4","0","","36","10","2021","2021098630","6","40.1568","-76.3815","1824","08","0","0","0","0","0","1","0","0","","0","0","0","18","4","0","01","1","40 09:24.452","7","00","76 22:53.325","0","0","0","0","36227","0","0","0","N","0","0","0","2","36506","0","","1","01","N","N","0","","0","0","1","3","3","Y","1824","0","2","0","0","0","0","0","1","0","2","N","","","","","","","","","","","0100","03","","","N",""
"1728","0","0","0","0","0","0","0","0","0","7","0","","36","10","2021","2021104362","4","40.1625","-76.1234","1722","08","0","0","0","1","0","0","0","0","","0","0","0","17","1","0","00","2","40 09:45.100","6","00","76 07:24.100","0","0","0","0","36218","0","0","0","N","0","0","0","1","36408","0","","4","01","N","N","0","","0","0","0","0","0","Y","1722","0","1","0","0","0","0","0","1","1","1","N","","","","","","","","","","","0400","03","","","N","N"
"2143","0","0","0","0","0","0","0","0","0","7","0","","36","10","2021","2021110770","1","40.1961","-76.1687","2139","08","0","0","0","0","0","0","0","0","","0","0","0","21","2","0","00","1","40 11:45.821","2","00","76 10:07.319","0","0","0","0","36218","0","0","0","N","0","0","0","1","36408","0","","4","01","N","N","0","","0","0","0","0","0","N","2136","0","1","0","0","0","0","0","1","1","1","N","","","","","","","","","","","2215","03","","","N","N"
"1901","0","0","0","0","0","0","0","0","0","1","0","","36","10","2021","2021102980","6","40.1293","-76.4446","1856","08","0","0","1","0","0","0","0","0","","0","0","0","18","2","1","00","2","40 07:45.523","6","00","76 26:40.451","8","0","0","0","36230","0","0","0","N","0","0","0","2","36410","0","","1","01","N","N","1","","0","0","0","0","0","Y","1855","1","2","0","0","0","1","0","1","0","2","N","","","","","","","","","","","1945","03","03","","N","N"
"1522","0","0","0","0","0","0","0","0","0","4","0","","36","10","2021","2021103443","2","40.0275","-76.2218","1519","08","0","0","0","0","0","0","1","0","","0","0","0","15","1","2","00","1","40 01:38.921","2","07","76 13:18.394","2","0","0","0","36215","0","0","0","N","0","0","0","3","36215","0","","1","01","N","N","0","","1","1","2","3","2","Y","1516","2","2","0","1","1","0","0","1","0","2","N","","","","","","","","","","","0100","04","03","","N","N"
"1751","1","0","0","1","0","0","0","0","0","4","0","","36","10","2021","2021102419","4","40.0321","-76.3007","1751","08","0","0","0","0","0","0","0","0","","0","0","0","17","1","1","01","0","40 01:55.380","","00","76 18:02.365","8","0","0","0","36301","1","0","0","N","0","0","0","2","36301","0","","1","01","N","N","0","","0","0","0","0","0","","1751","1","2","0","0","0","1","0","3","0","1","N","","","","","","","","","","","","03","","","N","N"
"2027","1","0","0","0","0","0","0","0","0","1","0","","36","10","2021","2021100143","2","39.9891","-75.989","2006","08","0","0","1","0","0","0","1","0","","0","0","0","20","2","0","00","0","39 59:20.775","","00","75 59:20.302","0","0","0","0","36232","0","0","0","N","0","0","0","2","68J01","0","","1","01","N","N","0","","0","0","1","0","0","","2003","0","2","0","0","0","0","0","1","0","2","N","","","","","","","","","","","","03","","","N","N"
"1503","1","0","0","0","0","0","0","0","0","1","0","","36","10","2021","2021108766","7","40.1719","-76.1709","1456","08","0","0","0","0","0","0","0","1","","0","0","0","14","1","0","00","0","40 10:18.973","","00","76 10:15.174","0","0","0","0","36408","0","0","0","N","0","0","0","3","36408","0","","1","09","N","N","0","","0","0","1","0","0","","1456","0","2","0","0","0","0","0","2","0","2","N","","","","","","","","","","","","07","","","N","Y"
"1145","2","0","0","0","0","0","0","0","0","5","0","","36","10","2021","2021101159","6","40.1501","-76.1731","1138","08","0","0","1","0","0","1","0","0","","0","0","0","11","1","1","00","1","40 09:00.449","2","00","76 10:23.014","3","0","0","0","36238","0","0","0","N","0","0","0","2","36238","0","","1","01","N","N","0","","1","0","0","0","0","N","1136","1","2","0","0","0","0","0","3","0","2","N","","","","","","","","","","","1230","03","","","N","N"