"ARRIVAL_TM","AUTOMOBILE_COUNT","BELTED_DEATH_COUNT","BELTED_SUSP_SERIOUS_INJ_COUNT","BICYCLE_COUNT","BICYCLE_DEATH_COUNT","BICYCLE_SUSP_SERIOUS_INJ_COUNT","BUS_COUNT","CHLDPAS_DEATH_COUNT","CHLDPAS_SUSP_SERIOUS_INJ_COUNT","COLLISION_TYPE","COMM_VEH_COUNT","CONS_ZONE_SPD_LIM","COUNTY","CRASH_MONTH","CRASH_YEAR","CRN","DAY_OF_WEEK","DEC_LAT","DEC_LONG","DISPATCH_TM","DISTRICT","DRIVER_COUNT_16YR","DRIVER_COUNT_17YR","DRIVER_COUNT_18YR","DRIVER_COUNT_19YR","DRIVER_COUNT_20YR","DRIVER_COUNT_50_64YR","DRIVER_COUNT_65_74YR","DRIVER_COUNT_75PLUS","EST_HRS_CLOSED","FATAL_COUNT","HEAVY_TRUCK_COUNT","HORSE_BUGGY_COUNT","HOUR_OF_DAY","ILLUMINATION","INJURY_COUNT","INTERSECT_TYPE","LANE_CLOSED","LATITUDE","LN_CLOSE_DIR","LOCATION_TYPE","LONGITUDE","MAX_SEVERITY_LEVEL","MCYCLE_DEATH_COUNT","MCYCLE_SUSP_SERIOUS_INJ_COUNT","MOTORCYCLE_COUNT","MUNICIPALITY","NONMOTR_COUNT","NONMOTR_DEATH_COUNT","NONMOTR_SUSP_SERIOUS_INJ_COUNT","NTFY_HIWY_MAINT","PED_COUNT","PED_DEATH_COUNT","PED_SUSP_SERIOUS_INJ_COUNT","PERSON_COUNT","POLICE_AGCY","POSSIBLE_INJ_COUNT","RDWY_SURF_TYPE_CD","RELATION_TO_ROAD","ROAD_CONDITION","SCH_BUS_IND","SCH_ZONE_IND","SMALL_TRUCK_COUNT","SPEC_JURIS_CD","SUSP_MINOR_INJ_COUNT","SUSP_SERIOUS_INJ_COUNT","SUV_COUNT","TCD_FUNC_CD","TCD_TYPE","TFC_DETOUR_IND","TIME_OF_DAY","TOT_INJ_COUNT","TOTAL_UNITS","UNB_DEATH_COUNT","UNB_SUSP_SERIOUS_INJ_COUNT","UNBELTED_OCC_COUNT","UNK_INJ_DEG_COUNT","UNK_INJ_PER_COUNT","URBAN_RURAL","VAN_COUNT","VEHICLE_COUNT","WORK_ZONE_IND","WORK_ZONE_LOC","WORK_ZONE_TYPE","WORKERS_PRES","WZ_CLOSE_DETOUR","WZ_FLAGGER","WZ_LAW_OFFCR_IND","WZ_LN_CLOSURE","WZ_MOVING","WZ_OTHER","WZ_SHLDER_MDN","ROADWAY_CLEARED","WEATHER1","WEATHER2","WZ_WORKERS_INJ_KILLED","SECONDARY_CRASH","INTERSECTION_RELATED"
"0038","1","0","0","0","0","0","0","0","0","0","0","65","36","10","2021","2021100109","6","40.1659","-76.5849","0034","08","0","0","0","0","0","0","0","0","","0","0","0","00","2","0","00","2","40 09:57.296","4","00","76 35:05.679","0","0","0","0","36225","0","0","0","N","0","0","0","2","68J01","0","","1","01","N","N","0","","0","0","0","0","0","N","0030","0","1","0","0","0","0","0","2","0","1","Y","4","1","Y","N","N","Y","Y","N","N","N","0015","03","03","N","N","N"
"1415","1","0","0","0","0","0","0","0","0","7","0","","36","10","2021","2021100461","7","40.0738","-76.3321","1406","08","0","0","0","0","0","0","0","0","","0","0","0","14","1","0","00","2","40 04:25.525","3","00","76 19:55.660","0","0","0","0","36101","0","0","0","N","0","0","0","1","36101","0","","3","09","N","N","0","","0","0","0","0","0","N","1403","0","1","0","0","0","0","0","3","0","1","N","","","","","","","","","","","1524","07","07","","N","N"
"1441","0","0","0","0","0","0","0","0","0","4","0","","36","10","2021","2021105991","7","39.9855","-76.0178","1418","08","0","0","0","0","0","0","0","0","","0","0","0","14","1","0","01","0","39 59:07.866","","00","76 01:04.009","0","0","0","0","36232","0","0","0","N","0","0","0","5","68J01","0","","1","09","N","N","0","","0","0","1","3","2","","1404","0","2","0","0","0","0","0","1","1","2","N","","","","","","","","","","","","07","07","","N","N"
"1612","1","0","0","0","0","0","0","0","0","4","0","","36","10","2021","2021100849","3","40.0938","-76.2842","1608","08","0","0","0","0","0","0","1","0","","0","0","0","16","1","1","02","1","40 05:37.800","4","00","76 17:03.220","3","0","0","0","36101","0","0","0","N","0","0","0","2","36101","0","","1","01","N","N","0","","1","0","1","3","3","N","1606","1","2","0","0","0","0","0","3","0","2","N","","","","","","","","","","","1630","03","03","","N",""
"0742","0","0","0","0","0","0","0","0","0","4","0","","36","10","2021","2021100851","4","40.1532","-76.3072","0740","08","0","0","0","0","0","0","1","0","","0","0","0","07","1","0","01","0","40 09:11.492","","00","76 18:25.863","0","0","0","0","36409","0","0","0","N","0","0","0","4","36409","0","","1","01","N","N","0","","0","0","2","3","3","","0738","0","2","0","0","0","0","0","3","0","2","N","","","","","","","","","","","","03","03","","N",""
"0809","0","0","0","0","0","0","0","0","0","7","0","","36","08","2021","2021077383","3","40.2228","-76.0935","0802","08","0","0","0","0","0","1","0","0","","0","0","0","08","1","0","00","1","40 12:53.040","4","05","76 04:59.340","0","0","0","0","36210","0","0","0","N","0","0","0","1","68T06","0","","4","01","N","N","0","","0","0","1","3","8","N","0802","0","1","0","0","0","0","0","1","0","1","N","","","","","","","","","","","0854","03","","","N","N"
"1941","0","0","0","0","0","0","0","0","0","7","0","","36","10","2021","2021112505","6","39.9347","-76.3182","1922","08","0","0","0","0","0","0","0","0","","0","0","0","19","2","1","00","2","39 56:04.798","5","00","76 19:05.488","3","0","0","0","36224","0","0","0","N","0","0","0","1","68J01","0","","4","01","N","N","0","","1","0","1","0","0","N","1917","1","1","0","0","0","0","0","1","0","1","N","","","","","","","","","","","2207","03","03","","N","N"
"1307","2","0","0","0","0","0","0","0","0","4","0","","36","10","2021","2021099337","1","40.0375","-76.4466","1257","08","0","0","0","1","0","0","0","1","","0","0","0","12","1","1","01","0","40 02:15.040","","00","76 26:47.880","4","0","0","0","36239","0","0","0","N","0","0","0","3","36239","1","","1","01","N","N","0","","0","0","0","3","3","","1254","1","2","0","0","0","0","0","3","0","2","N","","","","","","","","","","","","03","","","N",""
"1516","0","0","0","0","0","0","0","0","0","4","0","","36","10","2021","2021106997","2","40.0308","-76.2343","1514","08","0","0","1","0","0","0","0","0","","0","0","0","15","1","0","05","1","40 01:50.200","3","00","76 14:03.400","0","0","0","0","36215","0","0","0","N","0","0","0","2","36215","0","","1","01","N","N","1","","0","0","1","3","3","N","1512","0","2","0","0","0","0","0","1","0","2","N","","","","","","","","","","","1552","03","03","","N",""
"1945","2","0","0","0","0","0","0","0","0","2","0","","36","10","2021","2021097383","3","40.0591","-76.4629","1941","08","0","0","0","0","0","0","0","0","","0","0","0","19","2","0","03","1","40 03:32.814","5","00","76 27:46.398","0","0","0","0","36239","0","0","0","N","0","0","0","3","36239","0","","1","09","N","N","0","","0","0","0","0","0","N","1941","0","2","0","0","0","0","0","3","0","2","N","","","","","","","","","","","2018","07","04","","N",""
"0800","0","0","0","0","0","0","0","0","0","8","0","","36","10","2021","2021097785","5","40.1592","-76.3037","0755","08","0","0","0","0","0","0","0","0","","0","0","0","07","1","1","01","2","40 09:33.101","5","00","76 18:13.400","4","0","0","0","36409","1","0","0","N","1","0","0","3","36409","1","","1","09","N","N","0","","0","0","1","9","8","Y","0745","1","2","0","0","0","0","0","3","0","1","N","","","","","","","","","","","0808","05","","","N",""
"2019","0","0","0","0","0","0","0","0","0","4","0","","36","10","2021","2021108025","3","40.0519","-76.255","2017","08","0","0","0","0","0","1","1","0","","0","0","0","20","3","0","01","0","40 03:06.910","","00","76 15:17.823","0","0","0","0","36215","0","0","0","N","0","0","0","2","36215","0","","1","01","N","N","0","","0","0","2","3","2","","2012","0","2","0","0","0","0","0","1","0","2","N","","","","","","","","","","","","03","","","N",""
"1635","1","0","0","0","0","0","0","0","0","1","0","","36","10","2021","2021099823","5","40.0645","-76.4386","1628","08","0","0","0","0","0","1","0","0","","0","0","0","16","1","0","00","1","40 03:52.142","4","00","76 26:18.802","0","0","0","0","36239","0","0","0","N","0","0","0","2","36239","0","","1","01","N","N","1","","0","0","0","0","0","N","1627","0","2","0","0","0","0","0","3","0","2","N","","","","","","","","","","","1703","04","04","","N","N"
"1134","1","0","0","0","0","0","0","0","0","1","0","","36","10","2021","2021098782","6","40.0396","-76.3638","1127","08","0","0","0","1","0","2","0","0","","0","0","0","11","1","0","00","0","40 02:22.509","","00","76 21:49.845","0","0","0","0","36214","0","0","0","N","0","0","0","3","36214","0","","1","01","N","N","2","","0","0","0","0","0","","1125","0","3","0","0","0","0","0","3","0","3","N","","","","","","","","","","","","03","03","","N","N"
"1952","1","0","0","0","0","0","0","0","0","1","0","","36","10","2021","2021100211","2","40.0461","-76.4222","1944","08","0","0","0","1","0","0","0","0","","0","0","0","19","3","1","01","0","40 02:46.102","","02","76 25:20.020","3","0","0","0","36239","0","0","0","N","0","0","0","3","36239","0","","1","01","N","N","1","","1","0","0","3","2","","1932","1","3","0","0","0","0","0","3","1","3","N","","","","","","","","","","","","03","","","N",""
"1050","1","0","0","0","0","0","0","0","0","4","0","","36","10","2021","2021102687","4","40.1315","-76.1479","1025","08","0","0","0","0","0","1","0","0","","0","0","0","10","1","2","01","1","40 07:53.254","3","00","76 08:52.441","3","0","0","0","36238","0","0","0","N","0","0","0","3","36238","0","","1","01","N","N","0","","1","0","1","3","3","N","1025","2","2","0","0","0","1","0","3","0","2","N","","","","","","","","","","","1050","03","","","N","N"
"1000","0","0","0","0","0","0","0","0","0","0","0","","36","10","2021","2021109132","3","39.8242","-76.204","0953","08","0","0","0","0","0","0","0","0","","0","0","0","09","1","1","02","0","39 49:27.199","","00","76 12:14.377","4","0","0","1","36212","0","0","0","N","0","0","0","1","68J01","1","","1","01","N","N","0","","0","0","0","3","3","","0953","1","1","0","0","0","0","0","1","0","1","N","","","","","","","","","","","","03","03","","N","N"
"1707","2","0","0","0","0","0","0","0","0","4","0","","36","10","2021","2021096878","3","40.0488","-76.3077","1704","08","0","0","0","0","0","0","0","0","","0","0","0","17","1","0","01","1","40 02:55.795","1","00","76 18:27.890","0","0","0","0","36301","0","0","0","N","0","0","0","2","36301","0","","1","01","N","N","0","","0","0","0","3","3","N","1700","0","2","0","0","0","0","0","3","0","2","N","","","","","","","","","","","1715","04","04","","N","N"
"1744","1","0","0","0","0","0","0","0","0","1","0","","36","09","2021","2021094721","5","40.0214","-76.3189","1725","08","0","0","0","0","0","0","0","0","","0","0","0","17","1","0","02","0","40 01:16.867","","00","76 19:08.174","9","0","0","0","36301","0","0","0","N","0","0","0","2","36301","0","","1","01","N","Y","0","","0","0","1","0","0","N","1725","0","2","0","0","0","0","1","3","0","2","N","","","","","","","","","","","","03","","","N",""
"0713","1","0","0","0","0","0","0","0","0","4","0","","36","10","2021","2021100522","3","40.0106","-76.1073","0705","08","0","0","0","0","0","0","0","0","","0","0","0","07","2","0","00","1","40 00:38.180","1","00","76 06:26.430","0","0","0","0","36226","1","0","0","N","0","0","0","2","68J01","0","","1","09","N","N","0","","0","0","0","0","0","Y","0701","0","2","0","0","0","0","0","1","0","1","N","","","","","","","","","","","0745","07","","","N","N"
"0837","0","0","0","0","0","0","0","0","0","4","0","","36","10","2021","2021102974","3","40.0618","-76.1703","0832","08","0","0","0","0","0","0","0","1","","0","0","0","08","1","0","01","0","40 03:42.505","","00","76 10:12.981","0","0","0","0","36234","0","0","0","N","0","0","0","2","36215","0","","1","01","N","N","0","","0","0","1","3","3","","0830","0","2","0","0","0","0","0","1","1","2","N","","","","","","","","","","","","03","03","","N",""
"1830","0","0","0","0","0","0","0","0","0","4","0","","36","10","2021","2021098628","3","40.1266","-76.3051","1826","08","0","0","1","0","0","1","0","0","","0","0","0","18","1","0","01","1","40 07:35.600","4","00","76 18:18.296","0","0","0","0","36235","0","0","0","N","0","0","0","3","36506","0","","1","01","N","N","1","","0","0","1","3","2","Y","1825","0","2","0","0","0","0","0","1","0","2","N","","","","","","","","","","","1934","03","03","","N",""
"1419","0","0","0","0","0","0","0","0","0","7","0","","36","10","2021","2021102976","4","39.9968","-76.4507","1414","08","0","0","0","0","0","1","0","0","","0","0","0","14","1","0","00","0","39 59:48.649","","07","76 27:02.502","0","0","0","0","36223","0","0","0","N","0","0","0","1","36223","0","","4","01","N","N","0","","0","0","1","0","0","","1412","0","2","0","0","0","0","0","1","0","1","N","","","","","","","","","","","","03","","","N","N"
"1533","2","0","0","0","0","0","0","0","0","4","0","","36","10","2021","2021099967","4","40.0424","-76.2938","1531","08","0","0","0","0","0","0","0","0","","0","0","0","15","1","0","01","2","40 02:32.780","3","00","76 17:37.618","0","0","0","0","36301","0","0","0","N","0","0","0","2","36301","0","","1","01","N","N","0","","0","0","0","3","3","N","1529","0","2","0","0","0","0","0","3","0","2","N","","","","","","","","","","","1620","03","03","","N",""
"0246","0","0","0","0","0","0","0","0","0","7","0","","36","10","2021","2021098327","5","40.2415","-76.1018","0244","08","0","0","0","0","0","0","0","0","","0","0","0","02","2","0","00","0","40 14:29.400","","00","76 06:06.500","0","0","0","0","36210","0","0","0","N","0","0","0","1","36210","0","","4","01","N","N","0","","0","0","1","0","0","","0244","0","1","0","0","0","0","0","1","0","1","N","","","","","","","","","","","","05","","","N","N"
"2135","1","0","0","0","0","0","0","0","0","4","0","","36","10","2021","2021099335","2","40.0791","-76.3465","2125","08","0","0","0","1","0","0","0","1","","0","0","0","21","3","0","01","0","40 04:44.596","","02","76 20:47.282","0","0","0","0","36101","0","0","0","N","0","0","0","3","36101","0","","1","01","N","N","0","","0","0","0","3","3","","2125","0","2","0","0","0","0","0","3","1","2","N","","","","","","","","","","","","03","","","N",""
"1905","2","0","0","0","0","0","0","0","0","1","0","","36","10","2021","2021102688","5","40.131","-76.2171","1902","08","0","0","0","1","0","0","0","0","","0","0","0","19","3","0","01","0","40 07:51.556","","00","76 13:01.609","0","0","0","0","36238","0","0","0","N","0","0","0","3","36238","0","","1","01","N","N","0","","0","0","0","0","0","","1902","0","2","0","0","0","0","0","3","0","2","N","","","","","","","","","","","","03","","","N","N"
"1824","1","0","0","0","0","0","0","0","0","5","0","","36","10","2021","2021098882","3","40.0314","-76.3109","1820","08","0","0","0","0","0","0","0","0","","0","0","0","17","1","0","00","1","40 01:53.200","4","00","76 18:39.100","0","0","0","0","36301","0","0","0","N","0","0","0","1","36301","0","","6","01","N","N","0","","0","0","0","0","0","N","1704","0","2","0","0","0","0","0","3","1","2","N","","","","","","","","","","","1917","03","","","Y","N"
"1303","2","0","0","0","0","0","0","0","0","1","0","","36","10","2021","2021101882","4","40.0555","-76.3849","1257","08","0","0","0","0","0","1","0","1","","0","0","0","12","1","2","00","1","40 03:19.941","3","00","76 23:05.617","3","0","0","0","36214","0","0","0","N","0","0","0","2","36214","0","","1","01","N","N","0","","2","0","0","0","0","N","1255","2","2","0","0","1","0","0","3","0","2","N","","","","","","","","","","","1351","04","04","","N","Y"
"1937","1","0","0","0","0","0","0","0","0","4","0","","36","10","2021","2021098919","1","40.1485","-76.5995","1935","08","0","0","0","0","0","0","0","0","","0","0","0","19","3","0","01","0","40 08:54.441","","00","76 35:58.037","0","0","0","0","36407","0","0","0","N","0","0","0","3","36407","0","","1","01","N","N","0","","0","0","1","3","3","","1934","0","2","0","0","0","0","0","2","0","2","N","","","","","","","","","","","","03","03","","N",""
"1451","2","0","0","0","0","0","0","0","0","4","0","","36","09","2021","2021089205","1","40.038","-76.3438","1450","08","0","0","0","0","0","1","0","1","","0","0","0","14","1","0","01","0","40 02:16.808","","00","76 20:37.817","0","0","0","0","36223","0","0","0","N","0","0","0","2","36214","0","","1","01","N","N","0","","0","0","0","3","2","","1437","0","2","0","0","0","0","0","1","0","2","N","","","","","","","","","","","","03","","","N",""
"1734","2","0","0","0","0","0","0","0","0","4","0","","36","10","2021","2021098626","6","40.0695","-76.3575","1730","08","0","1","0","0","0","0","0","0","","0","0","0","17","1","3","02","2","40 04:10.056","7","00","76 21:26.821","3","0","0","0","36214","0","0","0","N","0","0","0","3","36214","1","","1","01","N","N","0","","2","0","0","3","3","Y","1729","3","2","0","0","1","0","0","3","0","2","N","","","","","","","","","","","1820","03","03","","N",""
"0702","0","0","0","0","0","0","0","0","0","4","0","","36","10","2021","2021098872","2","40.2264","-76.1804","0650","08","0","0","0","0","1","0","0","0","","0","0","0","06","5","0","01","0","40 13:34.893","","00","76 10:49.273","0","0","0","0","36236","0","0","0","N","0","0","0","2","36408","0","","1","01","N","N","1","","0","0","1","3","3","","0650","0","2","0","0","0","0","0","1","0","2","N","","","","","","","","","","","","03","","","N","N"
"1620","0","0","0","0","0","0","0","0","0","8","0","","36","10","2021","2021110924","2","40.0526","-76.3041","1618","08","0","0","0","0","0","0","0","0","","0","0","0","16","1","1","01","0","40 03:09.338","","00","76 18:14.646","2","0","0","0","36301","1","0","1","N","1","0","1","2","36301","0","","1","01","N","N","0","","0","1","1","3","2","","1617","1","2","0","0","0","0","0","3","0","1","N","","","","","","","","","","","","03","03","","N",""
"1713","0","0","0","0","0","0","0","0","0","4","0","","36","10","2021","2021106649","7","40.2261","-76.3024","1642","08","0","0","0","0","0","1","0","0","","0","0","0","16","1","1","01","1","40 13:34.012","7","00","76 18:08.758","3","0","0","0","36217","0","0","0","N","0","0","0","3","68J01","0","","1","09","N","N","0","","1","0","2","3","2","Y","1637","1","2","0","0","0","0","0","1","0","2","N","","","","","","","","","","","1807","07","07","","N","N"
"1236","0","0","0","0","0","0","0","0","0","4","0","","36","10","2021","2021098434","7","40.044","-76.2941","1234","08","0","0","0","0","0","1","0","0","","0","0","0","12","1","0","01","2","40 02:38.400","4","00","76 17:38.583","0","0","0","0","36301","0","0","0","N","0","0","0","5","36301","0","","1","01","N","N","0","","0","0","1","3","3","N","1233","0","2","0","0","0","0","0","3","1","2","N","","","","","","","","","","","1315","04","04","","N",""
"0339","0","0","0","0","0","0","0","0","0","1","0","","36","10","2021","2021103620","4","40.0168","-76.1645","0332","08","0","0","0","0","0","1","0","0","","0","0","0","03","3","1","00","1","40 01:00.637","4","00","76 09:52.054","3","0","0","0","36215","0","0","0","N","0","0","0","4","36215","0","","1","01","N","N","0","","1","0","3","0","0","N","0327","1","3","0","0","0","0","0","1","0","3","N","","","","","","","","","","","0424","03","03","","N","Y"
"1505","1","0","0","0","0","0","0","0","0","4","0","","36","10","2021","2021100212","6","40.0329","-76.5037","1505","08","0","0","0","0","0","0","0","0","","0","0","0","15","1","0","01","1","40 01:58.364","1","00","76 30:13.291","0","0","0","0","36404","0","0","0","N","0","0","0","4","36404","0","","1","01","N","N","0","","0","0","1","3","3","N","1505","0","2","0","0","2","0","0","3","0","2","N","","","","","","","","","","","0030","03","","","N",""
"1112","0","0","0","0","0","0","0","0","0","7","0","","36","08","2021","2021101408","3","39.8034","-76.2508","1112","08","0","0","0","0","0","0","0","0","","0","0","0","11","1","1","00","0","39 48:12.400","","00","76 15:02.700","2","0","0","0","36208","0","0","0","N","0","0","0","2","68J01","0","","4","01","N","N","0","","0","1","1","0","0","","1112","1","1","0","1","2","0","0","1","0","1","N","","","","","","","","","","","","03","03","","N","N"
"1244","1","0","0","0","0","0","0","0","0","1","0","","36","10","2021","2021100847","3","40.0748","-76.3085","1243","08","0","0","0","0","0","0","1","0","","0","0","0","12","1","0","00","1","40 04:29.162","1","00","76 18:30.689","0","0","0","0","36101","0","0","0","N","0","0","0","2","36101","0","","1","01","N","N","0","","0","0","1","0","0","N","1241","0","2","0","0","0","0","0","3","0","2","N","","","","","","","","","","","1320","03","","","N","N"
"2133","1","0","0","0","0","0","0","0","0","1","0","","36","10","2021","2021108633","7","40.0015","-76.0857","2107","08","0","0","0","0","0","1","0","0","","0","0","0","21","2","1","00","2","40 00:05.506","6","00","76 05:08.650","3","0","0","0","36226","0","0","0","N","0","0","0","4","68J01","0","","1","01","N","N","1","","1","0","1","0","0","Y","2103","1","3","0","0","0","0","0","1","0","3","N","","","","","","","","","","","2214","03","03","","N","N"
"1838","1","0","0","0","0","0","0","0","0","4","0","","36","10","2021","2021097391","2","40.1421","-76.5665","1833","08","0","0","0","0","0","1","0","0","","0","0","0","18","1","2","01","0","40 08:31.700","","00","76 33:59.551","3","0","0","0","36225","0","0","0","N","0","0","0","2","36505","0","","1","01","N","N","0","","2","0","1","3","3","","1833","2","2","0","0","0","0","0","2","0","2","N","","","","","","","","","","","","03","","","N",""
"1834","0","0","0","0","0","0","0","0","0","98","0","","36","10","2021","2021102430","4","40.0812","-76.6571","1828","08","0","0","0","0","0","1","0","0","","0","0","0","18","4","0","03","0","40 04:52.167","","00","76 39:25.529","0","0","0","0","36207","0","0","0","N","0","0","0","1","36504","0","","1","99","N","N","1","","0","0","0","0","0","N","1825","0","1","0","0","0","0","0","1","0","1","N","","","","","","","","","","","","99","","","N",""
"0538","2","0","0","0","0","0","0","0","0","2","0","","36","10","2021","2021101013","4","40.0357","-76.3081","0534","08","0","0","0","0","0","0","0","0","","0","0","0","05","3","0","00","2","40 02:08.400","5","00","76 18:29.200","9","0","0","0","36301","0","0","0","N","0","0","0","1","36301","0","","6","01","N","N","0","","0","0","1","0","0","Y","0530","0","3","0","0","0","0","1","3","0","3","N","","","","","","","","","","","0620","03","04","","N","N"
"0555","3","0","0","0","0","0","0","0","0","1","0","","36","10","2021","2021100110","6","39.9998","-76.0719","0547","08","0","0","0","0","0","1","0","0","","0","0","0","05","2","1","00","1","39 59:59.189","3","00","76 04:18.972","3","0","0","0","36226","0","0","0","N","0","0","0","5","68J01","0","","1","01","N","N","0","","1","0","1","0","0","N","0545","1","4","0","0","0","0","0","1","0","4","N","","","","","","","","","","","0655","03","03","","N","N"
"2228","0","0","0","0","0","0","0","0","0","1","0","","36","10","2021","2021102025","6","40.2222","-76.2852","2215","08","0","0","0","0","1","0","0","0","","0","0","0","22","2","1","02","1","40 13:20.085","3","00","76 17:06.641","8","0","0","1","36217","0","0","0","N","0","0","0","2","68J01","0","","1","01","N","N","1","","0","0","0","0","0","N","2210","1","2","0","0","0","1","0","1","0","2","N","","","","","","","","","","","2300","03","03","","N","N"
"0155","1","0","0","0","0","0","0","0","0","5","0","","36","10","2021","2021097964","5","40.0432","-76.3186","0149","08","0","0","0","0","0","0","0","0","","0","0","0","01","3","0","00","2","40 02:35.400","4","00","76 19:07.100","0","0","0","0","36301","0","0","0","N","0","0","0","1","36301","0","","6","01","N","N","0","","0","0","0","0","0","Y","0145","0","2","0","0","0","0","0","3","1","2","N","","","","","","","","","","","0249","05","","","N","N"
"1018","2","0","0","0","0","0","0","0","0","4","0","","36","10","2021","2021101679","6","40.0377","-76.3085","1012","08","0","0","0","0","0","0","1","0","","0","0","0","10","1","1","01","1","40 02:15.572","5","00","76 18:30.512","3","0","0","0","36301","0","0","0","N","0","0","0","4","36301","0","","1","01","N","N","0","","1","0","0","3","2","Y","1012","1","2","0","0","0","0","0","3","0","2","N","","","","","","","","","","","1045","03","03","","N","N"
"0839","1","0","0","0","0","0","0","0","0","4","0","","36","10","2021","2021102800","4","40.0501","-76.2961","0831","08","0","1","0","0","0","0","0","1","","0","0","0","08","1","0","01","1","40 03:00.327","3","00","76 17:45.949","0","0","0","0","36301","0","0","0","N","0","0","0","3","36301","0","","1","01","N","N","0","","0","0","1","3","3","Y","0830","0","2","0","0","0","0","0","3","0","2","N","","","","","","","","","","","0928","03","03","","N",""
"0630","2","0","0","0","0","0","0","0","0","5","0","","36","10","2021","2021096729","3","40.1948","-76.1995","0624","08","0","0","0","0","0","0","0","0","","0","0","0","06","5","0","00","2","40 11:41.225","3","00","76 11:58.160","0","0","0","0","36408","0","0","0","N","0","0","0","1","36408","0","","6","01","N","N","0","","0","0","0","0","0","Y","0622","0","2","0","0","0","0","0","2","0","2","N","","","","","","","","","","","0704","03","","","N","N"
"1433","0","0","0","0","0","0","0","0","0","4","0","","36","10","2021","2021098811","7","40.2444","-76.0834","1426","08","0","0","1","0","0","0","0","0","","0","0","0","14","1","0","00","0","40 14:39.700","","00","76 05:00.100","0","0","0","0","36210","0","0","0","N","0","0","0","4","36210","0","","1","09","N","N","0","","0","0","2","3","3","","1426","0","2","0","0","0","0","0","1","0","2","N","","","","","","","","","","","","07","","","N","N"
"1513","2","0","0","0","0","0","0","0","0","4","0","","36","10","2021","2021099336","7","40.0317","-76.477","1508","08","0","0","0","0","0","0","1","0","","0","0","0","15","1","2","00","0","40 01:54.248","","07","76 28:37.273","3","0","0","0","36239","0","0","0","N","0","0","0","2","36239","0","","1","08","N","N","0","","2","0","0","3","2","","1508","2","2","0","0","0","0","0","3","0","2","N","","","","","","","","","","","","07","07","","N","N"
"2143","1","0","0","0","0","0","0","0","0","6","0","","36","10","2021","2021099822","4","40.04","-76.4785","2136","08","0","0","0","0","0","0","0","0","","0","0","0","21","2","3","00","1","40 02:23.967","3","00","76 28:42.442","3","0","0","0","36239","0","0","0","N","0","0","0","4","36239","1","","1","01","N","N","0","","1","0","2","0","0","Y","2135","3","3","0","0","0","1","0","3","0","3","N","","","","","","","","","","","2231","03","03","","N","N"
"2312","2","0","0","0","0","0","0","0","0","4","0","","36","10","2021","2021100186","4","39.9785","-76.2353","2308","08","0","0","0","0","0","1","0","0","","0","0","0","23","3","0","03","0","39 58:42.672","","00","76 14:07.241","0","0","0","0","36240","0","0","0","N","0","0","0","2","36240","0","","1","01","N","N","0","","0","0","0","3","3","","2308","0","2","0","0","0","0","0","1","0","2","N","","","","","","","","","","","","03","","","N",""
"1301","0","0","0","0","0","0","0","0","0","6","0","99","36","09","2021","2021088817","1","40.0364","-76.3092","1255","08","0","0","0","0","0","0","0","0","","0","1","0","12","1","1","00","0","40 02:11.200","","00","76 18:33.200","2","0","1","1","36301","0","0","0","N","0","0","0","1","36301","0","","1","01","N","N","0","","0","1","0","0","0","","1250","1","2","0","0","0","0","0","3","0","2","Y","4","2","Y","","","U","Y","","","","","03","03","N","N","N"
"2158","1","0","0","0","0","0","0","0","0","7","0","","36","10","2021","2021099896","7","40.128","-76.2177","2153","08","0","0","0","0","0","0","0","0","","0","0","0","21","2","1","00","1","40 07:40.843","2","02","76 13:03.638","3","0","0","0","36238","0","0","0","N","0","0","0","2","36238","0","","4","01","N","N","0","","1","0","0","0","0","N","2153","1","1","0","0","0","0","0","3","0","1","N","","","","","","","","","","","2243","03","","","N","N"
"1703","0","0","0","0","0","0","0","0","0","4","0","","36","10","2021","2021117156","6","39.9849","-76.0427","1653","08","0","0","0","1","0","0","0","0","","0","0","0","16","1","5","00","2","39 59:05.735","7","07","76 02:33.622","3","0","0","0","36232","0","0","0","Y","0","0","0","5","68J01","0","","1","01","N","N","0","","4","0","1","0","0","Y","1651","5","2","0","0","1","1","0","1","1","2","N","","","","","","","","","","","0030","03","03","","N","N"
"1608","1","0","0","0","0","0","0","0","0","4","0","","36","10","2021","2021121858","6","40.0373","-76.1034","1605","08","0","0","0","0","0","0","0","1","","0","0","0","15","1","0","01","0","40 02:14.364","","00","76 06:12.233","0","0","0","0","36221","0","0","0","N","0","0","0","2","68J01","0","","4","01","N","N","1","","0","0","0","0","0","","1526","0","2","0","0","0","0","0","1","0","2","N","","","","","","","","","","","","03","","","N","N"
"1644","0","0","0","0","0","0","0","0","0","0","0","","36","10","2021","2021096697","1","40.0703","-76.3273","1639","08","0","0","0","0","0","0","0","0","","0","0","0","16","1","1","00","1","40 04:12.967","3","00","76 19:38.175","3","0","0","1","36101","0","0","0","N","0","0","0","1","36101","0","","1","01","N","N","0","","1","0","0","0","0","N","1638","1","1","0","0","0","0","0","3","0","1","N","","","","","","","","","","","1655","03","","","N","N"