"ARRIVAL_TM","AUTOMOBILE_COUNT","BELTED_DEATH_COUNT","BELTED_SUSP_SERIOUS_INJ_COUNT","BICYCLE_COUNT","BICYCLE_DEATH_COUNT","BICYCLE_SUSP_SERIOUS_INJ_COUNT","BUS_COUNT","CHLDPAS_DEATH_COUNT","CHLDPAS_SUSP_SERIOUS_INJ_COUNT","COLLISION_TYPE","COMM_VEH_COUNT","CONS_ZONE_SPD_LIM","COUNTY","CRASH_MONTH","CRASH_YEAR","CRN","DAY_OF_WEEK","DEC_LAT","DEC_LONG","DISPATCH_TM","DISTRICT","DRIVER_COUNT_16YR","DRIVER_COUNT_17YR","DRIVER_COUNT_18YR","DRIVER_COUNT_19YR","DRIVER_COUNT_20YR","DRIVER_COUNT_50_64YR","DRIVER_COUNT_65_74YR","DRIVER_COUNT_75PLUS","EST_HRS_CLOSED","FATAL_COUNT","HEAVY_TRUCK_COUNT","HORSE_BUGGY_COUNT","HOUR_OF_DAY","ILLUMINATION","INJURY_COUNT","INTERSECT_TYPE","LANE_CLOSED","LATITUDE","LN_CLOSE_DIR","LOCATION_TYPE","LONGITUDE","MAX_SEVERITY_LEVEL","MCYCLE_DEATH_COUNT","MCYCLE_SUSP_SERIOUS_INJ_COUNT","MOTORCYCLE_COUNT","MUNICIPALITY","NONMOTR_COUNT","NONMOTR_DEATH_COUNT","NONMOTR_SUSP_SERIOUS_INJ_COUNT","NTFY_HIWY_MAINT","PED_COUNT","PED_DEATH_COUNT","PED_SUSP_SERIOUS_INJ_COUNT","PERSON_COUNT","POLICE_AGCY","POSSIBLE_INJ_COUNT","RDWY_SURF_TYPE_CD","RELATION_TO_ROAD","ROAD_CONDITION","SCH_BUS_IND","SCH_ZONE_IND","SMALL_TRUCK_COUNT","SPEC_JURIS_CD","SUSP_MINOR_INJ_COUNT","SUSP_SERIOUS_INJ_COUNT","SUV_COUNT","TCD_FUNC_CD","TCD_TYPE","TFC_DETOUR_IND","TIME_OF_DAY","TOT_INJ_COUNT","TOTAL_UNITS","UNB_DEATH_COUNT","UNB_SUSP_SERIOUS_INJ_COUNT","UNBELTED_OCC_COUNT","UNK_INJ_DEG_COUNT","UNK_INJ_PER_COUNT","URBAN_RURAL","VAN_COUNT","VEHICLE_COUNT","WORK_ZONE_IND","WORK_ZONE_LOC","WORK_ZONE_TYPE","WORKERS_PRES","WZ_CLOSE_DETOUR","WZ_FLAGGER","WZ_LAW_OFFCR_IND","WZ_LN_CLOSURE","WZ_MOVING","WZ_OTHER","WZ_SHLDER_MDN","ROADWAY_CLEARED","WEATHER1","WEATHER2","WZ_WORKERS_INJ_KILLED","SECONDARY_CRASH","INTERSECTION_RELATED"
"1909","0","0","0","1","0","0","0","0","0","4","0","","36","10","2021","2021097585","1","40.0364","-76.4552","1855","08","0","0","0","0","0","0","0","0","","0","0","0","18","3","1","01","1","40 02:10.903","5","00","76 27:18.690","3","0","0","0","36239","1","0","0","N","0","0","0","2","36239","0","","1","01","N","N","0","","1","0","1","3","2","N","1855","1","2","0","0","0","0","0","3","0","1","N","","","","","","","","","","","1900","03","03","","N",""
"1233","1","0","0","0","0","0","0","0","0","4","0","","36","10","2021","2021095580","5","40.0398","-76.4553","1230","08","0","0","0","0","0","1","0","0","","0","0","0","12","1","1","01","0","40 02:23.348","","02","76 27:19.108","3","0","0","0","36239","0","0","0","N","0","0","0","2","36239","0","","1","01","N","N","0","","1","0","1","3","2","","1230","1","2","0","0","0","0","0","3","0","2","N","","","","","","","","","","","","03","03","","N",""
"1853","2","0","0","0","0","0","0","0","0","1","0","","36","10","2021","2021096036","6","40.0389","-76.3589","1847","08","0","0","0","0","1","1","0","0","","0","0","0","18","3","2","00","2","40 02:19.974","4","00","76 21:32.096","3","0","0","1","36214","0","0","0","N","0","0","0","6","36214","0","","1","01","N","N","0","","2","0","0","0","0","N","1845","2","3","0","0","0","0","0","3","0","3","N","","","","","","","","","","","1940","03","03","","N","N"
"0240","1","0","0","0","0","0","0","0","0","7","0","","36","10","2021","2021095572","7","40.0606","-76.1867","0237","08","0","0","0","0","0","0","0","0","","0","0","0","02","2","1","00","2","40 03:38.010","6","00","76 11:12.150","3","0","0","0","36234","0","0","0","N","0","0","0","1","36215","0","","4","01","N","N","0","","1","0","0","0","0","Y","0232","1","1","0","0","0","0","0","1","0","1","N","","","","","","","","","","","0330","03","","","N","N"
"1024","2","0","0","0","0","0","0","0","0","1","0","","36","10","2021","2021093858","7","39.992","-76.0201","1024","08","0","0","0","0","0","1","0","0","","0","0","0","10","1","0","00","0","39 59:31.141","","00","76 01:12.241","0","0","0","0","36232","0","0","0","N","0","0","0","5","68J01","0","","1","01","N","N","0","","0","0","1","3","2","","1021","0","3","0","0","0","0","0","1","0","3","N","","","","","","","","","","","","03","","","Y","Y"
"1605","0","0","0","0","0","0","0","0","0","1","0","","36","10","2021","2021094492","2","40.1564","-76.1127","1554","08","0","0","0","0","0","0","0","0","","0","0","0","15","1","0","00","0","40 09:23.041","","00","76 06:45.683","0","0","0","0","36209","0","0","0","N","0","0","0","2","36415","0","","1","01","N","N","0","","0","0","2","0","0","","1550","0","2","0","0","0","0","0","1","0","2","N","","","","","","","","","","","","03","03","","N","N"
"1859","1","0","0","0","0","0","0","0","0","0","0","","36","10","2021","2021097600","1","40.1314","-76.2145","1853","08","0","0","0","1","0","0","0","0","","0","0","0","18","2","0","00","1","40 07:53.098","2","02","76 12:52.177","0","0","0","0","36238","0","0","0","N","0","0","0","1","36238","0","","1","01","N","N","0","","0","0","0","0","0","N","1853","0","1","0","0","1","0","0","3","0","1","N","","","","","","","","","","","1939","03","","","N","N"
"1326","1","0","0","0","0","0","0","0","0","4","0","","36","10","2021","2021096505","3","40.0328","-76.2431","1320","08","0","0","0","0","0","0","0","1","","0","0","0","13","1","2","01","1","40 01:57.997","3","00","76 14:35.031","4","0","0","0","36215","0","0","0","N","0","0","0","5","36215","2","","1","01","N","N","0","","0","0","0","3","2","N","1318","2","2","0","0","0","0","0","1","1","2","N","","","","","","","","","","","1359","04","","","N",""
"0617","0","0","0","0","0","0","0","0","0","6","0","","36","12","2021","2021125381","4","40.1968","-76.1691","0613","08","0","0","0","0","0","1","0","0","","0","0","0","06","2","0","00","2","40 11:48.538","5","00","76 10:08.868","0","0","0","0","36218","0","0","0","N","0","0","0","2","36408","0","","1","02","N","N","0","","0","0","2","0","0","Y","0613","0","2","0","0","0","0","0","1","0","2","N","","","","","","","","","","","0730","05","","","N","N"
"1645","2","0","0","0","0","0","0","0","0","4","0","","36","10","2021","2021102818","1","40.0508","-76.2993","1642","08","0","0","0","0","0","0","0","0","","0","0","0","16","1","1","01","1","40 03:02.905","4","00","76 17:57.328","3","0","0","0","36301","0","0","0","N","0","0","0","3","36301","0","","1","01","N","N","0","","1","0","0","3","2","N","1640","1","2","0","0","0","0","0","3","0","2","N","","","","","","","","","","","1728","03","03","","N",""
"0735","2","0","0","0","0","0","0","0","0","4","0","","36","10","2021","2021096728","5","40.041","-76.2916","0733","08","0","0","0","0","0","0","1","0","","0","0","0","07","1","1","01","1","40 02:27.689","4","00","76 17:29.630","3","0","0","0","36301","0","0","0","N","0","0","0","2","36301","0","","1","01","N","N","0","","1","0","0","3","2","N","0733","1","2","0","0","0","0","0","3","0","2","N","","","","","","","","","","","0803","03","","","N","N"
"2007","2","0","1","0","0","0","0","0","0","1","0","","36","10","2021","2021097601","1","40.1334","-76.2134","2003","08","0","0","0","0","0","0","2","0","","0","0","0","20","2","2","00","9","40 08:00.341","","00","76 12:48.141","2","0","0","0","36238","0","0","0","N","0","0","0","6","36238","0","","1","01","N","N","1","","1","1","1","0","0","","2003","2","4","0","0","0","0","0","3","0","4","N","","","","","","","","","","","","03","03","","Y","N"
"1647","1","0","0","0","0","0","0","0","0","4","0","","36","10","2021","2021122338","6","40.0381","-76.1066","1645","08","0","0","0","0","0","2","0","0","","0","0","0","16","1","2","01","2","40 02:17.056","2","00","76 06:23.604","3","0","0","0","36221","0","0","0","N","0","0","0","3","68J01","0","","1","01","N","N","1","","2","0","1","3","3","N","1638","2","3","0","0","0","0","0","1","0","3","N","","","","","","","","","","","0045","03","03","","N","N"
"0954","1","0","0","0","0","0","0","0","0","1","0","","36","10","2021","2021103847","7","40.1412","-76.5923","0949","08","0","0","0","0","0","0","0","0","","0","0","0","09","1","1","00","0","40 08:28.391","","00","76 35:32.141","4","0","0","0","36237","0","0","0","N","0","0","0","3","36505","1","","1","01","N","N","0","","0","0","1","0","0","","0947","1","2","0","0","0","0","0","1","0","2","N","","","","","","","","","","","","03","","","N","Y"
"1415","0","0","0","0","0","0","0","0","0","4","0","","36","10","2021","2021093995","2","40.048","-76.3055","1356","08","0","0","0","0","0","1","0","0","","0","0","0","13","1","0","01","0","40 02:52.711","","00","76 18:19.893","0","0","0","0","36301","0","0","0","N","0","0","0","3","36301","0","","1","01","N","N","0","","0","0","2","3","2","N","1356","0","2","0","0","0","0","0","3","0","2","N","","","","","","","","","","","","03","","","N","N"
"0429","0","0","0","0","0","0","0","0","0","98","0","","36","10","2021","2021098244","7","40.2445","-76.1648","0410","08","0","0","0","0","0","0","0","0","","0","0","0","04","2","0","00","0","40 14:30.620","","00","76 08:43.843","0","0","0","0","36236","0","0","0","N","0","0","0","2","68T06","0","","1","01","N","N","0","","0","0","1","0","0","","0410","0","1","0","0","0","0","0","1","0","1","N","","","","","","","","","","","","03","","","N","N"
"0121","1","0","0","0","0","0","0","0","0","7","0","","36","10","2021","2021108298","1","40.1399","-76.3886","0118","08","0","0","0","0","0","0","0","0","","0","0","0","01","3","1","00","1","40 08:23.500","4","00","76 23:19.000","8","0","0","0","36227","0","0","0","N","0","0","0","1","36506","0","","4","01","N","N","0","","0","0","0","0","0","Y","0110","1","1","0","0","0","1","0","1","0","1","N","","","","","","","","","","","0100","03","03","","N","N"
"1345","2","0","0","0","0","0","0","0","0","4","0","","36","10","2021","2021100002","6","40.0383","-76.2692","1333","08","0","0","0","0","0","0","2","0","","0","0","0","13","1","0","00","0","40 02:18.053","","07","76 16:09.009","0","0","0","0","36215","0","0","0","N","0","0","0","2","36215","0","","1","01","N","N","0","","0","0","0","0","0","","1333","0","2","0","0","0","0","0","1","0","2","N","","","","","","","","","","","","03","03","","N","N"
"0139","0","0","0","0","0","0","0","0","0","7","0","","36","10","2021","2021100577","6","40.0437","-76.3126","0137","08","0","0","0","0","0","0","0","0","","0","0","0","01","2","0","01","2","40 02:37.449","2","00","76 18:45.277","9","0","0","0","36301","0","0","0","N","0","0","0","2","36301","0","","4","01","N","N","0","","0","0","1","0","0","N","0134","0","1","0","0","0","0","1","3","0","1","N","","","","","","","","","","","0246","03","03","","N","N"
"1521","0","0","0","0","0","0","0","0","0","8","0","","36","10","2021","2021094012","2","40.0668","-76.3182","1516","08","0","0","0","0","0","1","0","0","","0","0","0","15","1","1","02","0","40 04:00.400","","00","76 19:05.500","3","0","0","0","36301","1","0","0","N","1","0","0","2","36301","0","","1","01","N","N","0","","1","0","1","3","3","","1516","1","2","0","0","0","0","0","3","0","1","N","","","","","","","","","","","","03","03","","N","N"
"1527","1","0","0","0","0","0","0","0","0","1","0","","36","10","2021","2021097140","5","40.1758","-76.3088","1521","08","0","0","0","0","0","1","0","1","","0","0","0","15","1","0","01","0","40 10:32.768","","00","76 18:31.673","0","0","0","0","36235","0","0","0","N","0","0","0","2","36506","0","","1","01","N","N","0","","0","0","1","3","2","","1521","0","2","0","0","0","0","0","1","0","2","N","","","","","","","","","","","","03","03","","N",""
"1342","1","0","0","0","0","0","0","0","0","4","0","","36","10","2021","2021098871","1","40.2416","-76.1756","1342","08","0","1","0","0","0","1","0","0","","0","0","0","13","1","1","01","1","40 14:29.725","1","00","76 10:32.248","3","0","0","0","36236","0","0","0","N","0","0","0","3","36408","0","","1","01","N","N","0","","1","0","1","3","3","N","1342","1","2","0","0","0","0","0","1","0","2","N","","","","","","","","","","","1430","03","","","N","N"
"1139","1","0","0","0","0","0","0","0","0","4","0","","36","10","2021","2021094491","7","40.1009","-76.0823","1138","08","0","0","0","0","0","2","0","0","","0","0","0","11","1","0","01","1","40 06:03.334","2","00","76 04:56.150","0","0","0","0","36415","0","0","0","N","0","0","0","2","36415","0","","1","01","N","N","0","","0","0","1","3","3","N","1138","0","2","0","0","0","0","0","1","0","2","N","","","","","","","","","","","1206","03","03","","N",""
"1050","0","0","0","0","0","0","0","0","0","1","0","","36","10","2021","2021101364","6","40.063","-76.3385","1036","08","0","0","0","0","0","1","0","1","","0","0","0","10","1","0","00","1","40 03:46.803","4","00","76 20:18.547","0","0","0","0","36301","0","0","0","N","0","0","0","3","36301","0","","1","01","N","N","1","","0","0","1","0","0","N","1036","0","2","0","0","0","0","0","3","0","2","N","","","","","","","","","","","1130","03","03","","N","N"
"1729","1","0","0","0","0","0","0","0","0","4","0","","36","10","2021","2021098937","4","40.0938","-76.2842","1723","08","0","0","0","0","0","1","0","1","","0","0","0","17","4","1","02","1","40 05:37.800","6","00","76 17:03.220","4","0","0","0","36101","0","0","0","N","0","0","0","2","36101","1","","1","01","N","N","0","","0","0","1","0","0","Y","1721","1","2","0","0","0","0","0","3","0","2","N","","","","","","","","","","","1840","03","03","","N",""
"2130","0","0","0","0","0","0","0","0","0","4","0","","36","10","2021","2021104989","1","39.8934","-76.1685","2128","08","0","0","0","0","0","1","0","0","","0","0","0","21","3","0","01","0","39 53:36.394","","00","76 10:06.430","0","0","0","0","36416","0","0","0","N","0","0","0","5","36416","0","","1","01","N","N","2","","0","0","0","3","3","","2128","0","2","0","0","0","0","0","1","0","2","N","","","","","","","","","","","","04","04","","N","N"
"1739","1","0","0","0","0","0","0","0","0","1","0","","36","10","2021","2021096708","2","40.1536","-76.2066","1732","08","0","0","0","0","0","1","1","0","","0","0","0","17","1","0","00","0","40 09:12.948","","00","76 12:23.793","0","0","0","0","36218","0","0","0","N","0","0","0","2","36238","0","","1","01","N","N","0","","0","0","1","0","0","","1732","0","2","0","0","0","0","0","1","0","2","N","","","","","","","","","","","","03","","","N","N"
"0809","0","0","0","0","0","0","0","0","0","4","0","","36","10","2021","2021097134","7","40.1895","-76.31","0803","08","0","0","0","0","0","1","0","0","","0","0","0","08","1","1","01","2","40 11:22.225","5","00","76 18:36.138","4","0","0","0","36217","0","0","0","N","0","0","0","2","36506","1","","1","01","N","N","0","","0","0","1","3","3","N","0800","1","2","0","0","0","0","0","1","1","2","N","","","","","","","","","","","0020","03","03","","N",""
"0526","3","0","0","0","0","0","0","0","0","4","0","","36","12","2021","2021120538","1","40.0399","-76.2896","0521","08","0","0","0","0","0","0","0","0","","0","0","0","05","3","0","00","2","40 02:23.818","3","00","76 17:22.552","9","0","0","0","36301","0","0","0","N","0","0","0","1","36301","0","","1","01","N","N","0","","0","0","0","0","0","Y","0519","0","3","0","0","0","0","1","3","0","3","N","","","","","","","","","","","0625","03","","","Y","N"
"2210","2","0","0","0","0","0","0","0","0","4","0","","36","09","2021","2021088563","3","40.1775","-76.6012","2206","08","0","0","0","0","0","0","0","0","","0","0","0","22","2","0","07","1","40 10:39.055","3","02","76 36:04.454","0","0","0","0","36225","0","0","0","N","0","0","0","2","36505","0","","1","01","N","N","0","","0","0","0","0","0","N","2204","0","2","0","0","0","0","0","2","0","2","N","","","","","","","","","","","2242","03","","","N",""
"1231","0","0","0","0","0","0","0","0","0","1","0","","36","10","2021","2021097783","4","40.0926","-76.4024","1231","08","0","0","0","1","0","0","0","0","","0","0","0","12","1","0","02","1","40 05:33.296","4","00","76 24:08.499","0","0","0","0","36214","0","0","0","N","0","0","0","2","36214","0","","1","01","N","N","0","","0","0","2","0","0","N","1231","0","2","0","0","0","0","0","3","0","2","N","","","","","","","","","","","1307","04","04","","N",""
"0557","1","0","0","0","0","0","0","0","0","1","0","","36","10","2021","2021095741","3","40.088","-76.329","0554","08","0","0","0","0","0","1","0","0","","0","0","0","05","3","0","01","0","40 05:16.970","","00","76 19:44.246","0","0","0","0","36101","0","0","0","N","0","0","0","2","36101","0","","1","09","N","N","1","","0","0","0","3","2","","0552","0","2","0","0","0","0","0","3","0","2","N","","","","","","","","","","","","03","03","","N","Y"
"1234","0","0","0","0","0","0","0","0","0","4","0","","36","10","2021","2021103840","2","40.0743","-76.3199","1231","08","0","0","0","0","0","0","1","1","","0","0","0","12","1","0","00","0","40 04:27.600","","07","76 19:11.800","0","0","0","0","36101","0","0","0","N","0","0","0","2","36101","0","","1","01","N","N","0","","0","0","1","0","0","","1229","0","2","0","0","0","0","0","3","1","2","N","","","","","","","","","","","","03","03","","N","N"
"1955","0","0","0","0","0","0","0","0","0","6","0","","36","10","2021","2021099576","7","40.0264","-76.3945","1947","08","0","0","0","1","0","1","0","0","","0","0","0","19","2","0","00","1","40 01:34.996","5","00","76 23:40.050","0","0","0","0","36223","0","0","0","N","0","0","0","4","36223","0","","1","09","N","N","0","","0","0","2","0","0","N","1946","0","2","0","0","0","0","0","1","0","2","N","","","","","","","","","","","2045","03","04","","N","N"
"1527","1","0","0","0","0","0","0","0","0","1","0","","36","10","2021","2021099295","2","40.0117","-76.3541","1525","08","0","0","0","0","0","1","0","0","","0","0","0","15","1","0","00","0","40 00:42.169","","00","76 21:14.717","0","0","0","0","36412","0","0","0","N","0","0","0","2","36412","0","","1","01","N","N","1","","0","0","0","3","2","","1525","0","2","0","0","0","0","0","3","0","2","N","","","","","","","","","","","","03","","","N","Y"
"1632","0","0","0","0","0","0","0","0","0","4","0","","36","10","2021","2021103512","1","40.1317","-75.9768","1547","08","0","0","0","0","0","0","2","0","","0","0","0","14","1","0","00","0","40 07:54.104","","07","75 58:36.312","0","0","0","0","36203","0","0","0","N","0","0","0","2","68J01","0","","1","01","N","N","0","","0","0","1","0","0","","1410","0","2","0","0","0","0","0","1","1","2","N","","","","","","","","","","","","03","","","N","N"
"1808","0","0","0","0","0","0","0","0","0","7","0","","36","10","2021","2021099575","7","40.0265","-76.3945","1801","08","0","1","0","0","0","0","0","0","","0","0","0","17","4","0","00","1","40 01:35.474","1","00","76 23:40.158","0","0","0","0","36223","0","0","0","N","0","0","0","2","36223","0","","5","09","N","N","0","","0","0","1","0","0","N","1759","0","1","0","0","0","0","0","1","0","1","N","","","","","","","","","","","1839","07","04","","N","N"
"1542","0","0","0","0","0","0","0","0","0","4","0","","36","10","2021","2021096506","3","40.0304","-76.2324","1536","08","0","0","0","0","0","2","0","0","","0","0","0","15","1","0","00","1","40 01:49.314","3","07","76 13:56.595","0","0","0","0","36215","0","0","0","N","0","0","0","2","36215","0","","1","01","N","N","1","","0","0","1","0","0","N","1535","0","2","0","0","0","0","0","1","0","2","N","","","","","","","","","","","1636","04","","","N","N"
"1821","2","0","0","0","0","0","0","0","0","4","0","","36","10","2021","2021097389","2","40.1421","-76.5665","1814","08","0","0","0","1","0","1","0","0","","0","0","0","18","1","0","01","0","40 08:31.700","","00","76 33:59.551","0","0","0","0","36225","0","0","0","N","0","0","0","2","36505","0","","1","01","N","N","0","","0","0","0","0","0","","1814","0","2","0","0","0","0","0","2","0","2","N","","","","","","","","","","","","03","03","","N",""
"1025","1","0","0","0","0","0","0","0","0","4","0","","36","10","2021","2021095919","7","40.0606","-76.2768","1021","08","0","0","0","0","0","1","0","0","","0","0","0","10","1","0","01","0","40 03:38.398","","00","76 16:37.304","0","0","0","0","36101","0","0","0","N","0","0","0","2","36101","0","","1","01","N","N","0","","0","0","1","3","2","","1018","0","2","0","0","0","0","0","3","0","2","N","","","","","","","","","","","","04","04","","N",""
"0240","1","0","0","0","0","0","0","0","0","7","0","","36","10","2021","2021117618","3","40.2119","-76.1298","0236","08","0","0","0","0","0","1","0","0","","0","0","0","02","3","0","00","0","40 12:42.671","","07","76 07:47.184","0","0","0","0","36210","0","0","0","N","0","0","0","1","36210","0","","2","01","N","N","0","","0","0","0","0","0","","0236","0","1","0","0","0","0","0","1","0","1","N","","","","","","","","","","","","03","","","N","Y"
"1858","1","0","0","1","0","0","0","0","0","1","0","","36","10","2021","2021112825","1","40.035","-76.0687","1843","08","0","0","0","0","0","0","0","0","","0","0","0","18","2","1","00","1","40 02:05.920","4","00","76 04:07.450","3","0","0","0","36221","1","0","0","N","0","0","0","2","68J01","0","","1","01","N","N","0","","1","0","0","0","0","N","1835","1","2","0","0","0","0","0","1","0","1","N","","","","","","","","","","","1925","03","","","N","N"
"0659","0","0","0","0","0","0","0","0","0","7","0","","36","10","2021","2021099578","2","40.1712","-76.5918","0648","08","0","0","0","0","0","0","0","0","","0","0","0","06","5","1","00","2","40 10:16.488","4","00","76 35:30.577","4","0","0","0","36225","0","0","0","N","0","0","0","1","36505","1","","3","01","N","N","1","","0","0","0","0","0","N","0644","1","1","0","0","0","0","0","2","0","1","N","","","","","","","","","","","0743","03","03","","N","N"
"0730","0","0","0","0","0","0","0","0","0","5","0","","36","10","2021","2021102689","2","40.1124","-76.2089","0726","08","0","0","0","0","0","0","0","0","","0","0","0","07","1","0","00","0","40 06:44.588","","00","76 12:32.219","0","0","0","0","36238","0","0","0","N","0","0","0","4","36238","0","","1","01","N","N","0","","0","0","1","0","0","","0726","0","2","0","0","0","0","0","3","1","2","N","","","","","","","","","","","","03","","","N","N"
"1915","2","0","0","0","0","0","0","0","0","1","0","","36","10","2021","2021103164","3","40.0649","-76.3366","1908","08","0","0","0","0","0","0","0","0","","0","0","0","19","3","0","00","1","40 03:53.766","4","00","76 20:11.786","0","0","0","0","36301","0","0","0","N","0","0","0","5","36301","0","","1","01","N","N","0","","0","0","0","0","0","N","1906","0","2","0","0","0","0","0","3","0","2","N","","","","","","","","","","","2015","03","03","","N","N"
"2130","1","0","0","0","0","0","0","0","0","7","0","","36","10","2021","2021097142","7","40.1448","-76.3144","2118","08","0","1","0","0","0","0","0","0","","0","0","0","21","3","0","13","2","40 08:41.191","2","00","76 18:51.705","0","0","0","0","36235","0","0","0","N","0","0","0","2","36506","0","","4","01","N","N","0","","0","0","0","3","4","Y","2117","0","1","0","0","0","0","0","1","0","1","N","","","","","","","","","","","2200","04","","","N",""
"2003","0","0","0","0","0","0","0","0","0","1","0","","36","10","2021","2021100631","5","40.0585","-76.4037","1955","08","0","0","0","0","0","1","1","0","","0","0","0","19","3","2","01","1","40 03:30.572","1","00","76 24:13.331","4","0","0","0","36214","0","0","0","N","0","0","0","2","36214","2","","1","01","N","N","0","","0","0","2","3","2","N","1951","2","2","0","0","0","0","0","3","0","2","N","","","","","","","","","","","2049","03","03","","N",""
"2215","0","0","0","1","0","0","0","0","0","6","0","","36","10","2021","2021102663","5","40.0651","-76.3261","2211","08","0","0","0","0","0","0","0","0","","0","0","0","22","2","1","00","1","40 03:54.286","1","00","76 19:33.823","3","0","0","0","36301","1","0","0","N","0","0","0","2","36301","0","","4","01","N","N","1","","1","0","0","0","0","N","2209","1","2","0","0","0","0","1","3","0","1","N","","","","","","","","","","","2230","03","03","","N","N"
"1145","1","0","0","0","0","0","0","0","0","4","0","","36","10","2021","2021101889","6","40.1013","-76.0885","1141","08","0","0","0","0","0","0","0","1","","0","0","0","11","1","0","02","0","40 06:04.600","","00","76 05:18.700","0","0","0","0","36415","0","0","0","N","0","0","0","2","36415","0","","1","01","N","N","1","","0","0","0","3","3","","1140","0","2","0","0","0","0","0","1","0","2","N","","","","","","","","","","","","03","03","","N",""
"1738","0","0","0","0","0","0","0","0","0","4","0","","36","10","2021","2021094284","3","40.1576","-76.5932","1736","08","0","0","0","0","0","0","0","0","","0","0","0","17","1","0","01","1","40 09:27.266","3","07","76 35:35.355","0","0","0","0","36407","0","0","0","N","0","0","0","3","36407","0","","1","01","N","Y","0","","0","0","2","0","0","Y","1734","0","2","0","0","0","0","0","2","0","2","N","","","","","","","","","","","1802","03","","","N",""
"2022","1","0","0","0","0","0","0","0","0","7","0","","36","10","2021","2021093512","7","40.1061","-76.2933","2008","08","0","0","0","0","1","0","0","0","","0","0","0","19","2","0","00","0","40 06:21.795","","00","76 17:36.057","0","0","0","0","36101","0","0","0","N","0","0","0","4","36101","0","","4","01","N","N","0","","0","0","0","0","0","","1957","0","1","0","0","0","0","0","3","0","1","N","","","","","","","","","","","","03","03","","N","N"
"0752","1","0","0","0","0","0","0","0","0","4","0","","36","10","2021","2021094613","3","39.8797","-76.0156","0740","08","0","0","1","0","0","0","1","0","","0","0","0","07","1","0","00","1","39 52:46.871","1","07","76 00:56.247","0","0","0","0","36205","0","0","0","N","0","0","0","2","68J01","0","","1","01","N","N","1","","0","0","0","0","0","N","0734","0","2","0","0","0","0","0","1","0","2","N","","","","","","","","","","","0825","03","","","N","N"
"1030","1","0","0","0","0","0","0","0","0","4","0","","36","09","2021","2021085850","7","40.1517","-76.2982","1030","08","0","0","0","0","0","0","1","1","","0","0","0","10","1","0","05","0","40 09:06.290","","00","76 17:53.655","0","0","0","0","36409","0","0","0","N","0","0","0","5","36409","0","","1","01","N","N","0","","0","0","1","3","3","","1030","0","2","0","0","0","0","0","3","0","2","N","","","","","","","","","","","","03","","","N",""
"0651","1","0","0","0","0","0","0","0","0","1","0","","36","10","2021","2021096504","3","40.0314","-76.2446","0649","08","0","0","0","0","0","1","0","0","","0","0","0","06","6","1","00","1","40 01:53.123","1","00","76 14:40.677","3","0","0","0","36215","0","0","0","N","0","0","0","2","36215","0","","1","01","N","N","1","","1","0","0","0","0","N","0647","1","2","0","0","0","0","0","1","0","2","N","","","","","","","","","","","0728","04","","","N","Y"
"1455","2","0","0","0","0","0","0","0","0","4","0","","36","10","2021","2021117271","2","40.0011","-76.3546","1455","08","0","1","0","0","0","0","0","0","","0","0","0","14","1","0","01","0","40 00:03.943","","00","76 21:16.721","0","0","0","0","36412","0","0","0","N","0","0","0","2","36412","0","","1","01","N","N","0","","0","0","0","3","3","","1455","0","2","0","0","0","0","0","3","0","2","N","","","","","","","","","","","","03","","","N","Y"
"1914","0","0","0","0","0","0","0","0","0","8","0","","36","10","2021","2021101653","7","40.0809","-76.2683","1911","08","0","0","0","0","0","0","0","0","","0","0","0","19","2","1","00","0","40 04:51.100","","00","76 16:06.000","3","0","0","0","36101","1","0","0","N","1","0","0","1","36101","0","","1","01","N","N","0","","1","0","1","0","0","","1901","1","2","0","0","0","0","0","3","0","1","N","","","","","","","","","","","","03","","","N","N"
"0656","0","0","0","0","0","0","0","0","0","7","0","","36","10","2021","2021101484","1","40.1263","-76.3366","0646","08","0","0","0","0","0","0","0","0","","0","0","0","06","2","0","00","1","40 07:34.700","1","00","76 20:11.700","0","0","0","0","36101","0","0","0","N","0","0","0","1","36101","0","","4","01","N","N","0","","0","0","1","0","0","N","0643","0","1","0","0","0","0","0","3","0","1","N","","","","","","","","","","","0800","03","","","N","N"
"0437","0","0","0","0","0","0","0","0","0","98","0","","36","10","2021","2021102983","5","40.1147","-76.4491","0422","08","0","0","0","0","0","1","0","0","","0","0","0","04","2","0","00","0","40 06:52.808","","00","76 26:56.903","0","0","0","0","36230","0","0","0","N","0","0","0","1","36410","0","","1","01","N","N","0","","0","0","1","0","0","","0420","0","1","0","0","0","0","0","1","0","1","N","","","","","","","","","","","","03","03","","N","N"
"2343","2","0","0","0","0","0","0","0","0","1","0","","36","10","2021","2021095573","7","40.0331","-76.2452","2336","08","0","0","0","0","1","0","0","0","","0","0","0","23","3","1","01","1","40 01:59.353","1","00","76 14:42.859","3","0","0","0","36215","0","0","0","N","0","0","0","3","36215","0","","1","01","N","N","0","","1","0","0","3","2","N","2333","1","3","0","0","0","0","0","1","1","3","N","","","","","","","","","","","2355","03","03","","N",""