"ARRIVAL_TM","AUTOMOBILE_COUNT","BELTED_DEATH_COUNT","BELTED_SUSP_SERIOUS_INJ_COUNT","BICYCLE_COUNT","BICYCLE_DEATH_COUNT","BICYCLE_SUSP_SERIOUS_INJ_COUNT","BUS_COUNT","CHLDPAS_DEATH_COUNT","CHLDPAS_SUSP_SERIOUS_INJ_COUNT","COLLISION_TYPE","COMM_VEH_COUNT","CONS_ZONE_SPD_LIM","COUNTY","CRASH_MONTH","CRASH_YEAR","CRN","DAY_OF_WEEK","DEC_LAT","DEC_LONG","DISPATCH_TM","DISTRICT","DRIVER_COUNT_16YR","DRIVER_COUNT_17YR","DRIVER_COUNT_18YR","DRIVER_COUNT_19YR","DRIVER_COUNT_20YR","DRIVER_COUNT_50_64YR","DRIVER_COUNT_65_74YR","DRIVER_COUNT_75PLUS","EST_HRS_CLOSED","FATAL_COUNT","HEAVY_TRUCK_COUNT","HORSE_BUGGY_COUNT","HOUR_OF_DAY","ILLUMINATION","INJURY_COUNT","INTERSECT_TYPE","LANE_CLOSED","LATITUDE","LN_CLOSE_DIR","LOCATION_TYPE","LONGITUDE","MAX_SEVERITY_LEVEL","MCYCLE_DEATH_COUNT","MCYCLE_SUSP_SERIOUS_INJ_COUNT","MOTORCYCLE_COUNT","MUNICIPALITY","NONMOTR_COUNT","NONMOTR_DEATH_COUNT","NONMOTR_SUSP_SERIOUS_INJ_COUNT","NTFY_HIWY_MAINT","PED_COUNT","PED_DEATH_COUNT","PED_SUSP_SERIOUS_INJ_COUNT","PERSON_COUNT","POLICE_AGCY","POSSIBLE_INJ_COUNT","RDWY_SURF_TYPE_CD","RELATION_TO_ROAD","ROAD_CONDITION","SCH_BUS_IND","SCH_ZONE_IND","SMALL_TRUCK_COUNT","SPEC_JURIS_CD","SUSP_MINOR_INJ_COUNT","SUSP_SERIOUS_INJ_COUNT","SUV_COUNT","TCD_FUNC_CD","TCD_TYPE","TFC_DETOUR_IND","TIME_OF_DAY","TOT_INJ_COUNT","TOTAL_UNITS","UNB_DEATH_COUNT","UNB_SUSP_SERIOUS_INJ_COUNT","UNBELTED_OCC_COUNT","UNK_INJ_DEG_COUNT","UNK_INJ_PER_COUNT","URBAN_RURAL","VAN_COUNT","VEHICLE_COUNT","WORK_ZONE_IND","WORK_ZONE_LOC","WORK_ZONE_TYPE","WORKERS_PRES","WZ_CLOSE_DETOUR","WZ_FLAGGER","WZ_LAW_OFFCR_IND","WZ_LN_CLOSURE","WZ_MOVING","WZ_OTHER","WZ_SHLDER_MDN","ROADWAY_CLEARED","WEATHER1","WEATHER2","WZ_WORKERS_INJ_KILLED","SECONDARY_CRASH","INTERSECTION_RELATED"
"1345","1","0","0","0","0","0","0","0","0","1","0","","36","10","2021","2021096182","7","40.0769","-76.3377","1343","08","0","0","0","0","0","0","0","0","","0","0","0","13","1","0","00","1","40 04:36.940","2","00","76 20:15.611","0","0","0","0","36101","0","0","0","N","0","0","0","4","36101","0","","1","01","N","N","0","","0","0","1","0","0","Y","1342","0","2","0","0","0","0","0","3","0","2","N","","","","","","","","","","","1448","03","03","","N","N"
"1227","0","0","0","0","0","0","0","0","0","4","0","","36","10","2021","2021096507","6","40.0563","-76.4626","1224","08","0","0","0","0","0","0","0","0","","0","0","0","12","1","0","01","1","40 03:22.745","1","00","76 27:45.285","0","0","0","0","36239","0","0","0","N","0","0","0","2","36239","0","","1","01","N","N","0","","0","0","2","3","3","Y","1220","0","2","0","0","0","0","0","3","0","2","N","","","","","","","","","","","1236","03","","","N",""
"1810","2","0","0","0","0","0","0","0","0","4","0","","36","10","2021","2021095002","6","40.2884","-76.2034","1756","08","0","1","0","0","0","1","0","0","","0","0","0","17","1","0","01","1","40 17:18.254","5","00","76 12:12.309","0","0","0","0","36236","0","0","0","N","0","0","0","6","36408","0","","1","01","N","N","0","","0","0","1","2","3","N","1756","0","3","0","0","0","0","0","1","0","3","N","","","","","","","","","","","1907","03","","","N","N"
"1442","1","0","0","0","0","0","0","0","0","5","0","","36","10","2021","2021102970","1","40.0639","-76.2826","1435","08","0","0","0","0","0","0","0","0","","0","0","0","14","1","3","00","1","40 03:50.209","3","00","76 16:57.473","3","0","0","0","36101","0","0","0","N","0","0","0","4","36101","1","","1","01","N","N","0","","2","0","1","0","0","N","1433","3","2","0","0","0","0","0","3","0","2","N","","","","","","","","","","","1515","03","03","","N","N"
"2219","2","0","0","0","0","0","0","0","0","7","0","","36","10","2021","2021104602","5","40.0919","-76.33","2217","08","0","0","0","0","0","0","0","1","","0","0","0","22","3","1","00","2","40 05:30.687","5","00","76 19:48.057","3","0","0","0","36101","0","0","0","N","0","0","0","3","36101","0","","2","01","N","N","0","","1","0","0","0","0","Y","2216","1","2","0","0","1","0","0","3","0","2","N","","","","","","","","","","","2315","03","03","","N","N"
"1455","1","0","0","0","0","0","0","0","0","4","0","","36","10","2021","2021101667","6","40.1797","-76.1788","1453","08","0","0","0","0","0","0","0","0","","0","0","0","14","1","1","01","1","40 10:46.795","3","00","76 10:43.582","3","0","0","0","36408","0","0","0","N","0","0","0","4","36408","0","","1","01","N","N","0","","1","0","0","3","2","Y","1453","1","2","0","0","0","0","0","2","1","2","N","","","","","","","","","","","1545","03","","","N","N"
"1602","0","0","0","0","0","0","0","0","0","4","0","","36","10","2021","2021113831","2","40.0983","-76.3003","1558","08","0","0","0","0","0","1","0","0","","0","0","0","15","1","0","00","1","40 05:53.915","4","07","76 18:01.199","0","0","0","0","36101","0","0","0","N","0","0","0","3","36101","0","","1","01","N","N","1","","0","0","1","0","0","N","1555","0","2","0","0","0","0","0","3","0","2","N","","","","","","","","","","","1700","03","","","N","Y"
"1537","1","0","0","0","0","0","0","0","0","4","0","","36","10","2021","2021105556","7","40.0228","-76.3671","1534","08","0","1","0","0","0","0","1","0","","0","0","0","15","1","0","01","0","40 01:21.946","","00","76 22:01.509","0","0","0","0","36223","0","0","0","N","0","0","0","2","36223","0","","1","09","N","N","0","","0","0","1","3","3","","1533","0","2","0","0","0","0","0","1","0","2","N","","","","","","","","","","","","04","98","","N",""
"2253","1","0","0","0","0","0","0","0","0","8","0","","36","10","2021","2021102710","2","40.0382","-76.3231","2249","08","0","0","0","0","0","0","0","0","","0","0","0","22","3","1","00","1","40 02:17.550","4","00","76 19:23.325","3","0","0","0","36301","1","0","0","N","1","0","0","3","36301","0","","1","09","N","N","0","","1","0","0","0","0","Y","2243","1","2","0","0","0","0","0","3","0","1","N","","","","","","","","","","","2305","06","07","","N","N"
"2128","1","0","0","0","0","0","0","0","0","6","0","","36","10","2021","2021097569","2","40.0315","-76.3108","2042","08","0","0","0","0","0","1","0","0","","0","0","0","20","2","1","00","0","40 01:53.400","","00","76 18:39.000","8","0","0","0","36301","0","0","0","N","0","0","0","2","36301","0","","1","01","N","N","0","","0","0","2","0","0","","2040","1","3","0","0","0","1","0","3","0","3","N","","","","","","","","","","","","03","03","","Y","N"
"1458","0","0","0","0","0","0","0","0","0","7","0","","36","10","2021","2021097136","7","40.0883","-76.346","1438","08","0","0","0","0","0","1","0","0","","0","0","0","14","1","0","00","0","40 05:17.891","","00","76 20:45.565","0","0","0","0","36406","0","0","0","N","0","0","0","1","36506","0","","4","01","N","N","0","","0","0","1","0","0","","1438","0","1","0","0","0","0","0","3","0","1","N","","","","","","","","","","","","03","03","","N","N"
"1835","1","0","0","0","0","0","0","0","0","7","0","","36","08","2021","2021085652","1","40.2153","-76.3018","1811","08","0","0","0","0","0","1","0","0","","0","0","0","18","1","1","00","1","40 12:55.024","2","00","76 18:06.600","4","0","0","0","36217","0","0","0","N","0","0","0","2","68J01","1","","2","01","N","N","0","","0","0","0","0","0","N","1808","1","2","0","0","0","0","0","1","0","1","N","","","","","","","","","","","1700","03","","","N","N"
"0053","0","0","0","0","0","0","0","0","0","98","0","","36","10","2021","2021101884","7","40.093","-76.3895","0050","08","0","0","0","0","0","0","0","0","","0","0","0","00","2","0","00","0","40 05:34.872","","00","76 23:22.300","0","0","0","0","36214","0","0","0","N","0","0","0","1","36214","0","","1","01","N","N","0","","0","0","1","0","0","","0047","0","1","0","0","0","0","0","3","0","1","N","","","","","","","","","","","","03","03","","N","N"
"0246","1","0","0","0","0","0","0","0","0","5","0","","36","10","2021","2021106271","7","40.1578","-76.1538","0236","08","0","0","0","0","0","0","0","0","","0","0","0","02","2","2","00","1","40 09:28.071","2","00","76 09:13.763","2","0","0","0","36238","0","0","0","Y","0","0","0","3","36238","0","","1","01","N","N","0","","1","1","0","0","0","N","0236","2","2","0","1","2","0","1","3","0","2","N","","","","","","","","","","","0345","03","","","N","N"
"1453","1","0","0","0","0","0","0","0","0","4","0","","36","10","2021","2021101482","7","40.016","-76.3061","1443","08","0","0","0","0","0","0","0","0","","0","0","0","14","1","0","02","2","40 00:57.640","6","00","76 18:21.983","0","0","0","0","36220","0","0","0","N","0","0","0","2","36101","0","","1","01","N","N","0","","0","0","1","3","3","N","1442","0","2","0","0","0","0","0","3","0","2","N","","","","","","","","","","","1515","04","","","N",""
"2113","1","0","0","0","0","0","0","0","0","0","0","","36","09","2021","2021088362","1","40.1647","-76.5833","2107","08","0","0","1","0","0","0","0","0","","0","0","0","21","2","0","00","1","40 09:52.838","4","00","76 34:59.896","0","0","0","0","36407","0","0","0","N","0","0","0","2","36407","0","","1","01","N","N","0","","0","0","0","0","0","N","2106","0","1","0","0","0","0","0","2","0","1","N","","","","","","","","","","","2151","03","03","","N","N"
"0652","1","0","0","0","0","0","0","0","0","1","0","","36","10","2021","2021103622","6","40.0843","-76.2239","0640","08","0","0","0","0","0","0","0","0","","0","0","0","06","1","0","02","0","40 05:03.562","","00","76 13:25.981","0","0","0","0","36234","0","0","0","N","0","0","0","2","36215","0","","1","01","N","N","0","","0","0","1","3","2","","0638","0","2","0","0","0","0","0","1","0","2","N","","","","","","","","","","","","03","03","","N",""
"1731","2","0","0","0","0","0","0","0","0","4","0","","36","10","2021","2021094699","4","40.0654","-76.3365","1721","08","0","0","0","0","1","0","0","0","","0","0","0","17","1","1","02","0","40 03:55.400","","00","76 20:11.400","8","0","0","0","36301","0","0","0","N","0","0","0","2","36301","0","","1","01","N","N","0","","0","0","0","3","3","","1714","1","2","0","0","1","1","0","3","0","2","N","","","","","","","","","","","","03","","","N","N"
"1224","1","0","0","0","0","0","0","0","0","1","0","","36","10","2021","2021097137","1","40.1773","-76.309","1219","08","1","0","0","0","0","2","0","0","","0","0","0","12","1","0","00","0","40 10:38.443","","00","76 18:32.325","0","0","0","0","36235","0","0","0","N","0","0","0","3","36506","0","","1","01","N","N","1","","0","0","1","0","0","","1219","0","3","0","0","0","0","0","1","0","3","N","","","","","","","","","","","","03","03","","N","Y"
"1848","1","0","1","0","0","0","0","0","0","7","0","","36","10","2021","2021109261","6","40.0761","-76.5958","1838","08","0","0","0","0","0","0","0","0","","0","0","0","18","2","1","00","2","40 04:33.800","6","00","76 35:44.900","2","0","0","0","36211","0","0","0","N","0","0","0","1","36504","0","","4","01","N","N","0","","0","1","0","0","0","Y","1837","1","1","0","0","0","0","0","1","0","1","N","","","","","","","","","","","2202","03","","","N","N"
"1308","0","0","1","0","0","0","0","0","0","4","0","","36","10","2021","2021123682","5","39.9933","-76.0291","1301","08","0","0","0","0","0","1","1","0","","0","0","0","12","1","1","01","2","39 59:35.957","5","00","76 01:44.720","2","0","0","0","36232","0","0","0","N","0","0","0","2","68J01","0","","1","01","N","N","0","","0","1","2","3","2","Y","1257","1","2","0","0","0","0","0","1","0","2","N","","","","","","","","","","","0045","03","","","N","N"
"2341","1","0","0","1","0","0","0","0","0","4","0","","36","10","2021","2021100633","5","40.0637","-76.3498","2338","08","0","0","0","0","0","1","0","0","","0","0","0","23","3","1","02","1","40 03:49.460","2","00","76 20:59.240","3","0","0","0","36214","1","0","0","N","0","0","0","2","36214","0","","1","01","N","N","0","","1","0","0","3","3","N","2336","1","2","0","0","0","0","0","3","0","1","N","","","","","","","","","","","0009","03","","","N",""
"2105","3","0","0","0","0","0","0","0","0","4","0","","36","10","2021","2021103579","2","40.0425","-76.3086","2102","08","0","0","0","0","1","0","0","0","","0","0","0","21","3","0","01","1","40 02:33.169","2","00","76 18:31.085","0","0","0","0","36301","0","0","0","N","0","0","0","1","36301","0","","1","09","N","N","0","","0","0","0","0","0","N","2102","0","3","0","0","0","0","0","3","0","3","N","","","","","","","","","","","2200","07","","","N","N"
"1442","1","0","0","0","0","0","0","0","0","4","0","","36","10","2021","2021101699","5","40.0296","-76.3231","1435","08","0","0","0","0","0","0","1","0","","0","0","0","14","1","3","01","0","40 01:46.727","","00","76 19:23.150","3","0","0","0","36301","0","0","0","N","0","0","0","4","36301","0","","1","01","N","N","1","","3","0","0","3","2","","1433","3","2","0","0","0","0","0","3","0","2","N","","","","","","","","","","","","03","03","","N",""
"2311","1","0","0","0","0","0","0","0","0","4","0","","36","10","2021","2021103467","1","40.2331","-76.0783","2309","08","0","0","1","0","0","0","0","0","","0","0","0","23","3","1","01","1","40 13:59.165","4","00","76 04:42.021","3","0","0","0","36210","0","0","0","N","0","0","0","8","36210","0","","1","09","N","N","0","","1","0","1","3","2","Y","2309","1","2","0","0","0","0","0","1","0","2","N","","","","","","","","","","","0006","07","","","N","N"
"1730","2","0","0","0","0","0","0","0","0","2","0","","36","12","2021","2021126813","1","39.9908","-76.2584","1726","08","0","0","0","1","0","0","0","1","","0","0","0","17","3","2","00","0","39 59:26.919","","00","76 15:30.100","8","0","0","0","36240","0","0","0","N","0","0","0","2","36240","0","","1","01","N","N","0","","0","0","0","0","0","","1723","2","2","0","0","0","2","0","1","0","2","N","","","","","","","","","","","","03","03","","N","N"
"0150","1","0","0","0","0","0","0","0","0","7","0","","36","10","2021","2021097494","4","39.8863","-76.2351","0135","08","0","1","0","0","0","0","0","0","","0","0","0","01","2","0","00","0","39 53:10.710","","00","76 14:06.373","0","0","0","0","36229","0","0","0","N","0","0","0","1","68J01","0","","4","01","N","N","0","","0","0","0","0","0","","0134","0","1","0","0","0","0","0","1","0","1","N","","","","","","","","","","","","03","03","","N","N"
"0914","0","0","0","0","0","0","0","0","0","8","0","","36","10","2021","2021093865","1","39.9728","-76.1903","0903","08","0","0","0","0","0","1","0","0","","0","0","0","08","1","1","00","2","39 58:21.980","6","00","76 11:25.130","3","0","0","0","36233","1","0","0","N","1","0","0","2","68J01","0","","1","09","N","N","1","","1","0","0","0","0","Y","0840","1","2","0","0","0","0","0","1","0","1","N","","","","","","","","","","","0935","05","","","N","N"
"0013","2","0","0","0","0","0","0","0","0","4","0","","36","10","2021","2021101615","1","40.0491","-76.3057","0011","08","0","0","0","1","0","0","1","0","","0","0","0","00","3","1","02","2","40 02:56.626","2","00","76 18:20.639","3","0","0","0","36301","0","0","0","N","0","0","0","3","36301","0","","1","01","N","N","0","","1","0","1","2","3","Y","0009","1","3","0","0","0","0","0","3","0","3","N","","","","","","","","","","","0100","03","04","","N",""
"0800","0","0","0","0","0","0","0","0","0","4","0","","36","10","2021","2021101888","6","40.1361","-76.0949","0757","08","0","0","0","0","0","1","0","1","","0","0","0","07","1","1","00","2","40 08:09.806","6","07","76 05:41.501","3","0","0","0","36209","0","0","0","N","0","0","0","2","36415","0","","1","01","N","N","0","","1","0","1","0","0","Y","0756","1","2","0","0","0","0","0","1","1","2","N","","","","","","","","","","","0900","03","03","","N","N"
"2331","0","0","0","0","0","0","0","0","0","98","0","","36","10","2021","2021101886","7","40.0931","-76.3894","2326","08","0","0","0","0","0","1","0","0","","0","0","0","23","2","1","00","0","40 05:35.027","","00","76 23:21.820","3","0","0","0","36214","0","0","0","N","0","0","0","2","36214","0","","1","01","N","N","0","","1","0","1","0","0","","2324","1","1","0","0","0","0","0","3","0","1","N","","","","","","","","","","","","03","03","","N","N"
"0038","1","0","0","0","0","0","0","0","0","7","0","","36","10","2021","2021107830","2","40.0201","-76.4684","0030","08","0","0","0","0","0","0","0","0","","0","0","0","00","2","0","00","2","40 01:12.367","6","00","76 28:06.228","9","0","0","0","36223","0","0","0","N","0","0","0","1","36223","0","","4","01","N","N","0","","0","0","0","0","0","Y","0028","0","1","0","0","0","0","1","1","0","1","N","","","","","","","","","","","0149","03","03","","N","N"
"2356","1","0","0","0","0","0","0","0","0","7","0","","36","12","2021","2021124303","5","40.1177","-76.6971","2352","08","0","0","0","0","0","0","0","0","","0","0","0","23","3","0","00","0","40 07:03.724","","00","76 41:49.550","0","0","0","0","36207","0","0","0","N","0","0","0","1","36504","0","","2","01","N","N","0","","0","0","0","0","0","","2330","0","1","0","0","0","0","0","1","0","1","N","","","","","","","","","","","","03","","","N","N"
"1605","1","0","0","0","0","0","0","0","0","1","0","","36","10","2021","2021109921","1","40.2327","-76.4341","1553","08","0","0","0","0","0","0","0","0","","0","0","0","15","1","0","00","0","40 13:57.542","","00","76 26:02.732","0","0","0","0","36230","0","0","0","N","0","0","0","2","36410","0","","1","01","N","N","0","","0","0","1","0","0","","1548","0","2","0","0","0","0","0","1","0","2","N","","","","","","","","","","","","03","","","N","N"
"1805","2","0","0","0","0","0","0","0","0","1","0","","36","10","2021","2021101044","6","40.0702","-76.3154","1756","08","0","0","0","0","0","1","0","0","","0","0","0","17","1","0","00","1","40 04:12.737","4","00","76 18:55.421","0","0","0","0","36101","0","0","0","N","0","0","0","3","36101","0","","1","01","N","N","0","","0","0","0","0","0","N","1755","0","2","0","0","0","0","0","3","0","2","N","","","","","","","","","","","1830","03","03","","N","N"
"0752","1","0","0","0","0","0","0","0","0","4","0","","36","10","2021","2021097132","5","40.1555","-76.3081","0747","08","0","1","0","0","0","1","0","0","","0","0","0","07","1","0","01","1","40 09:19.739","3","00","76 18:29.025","0","0","0","0","36409","0","0","0","N","0","0","0","6","36409","0","","1","01","N","N","1","","0","0","1","0","0","Y","0746","0","3","0","0","0","0","0","3","0","3","N","","","","","","","","","","","0820","03","","","Y",""
"2026","2","0","0","0","0","0","0","0","0","4","0","","36","10","2021","2021104430","2","40.0606","-76.2768","2022","08","0","0","0","1","0","0","0","0","","0","0","0","20","3","1","01","1","40 03:38.398","4","00","76 16:37.304","3","0","0","0","36101","0","0","0","N","0","0","0","3","36101","0","","1","09","N","N","0","","1","0","0","3","2","N","2019","1","2","0","0","0","0","0","3","0","2","N","","","","","","","","","","","2100","07","07","","N",""
"2302","0","0","0","0","0","0","0","0","0","7","0","","36","10","2021","2021102631","2","40.2097","-76.0281","2243","08","0","0","0","0","0","1","0","0","","0","0","0","22","2","0","00","0","40 12:04.253","","00","76 00:46.730","0","0","0","0","36202","0","0","0","N","0","0","0","1","68T06","0","","3","09","N","N","0","","0","0","1","0","0","","2243","0","1","0","0","0","0","0","1","0","1","N","","","","","","","","","","","","07","","","N","N"
"1901","1","0","0","0","0","0","0","0","0","98","0","","36","10","2021","2021100990","6","40.1227","-76.0241","1900","08","0","0","0","0","0","1","0","0","","0","0","0","18","2","0","00","1","40 07:21.739","4","00","76 01:26.916","0","0","0","0","36213","0","0","0","N","0","0","0","1","36213","0","","1","01","N","N","0","","0","0","0","0","0","N","1850","0","1","0","0","0","0","0","1","0","1","N","","","","","","","","","","","1930","03","","","N","N"
"2012","0","0","0","0","0","0","0","0","0","7","0","","36","10","2021","2021112725","2","40.0762","-76.3372","2009","08","0","0","0","0","0","0","0","1","","0","0","0","20","3","1","00","2","40 04:34.225","1","01","76 20:13.741","3","0","0","0","36101","0","0","0","N","0","0","0","1","36101","0","","3","09","N","N","0","","1","0","1","0","0","Y","2005","1","1","0","0","0","0","0","3","0","1","N","","","","","","","","","","","2035","07","","","N","N"
"1711","0","0","0","0","0","0","0","0","0","4","0","","36","10","2021","2021103624","6","40.0258","-76.3628","1708","08","0","0","0","1","0","0","0","1","","0","0","0","17","1","1","00","1","40 01:32.856","5","07","76 21:46.109","8","0","0","1","36223","0","0","0","N","0","0","0","2","36223","0","","1","01","N","N","1","","0","0","0","0","0","Y","1707","1","2","0","0","0","1","0","1","0","2","N","","","","","","","","","","","1800","04","04","","N","Y"
"1023","1","0","0","0","0","0","0","0","0","4","0","","36","10","2021","2021102986","7","40.1827","-76.4639","1015","08","0","0","0","0","0","0","1","0","","0","0","0","10","1","2","01","0","40 10:57.601","","00","76 27:50.145","3","0","0","0","36230","0","0","0","N","0","0","0","2","36410","0","","1","09","N","N","0","","2","0","1","3","3","","1015","2","2","0","0","0","0","0","1","0","2","N","","","","","","","","","","","","04","","","N",""
"2014","0","0","0","0","0","0","0","0","0","7","0","","36","10","2021","2021108532","2","40.1751","-76.1265","2006","08","0","0","0","0","0","0","0","0","","0","0","0","20","2","1","00","2","40 10:30.483","5","00","76 07:35.434","8","0","0","0","36218","0","0","0","N","0","0","0","1","36408","0","","4","09","N","N","0","","0","0","1","0","0","Y","2006","1","1","0","0","0","1","0","1","0","1","N","","","","","","","","","","","2045","07","05","","N","N"
"1518","1","0","0","0","0","0","0","0","0","4","0","","36","12","2021","2021128583","6","40.1478","-76.0462","1512","08","0","0","0","0","0","1","0","0","","0","0","0","15","1","0","01","0","40 08:52.092","","00","76 02:46.167","0","0","0","0","36213","0","0","0","N","0","0","0","3","36213","0","","1","09","N","N","1","","0","0","0","0","0","","1510","0","2","0","0","0","0","0","1","0","2","N","","","","","","","","","","","","04","04","","N",""
"2259","0","0","0","0","0","0","0","0","0","4","0","","36","10","2021","2021097599","7","40.1317","-76.2175","2258","08","0","0","0","0","0","1","0","0","","0","0","0","22","3","2","00","2","40 07:54.090","5","07","76 13:03.050","3","0","0","0","36238","0","0","0","N","0","0","0","2","36238","0","","1","01","N","N","0","","2","0","2","0","0","N","2258","2","2","0","0","0","0","0","3","0","2","N","","","","","","","","","","","2338","03","03","","N","Y"
"1916","1","0","0","0","0","0","0","0","0","7","0","","36","10","2021","2021097388","1","40.1396","-76.5465","1909","08","0","0","0","0","0","0","0","0","","0","0","0","19","2","0","00","2","40 08:22.640","7","00","76 32:47.440","0","0","0","0","36225","0","0","0","N","0","0","0","1","36505","0","","4","01","N","N","0","","0","0","0","0","0","Y","1900","0","1","0","0","0","0","0","2","0","1","N","","","","","","","","","","","2011","03","03","","N","N"
"1255","1","0","0","0","0","0","0","0","0","1","0","","36","07","2021","2021072865","3","40.0393","-76.3081","1255","08","0","1","0","0","0","0","0","0","","0","0","0","12","1","0","01","1","40 02:21.538","2","00","76 18:29.063","0","0","0","0","36301","0","0","0","N","0","0","0","2","36301","0","","1","01","N","N","0","","0","0","1","3","2","N","1255","0","2","0","0","0","0","0","3","0","2","N","","","","","","","","","","","1404","03","03","","N",""
"1317","0","0","0","0","0","0","0","0","0","4","0","","36","10","2021","2021103857","7","40.1326","-76.347","1314","08","0","0","0","0","1","0","0","0","","0","0","0","13","1","0","01","0","40 07:57.364","","00","76 20:49.148","0","0","0","0","36227","0","0","0","N","0","0","0","3","36506","0","","1","01","N","N","0","","0","0","2","3","3","","1314","0","2","0","0","0","0","0","1","0","2","N","","","","","","","","","","","","04","04","","N",""
"0808","0","0","0","0","0","0","0","0","0","7","0","","36","10","2021","2021102725","5","40.0252","-76.3327","0755","08","0","0","0","0","0","0","0","1","","0","0","0","07","1","0","00","0","40 01:30.810","","00","76 19:57.620","0","0","0","0","36220","0","0","0","N","0","0","0","1","36101","0","","4","01","N","N","1","","0","0","0","0","0","","0753","0","1","0","0","0","0","0","3","0","1","N","","","","","","","","","","","","03","","","N","N"
"0920","1","0","0","0","0","0","0","0","0","7","0","","36","10","2021","2021110769","1","40.1914","-76.1461","0917","08","0","0","0","0","1","0","0","0","","0","0","0","09","1","0","00","1","40 11:28.918","1","00","76 08:46.064","0","0","0","0","36218","0","0","0","N","0","0","0","1","36408","0","","4","01","N","N","0","","0","0","0","0","0","N","0914","0","1","0","0","0","0","0","1","0","1","N","","","","","","","","","","","1010","05","","","N","N"
"2300","0","0","0","0","0","0","0","0","0","98","0","","36","10","2021","2021097784","1","40.0392","-76.4766","2250","08","0","0","0","0","0","0","0","0","","0","0","0","22","2","0","00","0","40 02:21.242","","00","76 28:35.625","0","0","0","0","36239","0","0","0","N","0","0","0","1","36239","0","","1","01","N","N","0","","0","0","1","0","0","","2250","0","1","0","0","0","0","0","3","0","1","N","","","","","","","","","","","","03","03","","N","N"
"1111","1","0","0","0","0","0","0","0","0","4","0","","36","10","2021","2021094490","7","40.1009","-76.0823","1102","08","0","0","0","0","0","0","1","0","","0","0","0","11","1","1","01","1","40 06:03.334","7","00","76 04:56.150","3","0","0","0","36415","0","0","0","N","0","0","0","4","36415","0","","1","01","N","N","0","","1","0","0","3","3","Y","1100","1","2","0","0","0","0","0","1","1","2","N","","","","","","","","","","","1130","04","","","N",""
"1512","0","0","0","0","0","0","0","0","0","0","0","","36","10","2021","2021102979","4","40.13","-76.4421","1509","08","0","0","0","0","0","1","1","0","","0","0","0","15","1","0","00","1","40 07:47.880","6","00","76 26:31.552","0","0","0","0","36230","0","0","0","N","0","0","0","5","36410","0","","1","01","N","N","1","","0","0","0","0","0","N","1500","0","2","0","0","0","0","0","1","1","2","N","","","","","","","","","","","1549","03","03","","N","N"
"2347","0","0","0","0","0","0","0","0","0","8","0","","36","10","2021","2021097505","6","39.9895","-75.9876","2337","08","0","0","0","0","0","0","0","0","","0","0","0","23","3","1","00","0","39 59:22.100","","00","75 59:15.400","2","0","0","0","36232","1","0","1","N","1","0","1","2","68J01","0","","1","01","N","N","1","","0","1","0","0","0","","2328","1","2","0","0","0","0","0","1","0","1","N","","","","","","","","","","","","03","03","","N","N"
"1640","0","0","0","1","0","0","0","0","0","4","0","","36","10","2021","2021094680","7","40.044","-76.2941","1635","08","0","0","0","0","0","0","0","0","","0","0","0","16","1","1","01","0","40 02:38.400","","00","76 17:38.583","3","0","0","0","36301","1","0","0","N","0","0","0","3","36301","0","","1","01","N","N","0","","1","0","0","3","3","","1620","1","2","0","0","1","0","0","3","1","1","N","","","","","","","","","","","","03","03","","N","N"
"1530","1","0","0","0","0","0","0","0","0","4","0","","36","10","2021","2021096696","7","40.0464","-76.3343","1530","08","0","0","0","0","0","0","0","0","","0","0","0","15","1","1","01","2","40 02:46.911","7","00","76 20:03.440","3","0","0","1","36220","0","0","0","N","0","0","0","2","36101","0","","1","01","N","N","0","","1","0","0","3","3","Y","1530","1","2","0","0","0","0","0","3","0","2","N","","","","","","","","","","","1628","03","","","N",""
"1920","0","0","0","0","0","0","0","0","0","4","0","","36","10","2021","2021096349","6","39.9682","-76.2868","1918","08","0","0","0","0","0","1","1","0","","0","0","0","19","2","2","02","2","39 58:05.541","5","00","76 17:12.386","2","0","0","0","36228","0","0","0","N","0","0","0","2","36228","0","","1","01","N","N","0","","1","1","1","2","3","Y","1918","2","2","0","1","1","0","0","1","1","2","N","","","","","","","","","","","2015","03","","","N","N"
"1802","2","0","0","0","0","0","0","0","0","1","0","","36","10","2021","2021095575","4","40.0281","-76.2433","1752","08","0","0","0","0","0","1","0","1","","0","0","0","17","1","0","00","1","40 01:41.270","2","00","76 14:35.951","0","0","0","0","36215","0","0","0","N","0","0","0","2","36215","0","","1","01","N","N","0","","0","0","0","0","0","N","1749","0","2","0","0","0","0","0","1","0","2","N","","","","","","","","","","","1815","04","04","","N","N"
"2257","0","0","0","0","0","0","0","0","0","8","0","","36","10","2021","2021095318","7","40.0388","-76.3129","2254","08","0","0","0","0","0","0","0","0","","0","0","0","22","3","1","01","1","40 02:19.654","2","00","76 18:46.345","3","0","0","0","36301","1","0","0","N","1","0","0","2","36301","0","","1","01","N","N","0","","1","0","1","3","2","N","2253","1","2","0","0","0","0","0","3","0","1","N","","","","","","","","","","","2318","03","03","","N","N"