"ARRIVAL_TM","AUTOMOBILE_COUNT","BELTED_DEATH_COUNT","BELTED_SUSP_SERIOUS_INJ_COUNT","BICYCLE_COUNT","BICYCLE_DEATH_COUNT","BICYCLE_SUSP_SERIOUS_INJ_COUNT","BUS_COUNT","CHLDPAS_DEATH_COUNT","CHLDPAS_SUSP_SERIOUS_INJ_COUNT","COLLISION_TYPE","COMM_VEH_COUNT","CONS_ZONE_SPD_LIM","COUNTY","CRASH_MONTH","CRASH_YEAR","CRN","DAY_OF_WEEK","DEC_LAT","DEC_LONG","DISPATCH_TM","DISTRICT","DRIVER_COUNT_16YR","DRIVER_COUNT_17YR","DRIVER_COUNT_18YR","DRIVER_COUNT_19YR","DRIVER_COUNT_20YR","DRIVER_COUNT_50_64YR","DRIVER_COUNT_65_74YR","DRIVER_COUNT_75PLUS","EST_HRS_CLOSED","FATAL_COUNT","HEAVY_TRUCK_COUNT","HORSE_BUGGY_COUNT","HOUR_OF_DAY","ILLUMINATION","INJURY_COUNT","INTERSECT_TYPE","LANE_CLOSED","LATITUDE","LN_CLOSE_DIR","LOCATION_TYPE","LONGITUDE","MAX_SEVERITY_LEVEL","MCYCLE_DEATH_COUNT","MCYCLE_SUSP_SERIOUS_INJ_COUNT","MOTORCYCLE_COUNT","MUNICIPALITY","NONMOTR_COUNT","NONMOTR_DEATH_COUNT","NONMOTR_SUSP_SERIOUS_INJ_COUNT","NTFY_HIWY_MAINT","PED_COUNT","PED_DEATH_COUNT","PED_SUSP_SERIOUS_INJ_COUNT","PERSON_COUNT","POLICE_AGCY","POSSIBLE_INJ_COUNT","RDWY_SURF_TYPE_CD","RELATION_TO_ROAD","ROAD_CONDITION","SCH_BUS_IND","SCH_ZONE_IND","SMALL_TRUCK_COUNT","SPEC_JURIS_CD","SUSP_MINOR_INJ_COUNT","SUSP_SERIOUS_INJ_COUNT","SUV_COUNT","TCD_FUNC_CD","TCD_TYPE","TFC_DETOUR_IND","TIME_OF_DAY","TOT_INJ_COUNT","TOTAL_UNITS","UNB_DEATH_COUNT","UNB_SUSP_SERIOUS_INJ_COUNT","UNBELTED_OCC_COUNT","UNK_INJ_DEG_COUNT","UNK_INJ_PER_COUNT","URBAN_RURAL","VAN_COUNT","VEHICLE_COUNT","WORK_ZONE_IND","WORK_ZONE_LOC","WORK_ZONE_TYPE","WORKERS_PRES","WZ_CLOSE_DETOUR","WZ_FLAGGER","WZ_LAW_OFFCR_IND","WZ_LN_CLOSURE","WZ_MOVING","WZ_OTHER","WZ_SHLDER_MDN","ROADWAY_CLEARED","WEATHER1","WEATHER2","WZ_WORKERS_INJ_KILLED","SECONDARY_CRASH","INTERSECTION_RELATED"
"1237","0","0","0","0","0","0","0","0","0","4","0","","36","10","2021","2021093867","1","40.0026","-76.0939","1229","08","0","0","0","0","0","0","0","1","","0","0","0","12","1","1","00","1","40 00:09.383","3","07","76 05:38.194","3","0","0","1","36226","0","0","0","N","0","0","0","3","68J01","0","","1","01","N","N","0","","1","0","1","0","0","N","1222","1","2","0","0","0","0","0","1","0","2","N","","","","","","","","","","","1250","03","","","N","N"
"0611","2","0","0","0","0","0","0","0","0","4","0","","36","10","2021","2021105797","4","40.1045","-76.5113","0609","08","0","0","0","0","0","1","0","0","","0","0","0","06","5","1","01","1","40 06:16.061","2","00","76 30:40.613","4","0","0","0","36413","0","0","0","N","0","0","0","2","36413","1","","1","01","N","N","0","","0","0","0","3","3","N","0609","1","2","0","0","0","0","0","2","0","2","N","","","","","","","","","","","0640","03","","","N","N"
"1331","1","0","0","0","0","0","0","0","0","4","0","","36","10","2021","2021095574","1","40.0315","-76.2382","1328","08","0","1","0","0","0","0","0","0","","0","0","0","13","1","0","01","1","40 01:50.868","4","00","76 14:03.471","0","0","0","0","36215","0","0","0","N","0","0","0","4","36215","0","","1","01","N","N","0","","0","0","0","3","2","N","1326","0","2","0","0","0","0","0","1","1","2","N","","","","","","","","","","","1406","03","03","","N",""
"1923","0","0","0","0","0","0","0","0","0","7","0","","36","09","2021","2021087494","6","40.076","-76.3368","1919","08","0","0","0","0","0","1","0","0","","0","0","0","19","4","1","00","1","40 04:33.620","4","00","76 20:12.395","3","0","0","0","36101","0","0","0","N","0","0","0","1","36101","0","","3","01","N","N","0","","1","0","1","0","0","N","1917","1","1","0","0","0","0","0","3","0","1","N","","","","","","","","","","","2033","03","","","N","N"
"1747","2","0","0","0","0","0","0","0","0","1","0","","36","12","2021","2021125612","6","39.8659","-76.2265","1734","08","0","0","0","0","0","1","0","0","","0","0","0","17","2","0","00","1","39 51:57.251","1","00","76 13:35.418","0","0","0","0","36212","0","0","0","N","0","0","0","2","68J01","0","","1","01","N","N","0","","0","0","0","0","0","N","1734","0","2","0","0","0","0","0","1","0","2","N","","","","","","","","","","","1830","03","03","","N","N"
"1742","1","0","0","0","0","0","0","0","0","1","0","","36","09","2021","2021086009","5","40.0453","-76.3071","1737","08","0","0","0","0","0","1","0","0","","0","0","0","17","1","0","00","0","40 02:43.187","","00","76 18:25.500","0","0","0","0","36301","0","0","0","N","0","0","0","3","36301","0","","1","01","N","N","0","","0","0","1","0","0","","1732","0","2","0","0","0","0","0","3","0","2","N","","","","","","","","","","","","03","03","","N","N"
"2051","2","0","0","0","0","0","0","0","0","4","0","","36","09","2021","2021087094","1","40.0051","-76.2953","2044","08","0","0","0","0","0","0","0","0","","0","0","0","20","3","0","00","2","40 00:18.426","5","07","76 17:42.947","0","0","0","0","36240","0","0","0","N","0","0","0","3","36240","0","","1","01","N","N","0","","0","0","0","0","0","Y","2040","0","2","0","0","0","0","0","1","0","2","N","","","","","","","","","","","2051","03","","","N","N"
"1220","0","0","0","0","0","0","0","0","0","7","0","","36","12","2021","2021123883","6","40.0009","-76.2642","1216","08","0","0","0","0","0","0","0","0","","0","0","0","12","1","1","00","2","40 00:03.066","5","00","76 15:51.276","8","0","0","1","36240","0","0","0","N","0","0","0","1","36240","0","","2","01","N","N","0","","0","0","0","0","0","Y","1214","1","1","0","0","0","1","0","1","0","1","N","","","","","","","","","","","1247","03","","","N","N"
"1540","0","0","0","0","0","0","0","0","0","7","0","","36","09","2021","2021088798","6","40.0397","-76.4499","1537","08","0","0","0","0","1","0","0","0","","0","0","0","15","1","0","00","0","40 02:22.923","","00","76 26:59.690","0","0","0","0","36239","0","0","0","N","0","0","0","2","36239","0","","2","01","N","N","0","","0","0","1","0","0","","1537","0","2","0","0","0","0","0","3","0","1","N","","","","","","","","","","","","03","03","","N","N"
"2248","1","0","0","0","0","0","0","0","0","7","0","","36","12","2021","2021128085","1","40.1008","-76.3182","2243","08","0","1","0","0","0","0","0","0","","0","0","0","22","2","0","00","1","40 06:03.020","1","00","76 19:05.520","0","0","0","0","36101","0","0","0","N","0","0","0","2","36101","0","","5","01","N","N","0","","0","0","0","0","0","N","2241","0","1","0","0","0","0","0","3","0","1","N","","","","","","","","","","","2310","03","03","","N","N"
"1414","0","0","0","0","0","0","0","0","0","1","0","","36","12","2021","2021127178","5","40.0699","-76.3106","1414","08","0","0","0","0","0","0","0","0","","0","0","0","14","1","0","00","0","40 04:11.738","","00","76 18:38.305","0","0","0","0","36101","0","0","0","N","0","0","0","2","36101","0","","1","01","N","N","0","","0","0","2","0","0","","1414","0","2","0","0","0","0","0","3","0","2","N","","","","","","","","","","","","03","","","N","N"
"1505","1","0","0","0","0","0","0","0","0","4","0","","36","09","2021","2021095063","6","40.1777","-76.142","1501","08","0","0","0","1","1","0","0","0","","0","0","0","15","1","0","01","0","40 10:39.874","","00","76 08:31.236","0","0","0","0","36218","0","0","0","N","0","0","0","4","36408","0","","1","01","N","N","0","","0","0","1","3","3","","1500","0","2","0","0","0","0","0","1","0","2","N","","","","","","","","","","","","03","","","N","N"
"1719","0","0","0","0","0","0","0","0","0","4","1","","36","12","2021","2021124568","2","40.1788","-76.6007","1711","08","0","0","0","0","0","2","0","0","","0","0","0","17","2","0","05","1","40 10:44.033","2","00","76 36:02.842","0","0","0","0","36225","0","0","0","N","0","0","0","3","36505","0","","1","01","N","N","1","","0","0","1","3","2","N","1700","0","2","0","0","0","0","0","2","0","2","N","","","","","","","","","","","1800","03","03","","N",""
"1639","2","0","0","0","0","0","0","0","0","1","0","","36","09","2021","2021085606","6","40.0695","-76.3076","1636","08","0","1","0","0","0","0","0","0","","0","0","0","16","1","1","01","0","40 04:10.226","","00","76 18:28.241","3","0","0","0","36101","0","0","0","N","0","0","0","4","36101","0","","1","01","N","N","0","","1","0","0","3","4","","1633","1","2","0","0","0","0","0","3","0","2","N","","","","","","","","","","","","03","03","","N",""
"1632","0","0","0","0","0","0","0","0","0","1","0","","36","09","2021","2021089806","6","40.0723","-76.3285","1623","08","0","0","0","0","0","0","0","0","","0","0","0","16","1","0","00","0","40 04:20.243","","00","76 19:42.704","0","0","0","0","36101","0","0","0","N","0","0","0","2","36101","0","","1","01","N","N","0","","0","0","2","0","0","","1623","0","2","0","0","0","0","0","3","0","2","N","","","","","","","","","","","","03","03","","N","N"
"1024","2","0","0","0","0","0","0","0","0","1","0","","36","12","2021","2021125066","3","40.1049","-76.0764","1022","08","0","0","0","0","0","0","0","1","","0","0","0","10","1","0","00","2","40 06:17.556","7","00","76 04:35.207","0","0","0","0","36415","0","0","0","N","0","0","0","1","36415","0","","2","01","N","N","0","","0","0","0","0","0","Y","1022","0","2","0","0","0","0","0","1","0","2","N","","","","","","","","","","","1049","03","03","","N","N"
"0955","1","0","0","0","0","0","0","0","0","4","0","","36","12","2021","2021125718","1","40.0728","-76.1055","0949","08","0","0","0","0","0","0","1","0","","0","0","0","09","1","0","01","1","40 04:22.067","1","00","76 06:19.912","0","0","0","0","36234","0","0","0","N","0","0","0","3","36215","0","","1","01","N","N","0","","0","0","1","3","3","Y","0946","0","2","0","0","0","0","0","1","0","2","N","","","","","","","","","","","1030","03","","","N",""
"2235","2","0","0","0","0","0","0","0","0","4","0","","36","12","2021","2021124573","4","40.1","-76.3556","2233","08","0","0","0","1","1","0","0","0","","0","0","0","22","3","0","01","0","40 05:59.944","","00","76 21:20.163","0","0","0","0","36406","0","0","0","N","0","0","0","2","36506","0","","1","01","N","N","0","","0","0","0","3","2","","2233","0","2","0","0","0","0","0","3","0","2","N","","","","","","","","","","","","03","","","N",""
"2036","0","0","0","0","0","0","0","0","0","4","0","","36","09","2021","2021093045","7","40.2291","-76.3101","2016","08","0","0","0","0","0","1","0","0","","0","0","0","20","2","1","03","1","40 13:44.814","3","00","76 18:36.336","3","0","0","1","36217","0","0","0","N","0","0","0","2","68J01","0","","1","01","N","N","0","","1","0","0","0","0","N","2014","1","2","0","0","0","0","1","1","0","2","N","","","","","","","","","","","2209","03","","","N","N"
"0735","1","0","0","0","0","0","0","0","0","7","0","","36","12","2021","2021126274","4","40.1599","-76.2258","0735","08","0","0","0","0","0","0","0","0","","0","0","0","07","1","0","00","0","40 09:35.619","","00","76 13:33.052","0","0","0","0","36235","0","0","0","N","0","0","0","1","36506","0","","5","02","N","N","0","","0","0","0","0","0","","0734","0","1","0","0","0","0","0","1","0","1","N","","","","","","","","","","","","05","","","N","N"
"0913","1","0","0","0","0","0","0","0","0","4","0","","36","09","2021","2021087396","6","39.9876","-76.0188","0843","08","0","0","0","0","0","1","0","0","","0","0","0","08","1","0","01","0","39 59:15.409","","00","76 01:07.814","0","0","0","0","36232","0","0","0","N","0","0","0","2","68J01","0","","1","01","N","N","0","","0","0","0","3","3","","0843","0","2","0","0","0","0","0","1","1","2","N","","","","","","","","","","","","03","","","N","N"
"1008","0","0","0","0","0","0","0","0","0","4","0","","36","09","2021","2021112445","1","40.0761","-76.2032","1004","08","0","0","0","0","0","0","0","0","","0","0","0","10","1","0","01","0","40 04:33.868","","00","76 12:11.547","0","0","0","0","36234","0","0","0","N","0","0","0","2","36215","0","","1","01","N","N","0","","0","0","2","3","3","","1002","0","2","0","0","0","0","0","1","0","2","N","","","","","","","","","","","","03","","","N",""
"2117","0","0","0","0","0","0","0","0","0","7","0","","36","12","2021","2021127934","3","39.7968","-76.2499","2117","08","0","0","0","0","0","0","0","0","","0","0","0","21","2","1","00","2","39 47:48.490","5","00","76 14:59.670","3","0","0","0","36208","0","0","0","N","0","0","0","1","68J01","0","","4","03","N","N","1","","1","0","0","0","0","Y","2117","1","1","0","0","1","0","0","1","0","1","N","","","","","","","","","","","2230","03","03","","N","N"
"1819","1","0","0","0","0","0","0","0","0","1","0","","36","12","2021","2021127049","6","40.1895","-76.31","1812","08","0","0","0","1","0","0","0","0","","0","0","0","18","2","1","05","0","40 11:22.225","","00","76 18:36.138","3","0","0","0","36235","0","0","0","N","0","0","0","2","68J01","0","","1","01","N","N","1","","1","0","0","0","0","","1810","1","2","0","0","0","0","0","1","0","2","N","","","","","","","","","","","","03","03","","N","N"
"1802","0","0","0","0","0","0","0","0","0","7","0","","36","12","2021","2021124294","1","40.0907","-76.5957","1741","08","0","0","0","0","0","0","0","0","","0","1","0","17","2","0","00","2","40 05:26.432","6","00","76 35:44.569","0","0","0","0","36211","0","0","0","N","0","0","0","1","36504","0","","5","01","N","N","0","","0","0","0","0","0","Y","1741","0","1","0","0","0","0","0","1","0","1","N","","","","","","","","","","","1927","03","","","N","N"
"1202","1","0","0","0","0","0","0","0","0","4","0","","36","09","2021","2021087345","3","40.0563","-76.4626","1158","08","0","0","1","0","0","1","0","0","","0","0","0","11","1","1","01","1","40 03:22.745","2","00","76 27:45.285","3","0","0","0","36239","0","0","0","N","0","0","0","2","36239","0","","1","01","N","N","0","","1","0","0","3","3","N","1154","1","2","0","0","0","0","0","3","1","2","N","","","","","","","","","","","1254","03","03","","N",""
"1435","1","0","0","0","0","0","0","0","0","1","0","","36","09","2021","2021085846","7","40.0788","-76.3089","1432","08","0","0","0","0","0","2","0","0","","0","0","0","14","1","1","00","1","40 04:43.666","2","00","76 18:31.887","4","0","0","0","36101","0","0","0","N","0","0","0","4","36101","1","","1","01","N","N","0","","0","0","3","0","0","N","1430","1","4","0","0","1","0","0","3","0","4","N","","","","","","","","","","","1544","03","03","","N","N"
"1516","1","0","0","0","0","0","0","0","0","7","0","","36","09","2021","2021086172","7","40.0374","-76.4482","1511","08","0","0","0","0","0","0","0","1","","0","0","0","15","1","0","00","0","40 02:14.574","","00","76 26:53.505","0","0","0","0","36239","0","0","0","Y","0","0","0","1","36239","0","","2","01","N","N","0","","0","0","0","0","0","","1506","0","1","0","0","0","0","0","3","0","1","N","","","","","","","","","","","","03","","","N","N"
"1357","0","0","0","1","0","1","0","0","0","5","1","35","36","12","2021","2021125719","3","40.0857","-76.2072","1354","08","0","0","0","0","0","0","0","0","","0","1","0","13","1","1","02","2","40 05:08.654","4","00","76 12:26.003","2","0","0","0","36234","1","0","1","N","0","0","0","2","36215","0","","1","01","N","N","0","","0","1","0","3","2","N","1353","1","2","0","0","0","0","0","1","0","1","Y","4","1","N","N","N","N","N","N","Y","N","1442","03","03","N","N",""
"0802","2","0","0","0","0","0","0","0","0","1","0","","36","12","2021","2021126276","4","40.168","-76.3883","0758","08","0","0","0","0","0","0","0","0","","0","0","0","07","5","0","00","0","40 10:04.642","","00","76 23:17.951","0","0","0","0","36227","0","0","0","N","0","0","0","3","36506","0","","1","02","N","N","0","","0","0","1","0","0","","0724","0","3","0","0","0","0","0","1","0","3","N","","","","","","","","","","","","03","","","N","N"
"2253","2","0","0","0","0","0","0","0","0","4","0","","36","12","2021","2021124579","7","40.1","-76.3541","2248","08","0","0","0","0","0","0","1","0","","0","0","0","22","3","0","01","0","40 06:00.025","","00","76 21:14.898","0","0","0","0","36406","0","0","0","N","0","0","0","5","36506","0","","1","09","N","N","0","","0","0","0","3","2","","2246","0","2","0","0","0","0","0","3","0","2","N","","","","","","","","","","","","07","","","N",""
"1439","0","0","0","0","0","0","0","0","0","4","0","","36","09","2021","2021095013","3","40.2035","-76.156","1435","08","0","0","0","0","0","1","0","0","","0","0","0","14","1","1","00","0","40 12:12.655","","07","76 09:21.579","3","0","0","0","36210","0","0","0","N","0","0","0","2","36210","0","","1","01","N","N","1","","1","0","1","0","0","","1430","1","2","0","0","0","0","0","1","0","2","N","","","","","","","","","","","","03","","","N","N"
"1933","1","0","0","0","0","0","0","0","0","4","0","","36","09","2021","2021087818","6","40.0491","-76.3047","1930","08","0","0","0","0","0","1","0","0","","0","0","0","19","3","2","01","2","40 02:56.896","7","00","76 18:16.995","3","0","0","0","36301","0","0","0","N","0","0","0","3","36301","0","","1","01","N","N","0","","2","0","1","0","0","Y","1930","2","2","0","0","1","0","0","3","0","2","N","","","","","","","","","","","1958","03","","","N",""
"1705","0","0","0","0","0","0","0","0","0","1","0","","36","09","2021","2021088259","7","40.0818","-76.3406","1657","08","0","0","0","0","0","0","0","1","","0","0","0","16","1","0","00","0","40 04:54.493","","00","76 20:26.187","0","0","0","0","36101","0","0","0","N","0","0","0","2","36101","0","","1","01","N","N","0","","0","0","2","0","0","","1646","0","2","0","0","0","0","0","3","0","2","N","","","","","","","","","","","","03","","","N","N"
"1643","1","0","0","0","0","0","0","0","0","1","0","","36","12","2021","2021126266","3","40.0705","-76.3325","1638","08","1","0","0","0","0","0","0","0","","0","0","0","16","4","2","00","0","40 04:13.926","","00","76 19:56.941","3","0","0","0","36101","0","0","0","N","0","0","0","5","36101","0","","1","01","N","N","0","","2","0","3","0","0","","1635","2","4","0","0","0","0","0","3","0","4","N","","","","","","","","","","","","03","","","N","N"
"0014","1","0","0","0","0","0","0","0","0","7","0","","36","11","2021","2021115203","5","40.1183","-76.0479","0012","08","0","0","0","0","0","0","0","0","","0","0","0","00","3","0","01","0","40 07:05.968","","00","76 02:52.589","0","0","0","0","36213","0","0","0","N","0","0","0","1","36213","0","","4","01","N","N","0","","0","0","0","3","2","","0010","0","1","0","0","0","0","0","1","0","1","N","","","","","","","","","","","","03","","","N","N"
"2037","2","0","0","0","0","0","0","0","0","4","0","","36","09","2021","2021087721","1","40.0331","-76.2452","2035","08","0","0","0","0","0","0","0","0","","0","0","0","20","3","0","02","1","40 01:59.084","3","00","76 14:42.829","0","0","0","0","36215","0","0","0","N","0","0","0","4","36215","0","","1","01","N","N","0","","0","0","0","3","2","N","2024","0","2","0","0","0","0","0","1","0","2","N","","","","","","","","","","","2100","03","","","N",""
"1547","3","0","0","0","0","0","0","0","0","4","0","","36","12","2021","2021125717","3","40.0232","-76.224","1545","08","0","1","1","0","0","0","0","0","","0","0","0","15","1","0","02","0","40 01:23.458","","00","76 13:26.464","0","0","0","0","36215","0","0","0","N","0","0","0","3","36215","0","","1","01","N","N","0","","0","0","0","0","0","","1544","0","3","0","0","0","0","0","1","0","3","N","","","","","","","","","","","","03","03","","N",""
"1630","0","0","0","0","0","0","0","0","0","1","0","","36","09","2021","2021087052","2","39.877","-76.1556","1619","08","0","0","0","0","0","0","1","0","","0","0","0","16","1","0","00","0","39 52:37.205","","00","76 09:20.193","0","0","0","0","36212","0","0","0","N","0","0","0","2","68J01","0","","1","01","N","N","1","","0","0","1","0","0","","1616","0","2","0","0","0","0","0","1","0","2","N","","","","","","","","","","","","03","03","","N","N"
"1759","1","0","0","0","0","0","0","0","0","4","0","","36","09","2021","2021094989","4","40.1565","-76.1996","1750","08","0","1","0","0","0","0","1","0","","0","0","0","17","1","1","01","2","40 09:23.418","7","00","76 11:58.408","3","0","0","0","36402","0","0","0","N","0","0","0","4","36238","0","","1","01","N","N","0","","1","0","1","3","3","Y","1750","1","3","0","0","1","0","0","2","1","3","N","","","","","","","","","","","1846","03","","","N","N"
"1107","1","0","0","0","0","0","0","0","0","7","0","","36","12","2021","2021125060","2","40.0387","-76.3579","1101","08","0","0","0","0","0","0","1","0","","0","0","0","10","1","0","00","1","40 02:19.481","3","07","76 21:28.569","0","0","0","0","36223","0","0","0","N","0","0","0","1","36223","0","","4","01","N","N","0","","0","0","0","0","0","N","1059","0","1","0","0","0","0","0","1","0","1","N","","","","","","","","","","","1125","03","","","N","N"
"0640","1","0","0","0","0","0","0","0","0","7","0","","36","09","2021","2021088381","1","40.0318","-76.361","0639","08","0","0","0","0","0","0","0","0","","0","0","0","06","1","1","00","0","40 01:54.617","","00","76 21:39.470","4","0","0","0","36223","0","0","0","N","0","0","0","2","36223","1","","4","01","N","N","0","","0","0","0","0","0","","0635","1","1","0","0","0","0","0","1","0","1","N","","","","","","","","","","","","03","","","N","N"
"0704","1","0","0","0","0","0","0","0","0","7","0","","36","12","2021","2021126272","4","40.1997","-76.3481","0641","08","0","0","0","0","0","0","0","0","","0","0","0","06","2","0","00","1","40 11:58.820","1","00","76 20:52.990","0","0","0","0","36227","0","0","0","N","0","0","0","1","36506","0","","4","02","N","N","0","","0","0","0","0","0","N","0641","0","1","0","0","0","0","0","1","0","1","N","","","","","","","","","","","0740","03","","","N","N"
"2121","2","0","0","0","0","0","0","0","0","4","0","","36","12","2021","2021126897","5","40.1875","-76.1899","2118","08","0","0","0","0","1","0","0","0","","0","0","0","21","3","0","01","2","40 11:14.933","1","00","76 11:23.573","0","0","0","0","36408","0","0","0","N","0","0","0","4","36408","0","","1","01","N","N","0","","0","0","0","3","2","Y","2115","0","2","0","0","0","0","0","2","0","2","N","","","","","","","","","","","2153","03","","","N","N"
"1831","1","0","0","0","0","0","0","0","0","4","0","","36","09","2021","2021095051","6","39.9679","-76.3224","1830","08","0","1","0","0","0","0","0","0","","0","0","0","18","1","0","01","1","39 58:04.314","6","00","76 19:20.496","0","0","0","0","36228","0","0","0","N","0","0","0","3","36228","0","","1","01","N","N","0","","0","0","1","3","3","N","1830","0","2","0","0","0","0","0","1","0","2","N","","","","","","","","","","","1845","03","","","N","N"
"1243","0","0","0","0","0","0","0","0","0","4","0","","36","09","2021","2021095078","7","40.0024","-76.0925","1231","08","0","0","0","0","0","1","0","0","","0","0","1","12","1","2","02","2","40 00:08.582","6","00","76 05:32.831","8","0","0","1","36226","1","0","0","N","0","0","0","2","68J01","0","","1","01","N","N","0","","0","0","0","3","3","Y","1228","2","2","0","0","0","2","0","1","0","1","N","","","","","","","","","","","0030","03","03","","N",""
"1025","1","0","0","0","0","0","0","0","0","4","0","","36","09","2021","2021088228","7","40.1417","-75.9374","0959","08","0","1","0","0","0","0","0","0","","0","0","0","09","1","2","01","0","40 08:29.984","","00","75 56:14.547","4","0","0","0","36203","0","0","0","N","0","0","0","4","68J01","2","","1","01","N","N","0","","0","0","1","3","3","","0958","2","2","0","0","0","0","0","1","0","2","N","","","","","","","","","","","","03","","","N","N"
"1156","1","0","0","0","0","0","0","0","0","1","0","","36","12","2021","2021124089","4","40.0464","-76.3029","1151","08","0","0","0","0","0","1","0","0","","0","0","0","11","1","0","00","1","40 02:46.866","2","00","76 18:10.390","0","0","0","0","36301","0","0","0","N","0","0","0","2","36301","0","","1","01","N","N","1","","0","0","0","0","0","N","1151","0","2","0","0","0","0","0","3","0","2","N","","","","","","","","","","","1315","03","03","","Y","N"
"1057","1","0","0","0","0","0","0","0","0","1","0","","36","12","2021","2021125058","2","40.0601","-76.3061","1052","08","0","0","0","0","0","0","0","0","","0","0","0","10","1","1","00","0","40 03:36.434","","00","76 18:21.998","4","0","0","0","36101","0","0","0","N","0","0","0","2","36101","1","","1","01","N","N","0","","0","0","1","3","2","","1050","1","2","0","0","0","0","0","3","0","2","N","","","","","","","","","","","","03","","","N","N"
"1402","2","0","0","0","0","0","0","0","0","1","0","","36","09","2021","2021095245","7","39.9935","-76.1818","1354","08","0","0","0","0","1","0","0","0","","0","0","0","13","1","0","00","2","39 59:36.669","1","00","76 10:54.389","0","0","0","0","36233","0","0","0","N","0","0","0","3","68J01","0","","1","01","N","N","0","","0","0","1","0","0","Y","1352","0","3","0","0","0","0","0","1","0","3","N","","","","","","","","","","","0030","03","03","","Y","N"
"0752","0","0","0","0","0","0","0","0","0","7","0","","36","12","2021","2021119339","3","40.0217","-76.2707","0743","08","0","0","0","0","0","1","0","0","","0","0","0","07","1","0","00","0","40 01:18.017","","00","76 16:14.663","0","0","0","0","36240","0","0","0","Y","0","0","0","2","36240","0","","5","01","N","N","0","","0","0","1","0","0","","0738","0","1","0","0","0","0","0","1","0","1","N","","","","","","","","","","","","04","","","N","N"
"0630","1","0","0","0","0","0","0","0","0","1","0","","36","09","2021","2021087866","5","40.1063","-76.3544","0624","08","0","0","0","0","0","0","0","0","","0","0","0","06","5","1","01","0","40 06:22.809","","00","76 21:16.002","3","0","0","0","36406","0","0","0","N","0","0","0","2","36506","0","","1","01","N","N","0","","1","0","1","3","2","","0620","1","2","0","0","0","0","0","3","0","2","N","","","","","","","","","","","","04","","","N",""
"0638","1","0","0","0","0","0","0","0","0","7","0","","36","12","2021","2021126271","4","40.2409","-76.2129","0624","08","0","0","0","0","0","0","0","0","","0","0","0","06","2","1","00","1","40 14:27.178","4","00","76 12:46.271","3","0","0","0","36204","0","0","0","N","0","0","0","1","36506","0","","4","02","N","N","0","","1","0","0","0","0","Y","0619","1","1","0","0","0","0","0","1","0","1","N","","","","","","","","","","","0800","05","","","N","N"
"2321","1","0","0","0","0","0","0","0","0","7","0","","36","09","2021","2021088564","6","40.1895","-76.5175","2316","08","0","0","0","0","0","0","0","0","","0","0","0","23","2","1","00","2","40 11:22.193","5","00","76 31:03.151","8","0","0","0","36225","0","0","0","N","0","0","0","1","36505","0","","4","01","N","N","0","","0","0","0","0","0","Y","2315","1","1","0","0","1","1","0","2","0","1","N","","","","","","","","","","","0028","03","03","","N","N"
"1240","2","0","0","0","0","0","0","0","0","4","0","","36","12","2021","2021125964","6","40.0315","-76.2382","1238","08","0","0","0","0","0","1","0","0","","0","0","0","12","1","0","01","0","40 01:50.123","","00","76 14:03.641","0","0","0","0","36215","0","0","0","N","0","0","0","3","36215","0","","1","01","N","N","0","","0","0","0","3","2","","1236","0","2","0","0","0","0","0","1","0","2","N","","","","","","","","","","","","03","03","","N",""
"2010","2","0","0","0","0","0","0","0","0","2","0","","36","09","2021","2021086916","3","40.0591","-76.4629","2007","08","1","0","0","0","0","0","0","0","","0","0","0","20","2","4","03","2","40 03:32.814","5","00","76 27:46.398","4","0","0","0","36239","0","0","0","N","0","0","0","4","36239","4","","1","01","N","N","0","","0","0","0","0","0","Y","2005","4","2","0","0","0","0","0","3","0","2","N","","","","","","","","","","","2033","03","03","","N",""
"1647","0","0","0","0","0","0","0","0","0","5","0","","36","12","2021","2021125525","6","40.0278","-76.2233","1647","08","0","0","0","0","0","1","0","0","","0","0","0","16","1","1","00","1","40 01:40.129","3","00","76 13:23.965","3","0","0","1","36215","0","0","0","N","0","0","0","3","36215","0","","1","01","N","N","0","","1","0","1","0","0","N","1647","1","2","0","0","0","0","0","1","0","2","N","","","","","","","","","","","1800","03","","","N","N"
"2125","1","0","0","0","0","0","0","0","0","7","0","","36","12","2021","2021125297","3","40.0658","-76.4522","2122","08","0","0","0","0","0","0","0","0","","0","0","0","21","2","0","00","0","40 03:57.054","","00","76 27:07.743","0","0","0","0","36239","0","0","0","Y","0","0","0","1","36239","0","","4","09","N","N","0","","0","0","0","0","0","","2120","0","1","0","0","0","0","0","3","0","1","N","","","","","","","","","","","","07","04","","N","N"
"1742","1","0","0","0","0","0","0","0","0","1","0","","36","09","2021","2021088127","6","40.068","-76.3043","1738","08","0","0","0","0","0","0","1","0","","0","0","0","17","1","0","00","0","40 04:04.948","","00","76 18:15.443","0","0","0","0","36101","0","0","0","N","0","0","0","3","36101","0","","1","01","N","N","0","","0","0","1","0","0","","1725","0","2","0","0","0","0","0","3","0","2","N","","","","","","","","","","","","03","","","N","N"
"1825","0","0","0","0","0","0","0","0","0","4","0","","36","09","2021","2021087720","1","40.0868","-76.195","1817","08","0","0","0","0","0","0","1","0","","0","0","0","18","1","0","02","0","40 05:12.440","","00","76 11:42.014","0","0","0","0","36234","0","0","0","N","0","0","0","6","36215","0","","1","01","N","N","0","","0","0","2","3","2","","1814","0","2","0","0","0","0","0","1","0","2","N","","","","","","","","","","","","03","","","N",""