"ARRIVAL_TM","AUTOMOBILE_COUNT","BELTED_DEATH_COUNT","BELTED_SUSP_SERIOUS_INJ_COUNT","BICYCLE_COUNT","BICYCLE_DEATH_COUNT","BICYCLE_SUSP_SERIOUS_INJ_COUNT","BUS_COUNT","CHLDPAS_DEATH_COUNT","CHLDPAS_SUSP_SERIOUS_INJ_COUNT","COLLISION_TYPE","COMM_VEH_COUNT","CONS_ZONE_SPD_LIM","COUNTY","CRASH_MONTH","CRASH_YEAR","CRN","DAY_OF_WEEK","DEC_LAT","DEC_LONG","DISPATCH_TM","DISTRICT","DRIVER_COUNT_16YR","DRIVER_COUNT_17YR","DRIVER_COUNT_18YR","DRIVER_COUNT_19YR","DRIVER_COUNT_20YR","DRIVER_COUNT_50_64YR","DRIVER_COUNT_65_74YR","DRIVER_COUNT_75PLUS","EST_HRS_CLOSED","FATAL_COUNT","HEAVY_TRUCK_COUNT","HORSE_BUGGY_COUNT","HOUR_OF_DAY","ILLUMINATION","INJURY_COUNT","INTERSECT_TYPE","LANE_CLOSED","LATITUDE","LN_CLOSE_DIR","LOCATION_TYPE","LONGITUDE","MAX_SEVERITY_LEVEL","MCYCLE_DEATH_COUNT","MCYCLE_SUSP_SERIOUS_INJ_COUNT","MOTORCYCLE_COUNT","MUNICIPALITY","NONMOTR_COUNT","NONMOTR_DEATH_COUNT","NONMOTR_SUSP_SERIOUS_INJ_COUNT","NTFY_HIWY_MAINT","PED_COUNT","PED_DEATH_COUNT","PED_SUSP_SERIOUS_INJ_COUNT","PERSON_COUNT","POLICE_AGCY","POSSIBLE_INJ_COUNT","RDWY_SURF_TYPE_CD","RELATION_TO_ROAD","ROAD_CONDITION","SCH_BUS_IND","SCH_ZONE_IND","SMALL_TRUCK_COUNT","SPEC_JURIS_CD","SUSP_MINOR_INJ_COUNT","SUSP_SERIOUS_INJ_COUNT","SUV_COUNT","TCD_FUNC_CD","TCD_TYPE","TFC_DETOUR_IND","TIME_OF_DAY","TOT_INJ_COUNT","TOTAL_UNITS","UNB_DEATH_COUNT","UNB_SUSP_SERIOUS_INJ_COUNT","UNBELTED_OCC_COUNT","UNK_INJ_DEG_COUNT","UNK_INJ_PER_COUNT","URBAN_RURAL","VAN_COUNT","VEHICLE_COUNT","WORK_ZONE_IND","WORK_ZONE_LOC","WORK_ZONE_TYPE","WORKERS_PRES","WZ_CLOSE_DETOUR","WZ_FLAGGER","WZ_LAW_OFFCR_IND","WZ_LN_CLOSURE","WZ_MOVING","WZ_OTHER","WZ_SHLDER_MDN","ROADWAY_CLEARED","WEATHER1","WEATHER2","WZ_WORKERS_INJ_KILLED","SECONDARY_CRASH","INTERSECTION_RELATED"
"0603","1","0","0","0","0","0","0","0","0","7","0","","36","12","2021","2021124370","7","40.2079","-76.1118","0559","08","0","0","0","0","1","0","0","0","","0","0","0","05","3","0","00","0","40 12:28.285","","00","76 06:42.401","0","0","0","0","36210","0","0","0","N","0","0","0","1","36210","0","","4","09","N","N","0","","0","0","0","0","0","","0559","0","1","0","0","0","0","0","1","0","1","N","","","","","","","","","","","","07","","","N","Y"
"0639","1","0","0","0","0","0","0","0","0","7","0","","36","12","2021","2021125725","3","40.0261","-76.2113","0635","08","0","0","0","0","0","1","0","0","","0","0","0","06","3","0","00","1","40 01:34.024","3","00","76 12:40.767","0","0","0","0","36215","0","0","0","N","0","0","0","2","36215","0","","2","01","N","N","0","","0","0","0","0","0","N","0631","0","1","0","0","0","0","0","1","0","1","N","","","","","","","","","","","0709","03","03","","N","N"
"1238","0","0","0","0","0","0","0","0","0","0","0","","36","09","2021","2021089554","1","40.0378","-76.5093","1235","08","0","0","0","0","0","1","0","0","","0","0","0","12","1","2","00","1","40 02:16.100","1","00","76 30:33.300","3","0","0","1","36404","0","0","0","N","0","0","0","2","36404","1","","1","01","N","N","0","","1","0","0","0","0","Y","1235","2","1","0","0","0","0","0","3","0","1","N","","","","","","","","","","","1300","03","","","N","Y"
"1628","1","0","0","0","0","0","0","0","0","2","0","","36","12","2021","2021127130","1","40.0608","-76.5367","1619","08","0","1","0","0","0","0","0","0","","0","0","0","16","4","0","01","1","40 03:39.038","7","00","76 32:12.059","0","0","0","0","36211","0","0","0","N","0","0","0","3","36504","0","","1","01","N","N","0","","0","0","1","3","2","Y","1618","0","2","0","0","0","0","0","1","0","2","N","","","","","","","","","","","1648","03","","","N",""
"0110","1","0","0","0","0","0","0","0","0","7","0","","36","12","2021","2021127840","2","40.1458","-76.1176","0106","08","0","0","0","0","0","1","0","0","","0","0","0","01","2","0","00","2","40 08:44.944","4","00","76 07:03.388","0","0","0","0","36209","0","0","0","N","0","0","0","3","36415","0","","5","01","N","N","0","","0","0","0","0","0","N","0105","0","1","0","0","0","0","0","1","0","1","N","","","","","","","","","","","0130","03","03","","N","N"
"1718","1","0","0","0","0","0","0","0","0","4","0","","36","12","2021","2021127510","6","40.1121","-75.9846","1716","08","0","0","0","0","0","0","0","0","","0","0","0","17","2","0","00","0","40 06:43.559","","00","75 59:04.438","0","0","0","0","36203","0","0","0","N","0","0","0","8","68J01","0","","1","01","N","N","0","","0","0","0","0","0","","1712","0","2","0","0","0","0","0","1","1","2","N","","","","","","","","","","","","03","03","","N","N"
"1128","0","0","0","0","0","0","0","0","0","4","1","","36","11","2021","2021127043","4","40.0307","-76.5069","1103","08","0","0","0","0","0","2","0","0","","0","1","0","10","1","0","01","0","40 01:50.593","","00","76 30:24.756","0","0","0","0","36404","0","0","0","N","0","0","0","2","68J01","0","","1","01","N","N","0","","0","0","1","3","2","","1039","0","2","0","0","0","0","0","3","0","2","N","","","","","","","","","","","","03","","","N","N"
"1458","2","0","0","0","0","0","0","0","0","1","0","","36","09","2021","2021090016","4","40.048","-76.314","1455","08","0","1","0","0","0","0","0","0","","0","0","0","14","1","0","00","1","40 02:52.709","3","00","76 18:50.298","0","0","0","0","36301","0","0","0","N","0","0","0","2","36301","0","","1","01","N","N","0","","0","0","0","0","0","N","1445","0","2","0","0","0","0","0","3","0","2","N","","","","","","","","","","","1452","03","03","","N","N"
"1705","1","0","3","0","0","0","0","0","3","6","0","","36","09","2021","2021088797","1","40.0301","-76.5127","1657","08","0","0","0","0","0","0","1","0","","0","0","0","16","1","8","00","2","40 01:48.386","6","03","76 30:45.575","2","0","0","0","36404","0","0","0","N","0","0","0","9","36239","0","","1","01","N","N","1","","2","6","1","0","0","Y","1655","8","3","0","0","0","0","0","3","0","3","N","","","","","","","","","","","1953","03","","","N","N"
"2240","2","0","0","0","0","0","0","0","0","1","0","","36","12","2021","2021127357","1","40.2411","-76.2496","2223","08","0","0","0","0","1","0","0","0","","0","0","0","22","2","3","00","2","40 14:27.526","3","00","76 15:00.505","8","0","0","0","36204","0","0","0","N","0","0","0","3","68T06","0","","1","01","N","N","0","","0","0","0","0","0","N","2223","3","2","0","0","0","3","0","1","0","2","N","","","","","","","","","","","2301","03","03","","N","N"
"0911","0","0","0","0","0","0","0","0","0","2","0","","36","12","2021","2021127944","4","39.8236","-76.1424","0855","08","0","0","0","0","0","2","0","0","","0","0","0","08","1","1","00","2","39 49:24.795","5","00","76 08:32.683","3","0","0","0","36222","0","0","0","N","0","0","0","3","68J01","0","","1","02","N","N","1","","1","0","2","0","0","Y","0845","1","3","0","0","0","0","0","1","0","3","N","","","","","","","","","","","1000","04","","","N","N"
"0835","1","0","0","0","0","0","0","0","0","1","0","","36","12","2021","2021127959","5","39.8142","-76.1891","0817","08","0","0","0","0","0","0","1","0","","0","0","0","08","1","0","02","1","39 48:51.294","5","00","76 11:20.827","0","0","0","0","36208","0","0","0","N","0","0","0","2","68J01","0","","1","01","N","N","0","","0","0","1","0","0","N","0808","0","2","0","0","0","0","0","1","0","2","N","","","","","","","","","","","0920","03","03","","N","N"
"1534","1","0","0","0","0","0","0","0","0","6","0","","36","09","2021","2021095028","2","40.1145","-76.2116","1529","08","0","0","0","0","0","1","0","0","","0","0","0","15","1","2","00","1","40 06:52.286","5","00","76 12:41.610","8","0","0","0","36238","0","0","0","N","0","0","0","4","36238","0","","1","01","N","N","1","","0","0","0","0","0","N","1529","2","3","0","0","0","2","0","3","1","3","N","","","","","","","","","","","1625","03","","","N","N"
"2015","2","0","0","0","0","0","0","0","0","5","0","","36","09","2021","2021086317","7","40.1559","-76.3866","2006","08","0","0","0","0","0","0","0","0","","0","0","0","20","2","1","00","2","40 09:21.158","5","00","76 23:11.654","8","0","0","0","36227","0","0","0","N","0","0","0","4","36506","0","","6","01","N","N","2","","0","0","2","0","0","Y","2006","1","6","0","0","0","1","0","1","0","6","N","","","","","","","","","","","2136","03","","","Y","N"
"1525","3","0","0","0","0","0","0","0","0","1","0","","36","12","2021","2021124572","3","40.1322","-76.3808","1522","08","0","0","0","0","0","1","0","1","","0","0","0","15","1","1","00","0","40 07:55.795","","00","76 22:50.817","3","0","0","0","36227","0","0","0","N","0","0","0","3","36506","0","","1","01","N","N","0","","1","0","0","0","0","","1522","1","3","0","0","1","0","0","1","0","3","N","","","","","","","","","","","","03","03","","N","N"
"1232","0","0","0","0","0","0","0","0","0","1","0","","36","12","2021","2021125521","7","40.0789","-76.2809","1223","08","0","0","0","0","0","0","0","0","","0","0","0","12","1","0","00","0","40 04:44.157","","00","76 16:51.198","0","0","0","0","36101","0","0","0","N","0","0","0","2","36101","0","","1","01","N","N","0","","0","0","2","0","0","","1220","0","2","0","0","0","0","0","3","0","2","N","","","","","","","","","","","","03","03","","N","N"
"0541","1","0","0","0","0","0","0","0","0","7","0","","36","12","2021","2021124852","2","40.2285","-76.0817","0538","08","0","0","0","0","1","0","0","0","","0","0","0","05","3","0","00","0","40 13:42.510","","00","76 04:54.230","0","0","0","0","36210","0","0","0","N","0","0","0","1","36210","0","","1","01","N","N","0","","0","0","0","0","0","","0538","0","1","0","0","0","0","0","1","0","1","N","","","","","","","","","","","","03","","","N","Y"
"1010","1","0","0","0","0","0","0","0","0","7","0","","36","09","2021","2021085129","5","40.1076","-76.4334","1000","08","0","0","0","0","1","0","0","0","","0","0","0","09","1","0","00","0","40 06:27.205","","00","76 26:00.154","0","0","0","0","36214","0","0","0","N","0","0","0","2","36214","0","","4","01","N","N","0","","0","0","0","0","0","","0956","0","1","0","0","1","0","0","3","0","1","N","","","","","","","","","","","","04","","","N","N"
"1230","0","0","0","0","0","0","0","0","0","4","0","","36","09","2021","2021086109","6","40.0386","-76.1734","1220","08","0","0","0","0","0","0","0","1","","0","0","1","12","1","3","01","1","40 02:18.836","2","00","76 10:24.111","3","0","0","0","36221","3","0","0","N","0","0","0","4","68J01","0","","1","01","N","N","0","","3","0","0","3","2","N","1219","3","2","0","0","0","0","0","1","1","1","N","","","","","","","","","","","0050","03","03","","N","N"
"2358","1","0","0","0","0","0","0","0","0","7","0","","36","09","2021","2021088107","7","40.1569","-76.5949","2354","08","0","0","0","0","0","0","0","0","","0","0","0","23","3","0","00","0","40 09:24.794","","00","76 35:41.765","0","0","0","0","36407","0","0","0","N","0","0","0","1","36407","0","","4","01","N","N","0","","0","0","0","0","0","","2354","0","1","0","0","0","0","0","2","0","1","N","","","","","","","","","","","","03","","","N","N"
"0700","1","0","0","0","0","0","0","0","0","7","0","","36","12","2021","2021126273","4","40.2296","-76.2581","0649","08","0","0","0","0","1","0","0","0","","0","0","0","06","3","0","00","1","40 13:46.610","5","00","76 15:29.254","0","0","0","0","36204","0","0","0","N","0","0","0","1","36506","0","","2","02","N","N","0","","0","0","0","0","0","Y","0649","0","1","0","0","0","0","0","1","0","1","N","","","","","","","","","","","0030","98","05","","N","N"
"1343","4","0","0","0","0","0","0","0","0","1","0","","36","12","2021","2021126265","3","40.0641","-76.3408","1338","08","0","0","0","0","0","0","0","0","","0","0","0","13","1","0","00","1","40 03:50.644","4","00","76 20:26.897","0","0","0","0","36101","0","0","0","N","0","0","0","8","36101","0","","1","01","N","N","0","","0","0","0","0","0","N","1338","0","4","0","0","0","0","0","3","0","4","N","","","","","","","","","","","1422","04","","","N","N"
"1741","0","0","0","0","0","0","0","0","0","7","0","","36","12","2021","2021125959","6","40.0723","-76.2866","1741","08","0","0","0","0","0","0","0","0","","0","0","0","00","2","0","00","0","40 04:20.137","","00","76 17:11.593","0","0","0","0","36101","0","0","0","N","0","0","0","1","36101","0","","4","99","N","N","1","","0","0","0","0","0","","0000","0","1","0","0","0","0","0","3","0","1","N","","","","","","","","","","","","03","04","","N","N"
"0046","1","0","0","0","0","0","0","0","0","4","0","","36","09","2021","2021087842","7","40.0424","-76.2938","0042","08","0","0","0","0","0","2","0","0","","0","0","0","00","3","0","01","1","40 02:32.780","3","00","76 17:37.618","0","0","0","0","36301","0","0","0","N","0","0","0","2","36301","0","","1","01","N","N","0","","0","0","1","0","0","N","0030","0","2","0","0","0","0","0","3","0","2","N","","","","","","","","","","","0105","03","","","Y",""
"0916","0","0","0","0","0","0","0","0","0","4","0","","36","12","2021","2021125371","4","40.0766","-76.5831","0916","08","0","0","0","0","0","0","0","1","","0","0","0","09","1","0","02","1","40 04:35.683","1","00","76 34:59.096","0","0","0","0","36211","0","0","0","N","0","0","0","2","36504","0","","1","09","N","N","0","","0","0","2","3","3","N","0910","0","2","0","0","0","0","0","1","0","2","N","","","","","","","","","","","1015","03","","","N",""
"1230","0","0","0","0","0","0","0","0","0","7","0","","36","12","2021","2021127834","1","40.1024","-76.3678","1217","08","0","0","0","0","0","0","0","0","","0","0","0","12","1","0","00","2","40 06:08.700","4","00","76 22:03.960","0","0","0","0","36214","0","0","0","N","0","0","0","1","36214","0","","5","01","N","N","1","","0","0","0","0","0","N","1215","0","1","0","0","0","0","0","3","0","1","N","","","","","","","","","","","1315","03","03","","N","N"
"1529","1","0","0","0","0","0","0","0","0","7","0","","36","12","2021","2021127835","7","40.0624","-76.3531","1524","08","0","0","0","0","0","0","0","0","","0","0","0","15","1","0","02","0","40 03:44.492","","00","76 21:11.066","0","0","0","0","36214","0","0","0","N","0","0","0","1","36214","0","","4","09","N","N","0","","0","0","0","0","0","","1520","0","1","0","0","0","0","0","3","0","1","N","","","","","","","","","","","","07","04","","N",""
"2211","1","0","0","0","0","0","0","0","0","7","0","","36","12","2021","2021126269","3","40.1346","-76.3322","2203","08","0","0","0","0","0","0","0","0","","0","0","0","22","2","0","03","0","40 08:04.593","","00","76 19:55.797","9","0","0","0","36235","0","0","0","N","0","0","0","1","36506","0","","5","09","N","N","0","","0","0","0","0","0","","2200","0","1","0","0","0","0","1","1","0","1","N","","","","","","","","","","","","07","","","N",""
"1225","0","0","0","0","0","0","0","0","0","98","0","","36","12","2021","2021125059","3","40.0621","-76.3439","1214","08","0","0","0","0","0","0","0","0","","0","0","0","12","1","0","00","0","40 03:43.702","","00","76 20:38.075","0","0","0","0","36214","0","0","0","N","0","0","0","1","36214","0","","1","01","N","N","0","","0","0","1","0","0","","1214","0","1","0","0","0","0","0","3","0","1","N","","","","","","","","","","","","04","","","N","N"
"1734","1","0","0","0","0","0","0","0","0","7","0","","36","09","2021","2021089391","7","40.1382","-76.4159","1727","08","0","0","0","0","0","0","0","0","","0","0","0","17","1","1","00","0","40 08:17.400","","00","76 24:57.300","3","0","0","0","36230","0","0","0","N","0","0","0","1","36410","0","","4","01","N","N","0","","1","0","0","0","0","","1727","1","1","0","0","0","0","0","1","0","1","N","","","","","","","","","","","","03","03","","N","N"
"1318","0","0","0","0","0","0","0","0","0","1","0","","36","12","2021","2021126119","5","40.0697","-76.309","1315","08","0","0","0","0","0","0","0","0","","0","0","0","13","1","1","00","0","40 04:10.946","","00","76 18:32.402","3","0","0","0","36101","0","0","0","N","0","0","0","2","36101","0","","1","01","N","N","0","","1","0","2","0","0","","1312","1","2","0","0","0","0","0","3","0","2","N","","","","","","","","","","","","03","","","N","N"
"1652","2","0","0","0","0","0","0","0","0","1","0","","36","09","2021","2021088034","6","40.0684","-76.3074","1649","08","0","0","0","0","0","1","0","0","","0","0","0","16","1","0","00","1","40 04:06.074","1","00","76 18:26.662","0","0","0","0","36101","0","0","0","N","0","0","0","2","36101","0","","1","01","N","N","0","","0","0","0","0","0","N","1646","0","2","0","0","0","0","0","3","0","2","N","","","","","","","","","","","1720","03","","","N","Y"
"0625","0","0","0","0","0","0","0","0","0","7","0","","36","12","2021","2021126037","4","40.2413","-76.1424","0619","08","0","0","0","0","0","1","0","0","","0","0","0","06","2","1","00","0","40 14:28.580","","00","76 08:32.839","3","0","0","0","36236","0","0","0","N","0","0","0","2","68T06","0","","4","02","N","N","1","","1","0","0","0","0","","0619","1","1","0","0","0","0","0","1","0","1","N","","","","","","","","","","","","05","","","N","N"
"1756","2","0","0","0","0","0","0","0","0","1","0","","36","12","2021","2021125962","4","40.0923","-76.3299","1750","08","0","0","0","0","0","0","0","0","","0","0","0","17","2","0","00","2","40 05:32.348","1","00","76 19:47.574","0","0","0","0","36101","0","0","0","N","0","0","0","3","36101","0","","1","01","N","N","0","","0","0","1","0","0","N","1747","0","3","0","0","0","0","0","3","0","3","N","","","","","","","","","","","1800","03","03","","N","N"
"1759","2","0","0","0","0","0","0","0","0","1","0","","36","09","2021","2021094997","4","40.1208","-76.2135","1737","08","0","0","0","0","0","0","0","0","","0","0","0","17","1","0","02","0","40 07:14.987","","00","76 12:48.553","0","0","0","0","36238","0","0","0","N","0","0","0","2","36238","0","","1","01","N","N","0","","0","0","0","0","0","","1737","0","2","0","0","0","0","0","3","0","2","N","","","","","","","","","","","","03","","","N","N"
"1015","1","0","0","0","0","0","0","0","0","4","0","","36","09","2021","2021086314","2","39.9879","-76.3935","1007","08","1","0","0","0","0","1","0","0","","0","0","0","10","1","0","02","0","39 59:16.406","","00","76 23:36.592","0","0","0","0","36223","0","0","0","N","0","0","0","2","36223","0","","1","01","N","N","0","","0","0","1","3","3","","1006","0","2","0","0","0","0","0","1","0","2","N","","","","","","","","","","","","03","","","N",""
"0741","1","0","0","0","0","0","0","0","0","2","0","","36","09","2021","2021087343","4","40.0087","-76.3815","0736","08","0","0","0","1","0","0","0","0","","0","0","0","07","1","2","00","2","40 00:31.352","6","00","76 22:53.321","3","0","0","0","36223","0","0","0","N","0","0","0","2","36223","0","","1","01","N","N","0","","2","0","0","0","0","Y","0735","2","2","0","0","0","0","0","1","1","2","N","","","","","","","","","","","0844","03","03","","N","N"
"1347","2","0","0","0","0","0","0","0","0","1","0","","36","12","2021","2021128087","4","40.0758","-76.3087","1347","08","0","0","0","0","0","0","0","0","","0","0","0","13","1","0","00","0","40 04:32.914","","00","76 18:31.219","0","0","0","0","36101","0","0","0","N","0","0","0","2","36101","0","","1","01","N","N","0","","0","0","0","0","0","","1344","0","2","0","0","0","0","0","3","0","2","N","","","","","","","","","","","","03","03","","N","N"
"1123","0","0","0","0","0","0","0","0","0","3","1","","36","09","2021","2021091548","4","40.0609","-76.069","1108","08","0","0","0","0","0","0","0","0","","0","1","0","11","1","0","00","1","40 03:39.184","2","00","76 04:08.512","0","0","0","0","36209","0","0","0","N","0","0","0","2","36415","0","","1","01","N","N","0","","0","0","1","0","0","N","1107","0","2","0","0","0","0","0","1","0","2","N","","","","","","","","","","","1140","03","03","","N","N"
"2255","1","0","0","0","0","0","0","0","0","7","0","","36","09","2021","2021085433","6","40.0135","-76.2848","2250","08","0","1","0","0","0","0","0","0","","0","0","0","22","2","0","00","0","40 00:48.500","","00","76 17:05.300","0","0","0","0","36240","0","0","0","N","0","0","0","1","36240","0","","5","01","N","N","0","","0","0","0","0","0","","2245","0","1","0","0","0","0","0","1","0","1","N","","","","","","","","","","","","03","","","N","N"
"1001","0","0","0","0","0","0","0","0","0","7","0","","36","12","2021","2021123948","3","40.0519","-76.3966","1001","08","0","0","0","0","0","0","0","0","","0","0","0","09","1","0","00","0","40 03:06.742","","00","76 23:47.683","0","0","0","0","36214","0","0","0","N","0","0","0","1","36214","0","","2","01","N","N","0","","0","0","1","0","0","","0959","0","1","0","0","0","0","0","3","0","1","N","","","","","","","","","","","","03","03","","N","N"
"0708","1","0","0","0","0","0","0","0","0","7","0","","36","09","2021","2021094996","6","40.1377","-76.176","0658","08","0","0","1","0","0","0","0","0","","0","0","0","06","2","0","00","0","40 08:15.709","","00","76 10:33.772","0","0","0","0","36238","0","0","0","N","0","0","0","1","36238","0","","4","01","N","N","0","","0","0","0","0","0","","0658","0","1","0","0","0","0","0","3","0","1","N","","","","","","","","","","","","03","","","N","N"
"1627","1","0","0","0","0","0","0","0","0","4","0","","36","12","2021","2021124806","2","40.1061","-76.2534","1619","08","0","0","0","0","0","0","1","0","","0","0","0","16","4","2","02","1","40 06:21.873","1","02","76 15:12.279","4","0","0","0","36101","0","0","0","N","0","0","0","3","36101","2","","1","01","N","N","1","","0","0","0","3","3","Y","1617","2","2","0","0","0","0","0","3","0","2","N","","","","","","","","","","","1642","03","","","N",""
"0258","1","0","0","0","0","0","0","0","0","7","0","","36","09","2021","2021088561","6","40.1793","-76.6017","0249","08","0","0","0","0","0","0","0","0","","0","0","0","02","2","0","00","0","40 10:45.477","","02","76 36:06.057","0","0","0","0","36225","0","0","0","N","0","0","0","1","36505","0","","1","01","N","N","0","","0","0","0","0","0","","0247","0","1","0","0","0","0","0","2","0","1","N","","","","","","","","","","","","03","03","","N","N"
"2122","1","0","0","0","0","0","0","0","0","1","0","","36","09","2021","2021096667","7","40.1968","-76.1692","2117","08","0","0","0","0","0","0","0","0","","0","0","0","21","3","0","01","0","40 11:48.459","","00","76 10:08.984","0","0","0","0","36218","0","0","0","N","0","0","0","3","36408","0","","1","01","N","N","0","","0","0","1","3","2","","2117","0","2","0","0","0","0","0","1","0","2","N","","","","","","","","","","","","03","","","N","N"
"0617","1","0","0","0","0","0","0","0","0","7","0","","36","12","2021","2021127012","4","40.0296","-76.505","0614","08","0","0","0","0","0","1","0","0","","0","0","0","06","3","1","00","1","40 01:46.692","1","00","76 30:18.117","8","0","0","0","36404","0","0","0","N","0","0","0","1","36404","0","","5","09","N","N","0","","0","0","0","0","0","N","0614","1","1","0","0","0","1","0","3","0","1","N","","","","","","","","","","","0649","04","","","N","N"
"0801","1","0","0","0","0","0","0","0","0","4","0","","36","12","2021","2021126633","4","40.1848","-76.189","0711","08","0","0","0","0","0","0","1","0","","0","0","0","07","1","0","00","0","40 11:05.400","","03","76 11:20.263","0","0","0","0","36408","0","0","0","N","0","0","0","2","36408","0","","1","02","N","N","0","","0","0","1","0","0","","0711","0","2","0","0","0","0","0","2","0","2","N","","","","","","","","","","","","03","","","N","N"
"1206","1","0","0","0","0","0","0","0","0","7","0","","36","12","2021","2021128450","4","40.0805","-76.3833","1131","08","0","0","0","0","0","0","0","1","","0","0","0","10","1","0","01","0","40 04:49.623","","00","76 22:59.948","0","0","0","0","36214","0","0","0","N","0","0","0","1","36214","0","","5","09","N","N","0","","0","0","0","3","2","","1030","0","1","0","0","0","0","0","3","0","1","N","","","","","","","","","","","","03","","","N",""
"0844","2","0","0","0","0","0","0","0","0","4","0","","36","09","2021","2021085574","7","40.2406","-76.0585","0835","08","0","0","1","0","0","0","0","0","","0","0","0","08","1","0","02","0","40 14:26.110","","00","76 03:30.624","0","0","0","0","36401","0","0","0","N","0","0","0","2","36408","0","","1","01","N","N","0","","0","0","0","0","0","","0834","0","2","0","0","0","0","0","1","0","2","N","","","","","","","","","","","","03","03","","N","N"
"1737","1","0","0","0","0","0","0","0","0","1","0","","36","12","2021","2021126118","4","40.1049","-76.3054","1732","08","0","0","0","0","0","1","0","0","","0","0","0","17","3","0","00","1","40 06:17.746","2","00","76 18:19.549","0","0","0","0","36101","0","0","0","N","0","0","0","3","36101","0","","1","01","N","N","0","","0","0","1","0","0","N","1729","0","2","0","0","0","0","0","3","0","2","N","","","","","","","","","","","1828","03","03","","N","N"
"1535","1","0","0","0","0","0","0","0","0","1","0","","36","09","2021","2021089552","1","40.0271","-76.4926","1530","08","0","0","0","1","0","0","0","0","","0","0","0","15","1","0","01","0","40 01:37.678","","00","76 29:33.446","0","0","0","0","36404","0","0","0","N","0","0","0","1","36404","0","","1","01","N","N","1","","0","0","1","0","0","","1528","0","3","0","0","0","0","0","3","0","3","N","","","","","","","","","","","","03","03","","N",""
"1419","1","0","0","0","0","0","0","0","0","7","0","","36","09","2021","2021087919","6","40.1576","-76.602","1417","08","0","1","0","0","0","0","0","0","","0","0","0","14","1","0","00","2","40 09:27.300","5","00","76 36:07.300","0","0","0","0","36407","0","0","0","N","0","0","0","2","36407","0","","4","01","N","N","0","","0","0","0","0","0","Y","1417","0","1","0","0","0","0","0","2","0","1","N","","","","","","","","","","","1445","03","","","N","N"
"1702","2","0","0","0","0","0","0","0","0","1","0","","36","12","2021","2021126268","3","40.0576","-76.399","1654","08","0","0","0","0","0","0","0","0","","0","0","0","16","2","1","00","2","40 03:27.334","4","00","76 23:56.223","3","0","0","0","36214","0","0","0","N","0","0","0","2","36214","0","","1","01","N","N","0","","1","0","0","0","0","N","1653","1","2","0","0","0","0","0","3","0","2","N","","","","","","","","","","","1740","03","03","","N","N"
"1825","2","0","0","0","0","0","0","0","0","4","0","","36","12","2021","2021124571","2","40.1297","-76.3113","1823","08","0","0","1","0","0","0","0","0","","0","0","0","18","3","2","01","2","40 07:46.855","5","00","76 18:40.680","3","0","0","0","36235","0","0","0","N","0","0","0","4","36506","0","","1","01","N","N","0","","1","0","0","3","3","Y","1823","2","2","0","0","0","1","2","1","0","2","N","","","","","","","","","","","0100","03","","","N",""
"2015","0","0","0","0","0","0","0","0","0","4","0","","36","12","2021","2021125296","3","40.0591","-76.4629","2009","08","0","0","0","0","0","1","0","0","","0","0","0","20","3","0","03","0","40 03:32.814","","00","76 27:46.398","0","0","0","0","36239","0","0","0","N","0","0","0","3","36239","0","","1","09","N","N","1","","0","0","1","0","0","","2008","0","2","0","0","0","0","0","3","0","2","N","","","","","","","","","","","","07","","","N",""
"1314","0","0","0","0","0","0","0","0","0","7","0","","36","12","2021","2021124567","7","40.1386","-76.6007","1312","08","0","0","0","0","0","0","0","0","","0","0","0","13","1","1","00","0","40 08:19.070","","00","76 36:02.362","8","0","0","0","36237","0","0","0","N","0","0","0","1","36505","0","","5","01","N","N","0","","0","0","1","0","0","","1312","1","1","0","0","0","1","0","1","0","1","N","","","","","","","","","","","","04","","","N","N"
"1239","2","0","0","0","0","0","0","0","0","4","0","","36","12","2021","2021125720","7","40.03","-76.2313","1237","08","0","0","0","0","0","0","0","1","","0","0","0","12","1","1","00","1","40 01:47.967","3","00","76 13:52.716","3","0","0","0","36215","0","0","0","N","0","0","0","4","36215","0","","1","01","N","N","0","","1","0","0","0","0","N","1233","1","2","0","0","1","0","0","1","0","2","N","","","","","","","","","","","1313","04","04","","N","N"
"0736","1","0","0","0","0","0","0","0","0","7","0","","36","12","2021","2021126279","4","40.1393","-76.2225","0721","08","0","0","0","0","0","0","0","0","","0","0","0","07","5","0","00","1","40 08:21.350","4","00","76 13:21.166","0","0","0","0","36235","0","0","0","N","0","0","0","1","36506","0","","5","02","N","N","0","","0","0","0","0","0","N","0721","0","1","0","0","0","0","0","1","0","1","N","","","","","","","","","","","0752","03","06","","N","N"
"1505","2","0","0","0","0","0","0","0","0","1","0","","36","12","2021","2021124908","2","39.9824","-76.2994","1501","08","0","0","0","0","0","0","0","0","","0","0","0","15","1","0","00","0","39 58:56.752","","00","76 17:57.987","0","0","0","0","36228","0","0","0","N","0","0","0","2","36228","0","","1","01","N","N","0","","0","0","0","0","0","","1501","0","2","0","0","0","0","0","1","0","2","N","","","","","","","","","","","","03","","","N","N"