"ARRIVAL_TM","AUTOMOBILE_COUNT","BELTED_DEATH_COUNT","BELTED_SUSP_SERIOUS_INJ_COUNT","BICYCLE_COUNT","BICYCLE_DEATH_COUNT","BICYCLE_SUSP_SERIOUS_INJ_COUNT","BUS_COUNT","CHLDPAS_DEATH_COUNT","CHLDPAS_SUSP_SERIOUS_INJ_COUNT","COLLISION_TYPE","COMM_VEH_COUNT","CONS_ZONE_SPD_LIM","COUNTY","CRASH_MONTH","CRASH_YEAR","CRN","DAY_OF_WEEK","DEC_LAT","DEC_LONG","DISPATCH_TM","DISTRICT","DRIVER_COUNT_16YR","DRIVER_COUNT_17YR","DRIVER_COUNT_18YR","DRIVER_COUNT_19YR","DRIVER_COUNT_20YR","DRIVER_COUNT_50_64YR","DRIVER_COUNT_65_74YR","DRIVER_COUNT_75PLUS","EST_HRS_CLOSED","FATAL_COUNT","HEAVY_TRUCK_COUNT","HORSE_BUGGY_COUNT","HOUR_OF_DAY","ILLUMINATION","INJURY_COUNT","INTERSECT_TYPE","LANE_CLOSED","LATITUDE","LN_CLOSE_DIR","LOCATION_TYPE","LONGITUDE","MAX_SEVERITY_LEVEL","MCYCLE_DEATH_COUNT","MCYCLE_SUSP_SERIOUS_INJ_COUNT","MOTORCYCLE_COUNT","MUNICIPALITY","NONMOTR_COUNT","NONMOTR_DEATH_COUNT","NONMOTR_SUSP_SERIOUS_INJ_COUNT","NTFY_HIWY_MAINT","PED_COUNT","PED_DEATH_COUNT","PED_SUSP_SERIOUS_INJ_COUNT","PERSON_COUNT","POLICE_AGCY","POSSIBLE_INJ_COUNT","RDWY_SURF_TYPE_CD","RELATION_TO_ROAD","ROAD_CONDITION","SCH_BUS_IND","SCH_ZONE_IND","SMALL_TRUCK_COUNT","SPEC_JURIS_CD","SUSP_MINOR_INJ_COUNT","SUSP_SERIOUS_INJ_COUNT","SUV_COUNT","TCD_FUNC_CD","TCD_TYPE","TFC_DETOUR_IND","TIME_OF_DAY","TOT_INJ_COUNT","TOTAL_UNITS","UNB_DEATH_COUNT","UNB_SUSP_SERIOUS_INJ_COUNT","UNBELTED_OCC_COUNT","UNK_INJ_DEG_COUNT","UNK_INJ_PER_COUNT","URBAN_RURAL","VAN_COUNT","VEHICLE_COUNT","WORK_ZONE_IND","WORK_ZONE_LOC","WORK_ZONE_TYPE","WORKERS_PRES","WZ_CLOSE_DETOUR","WZ_FLAGGER","WZ_LAW_OFFCR_IND","WZ_LN_CLOSURE","WZ_MOVING","WZ_OTHER","WZ_SHLDER_MDN","ROADWAY_CLEARED","WEATHER1","WEATHER2","WZ_WORKERS_INJ_KILLED","SECONDARY_CRASH","INTERSECTION_RELATED"
"1750","0","0","0","0","0","0","0","0","0","0","0","","36","09","2021","2021089864","7","39.9892","-75.9908","1743","08","0","0","0","0","0","0","0","0","","0","0","0","17","1","1","03","0","39 59:21.149","","00","75 59:27.053","3","0","0","1","36232","0","0","0","N","0","0","0","1","68J01","0","","1","01","N","N","0","","1","0","0","3","3","","1741","1","1","0","0","0","0","0","1","0","1","N","","","","","","","","","","","","03","03","","N","N"
"1931","1","0","0","0","0","0","0","0","0","4","1","","36","12","2021","2021124578","6","40.2186","-76.2556","1925","08","0","0","0","0","0","1","0","1","","0","1","0","19","2","0","02","0","40 13:06.943","","00","76 15:20.311","0","0","0","0","36204","0","0","0","N","0","0","0","2","36506","0","","1","01","N","N","0","","0","0","0","3","3","","1923","0","2","0","0","0","0","0","1","0","2","N","","","","","","","","","","","","03","","","N",""
"1224","3","0","0","0","0","0","0","0","0","4","0","","36","12","2021","2021123870","2","40.0436","-76.3137","1224","08","0","0","0","0","0","2","0","0","","0","0","0","12","1","1","01","2","40 02:37.071","3","00","76 18:49.309","3","0","0","0","36301","0","0","0","N","0","0","0","4","36301","0","","1","01","N","N","0","","1","0","0","3","2","Y","1222","1","3","0","0","1","0","0","3","0","3","N","","","","","","","","","","","1340","03","03","","Y","N"
"2311","1","0","0","0","0","0","0","0","0","5","0","","36","09","2021","2021095027","4","40.1658","-76.208","2304","08","0","0","0","1","0","0","0","0","","0","0","0","23","3","0","00","0","40 09:57.042","","00","76 12:28.639","0","0","0","0","36402","0","0","0","N","0","0","0","1","36238","0","","2","09","N","N","0","","0","0","0","0","0","","2304","0","2","0","0","0","0","0","2","1","2","N","","","","","","","","","","","","07","","","N","N"
"1518","0","0","0","0","0","0","0","0","0","6","0","","36","12","2021","2021123953","6","40.1524","-76.2951","1516","08","0","0","0","0","0","0","0","0","","0","0","0","15","1","0","00","2","40 09:08.620","5","00","76 17:42.200","0","0","0","0","36409","0","0","0","N","0","0","0","8","36409","0","","5","01","N","N","1","","0","0","1","0","0","N","1514","0","2","0","0","0","0","0","3","0","2","N","","","","","","","","","","","1534","03","03","","N","N"
"1146","0","0","0","0","0","0","0","0","0","7","0","","36","09","2021","2021088224","6","40.0325","-75.9799","1132","08","0","0","0","0","0","0","0","0","","0","0","0","11","1","0","00","2","40 01:56.896","6","00","75 58:47.608","0","0","0","0","36232","0","0","0","N","0","0","0","2","68J01","0","","4","01","N","N","0","","0","0","1","0","0","Y","1125","0","1","0","0","0","0","0","1","0","1","N","","","","","","","","","","","1327","04","","","N","N"
"2029","2","0","0","0","0","0","0","0","0","1","0","","36","09","2021","2021089810","1","40.0869","-76.1935","2024","08","0","0","0","0","0","0","0","0","","0","0","0","20","3","1","00","2","40 05:12.962","4","00","76 11:36.678","3","0","0","0","36234","0","0","0","N","0","0","0","3","36215","0","","1","01","N","N","0","","1","0","1","0","0","N","2018","1","3","0","0","0","0","0","1","0","3","N","","","","","","","","","","","2115","03","","","N","N"
"1139","2","0","0","0","0","0","0","0","0","4","0","","36","09","2021","2021087865","4","40.1421","-76.4083","1115","08","0","0","0","0","0","0","0","0","","0","0","0","11","1","0","03","1","40 08:31.725","1","00","76 24:29.930","0","0","0","0","36227","0","0","0","N","0","0","0","3","36506","0","","1","01","N","N","0","","0","0","0","3","3","N","1110","0","2","0","0","1","0","0","1","0","2","N","","","","","","","","","","","1215","03","","","N",""
"0752","1","0","0","0","0","0","0","0","0","4","0","","36","12","2021","2021125960","4","40.079","-76.295","0752","08","0","0","0","0","0","1","1","0","","0","0","0","07","1","1","02","0","40 04:44.301","","00","76 17:41.907","4","0","0","0","36101","0","0","0","N","0","0","0","2","36101","1","","1","09","N","N","0","","0","0","1","3","2","","0744","1","2","0","0","0","0","0","3","0","2","N","","","","","","","","","","","","05","04","","N",""
"1846","0","0","0","0","0","0","0","0","0","4","0","","36","09","2021","2021087794","4","40.0186","-76.0638","1837","08","0","0","1","0","0","0","0","0","","0","0","0","18","1","1","02","2","40 01:07.020","5","00","76 03:49.852","3","0","0","1","36221","0","0","0","N","0","0","0","2","68J01","0","","1","01","N","N","0","","1","0","0","3","3","Y","1833","1","2","0","0","0","0","0","1","1","2","N","","","","","","","","","","","1930","03","03","","N",""
"0917","0","0","0","0","0","0","0","0","0","7","0","","36","12","2021","2021127946","4","39.8791","-76.0889","0907","08","0","0","0","0","0","0","0","0","","0","0","0","08","1","0","00","0","39 52:44.850","","00","76 05:20.060","0","0","0","0","36205","0","0","0","N","0","0","0","1","68J01","0","","4","02","N","N","1","","0","0","0","0","0","","0852","0","1","0","0","0","0","0","1","0","1","N","","","","","","","","","","","","03","03","","N","N"
"1552","1","0","0","0","0","0","0","0","0","1","0","","36","09","2021","2021094175","4","40.0297","-76.361","1552","08","0","0","0","0","0","1","0","0","","0","0","0","15","1","1","00","0","40 01:46.796","","00","76 21:39.506","3","0","0","0","36223","0","0","0","N","0","0","0","5","36223","0","","1","01","N","N","0","","1","0","0","0","0","","1550","1","2","0","0","0","0","0","1","1","2","N","","","","","","","","","","","","03","03","","N","N"
"1329","0","0","0","0","0","0","0","0","0","1","0","","36","12","2021","2021125963","5","40.0701","-76.3121","1325","08","0","0","0","0","0","0","1","0","","0","0","0","13","1","0","00","0","40 04:12.185","","00","76 18:43.498","0","0","0","0","36101","0","0","0","N","0","0","0","2","36101","0","","1","01","N","N","0","","0","0","2","0","0","","1319","0","2","0","0","0","0","0","3","0","2","N","","","","","","","","","","","","03","","","N","N"
"1926","1","0","0","0","0","0","0","0","0","4","0","","36","12","2021","2021123954","6","40.1602","-76.3076","1926","08","0","0","0","0","0","0","0","0","","0","0","0","19","3","0","01","1","40 09:36.663","2","00","76 18:27.476","0","0","0","0","36409","0","0","0","N","0","0","0","3","36409","0","","1","01","N","N","0","","0","0","0","3","2","N","1923","0","2","0","0","0","0","0","3","1","2","N","","","","","","","","","","","1945","03","","","N",""
"0810","1","0","0","0","0","0","0","0","0","5","0","","36","12","2021","2021125779","4","40.2513","-76.1244","0752","08","0","0","1","0","0","0","0","0","","0","0","0","06","6","0","00","1","40 15:04.614","2","00","76 07:27.949","0","0","0","0","36236","0","0","0","N","0","0","0","2","36408","0","","1","02","N","N","0","","0","0","1","0","0","N","0655","0","2","0","0","0","0","0","1","0","2","N","","","","","","","","","","","0858","04","","","N","N"
"2126","0","0","0","0","0","0","0","0","0","0","1","","36","12","2021","2021123649","2","40.1385","-76.5244","2121","08","0","0","0","0","0","0","1","0","","0","1","0","21","2","0","00","2","40 08:18.515","6","00","76 31:27.830","0","0","0","0","36225","0","0","0","N","0","0","0","1","36505","0","","2","01","N","N","0","","0","0","0","0","0","Y","2119","0","1","0","0","0","0","0","2","0","1","N","","","","","","","","","","","0400","03","","","N","N"
"0950","0","0","0","0","0","0","0","0","0","1","0","","36","09","2021","2021090374","5","40.2025","-76.1585","0942","08","0","0","0","0","0","1","0","0","","0","0","0","09","1","0","00","0","40 12:09.132","","00","76 09:30.755","0","0","0","0","36218","0","0","0","N","0","0","0","3","36408","0","","1","01","N","N","0","","0","0","2","0","0","","0942","0","2","0","0","0","0","0","1","0","2","N","","","","","","","","","","","","03","03","","N","Y"
"1615","0","0","0","0","0","0","0","0","0","4","0","","36","12","2021","2021121327","6","40.0423","-76.3113","1607","08","0","0","0","0","0","1","0","0","","0","0","0","16","1","0","01","0","40 02:32.114","","00","76 18:40.784","0","0","0","0","36301","0","0","0","N","0","0","0","2","36301","0","","1","01","N","N","0","","0","0","2","3","2","","1603","0","2","0","0","1","0","0","3","0","2","N","","","","","","","","","","","","03","","","N","N"
"0219","1","0","0","0","0","0","0","0","0","7","0","","36","09","2021","2021108617","1","39.9988","-76.064","0208","08","0","0","0","0","0","0","0","0","","0","0","0","02","3","1","00","1","39 59:55.574","4","00","76 03:50.305","3","0","0","0","36226","0","0","0","N","0","0","0","2","68J01","0","","4","01","N","N","0","","1","0","0","0","0","N","0203","1","1","0","0","0","0","0","1","0","1","N","","","","","","","","","","","0330","03","03","","N","N"
"0850","0","0","0","0","0","0","0","0","0","7","0","","36","09","2021","2021088699","5","40.0582","-76.1372","0845","08","0","0","0","0","0","0","1","0","","0","0","0","08","1","0","00","2","40 03:29.658","1","00","76 08:13.990","0","0","0","0","36221","0","0","0","N","0","0","0","1","68J01","0","","4","01","N","N","0","","0","0","1","0","0","Y","0842","0","1","0","0","0","0","0","1","0","1","N","","","","","","","","","","","0030","03","03","","N","N"
"1520","2","0","0","0","0","0","0","0","0","4","0","","36","09","2021","2021095025","6","40.1261","-76.2145","1517","08","0","0","0","0","0","0","0","0","","0","0","0","15","1","1","00","1","40 07:34.099","1","07","76 12:52.322","3","0","0","0","36238","0","0","0","N","0","0","0","2","36238","0","","1","01","N","N","0","","1","0","0","0","0","N","1517","1","2","0","0","0","0","0","3","0","2","N","","","","","","","","","","","1555","03","","","N","N"
"0845","0","0","0","0","0","0","0","0","0","7","0","","36","12","2021","2021127837","4","40.0993","-76.0967","0842","08","0","0","0","0","0","0","1","0","","0","0","0","08","1","1","00","2","40 05:57.380","5","00","76 05:48.130","3","0","0","0","36415","0","0","0","N","0","0","0","1","36415","0","","4","09","N","N","0","","1","0","1","0","0","Y","0840","1","1","0","0","0","0","0","1","0","1","N","","","","","","","","","","","0855","03","03","","N","N"
"2038","1","0","1","0","0","0","0","0","0","7","0","","36","12","2021","2021123951","1","40.0169","-76.4548","2030","08","0","0","0","0","0","0","0","0","","0","0","0","20","2","1","01","2","40 01:00.844","7","00","76 27:17.122","2","0","0","0","36223","0","0","0","N","0","0","0","1","36223","0","","5","01","N","N","0","","0","1","0","3","3","N","2028","1","1","0","0","0","0","0","1","0","1","N","","","","","","","","","","","2113","04","","","N",""
"0832","0","0","0","0","0","0","0","0","0","7","0","","36","12","2021","2021125391","4","39.9773","-76.2728","0828","08","0","0","0","0","0","0","1","0","","0","0","0","08","1","1","00","2","39 58:38.359","6","03","76 16:21.986","8","0","0","0","36240","0","0","0","N","0","0","0","1","36240","0","","2","02","N","N","1","","0","0","0","0","0","Y","0826","1","1","0","0","1","1","0","1","0","1","N","","","","","","","","","","","0926","03","03","","N","N"
"1702","1","0","0","0","0","0","0","0","0","7","0","","36","09","2021","2021086171","1","40.0782","-76.3418","1654","08","0","0","0","0","1","0","0","0","","0","0","0","16","1","0","00","0","40 04:41.554","","00","76 20:30.472","0","0","0","0","36101","0","0","0","N","0","0","0","2","36101","0","","1","01","N","N","0","","0","0","0","0","0","","1652","0","1","0","0","0","0","0","3","0","1","N","","","","","","","","","","","","03","03","","N","N"
"0756","0","0","0","0","0","0","0","0","0","4","1","","36","12","2021","2021125057","2","40.0543","-76.3264","0747","08","0","0","0","0","0","2","0","0","","0","1","0","07","1","0","02","0","40 03:15.373","","00","76 19:34.981","0","0","0","0","36101","0","0","0","N","0","0","0","2","36101","0","","1","01","N","N","0","","0","0","1","3","3","","0745","0","2","0","0","0","0","0","3","0","2","N","","","","","","","","","","","","03","","","N",""
"2123","1","0","0","0","0","0","0","0","0","5","0","","36","09","2021","2021088091","6","40.0451","-76.3191","2123","08","0","0","0","0","0","0","0","0","","0","0","0","21","3","0","00","1","40 02:42.300","1","00","76 19:08.800","9","0","0","0","36301","0","0","0","N","0","0","0","1","36301","0","","6","01","N","N","0","","0","0","1","0","0","N","2107","0","2","0","0","0","0","1","3","0","2","N","","","","","","","","","","","2222","03","03","","N","Y"
"1322","1","0","0","0","0","0","0","0","0","1","0","","36","09","2021","2021087291","4","39.9938","-76.1819","1317","08","0","0","0","0","0","2","1","0","","0","0","0","13","1","3","00","2","39 59:37.795","5","07","76 10:54.820","3","0","0","0","36233","0","0","0","N","0","0","0","3","68J01","0","","1","01","N","N","0","","3","0","2","0","0","Y","1314","3","3","0","0","0","0","0","1","0","3","N","","","","","","","","","","","1500","03","","","N","N"
"0941","1","0","0","0","0","0","0","0","0","7","0","","36","12","2021","2021125062","7","40.0184","-76.3697","0930","08","0","0","0","0","0","0","0","0","","0","0","0","08","1","0","00","0","40 01:06.380","","00","76 22:10.890","0","0","0","0","36223","0","0","0","N","0","0","0","1","36223","0","","4","09","N","N","0","","0","0","0","0","0","","0800","0","1","0","0","0","0","0","1","0","1","N","","","","","","","","","","","","04","","","N","N"
"1755","2","0","0","0","0","0","0","0","0","4","0","","36","09","2021","2021095059","1","40.1783","-76.1733","1749","08","0","0","2","0","0","0","0","0","","0","0","0","17","1","1","01","0","40 10:41.700","","00","76 10:24.000","4","0","0","0","36408","0","0","0","N","0","0","0","3","36408","1","","1","01","N","N","0","","0","0","0","0","0","","1747","1","2","0","0","1","0","0","2","0","2","N","","","","","","","","","","","","03","","","N",""
"1753","1","0","0","0","0","0","0","0","0","1","0","","36","09","2021","2021090547","6","40.2218","-76.3034","1737","08","0","0","0","0","0","0","0","0","","0","0","0","17","1","1","00","0","40 13:18.333","","00","76 18:12.212","3","0","0","0","36217","0","0","0","N","0","0","0","5","68J01","0","","1","01","N","N","0","","1","0","2","0","0","","1734","1","3","0","0","0","0","0","1","0","3","N","","","","","","","","","","","","03","","","N","N"
"1031","1","0","0","0","0","0","0","0","0","7","0","","36","12","2021","2021128086","4","40.0787","-76.2616","1031","08","0","0","0","0","0","0","0","0","","0","0","0","10","1","0","00","1","40 04:43.200","3","00","76 15:41.670","0","0","0","0","36101","0","0","0","N","0","0","0","2","36101","0","","5","09","N","N","0","","0","0","0","0","0","N","1020","0","1","0","0","0","0","0","3","0","1","N","","","","","","","","","","","1052","04","","","N","N"
"0924","1","0","0","0","0","0","0","0","0","7","0","","36","12","2021","2021125600","2","40.054","-75.9553","0908","08","0","0","0","0","0","0","0","0","","0","0","0","09","1","1","00","0","40 03:14.450","","00","75 57:18.970","8","0","0","0","36232","0","0","0","N","0","0","0","1","68J01","0","","4","01","N","N","0","","0","0","0","0","0","","0906","1","1","0","0","0","1","0","1","0","1","N","","","","","","","","","","","","03","","","N","N"
"1613","0","0","0","0","0","0","0","0","0","4","0","","36","12","2021","2021125721","7","40.0315","-76.2382","1609","08","0","0","0","0","0","1","0","0","","0","0","0","16","4","3","02","2","40 01:50.356","4","00","76 14:03.582","3","0","0","0","36215","0","0","0","N","0","0","0","5","36215","0","","1","01","N","N","0","","3","0","1","3","2","Y","1606","3","2","0","0","0","0","0","1","1","2","N","","","","","","","","","","","1702","03","03","","N",""
"0541","1","0","0","0","0","0","0","0","0","7","0","","36","12","2021","2021126030","2","40.2392","-76.2588","0525","08","0","0","0","0","0","1","0","0","","0","0","0","05","2","0","00","0","40 14:21.010","","00","76 15:31.239","0","0","0","0","36204","0","0","0","N","0","0","0","1","68T06","0","","4","01","N","N","0","","0","0","0","0","0","","0525","0","1","0","0","0","0","0","1","0","1","N","","","","","","","","","","","","03","03","","N","N"
"1818","0","0","0","0","0","0","0","0","0","7","0","","36","09","2021","2021092561","1","40.0442","-76.2921","1814","08","0","0","0","0","0","0","0","0","","0","0","0","18","1","1","01","1","40 02:39.112","1","00","76 17:31.624","3","0","0","1","36301","0","0","0","N","0","0","0","1","36301","0","","2","01","N","N","0","","1","0","0","3","2","N","1811","1","1","0","0","0","0","0","3","0","1","N","","","","","","","","","","","1841","03","","","N",""
"1508","0","0","0","0","0","0","0","0","0","7","0","","36","09","2021","2021095037","3","40.2599","-76.0872","1500","08","0","0","0","0","0","0","0","0","","0","1","0","15","1","0","00","0","40 15:35.710","","00","76 05:13.930","0","0","0","0","36210","0","0","0","N","0","0","0","1","36210","0","","1","01","N","N","0","","0","0","0","0","0","","1500","0","1","0","0","0","0","0","1","0","1","N","","","","","","","","","","","","03","","","N","N"
"0253","1","0","0","0","0","0","0","0","0","5","0","","36","12","2021","2021126117","1","40.0968","-76.3062","0250","08","0","0","0","0","0","0","0","0","","0","0","0","02","3","0","00","0","40 05:48.450","","00","76 18:22.160","0","0","0","0","36101","0","0","0","N","0","0","0","1","36101","0","","1","01","N","N","0","","0","0","1","0","0","","0249","0","2","0","0","0","0","0","3","0","2","N","","","","","","","","","","","","03","03","","N","N"
"0744","3","0","0","0","0","0","0","0","0","1","0","","36","11","2021","2021124107","5","40.0465","-76.3023","0733","08","0","0","0","0","0","0","0","0","","0","0","0","01","3","0","00","0","40 02:47.569","","00","76 18:08.157","0","0","0","0","36301","0","0","0","N","0","0","0","1","36301","0","","4","01","N","N","0","","0","0","0","0","0","","0159","0","3","0","0","0","0","0","3","0","3","N","","","","","","","","","","","","03","03","","N","N"
"1955","2","0","0","0","0","0","0","0","0","4","0","","36","12","2021","2021124319","6","40.0607","-76.277","1950","08","0","0","0","0","0","1","0","0","","0","0","0","19","3","2","07","2","40 03:38.398","4","00","76 16:37.304","3","0","0","0","36101","0","0","0","N","0","0","0","3","36101","0","","1","01","N","N","0","","2","0","0","3","2","Y","1945","2","2","0","0","0","0","0","3","0","2","N","","","","","","","","","","","0940","03","03","","N",""
"1722","4","0","0","0","0","0","0","0","0","1","0","","36","12","2021","2021125294","2","40.0923","-76.2629","1714","08","0","0","2","0","0","0","0","0","","0","0","0","17","2","0","00","0","40 05:32.362","","00","76 15:46.313","0","0","0","0","36101","0","0","0","N","0","0","0","6","36101","0","","1","01","N","N","0","","0","0","0","0","0","","1708","0","4","0","0","0","0","0","3","0","4","N","","","","","","","","","","","","03","03","","N","N"
"1128","1","0","0","0","0","0","0","0","0","7","0","","36","09","2021","2021086050","2","40.1291","-76.0247","1123","08","0","0","0","0","0","0","0","0","","0","0","0","11","1","0","00","1","40 07:44.793","2","00","76 01:28.978","0","0","0","0","36213","0","0","0","N","0","0","0","1","36213","0","","4","01","N","N","0","","0","0","0","0","0","N","1120","0","1","0","0","0","0","0","1","0","1","N","","","","","","","","","","","1148","03","","","N","N"
"0816","1","0","0","0","0","0","0","0","0","7","0","","36","12","2021","2021128298","5","40.0624","-76.3531","0810","08","0","0","0","0","0","0","0","0","","0","0","0","08","1","0","02","0","40 03:44.492","","00","76 21:11.066","0","0","0","0","36214","0","0","0","N","0","0","0","1","36214","0","","4","09","N","N","0","","0","0","0","0","0","","0806","0","1","0","0","0","0","0","3","0","1","N","","","","","","","","","","","","07","04","","N",""
"0540","1","0","0","0","0","0","0","0","0","5","0","","36","12","2021","2021126405","7","40.033","-76.3617","0537","08","0","1","0","0","0","0","0","0","","0","0","0","05","3","0","00","0","40 01:58.742","","00","76 21:42.131","0","0","0","0","36223","0","0","0","N","0","0","0","1","36223","0","","4","09","N","N","1","","0","0","0","0","0","","0533","0","2","0","0","0","0","0","1","0","2","N","","","","","","","","","","","","07","04","","N","N"
"0835","2","0","0","0","0","0","0","0","0","4","0","","36","12","2021","2021126278","4","40.1529","-76.2419","0835","08","0","0","0","0","0","0","1","0","","0","0","0","08","1","0","00","2","40 09:10.340","5","00","76 14:30.730","0","0","0","0","36235","0","0","0","N","0","0","0","2","36506","0","","1","02","N","N","0","","0","0","0","0","0","Y","0835","0","2","0","0","0","0","0","1","0","2","N","","","","","","","","","","","0903","03","","","N","N"
"1809","2","0","0","0","0","0","0","0","0","1","0","","36","09","2021","2021093615","2","39.9956","-76.0438","1752","08","0","0","0","0","0","1","0","0","","0","0","0","17","1","1","00","0","39 59:44.023","","00","76 02:37.688","3","0","0","0","36232","0","0","0","N","0","0","0","2","68J01","0","","1","01","N","N","0","","1","0","0","0","0","","1728","1","2","0","0","1","0","0","1","0","2","N","","","","","","","","","","","","03","03","","N","Y"
"0751","1","0","1","0","0","0","0","0","0","7","0","","36","09","2021","2021117840","6","40.1782","-76.1961","0749","08","0","0","0","0","0","0","0","0","","0","0","0","07","1","1","00","1","40 10:41.695","1","00","76 11:45.891","2","0","0","0","36408","0","0","0","Y","0","0","0","1","36408","0","","5","01","N","N","0","","0","1","0","0","0","N","0749","1","1","0","0","0","0","0","2","0","1","N","","","","","","","","","","","0838","03","03","","N","N"
"1758","1","0","0","0","0","0","0","0","0","4","0","","36","12","2021","2021124320","6","40.0376","-76.3866","1750","08","0","0","0","0","1","0","0","0","","0","0","0","17","3","0","02","0","40 02:15.388","","00","76 23:11.641","0","0","0","0","36223","0","0","0","N","0","0","0","2","36223","0","","1","01","N","N","1","","0","0","0","3","3","","1748","0","2","0","0","1","0","0","1","0","2","N","","","","","","","","","","","","03","","","N",""
"0048","0","0","0","0","0","0","0","0","0","7","0","","36","09","2021","2021084946","5","40.1297","-76.4982","0032","08","0","0","0","0","0","0","0","0","","0","0","0","00","2","0","00","0","40 07:46.992","","00","76 29:53.575","0","0","0","0","36230","0","0","0","N","0","0","0","1","36410","0","","4","08","N","N","0","","0","0","1","0","0","","0032","0","1","0","0","0","0","0","1","0","1","N","","","","","","","","","","","","07","07","","N","N"
"1704","1","0","0","0","0","0","0","0","0","4","0","","36","09","2021","2021095012","6","39.8972","-76.1636","1658","08","0","0","0","0","0","0","1","1","","0","0","0","16","1","0","02","0","39 53:49.830","","00","76 09:48.855","0","0","0","0","36416","0","0","0","N","0","0","0","4","36416","0","","1","01","N","N","0","","0","0","1","0","0","","1658","0","2","0","0","0","0","0","1","0","2","N","","","","","","","","","","","","03","","","N","N"
"1522","1","0","0","0","0","0","0","0","0","7","0","","36","09","2021","2021089385","6","40.1064","-76.3055","1519","08","0","0","0","0","0","0","1","0","","0","0","0","15","1","1","01","1","40 06:22.882","2","00","76 18:19.646","3","0","0","0","36101","0","0","0","N","0","0","0","1","36101","0","","2","01","N","N","0","","1","0","0","0","0","N","1516","1","1","0","0","0","0","0","3","0","1","N","","","","","","","","","","","1710","03","","","N",""
"1743","0","0","0","0","0","0","0","0","0","7","0","","36","12","2021","2021124570","6","40.1836","-76.5257","1736","08","0","0","0","0","0","0","0","0","","0","0","0","17","2","0","00","0","40 11:01.125","","00","76 31:32.626","0","0","0","0","36225","0","0","0","N","0","0","0","1","36505","0","","5","01","N","N","0","","0","0","1","0","0","","1734","0","1","0","0","0","0","0","2","0","1","N","","","","","","","","","","","","03","","","N","N"
"1401","1","0","0","0","0","0","0","0","0","1","0","","36","12","2021","2021123950","6","40.0602","-76.3599","1357","08","0","0","0","0","0","1","0","1","","0","0","0","13","1","1","01","0","40 03:36.624","","00","76 21:35.465","3","0","0","1","36214","0","0","0","N","0","0","0","2","36214","0","","1","01","N","N","0","","1","0","0","3","2","","1356","1","2","0","0","0","0","0","3","0","2","N","","","","","","","","","","","","03","03","","N",""
"0806","2","0","0","0","0","0","0","0","0","4","0","","36","12","2021","2021125522","4","40.0918","-76.267","0754","08","0","0","1","0","0","0","0","1","","0","0","0","07","1","0","00","0","40 05:30.620","","00","76 16:01.280","0","0","0","0","36101","0","0","0","N","0","0","0","2","36101","0","","1","09","N","N","0","","0","0","0","0","0","","0751","0","2","0","0","0","0","0","3","0","2","N","","","","","","","","","","","","07","","","N","N"
"2142","2","0","0","0","0","0","0","0","0","1","0","","36","09","2021","2021117597","5","40.0089","-76.3576","2139","08","0","0","2","0","0","0","0","0","","0","0","0","21","3","0","00","0","40 00:31.867","","00","76 21:27.262","0","0","0","0","36412","0","0","0","N","0","0","0","2","36412","0","","1","01","N","N","0","","0","0","0","3","2","","2139","0","2","0","0","0","0","0","3","0","2","N","","","","","","","","","","","","04","","","N","N"
"0810","2","0","0","0","0","0","0","0","0","1","0","","36","09","2021","2021088149","7","40.0371","-76.322","0806","08","0","0","1","0","0","0","0","0","","0","0","0","07","1","0","00","1","40 02:13.400","1","00","76 19:19.200","0","0","0","0","36301","0","0","0","N","0","0","0","2","36301","0","","1","01","N","N","0","","0","0","0","0","0","N","0747","0","2","0","0","0","0","0","3","0","2","N","","","","","","","","","","","0851","03","03","","N","N"
"0641","1","0","0","0","0","0","0","0","0","7","0","","36","12","2021","2021125726","4","39.9614","-76.4374","0623","08","0","0","0","0","0","1","0","0","","0","0","0","06","2","0","02","1","39 57:41.172","4","00","76 26:14.623","0","0","0","0","36223","0","0","0","N","0","0","0","1","36223","0","","5","09","N","N","0","","0","0","0","3","3","N","0622","0","1","0","0","0","0","0","1","0","1","N","","","","","","","","","","","0730","05","","","N",""
"1614","1","0","0","0","0","0","0","0","0","1","0","","36","09","2021","2021087722","4","40.0281","-76.2244","1610","08","0","0","0","1","0","1","0","0","","0","0","0","16","1","1","00","0","40 01:41.113","","00","76 13:27.699","3","0","0","0","36215","0","0","0","N","0","0","0","4","36215","0","","1","01","N","N","1","","1","0","1","0","0","","1607","1","3","0","0","0","0","0","1","0","3","N","","","","","","","","","","","","03","","","N","N"
"1952","1","0","0","0","0","0","0","0","0","4","0","","36","09","2021","2021095024","5","40.2007","-76.1718","1945","08","0","0","0","0","0","1","0","0","","0","0","0","19","4","0","01","1","40 12:02.510","3","00","76 10:18.574","0","0","0","0","36218","0","0","0","N","0","0","0","4","36408","0","","1","01","N","N","1","","0","0","1","3","3","N","1944","0","3","0","0","0","0","0","1","0","3","N","","","","","","","","","","","2010","03","","","N","N"