"ARRIVAL_TM","AUTOMOBILE_COUNT","BELTED_DEATH_COUNT","BELTED_SUSP_SERIOUS_INJ_COUNT","BICYCLE_COUNT","BICYCLE_DEATH_COUNT","BICYCLE_SUSP_SERIOUS_INJ_COUNT","BUS_COUNT","CHLDPAS_DEATH_COUNT","CHLDPAS_SUSP_SERIOUS_INJ_COUNT","COLLISION_TYPE","COMM_VEH_COUNT","CONS_ZONE_SPD_LIM","COUNTY","CRASH_MONTH","CRASH_YEAR","CRN","DAY_OF_WEEK","DEC_LAT","DEC_LONG","DISPATCH_TM","DISTRICT","DRIVER_COUNT_16YR","DRIVER_COUNT_17YR","DRIVER_COUNT_18YR","DRIVER_COUNT_19YR","DRIVER_COUNT_20YR","DRIVER_COUNT_50_64YR","DRIVER_COUNT_65_74YR","DRIVER_COUNT_75PLUS","EST_HRS_CLOSED","FATAL_COUNT","HEAVY_TRUCK_COUNT","HORSE_BUGGY_COUNT","HOUR_OF_DAY","ILLUMINATION","INJURY_COUNT","INTERSECT_TYPE","LANE_CLOSED","LATITUDE","LN_CLOSE_DIR","LOCATION_TYPE","LONGITUDE","MAX_SEVERITY_LEVEL","MCYCLE_DEATH_COUNT","MCYCLE_SUSP_SERIOUS_INJ_COUNT","MOTORCYCLE_COUNT","MUNICIPALITY","NONMOTR_COUNT","NONMOTR_DEATH_COUNT","NONMOTR_SUSP_SERIOUS_INJ_COUNT","NTFY_HIWY_MAINT","PED_COUNT","PED_DEATH_COUNT","PED_SUSP_SERIOUS_INJ_COUNT","PERSON_COUNT","POLICE_AGCY","POSSIBLE_INJ_COUNT","RDWY_SURF_TYPE_CD","RELATION_TO_ROAD","ROAD_CONDITION","SCH_BUS_IND","SCH_ZONE_IND","SMALL_TRUCK_COUNT","SPEC_JURIS_CD","SUSP_MINOR_INJ_COUNT","SUSP_SERIOUS_INJ_COUNT","SUV_COUNT","TCD_FUNC_CD","TCD_TYPE","TFC_DETOUR_IND","TIME_OF_DAY","TOT_INJ_COUNT","TOTAL_UNITS","UNB_DEATH_COUNT","UNB_SUSP_SERIOUS_INJ_COUNT","UNBELTED_OCC_COUNT","UNK_INJ_DEG_COUNT","UNK_INJ_PER_COUNT","URBAN_RURAL","VAN_COUNT","VEHICLE_COUNT","WORK_ZONE_IND","WORK_ZONE_LOC","WORK_ZONE_TYPE","WORKERS_PRES","WZ_CLOSE_DETOUR","WZ_FLAGGER","WZ_LAW_OFFCR_IND","WZ_LN_CLOSURE","WZ_MOVING","WZ_OTHER","WZ_SHLDER_MDN","ROADWAY_CLEARED","WEATHER1","WEATHER2","WZ_WORKERS_INJ_KILLED","SECONDARY_CRASH","INTERSECTION_RELATED"
"0828","2","0","0","0","0","0","0","0","0","4","0","","36","08","2021","2021081005","7","40.088","-76.329","0824","08","0","0","0","0","0","1","0","1","","0","0","0","08","1","2","01","1","40 05:16.970","3","00","76 19:44.246","3","0","0","0","36101","0","0","0","N","0","0","0","2","36101","0","","1","01","N","N","0","","2","0","0","3","2","N","0823","2","2","0","0","0","0","0","3","0","2","N","","","","","","","","","","","0920","03","","","N",""
"1107","0","0","0","0","0","0","0","0","0","4","0","","36","09","2021","2021083569","6","40.1885","-76.3253","1107","08","0","0","1","0","0","0","0","1","","0","0","0","11","1","0","01","0","40 11:18.768","","00","76 19:30.989","0","0","0","0","36235","0","0","0","N","0","0","0","2","36506","0","","1","01","N","N","0","","0","0","2","3","3","","1107","0","2","0","0","0","0","0","1","0","2","N","","","","","","","","","","","","03","03","","N",""
"0535","2","0","0","0","0","0","0","0","0","4","0","","36","08","2021","2021081764","5","40.0503","-76.3948","0532","08","0","0","0","0","0","0","0","0","","0","0","0","05","3","0","01","1","40 03:01.141","2","00","76 23:41.283","0","0","0","0","36214","0","0","0","N","0","0","0","2","36214","0","","1","01","N","N","0","","0","0","0","3","2","N","0530","0","2","0","0","0","0","0","3","0","2","N","","","","","","","","","","","0610","03","","","N",""
"2148","1","0","0","0","0","0","0","0","0","7","0","","36","08","2021","2021082458","2","39.9279","-76.3796","2141","08","0","0","1","0","0","0","0","0","","0","0","0","21","2","0","00","0","39 55:40.260","","00","76 22:46.640","0","0","0","0","36206","0","0","0","N","0","0","0","1","68J01","0","","2","09","N","N","0","","0","0","0","0","0","","2105","0","1","0","0","0","0","0","1","0","1","N","","","","","","","","","","","","07","","","N","N"
"0950","0","0","0","0","0","0","0","0","0","2","0","","36","11","2021","2021122367","5","40.0375","-76.1035","0944","08","0","0","0","0","1","0","0","0","","0","0","0","09","1","0","00","1","40 02:14.970","3","00","76 06:12.760","0","0","0","0","36221","0","0","0","N","0","0","0","3","68J01","0","","1","01","N","N","2","","0","0","1","3","3","N","0939","0","3","0","0","0","0","0","1","0","3","N","","","","","","","","","","","1015","03","03","","N","Y"
"0925","0","0","0","0","0","0","0","0","0","1","0","","36","09","2021","2021088559","3","40.1345","-76.5634","0921","08","0","0","0","0","0","0","0","0","","0","0","0","09","1","0","01","0","40 08:04.079","","00","76 33:48.169","0","0","0","0","36225","0","0","0","N","0","0","0","6","36505","0","","1","01","N","N","1","","0","0","1","3","2","","0918","0","2","0","0","0","0","0","2","0","2","N","","","","","","","","","","","","03","03","","N",""
"0850","3","0","0","0","0","0","0","0","0","4","0","","36","12","2021","2021121584","1","40.0433","-76.3197","0845","08","0","0","0","0","0","1","0","0","","0","0","0","08","1","0","00","1","40 02:35.850","2","00","76 19:10.991","0","0","0","0","36301","0","0","0","N","0","0","0","1","36301","0","","4","01","N","N","0","","0","0","1","0","0","N","0845","0","4","0","0","0","0","0","3","0","4","N","","","","","","","","","","","0930","03","03","","Y","N"
"0314","1","0","0","0","0","0","0","0","0","7","0","","36","08","2021","2021084124","7","40.1453","-76.6016","0313","08","0","0","0","1","0","0","0","0","","0","0","0","03","3","0","00","1","40 08:43.239","1","00","76 36:05.871","0","0","0","0","36407","0","0","0","Y","0","0","0","1","36407","0","","4","01","N","N","0","","0","0","0","0","0","N","0310","0","1","0","0","0","0","0","2","0","1","N","","","","","","","","","","","0400","03","03","","N","N"
"1605","1","0","0","0","0","0","0","0","0","7","0","","36","12","2021","2021123272","6","40.1435","-76.4521","1550","08","0","0","0","0","1","0","0","0","","0","0","0","15","1","0","00","0","40 08:36.530","","00","76 27:07.390","0","0","0","0","36230","0","0","0","N","0","0","0","1","36410","0","","5","01","N","N","0","","0","0","0","0","0","","1547","0","1","0","0","0","0","0","1","0","1","N","","","","","","","","","","","","03","03","","N","N"
"1843","1","0","0","0","0","0","0","0","0","4","0","","36","08","2021","2021085336","3","40.0292","-76.2281","1816","08","2","0","0","0","0","0","0","0","","0","0","0","18","1","0","01","0","40 01:45.202","","00","76 13:41.253","0","0","0","0","36215","0","0","0","N","0","0","0","4","36215","0","","1","01","N","N","0","","0","0","1","3","2","","1813","0","2","0","0","0","0","0","1","0","2","N","","","","","","","","","","","","03","","","N",""
"1330","0","0","0","0","0","0","0","0","0","4","0","","36","09","2021","2021095008","3","40.1575","-76.2047","1320","08","0","0","0","0","0","0","0","1","","0","0","0","13","1","1","01","0","40 09:27.092","","00","76 12:17.018","8","0","0","0","36402","0","0","0","N","0","0","0","3","36238","0","","1","01","N","N","0","","0","0","1","0","0","","1320","1","2","0","0","0","1","0","2","1","2","N","","","","","","","","","","","","03","","","N","Y"
"0001","2","0","0","0","0","0","0","0","0","6","0","","36","08","2021","2021082541","6","40.0265","-76.4727","2353","08","0","0","0","0","0","1","0","0","","0","0","0","23","2","0","00","2","40 01:35.229","6","00","76 28:21.664","0","0","0","0","36239","0","0","0","N","0","0","0","1","36239","0","","5","01","N","N","1","","0","0","0","0","0","Y","2353","0","3","0","0","0","0","0","3","0","3","N","","","","","","","","","","","0034","03","","","N","N"
"0920","0","0","0","0","0","0","0","0","0","7","0","","36","09","2021","2021095003","5","40.1092","-76.1846","0916","08","0","0","0","0","0","0","0","0","","0","0","0","09","1","1","01","1","40 06:33.141","2","00","76 11:04.606","3","0","0","1","36238","0","0","0","N","0","0","0","1","36238","0","","4","01","N","N","0","","1","0","0","3","3","N","0916","1","1","0","0","0","0","0","3","0","1","N","","","","","","","","","","","0940","03","","","N","Y"
"1941","1","0","0","0","0","0","0","0","0","4","0","","36","09","2021","2021086120","7","39.779","-76.1168","1935","08","0","0","0","0","0","1","1","0","","0","0","0","19","4","2","01","1","39 46:44.379","3","00","76 07:00.453","3","0","0","0","36222","0","0","0","N","0","0","0","3","68J01","0","","1","01","N","N","0","","2","0","1","3","3","N","1934","2","2","0","0","0","0","0","1","0","2","N","","","","","","","","","","","2014","03","","","N","N"
"1029","1","0","0","0","0","0","0","0","0","4","0","","36","09","2021","2021085513","6","40.0491","-76.3161","1024","08","0","0","0","0","0","0","0","1","","0","0","0","10","1","0","00","1","40 02:56.633","3","00","76 18:57.983","0","0","0","0","36301","0","0","0","N","0","0","0","2","36301","0","","1","01","N","N","0","","0","0","0","0","0","N","1022","0","2","0","0","0","0","0","3","1","2","N","","","","","","","","","","","1118","03","03","","N","N"
"1418","2","0","0","0","0","0","0","0","0","4","0","","36","09","2021","2021084501","4","40.0521","-76.2974","1414","08","0","0","0","1","0","0","0","0","","0","0","0","14","1","0","01","2","40 03:07.700","4","00","76 17:50.600","0","0","0","0","36301","0","0","0","N","0","0","0","2","36301","0","","1","01","N","N","0","","0","0","0","3","3","N","1411","0","2","0","0","0","0","0","3","0","2","N","","","","","","","","","","","1450","03","03","","N",""
"1103","2","0","0","0","0","0","0","0","0","4","0","","36","12","2021","2021123089","4","40.214","-76.1268","1103","08","0","0","0","0","1","0","0","0","","0","0","0","11","1","0","00","1","40 12:50.259","3","07","76 07:36.349","0","0","0","0","36210","0","0","0","N","0","0","0","2","36210","0","","1","01","N","N","0","","0","0","0","0","0","N","1103","0","2","0","0","0","0","0","1","0","2","N","","","","","","","","","","","1138","03","","","N","Y"
"1410","1","0","0","0","0","0","0","0","0","7","0","","36","09","2021","2021095011","5","40.2051","-76.1519","1405","08","0","0","0","0","0","0","0","0","","0","0","0","14","1","0","00","0","40 12:18.348","","00","76 09:06.667","0","0","0","0","36210","0","0","0","N","0","0","0","1","36210","0","","1","01","N","N","0","","0","0","0","0","0","","1405","0","1","0","0","0","0","0","1","0","1","N","","","","","","","","","","","","03","","","N","Y"
"1518","2","0","0","0","0","0","0","0","0","4","0","","36","08","2021","2021084109","6","40.1117","-76.4517","1508","08","1","0","0","0","0","0","1","0","","0","0","0","15","1","0","01","0","40 06:42.333","","00","76 27:05.926","9","0","0","0","36230","0","0","0","N","0","0","0","3","36410","0","","1","01","N","N","0","","0","0","1","3","2","","1502","0","3","0","0","0","0","3","1","0","3","N","","","","","","","","","","","","03","","","N",""
"1023","1","0","0","0","0","0","0","0","0","4","0","","36","12","2021","2021121438","7","40.0638","-76.3405","1010","08","0","1","0","0","0","0","0","0","","0","0","0","10","1","3","01","1","40 03:49.895","2","00","76 20:25.345","3","0","0","0","36101","0","0","0","N","0","0","0","3","36101","0","","1","09","N","N","0","","3","0","1","3","2","N","1007","3","2","0","0","0","0","0","3","0","2","N","","","","","","","","","","","1041","07","07","","N",""
"1919","1","0","0","1","0","0","0","0","0","4","0","","36","12","2021","2021122773","2","40.0425","-76.3093","1903","08","0","0","0","0","0","0","0","0","","0","0","0","19","3","1","01","0","40 02:32.823","","00","76 18:33.609","3","0","0","0","36301","1","0","0","N","0","0","0","2","36301","0","","1","01","N","N","0","","1","0","0","0","0","","1903","1","2","0","0","0","0","0","3","0","1","N","","","","","","","","","","","","03","03","","N",""
"0149","1","0","0","0","0","0","0","0","0","7","0","","36","08","2021","2021082770","1","40.045","-76.2837","0149","08","0","1","0","0","0","0","0","0","","0","0","0","01","3","0","01","0","40 02:41.866","","00","76 17:01.184","0","0","0","0","36301","0","0","0","N","0","0","0","1","36215","0","","2","01","N","N","0","","0","0","0","0","0","","0149","0","1","0","0","0","0","0","3","0","1","N","","","","","","","","","","","","03","03","","N",""
"1215","1","0","0","0","0","0","0","0","0","7","0","","36","08","2021","2021081004","6","40.061","-76.2781","1210","08","0","0","0","0","0","1","0","0","","0","0","0","12","1","1","00","2","40 03:39.709","4","00","76 16:41.293","2","0","0","0","36101","0","0","0","N","0","0","0","1","36101","0","","2","01","N","N","0","","0","1","0","0","0","Y","1209","1","1","0","1","1","0","0","3","0","1","N","","","","","","","","","","","1330","03","03","","N","N"
"1834","1","0","0","1","0","0","0","0","0","4","0","","36","09","2021","2021095017","7","40.1091","-76.4933","1829","08","0","0","0","1","0","0","0","0","","0","0","0","18","1","1","01","0","40 06:32.595","","07","76 29:35.878","8","0","0","0","36413","1","0","0","N","0","0","0","2","36413","0","","1","01","N","N","0","","0","0","0","0","0","","1829","1","2","0","0","0","1","0","2","0","1","N","","","","","","","","","","","","03","","","N","N"
"1510","0","0","0","0","0","0","0","0","0","4","0","","36","12","2021","2021124384","5","40.0444","-76.2902","1508","08","0","0","0","0","0","0","0","0","","0","0","0","14","1","1","01","0","40 02:39.861","","00","76 17:24.701","8","0","0","0","36301","0","0","0","N","0","0","0","3","36301","0","","1","01","N","Y","0","","0","0","2","3","3","","1459","1","2","0","0","0","1","0","3","0","2","N","","","","","","","","","","","","03","","","N","N"
"1239","0","0","0","0","0","0","0","0","0","7","0","","36","12","2021","2021125589","3","39.9445","-76.2176","1227","08","0","0","0","0","0","0","1","0","","0","0","0","12","1","1","00","1","39 56:40.337","5","00","76 13:03.303","3","0","0","0","36233","0","0","0","N","0","0","0","1","68J01","0","","4","01","N","N","0","","1","0","1","0","0","N","1226","1","1","0","0","0","0","0","1","0","1","N","","","","","","","","","","","1255","03","","","N","N"
"","0","0","0","0","0","0","0","0","0","1","0","","36","06","2021","2021114616","7","","","","08","0","0","0","0","0","0","0","0","","0","0","0","16","1","1","00","0","","","00","","8","0","0","0","36220","0","0","0","N","0","0","0","2","00000","0","","1","01","N","N","0","","0","0","0","0","0","","1650","1","2","0","0","0","1","0","3","1","2","N","","","","","","","","","","","","03","","","N","N"
"1033","1","0","0","0","0","0","0","0","0","5","0","","36","09","2021","2021087986","7","40.0509","-76.2938","1028","08","0","0","0","0","0","0","0","0","","0","0","0","10","1","0","00","2","40 03:03.179","2","00","76 17:37.736","0","0","0","0","36301","0","0","0","N","0","0","0","1","36301","0","","6","01","N","N","1","","0","0","2","0","0","N","1025","0","4","0","0","0","0","0","3","0","4","N","","","","","","","","","","","1118","03","03","","Y","N"
"1318","0","0","0","0","0","0","0","0","0","8","0","","36","11","2021","2021122379","3","39.8538","-76.2206","1311","08","0","0","0","0","0","1","0","0","","0","0","0","13","1","1","00","2","39 51:13.842","5","00","76 13:13.985","2","0","0","0","36208","1","0","1","N","1","0","1","2","68J01","0","","1","01","N","N","0","","0","1","1","0","0","N","1309","1","2","0","0","0","0","0","1","0","1","N","","","","","","","","","","","1344","03","","","N","N"
"0446","1","0","0","0","0","0","0","0","0","98","0","","36","12","2021","2021123191","3","40.2246","-76.4217","0428","08","0","0","0","0","0","0","0","0","","0","0","0","04","2","1","00","0","40 13:29.387","","00","76 25:19.221","3","0","0","0","36230","0","0","0","N","0","0","0","1","68T06","0","","1","01","N","N","0","","1","0","0","0","0","","0428","1","1","0","0","0","0","0","1","0","1","N","","","","","","","","","","","","03","03","","N","N"
"1655","0","0","0","0","0","0","0","0","0","7","0","","36","09","2021","2021095015","4","40.2099","-76.1068","1645","08","0","0","0","0","0","1","0","0","","0","0","0","16","4","0","00","0","40 12:35.630","","00","76 06:24.395","0","0","0","0","36210","0","0","0","Y","0","0","0","1","36210","0","","3","09","N","N","1","","0","0","0","0","0","","1645","0","1","0","0","0","0","0","1","0","1","N","","","","","","","","","","","","07","","","N","Y"
"1000","1","0","0","0","0","0","0","0","0","7","0","","36","11","2021","2021121536","6","40.1862","-76.1865","0953","08","0","0","0","0","0","0","0","1","","0","0","0","09","1","1","00","0","40 11:10.462","","00","76 11:11.516","3","0","0","0","36408","0","0","0","Y","0","0","0","1","36408","0","","2","01","N","N","0","","1","0","0","0","0","","0953","1","1","0","0","0","0","0","2","0","1","N","","","","","","","","","","","","03","","","N","N"
"0454","0","0","0","0","0","0","0","0","0","4","0","","36","08","2021","2021086315","2","40.1266","-76.3051","0454","08","0","0","0","0","0","1","0","0","","0","0","0","04","3","2","01","1","40 07:35.600","2","00","76 18:18.296","3","0","0","0","36235","0","0","0","N","0","0","0","2","36506","0","","1","01","N","N","0","","2","0","2","3","2","N","0454","2","2","0","0","0","0","0","1","0","2","N","","","","","","","","","","","0543","03","03","","N",""
"1817","1","0","0","0","0","0","0","0","0","6","0","","36","09","2021","2021083802","1","40.0591","-76.4629","1812","08","0","0","0","0","0","1","0","0","","0","0","0","18","1","2","03","1","40 03:32.814","5","00","76 27:46.398","3","0","0","0","36239","0","0","0","N","0","0","0","6","36239","0","","1","09","N","N","0","","2","0","2","0","0","Y","1812","2","3","0","0","0","0","0","3","0","3","N","","","","","","","","","","","1900","07","04","","N",""
"1642","2","0","0","0","0","0","0","0","0","4","0","","36","11","2021","2021122374","7","40.1968","-76.0175","1631","08","0","0","0","0","0","1","0","1","","0","0","0","16","1","3","01","2","40 11:48.467","7","00","76 01:02.880","3","0","0","0","36202","0","0","0","N","0","0","0","6","68J01","1","","1","01","N","N","0","","2","0","0","3","3","Y","1629","3","3","0","0","0","0","0","1","1","3","N","","","","","","","","","","","1723","03","03","","N","N"
"1132","1","0","0","0","0","0","0","0","0","4","1","","36","12","2021","2021122836","5","40.1157","-76.5938","1126","08","0","0","0","0","0","0","0","0","","0","1","0","11","1","1","01","2","40 06:56.595","5","00","76 35:37.705","3","0","0","0","36237","0","0","0","N","0","0","0","2","36505","0","","1","09","N","N","0","","1","0","0","3","3","Y","1124","1","2","0","0","0","0","0","1","0","2","N","","","","","","","","","","","1330","04","","","N",""
"0941","1","0","0","0","0","0","0","0","0","6","0","","36","08","2021","2021083353","3","40.1539","-76.2492","0941","08","0","0","0","0","0","1","1","0","","0","0","0","09","1","0","00","2","40 09:14.050","5","00","76 14:57.270","0","0","0","0","36235","0","0","0","N","0","0","0","2","36506","0","","1","01","N","N","1","","0","0","0","0","0","Y","0941","0","2","0","0","0","0","0","1","0","2","N","","","","","","","","","","","0100","03","03","","N","N"
"1531","1","0","0","0","0","0","0","0","0","1","0","","36","09","2021","2021092018","5","40.0846","-76.2214","1524","08","0","0","0","0","0","0","0","1","","0","0","0","15","1","3","00","1","40 05:04.382","4","00","76 13:17.020","3","0","0","0","36234","0","0","0","N","0","0","0","6","36215","2","","1","01","N","N","0","","1","0","2","0","0","N","1520","3","3","0","0","1","0","0","1","0","3","N","","","","","","","","","","","0030","03","03","","N","N"
"1709","0","0","0","0","0","0","0","0","0","98","0","","36","12","2021","2021121958","7","39.8661","-76.1086","1706","08","0","0","0","0","0","0","1","0","","0","0","0","17","2","0","00","0","39 51:57.899","","00","76 06:30.805","0","0","0","0","36205","0","0","0","N","0","0","0","2","68J01","0","","1","09","N","N","0","","0","0","1","0","0","","1705","0","1","0","0","0","0","0","1","0","1","N","","","","","","","","","","","","03","03","","N","N"
"1206","0","0","0","0","0","0","0","0","0","7","0","","36","09","2021","2021094992","6","40.1979","-76.1422","1202","08","0","0","0","0","0","0","0","0","","0","0","0","12","1","0","00","0","40 11:52.600","","00","76 08:31.800","0","0","0","0","36210","0","0","0","N","0","0","0","3","36210","0","","4","01","N","N","0","","0","0","1","0","0","","1202","0","1","0","0","0","0","0","1","0","1","N","","","","","","","","","","","","03","","","N","N"
"1558","0","0","0","0","0","0","0","0","0","1","0","","36","12","2021","2021125519","3","40.1057","-76.252","1536","08","0","0","0","0","0","1","0","0","","0","0","0","15","1","0","00","0","40 06:20.395","","00","76 15:07.107","9","0","0","0","36101","0","0","0","N","0","0","0","4","36101","0","","1","01","N","N","2","","0","0","1","0","0","","1534","0","3","0","0","0","0","1","3","0","3","N","","","","","","","","","","","","03","03","","N","N"
"1903","1","0","0","0","0","0","0","0","0","4","0","","36","09","2021","2021095057","6","40.1694","-76.1978","1855","08","0","0","0","0","0","0","1","0","","0","0","0","18","1","0","01","0","40 10:09.748","","00","76 11:51.952","0","0","0","0","36408","0","0","0","N","0","0","0","2","36408","0","","1","01","N","N","0","","0","0","1","3","2","","1854","0","2","0","0","0","0","0","2","0","2","N","","","","","","","","","","","","03","","","N","N"
"0706","2","0","0","0","0","0","0","0","0","1","0","","36","12","2021","2021121588","6","40.2301","-76.0822","0655","08","0","0","0","0","0","0","0","1","","0","0","0","06","5","0","00","0","40 13:48.297","","00","76 04:55.972","0","0","0","0","36210","0","0","0","N","0","0","0","2","36210","0","","1","01","N","N","0","","0","0","0","0","0","","0655","0","2","0","0","0","0","0","1","0","2","N","","","","","","","","","","","","04","","","N","N"
"1257","2","0","0","0","0","0","0","0","0","4","0","","36","08","2021","2021085335","3","40.0328","-76.2431","1257","08","0","0","0","0","0","0","0","0","","0","0","0","12","1","1","01","1","40 01:57.997","4","02","76 14:35.031","3","0","0","0","36215","0","0","0","N","0","0","0","2","36215","0","","1","01","N","N","0","","1","0","0","3","2","N","1248","1","2","0","0","0","0","0","1","0","2","N","","","","","","","","","","","1338","03","03","","N",""
"2242","1","0","0","0","0","0","0","0","0","7","0","","36","12","2021","2021123269","5","40.0036","-76.367","2234","08","0","0","0","0","0","0","0","1","","0","0","0","22","3","0","02","0","40 00:13.049","","00","76 22:01.185","0","0","0","0","36223","0","0","0","N","0","0","0","1","36223","0","","4","01","N","N","0","","0","0","0","0","0","","2230","0","1","0","0","0","0","0","1","0","1","N","","","","","","","","","","","","03","","","N",""
"1823","0","0","0","0","0","0","0","0","0","0","0","","36","08","2021","2021081487","7","40.0624","-76.343","1816","08","0","0","0","1","0","0","0","0","","0","0","0","18","1","3","00","1","40 03:44.474","4","00","76 20:34.715","3","0","0","0","36101","0","0","0","N","0","0","0","4","36101","0","","1","01","N","N","0","","3","0","1","0","0","N","1805","3","1","0","0","0","0","0","3","0","1","N","","","","","","","","","","","0110","04","","","N","N"
"1725","2","0","0","0","0","0","0","0","0","4","0","","36","09","2021","2021089389","3","40.1133","-76.4512","1725","08","0","0","0","0","0","0","0","0","","0","0","0","17","1","0","01","1","40 06:47.876","1","00","76 27:04.154","0","0","0","0","36230","0","0","0","N","0","0","0","2","36410","0","","1","01","N","N","0","","0","0","0","3","2","N","1725","0","2","0","0","0","0","0","1","0","2","N","","","","","","","","","","","1750","03","03","","N",""
"1854","0","0","0","0","0","0","0","0","0","7","0","","36","08","2021","2021084111","2","40.1572","-76.4859","1843","08","0","0","0","0","0","0","0","0","","0","0","0","18","1","1","00","2","40 09:26.094","5","00","76 29:09.142","3","0","0","0","36230","0","0","0","N","0","0","0","1","36410","0","","4","01","N","N","1","","1","0","0","0","0","N","1843","1","1","0","0","1","0","0","1","0","1","N","","","","","","","","","","","0030","03","03","","N","N"
"1656","1","0","0","0","0","0","0","0","0","1","0","","36","08","2021","2021080455","4","39.9858","-76.3154","1649","08","0","0","0","0","1","1","1","0","","0","0","0","16","1","3","01","1","39 59:09.014","2","00","76 18:55.276","3","0","0","0","36228","0","0","0","N","0","0","0","6","36228","0","","1","01","N","N","2","","2","0","1","3","2","N","1649","3","5","0","0","2","1","0","1","1","5","N","","","","","","","","","","","1825","03","","","N",""
"1853","0","0","0","0","0","0","0","0","0","0","0","","36","09","2021","2021095022","6","40.2458","-76.1056","1849","08","0","0","0","0","0","0","0","1","","0","0","0","18","1","1","00","1","40 14:44.800","3","00","76 06:20.000","2","0","1","1","36210","0","0","0","N","0","0","0","1","36210","0","","1","98","N","N","0","","0","1","0","0","0","N","1849","1","1","0","0","0","0","0","1","0","1","N","","","","","","","","","","","1920","03","","","N","N"
"1909","0","0","0","0","0","0","0","0","0","98","0","","36","12","2021","2021123952","2","39.9934","-76.4634","1859","08","0","0","0","0","0","0","0","0","","0","0","0","18","3","0","00","0","39 59:36.164","","00","76 27:48.299","0","0","0","0","36223","0","0","0","N","0","0","0","1","36223","0","","1","01","N","N","0","","0","0","1","0","0","","1857","0","1","0","0","0","0","0","1","0","1","N","","","","","","","","","","","","03","03","","N","N"
"2141","0","0","0","0","0","0","0","0","0","4","0","","36","09","2021","2021088757","4","40.0277","-76.3058","2137","08","0","0","0","0","0","0","1","0","","0","0","0","21","3","0","02","0","40 01:39.873","","00","76 18:20.877","0","0","0","0","36301","0","0","0","N","0","0","0","3","36301","0","","1","01","N","N","0","","0","0","1","3","3","","2138","0","2","0","0","0","0","0","3","1","2","N","","","","","","","","","","","","03","03","","N","N"
"1117","1","0","0","0","0","0","0","0","0","4","0","","36","12","2021","2021123949","3","40.1115","-76.356","1113","08","0","0","0","0","0","0","1","0","","0","0","0","11","1","0","02","2","40 06:41.494","3","00","76 21:21.712","0","0","0","0","36214","0","0","0","N","0","0","0","3","36214","0","","1","01","N","N","1","","0","0","0","0","0","Y","1107","0","2","0","0","0","0","0","3","0","2","N","","","","","","","","","","","1200","03","03","","N",""
"1712","1","0","0","0","0","0","0","0","0","1","0","","36","11","2021","2021121869","4","40.2158","-76.3017","1650","08","0","0","0","0","0","1","0","0","","0","0","0","16","1","0","00","0","40 12:56.722","","00","76 18:06.153","0","0","0","0","36217","0","0","0","N","0","0","0","2","68J01","0","","1","01","N","N","0","","0","0","1","0","0","","1647","0","2","0","0","0","0","0","1","0","2","N","","","","","","","","","","","","03","","","N","N"
"2208","2","0","0","0","0","0","0","0","0","2","0","","36","09","2021","2021084112","4","40.1652","-76.4463","2203","08","0","0","0","0","0","0","0","0","","0","0","0","22","3","1","00","1","40 09:54.700","2","00","76 26:46.500","3","0","0","0","36230","0","0","0","N","0","0","0","2","36410","0","","1","09","N","N","0","","1","0","0","0","0","N","2201","1","2","0","0","0","0","0","1","0","2","N","","","","","","","","","","","2234","04","","","N","N"
"1507","0","0","0","0","0","0","0","0","0","4","0","","36","09","2021","2021095567","6","40.0403","-76.2444","1503","08","0","0","1","0","0","0","0","0","","0","0","0","15","1","0","02","0","40 02:25.156","","02","76 14:39.707","0","0","0","0","36215","0","0","0","N","0","0","0","2","36215","0","","1","01","N","N","0","","0","0","1","0","0","","1503","0","2","0","0","0","0","0","1","1","2","N","","","","","","","","","","","","04","04","","N",""
"1609","1","0","0","0","0","0","0","0","0","1","0","","36","08","2021","2021085466","6","40.0385","-76.3262","1605","08","0","0","0","0","0","0","1","0","","0","0","0","16","1","1","02","0","40 02:18.470","","07","76 19:34.452","3","0","0","0","36220","0","0","0","N","0","0","0","2","36101","0","","1","01","N","N","1","","1","0","0","3","3","","1604","1","2","0","0","0","0","0","3","0","2","N","","","","","","","","","","","","04","04","","N","N"
"2313","2","0","0","0","0","0","0","0","0","1","0","","36","09","2021","2021085332","5","40.0343","-76.3246","2309","08","0","0","0","0","0","0","0","0","","0","0","0","23","3","0","00","1","40 02:03.320","1","00","76 19:28.600","0","0","0","0","36220","0","0","0","N","0","0","0","1","36101","0","","6","01","N","N","0","","0","0","2","0","0","N","2307","0","4","0","0","0","0","0","3","0","4","N","","","","","","","","","","","0000","03","03","","N","N"
"2028","1","0","0","0","0","0","0","0","0","7","0","","36","09","2021","2021086489","4","40.1612","-76.6347","2023","08","0","0","1","0","0","0","0","0","","0","0","0","20","3","0","00","0","40 09:40.270","","00","76 38:05.080","0","0","0","0","36237","0","0","0","N","0","0","0","2","36505","0","","4","09","N","N","0","","0","0","0","0","0","","2023","0","1","0","0","0","0","0","1","0","1","N","","","","","","","","","","","","07","","","N","N"
"1726","1","0","0","0","0","0","0","0","0","1","0","","36","09","2021","2021083658","6","40.0386","-76.3274","1721","08","0","0","0","0","0","0","0","1","","0","0","0","17","1","0","00","2","40 02:18.791","7","00","76 19:38.568","0","0","0","0","36220","0","0","0","N","0","0","0","3","36101","0","","1","01","N","N","0","","0","0","1","0","0","Y","1721","0","2","0","0","0","0","0","3","0","2","N","","","","","","","","","","","1808","03","","","N","N"