"ARRIVAL_TM","AUTOMOBILE_COUNT","BELTED_DEATH_COUNT","BELTED_SUSP_SERIOUS_INJ_COUNT","BICYCLE_COUNT","BICYCLE_DEATH_COUNT","BICYCLE_SUSP_SERIOUS_INJ_COUNT","BUS_COUNT","CHLDPAS_DEATH_COUNT","CHLDPAS_SUSP_SERIOUS_INJ_COUNT","COLLISION_TYPE","COMM_VEH_COUNT","CONS_ZONE_SPD_LIM","COUNTY","CRASH_MONTH","CRASH_YEAR","CRN","DAY_OF_WEEK","DEC_LAT","DEC_LONG","DISPATCH_TM","DISTRICT","DRIVER_COUNT_16YR","DRIVER_COUNT_17YR","DRIVER_COUNT_18YR","DRIVER_COUNT_19YR","DRIVER_COUNT_20YR","DRIVER_COUNT_50_64YR","DRIVER_COUNT_65_74YR","DRIVER_COUNT_75PLUS","EST_HRS_CLOSED","FATAL_COUNT","HEAVY_TRUCK_COUNT","HORSE_BUGGY_COUNT","HOUR_OF_DAY","ILLUMINATION","INJURY_COUNT","INTERSECT_TYPE","LANE_CLOSED","LATITUDE","LN_CLOSE_DIR","LOCATION_TYPE","LONGITUDE","MAX_SEVERITY_LEVEL","MCYCLE_DEATH_COUNT","MCYCLE_SUSP_SERIOUS_INJ_COUNT","MOTORCYCLE_COUNT","MUNICIPALITY","NONMOTR_COUNT","NONMOTR_DEATH_COUNT","NONMOTR_SUSP_SERIOUS_INJ_COUNT","NTFY_HIWY_MAINT","PED_COUNT","PED_DEATH_COUNT","PED_SUSP_SERIOUS_INJ_COUNT","PERSON_COUNT","POLICE_AGCY","POSSIBLE_INJ_COUNT","RDWY_SURF_TYPE_CD","RELATION_TO_ROAD","ROAD_CONDITION","SCH_BUS_IND","SCH_ZONE_IND","SMALL_TRUCK_COUNT","SPEC_JURIS_CD","SUSP_MINOR_INJ_COUNT","SUSP_SERIOUS_INJ_COUNT","SUV_COUNT","TCD_FUNC_CD","TCD_TYPE","TFC_DETOUR_IND","TIME_OF_DAY","TOT_INJ_COUNT","TOTAL_UNITS","UNB_DEATH_COUNT","UNB_SUSP_SERIOUS_INJ_COUNT","UNBELTED_OCC_COUNT","UNK_INJ_DEG_COUNT","UNK_INJ_PER_COUNT","URBAN_RURAL","VAN_COUNT","VEHICLE_COUNT","WORK_ZONE_IND","WORK_ZONE_LOC","WORK_ZONE_TYPE","WORKERS_PRES","WZ_CLOSE_DETOUR","WZ_FLAGGER","WZ_LAW_OFFCR_IND","WZ_LN_CLOSURE","WZ_MOVING","WZ_OTHER","WZ_SHLDER_MDN","ROADWAY_CLEARED","WEATHER1","WEATHER2","WZ_WORKERS_INJ_KILLED","SECONDARY_CRASH","INTERSECTION_RELATED"
"1505","0","0","0","0","0","0","0","0","0","4","0","","36","09","2021","2021089390","5","40.1133","-76.4512","1502","08","0","0","0","0","0","1","1","0","","0","0","0","15","1","2","01","0","40 06:47.876","","00","76 27:04.154","4","0","0","0","36230","0","0","0","N","0","0","0","2","36410","2","","1","01","N","N","0","","0","0","2","3","2","","1501","2","2","0","0","0","0","0","1","0","2","N","","","","","","","","","","","","03","03","","N",""
"1759","2","0","0","0","0","0","0","0","0","4","0","","36","08","2021","2021082389","3","40.159","-76.6379","1754","08","0","0","0","0","0","0","0","0","","0","0","0","17","1","0","02","1","40 09:32.457","4","00","76 38:16.493","0","0","0","0","36237","0","0","0","N","0","0","0","2","36505","0","","1","01","N","N","0","","0","0","0","0","0","N","1750","0","2","0","0","0","0","0","1","0","2","N","","","","","","","","","","","1815","03","03","","N",""
"1829","2","0","0","0","0","0","0","0","0","1","0","","36","08","2021","2021082099","6","39.9247","-76.1938","1802","08","0","0","0","0","0","2","0","0","","0","0","0","17","1","3","00","1","39 55:29.046","2","00","76 11:37.765","3","0","0","0","36233","0","0","0","N","0","0","0","4","68J01","0","","1","08","N","N","0","","3","0","1","0","0","N","1759","3","3","0","0","0","0","0","1","0","3","N","","","","","","","","","","","1900","07","","","N","N"
"2043","2","0","0","0","0","0","0","0","0","4","0","","36","12","2021","2021120990","5","40.0607","-76.3062","2038","08","0","0","0","0","0","0","0","0","","0","0","0","20","3","0","02","0","40 03:38.502","","00","76 18:22.280","0","0","0","0","36101","0","0","0","N","0","0","0","3","36101","0","","1","01","N","N","0","","0","0","0","3","2","","2035","0","2","0","0","0","0","0","3","0","2","N","","","","","","","","","","","","03","03","","N",""
"1913","3","0","0","0","0","0","0","0","0","1","0","","36","09","2021","2021085338","7","40.0265","-76.2153","1854","08","0","0","0","0","0","1","0","0","","0","0","0","18","1","2","00","1","40 01:35.557","3","00","76 12:55.240","4","0","0","0","36215","0","0","0","N","0","0","0","6","36215","2","","1","01","N","N","0","","0","0","0","0","0","N","1845","2","3","0","0","0","0","0","1","0","3","N","","","","","","","","","","","1930","03","","","N","N"
"2022","2","0","0","0","0","0","0","0","0","4","0","","36","08","2021","2021081490","1","40.0964","-76.446","2017","08","0","0","0","0","0","0","0","0","","0","0","0","20","2","6","01","2","40 05:47.030","7","00","76 26:45.526","3","0","0","0","36239","0","0","0","N","0","0","0","6","36239","0","","1","01","N","N","0","","6","0","0","0","0","Y","2015","6","2","0","0","2","0","0","3","0","2","N","","","","","","","","","","","2115","03","","","N",""
"0949","2","0","0","0","0","0","0","0","0","1","0","","36","12","2021","2021123496","5","40.1717","-76.3822","0947","08","0","0","0","0","0","0","0","1","","0","0","0","09","1","0","00","1","40 10:18.231","4","00","76 22:55.769","0","0","0","0","36227","0","0","0","N","0","0","0","3","36506","0","","1","01","N","N","0","","0","0","0","0","0","N","0946","0","2","0","0","0","0","0","1","0","2","N","","","","","","","","","","","1010","03","","","N","N"
"0954","1","0","0","0","0","0","0","0","0","4","1","","36","12","2021","2021121785","3","40.2123","-76.0821","0950","08","0","0","0","0","0","1","0","0","","0","1","0","09","1","1","02","0","40 12:44.121","","07","76 04:55.604","3","0","0","0","36210","0","0","0","N","0","0","0","2","36210","0","","1","01","N","N","0","","1","0","0","3","3","","0950","1","2","0","0","0","0","0","1","0","2","N","","","","","","","","","","","","03","","","N","N"
"1348","1","0","0","0","0","0","0","0","0","4","0","","36","11","2021","2021111301","1","40.0384","-76.3013","1346","08","0","0","1","0","0","1","0","0","","0","0","0","13","1","2","01","0","40 02:18.358","","00","76 18:04.767","3","0","0","0","36301","0","0","0","N","0","0","0","2","36301","0","","1","01","N","N","0","","2","0","1","3","2","","1346","2","2","0","0","0","0","0","3","0","2","N","","","","","","","","","","","","03","03","","N",""
"2132","0","0","0","0","0","0","0","0","0","6","0","","36","09","2021","2021086490","5","40.1299","-76.6141","2129","08","0","0","0","0","0","1","0","0","","0","0","0","21","2","1","00","1","40 07:47.500","2","00","76 36:50.600","3","0","0","1","36237","0","0","0","N","0","0","0","2","36505","0","","1","01","N","N","0","","1","0","0","0","0","N","2128","1","2","0","0","0","0","0","1","1","2","N","","","","","","","","","","","2220","03","","","N","N"
"2013","2","0","0","0","0","0","0","0","0","1","0","","36","08","2021","2021081149","7","40.051","-76.3535","2013","08","0","0","0","0","0","1","0","0","","0","0","0","20","3","2","01","1","40 03:03.679","3","00","76 21:12.543","3","0","0","0","36214","0","0","0","N","0","0","0","3","36214","1","","1","01","N","N","0","","1","0","0","3","2","N","2010","2","2","0","0","0","0","0","3","0","2","N","","","","","","","","","","","0049","04","04","","N",""
"2013","0","0","0","0","0","0","0","0","0","7","0","","36","11","2021","2021123685","6","39.9113","-76.1701","2009","08","0","0","0","0","1","0","0","0","","0","0","0","20","2","0","00","0","39 54:40.746","","00","76 10:12.347","0","0","0","0","36216","0","0","0","N","0","0","0","1","68J01","0","","2","01","N","N","0","","0","0","1","0","0","","2003","0","1","0","0","0","0","0","1","0","1","N","","","","","","","","","","","","03","03","","N","N"
"1748","2","0","0","0","0","0","0","0","0","4","0","","36","12","2021","2021121440","7","40.1018","-76.2584","1740","08","0","0","0","0","0","0","0","1","","0","0","0","17","2","1","02","0","40 06:06.341","","00","76 15:30.288","4","0","0","0","36101","0","0","0","N","0","0","0","2","36101","1","","1","09","N","N","0","","0","0","0","0","0","","1733","1","2","0","0","0","0","0","3","0","2","N","","","","","","","","","","","","03","03","","N",""
"1901","0","0","0","0","0","0","0","0","0","0","0","","36","08","2021","2021084861","1","39.9335","-76.3226","1838","08","0","0","0","0","0","1","0","0","","0","0","0","18","1","1","00","0","39 56:00.560","","00","76 19:21.500","2","0","1","1","36224","0","0","0","N","0","0","0","1","68J01","0","","1","01","N","N","0","","0","1","0","0","0","","1833","1","1","0","0","0","0","0","1","0","1","N","","","","","","","","","","","","03","","","N","N"
"1559","2","0","0","0","0","0","0","0","0","4","0","","36","09","2021","2021084300","5","40.0348","-76.3245","1553","08","0","1","0","0","0","0","0","0","","0","0","0","15","1","0","02","0","40 02:05.326","","00","76 19:28.020","0","0","0","0","36220","0","0","0","N","0","0","0","2","36101","0","","1","01","N","N","0","","0","0","0","3","3","","1551","0","2","0","0","0","0","0","3","0","2","N","","","","","","","","","","","","03","","","N",""
"2031","2","0","0","0","0","0","0","0","0","1","0","","36","12","2021","2021123268","4","40.0268","-76.2179","2019","08","0","0","0","0","0","1","0","0","","0","0","0","20","3","0","00","1","40 01:36.484","4","00","76 13:04.357","0","0","0","0","36215","0","0","0","N","0","0","0","2","36215","0","","1","01","N","N","0","","0","0","0","0","0","N","2017","0","2","0","0","0","0","0","1","0","2","N","","","","","","","","","","","2119","04","04","","N","N"
"0741","0","0","0","0","0","0","0","0","0","4","1","","36","12","2021","2021122038","5","40.1027","-76.4328","0730","08","0","0","0","0","0","0","0","0","","0","1","0","07","1","1","01","2","40 06:09.698","7","00","76 25:58.025","3","0","0","0","36239","0","0","0","N","0","0","0","3","36239","0","","1","01","N","N","0","","1","0","0","3","3","Y","0728","1","2","0","0","0","0","0","3","1","2","N","","","","","","","","","","","0845","03","03","","N",""
"2022","1","0","0","0","0","0","0","0","0","4","0","","36","09","2021","2021084115","1","40.2207","-76.4374","2016","08","0","0","0","0","0","0","0","0","","0","0","0","20","2","0","00","1","40 13:14.472","3","07","76 26:14.598","0","0","0","0","36230","0","0","0","N","0","0","0","4","36410","0","","1","01","N","N","0","","0","0","0","0","0","N","2016","0","2","0","0","0","0","0","1","1","2","N","","","","","","","","","","","0030","04","03","","N","N"
"1436","0","0","0","0","0","0","0","0","0","7","0","","36","08","2021","2021081489","4","40.1023","-76.3873","1434","08","0","1","0","0","0","0","0","0","","0","0","0","14","1","1","03","1","40 06:08.280","3","00","76 23:14.168","4","0","0","0","36214","0","0","0","N","0","0","0","2","36214","1","","4","01","N","N","0","","0","0","0","0","0","N","1434","1","1","0","0","0","0","0","3","1","1","N","","","","","","","","","","","1530","03","","","N",""
"1529","1","0","0","0","0","0","0","0","0","4","0","","36","09","2021","2021095029","5","40.0078","-76.3585","1525","08","0","1","0","1","0","0","0","0","","0","0","0","15","1","0","00","0","40 00:28.183","","07","76 21:30.546","0","0","0","0","36412","0","0","0","N","0","0","0","2","36412","0","","1","01","N","N","0","","0","0","1","3","2","","1525","0","2","0","0","0","0","0","3","0","2","N","","","","","","","","","","","","03","","","N","N"
"1426","2","0","0","0","0","0","0","0","0","1","0","","36","09","2021","2021095047","4","40.1255","-76.2247","1421","08","0","0","0","0","0","0","2","0","","0","0","0","14","1","0","00","9","40 07:31.916","","07","76 13:29.014","0","0","0","0","36235","0","0","0","N","0","0","0","2","36238","0","","1","01","N","N","0","","0","0","0","0","0","","1421","0","2","0","0","0","0","0","1","0","2","N","","","","","","","","","","","","03","","","N","N"
"1643","1","0","0","0","0","0","0","0","0","0","0","","36","11","2021","2021109029","1","40.0346","-76.3072","1640","08","0","0","0","0","1","0","0","0","","1","0","0","16","1","0","01","1","40 02:04.495","2","00","76 18:25.758","1","1","0","1","36301","0","0","0","N","0","0","0","2","36301","0","2","1","01","N","N","0","0","0","0","0","3","3","N","1638","0","2","0","0","0","0","0","3","0","2","N","","","","","","","","","","","2047","03","03","","N",""
"0859","1","0","0","0","0","0","0","0","0","4","0","","36","09","2021","2021095568","5","40.0843","-76.2239","0843","08","0","0","0","0","0","1","0","0","","0","0","0","08","1","0","02","1","40 05:03.562","2","00","76 13:25.981","0","0","0","0","36234","0","0","0","N","0","0","0","2","36215","0","","1","01","N","N","0","","0","0","1","3","2","N","0843","0","2","0","0","0","0","0","1","0","2","N","","","","","","","","","","","0936","04","07","","N",""
"0745","1","0","0","0","0","0","0","0","0","4","0","","36","09","2021","2021086680","4","40.0379","-76.5094","0739","08","0","0","0","0","0","0","0","0","","0","0","0","07","1","0","01","1","40 02:16.536","2","00","76 30:33.785","0","0","0","0","36404","0","0","0","N","0","0","0","2","36404","0","","1","09","N","N","0","","0","0","1","0","0","Y","0739","0","2","0","0","0","0","0","3","0","2","N","","","","","","","","","","","0821","07","","","N",""
"1429","1","0","0","0","0","0","0","0","0","7","0","","36","12","2021","2021122915","1","40.0173","-76.0017","1407","08","0","0","0","0","0","0","0","0","","0","0","0","14","1","0","00","0","40 01:02.130","","00","76 00:05.940","0","0","0","0","36232","0","0","0","N","0","0","0","1","68J01","0","","4","01","N","N","0","","0","0","0","0","0","","1405","0","1","0","0","0","0","0","1","0","1","N","","","","","","","","","","","","03","","","N","N"
"2250","0","0","0","0","0","0","0","0","0","1","0","","36","09","2021","2021085329","5","40.06","-76.2775","2247","08","0","0","0","0","0","0","0","0","","0","0","0","22","3","3","01","2","40 03:36.043","3","02","76 16:39.816","3","0","0","0","36101","0","0","0","N","0","0","0","3","36101","0","","1","01","N","N","1","","3","0","1","3","2","N","2245","3","2","0","0","0","0","0","3","0","2","N","","","","","","","","","","","2353","03","03","","N",""
"0756","0","0","0","0","0","0","0","0","0","4","1","","36","12","2021","2021123494","6","40.1678","-76.2956","0756","08","0","0","0","0","0","0","0","0","","0","1","0","07","1","0","01","0","40 10:03.939","","00","76 17:44.145","0","0","0","0","36235","0","0","0","N","0","0","0","2","36506","0","","1","01","N","N","0","","0","0","1","0","0","","0756","0","2","0","0","0","0","0","1","0","2","N","","","","","","","","","","","","03","03","","N",""
"0915","0","0","0","0","0","0","0","0","0","7","0","","36","09","2021","2021083659","1","40.0589","-76.4038","0900","08","1","0","0","0","0","0","0","0","","0","0","0","08","1","0","00","1","40 03:31.964","2","00","76 24:13.567","0","0","0","0","36239","0","0","0","N","0","0","0","1","36214","0","","4","09","N","N","1","","0","0","0","3","2","N","0857","0","1","0","0","0","0","0","3","0","1","N","","","","","","","","","","","1000","07","","","N","N"
"0118","2","0","0","0","0","0","0","0","0","2","0","","36","12","2021","2021117315","5","40.0601","-76.32","0116","08","0","0","0","0","0","0","0","0","","0","0","0","01","3","0","01","1","40 03:36.187","7","00","76 19:12.147","0","0","0","0","36301","0","0","0","Y","0","0","0","2","36301","0","","1","09","N","N","0","","0","0","0","3","2","N","0114","0","2","0","0","0","0","0","3","0","2","N","","","","","","","","","","","0206","07","98","","N",""
"1056","2","0","0","0","0","0","0","0","0","6","0","","36","12","2021","2021122069","7","40.2217","-76.1001","1055","08","0","0","0","0","0","0","0","0","","0","0","0","10","1","0","00","0","40 13:17.980","","00","76 06:00.310","0","0","0","0","36210","0","0","0","N","0","0","0","2","36210","0","","1","09","N","N","0","","0","0","0","0","0","","1055","0","2","0","0","0","0","0","1","0","2","N","","","","","","","","","","","","07","","","N","Y"
"2124","0","0","0","0","0","0","0","0","0","7","0","","36","08","2021","2021080429","4","40.1603","-76.3542","2117","08","0","0","0","0","0","0","1","0","","0","0","0","21","2","0","00","2","40 09:37.066","6","00","76 21:15.226","0","0","0","0","36227","0","0","0","N","0","0","0","1","36506","0","","4","01","N","N","1","","0","0","0","0","0","Y","2117","0","1","0","0","0","0","0","1","0","1","N","","","","","","","","","","","0100","03","03","","N","N"
"0513","2","0","0","0","0","0","0","0","0","1","0","","36","09","2021","2021095030","2","40.1077","-76.5078","0508","08","0","0","0","0","0","1","0","0","","0","0","0","05","3","1","00","0","40 06:27.800","","00","76 30:28.200","3","0","0","0","36413","0","0","0","N","0","0","0","1","36413","0","","6","01","N","N","0","","1","0","1","0","0","","0508","1","5","0","0","0","0","0","2","2","5","N","","","","","","","","","","","","03","","","Y","N"
"1548","1","0","0","0","0","0","0","0","0","4","0","","36","09","2021","2021085337","7","40.0254","-76.2073","1539","08","0","0","0","0","1","0","0","1","","0","0","0","15","1","0","00","1","40 01:31.475","4","07","76 12:26.149","0","0","0","0","36215","0","0","0","N","0","0","0","3","36215","0","","1","01","N","N","1","","0","0","0","0","0","N","1538","0","2","0","0","0","0","0","1","0","2","N","","","","","","","","","","","1625","03","03","","N","N"
"0715","0","0","0","0","0","0","0","0","0","1","0","","36","12","2021","2021122132","2","39.9806","-76.3356","0709","08","0","0","0","0","1","0","0","0","","0","0","0","07","1","1","00","0","39 58:50.194","","00","76 20:08.304","3","0","0","0","36228","0","0","0","N","0","0","0","2","36228","0","","1","01","N","N","2","","1","0","0","0","0","","0709","1","2","0","0","1","0","0","1","0","2","N","","","","","","","","","","","","03","","","N","N"
"1715","1","0","0","0","0","0","0","0","0","1","0","","36","09","2021","2021087713","5","40.1062","-76.3055","1657","08","0","0","0","0","0","0","0","0","","0","0","0","16","1","0","00","1","40 06:22.385","1","00","76 18:19.635","0","0","0","0","36101","0","0","0","N","0","0","0","2","36101","0","","1","01","N","N","1","","0","0","0","3","2","N","1655","0","2","0","0","0","0","0","3","0","2","N","","","","","","","","","","","1738","03","","","N","Y"
"2112","1","0","0","0","0","0","0","0","0","98","0","","36","12","2021","2021123086","6","40.2213","-76.0947","2100","08","0","0","0","0","0","0","0","0","","0","0","0","21","2","0","00","0","40 13:16.520","","00","76 05:41.019","0","0","0","0","36210","0","0","0","N","0","0","0","2","36210","0","","1","01","N","N","0","","0","0","0","0","0","","2100","0","1","0","0","0","0","0","1","0","1","N","","","","","","","","","","","","03","03","","N","N"
"2125","1","0","0","0","0","0","0","0","0","4","0","","36","09","2021","2021082870","5","39.9657","-76.2525","2116","08","1","0","0","0","1","0","0","0","","0","0","0","21","2","0","01","0","39 57:56.368","","00","76 15:08.927","0","0","0","0","36240","0","0","0","N","0","0","0","3","36240","0","","1","01","N","N","0","","0","0","1","3","3","","2113","0","2","0","0","0","0","0","1","0","2","N","","","","","","","","","","","","03","03","","N",""
"1733","2","0","0","0","0","0","0","0","0","1","0","","36","12","2021","2021123647","6","40.0777","-76.2829","1722","08","0","0","0","0","1","0","0","0","","0","0","0","17","1","0","00","0","40 04:39.614","","00","76 16:58.444","0","0","0","0","36101","0","0","0","N","0","0","0","2","36101","0","","1","01","N","N","0","","0","0","0","0","0","","1714","0","2","0","0","0","0","0","3","0","2","N","","","","","","","","","","","","03","03","","N","N"
"2109","1","0","0","0","0","0","0","0","0","98","0","","36","12","2021","2021122526","7","40.1236","-76.7127","2044","08","0","0","0","0","0","0","0","0","","0","0","0","20","2","0","00","1","40 07:24.929","5","00","76 42:45.768","0","0","0","0","36207","0","0","0","N","0","0","0","1","36504","0","","1","98","N","N","0","","0","0","0","0","0","N","2044","0","1","0","0","0","0","0","1","0","1","N","","","","","","","","","","","2152","98","98","","N","N"
"1259","0","0","0","0","0","0","0","0","0","4","0","","36","08","2021","2021095062","5","40.1914","-76.1639","1247","08","0","0","0","0","0","1","0","0","","0","0","0","12","1","0","02","0","40 11:29.014","","00","76 09:49.993","0","0","0","0","36218","0","0","0","N","0","0","0","3","36408","0","","1","01","N","N","0","","0","0","1","3","3","","1246","0","2","0","0","0","0","0","1","1","2","N","","","","","","","","","","","","03","","","N","N"
"0624","2","0","0","0","0","0","0","0","0","4","0","","36","09","2021","2021082386","4","40.0695","-76.3076","0621","08","0","0","0","0","0","0","0","0","","0","0","0","06","1","1","10","1","40 04:10.226","2","00","76 18:28.241","3","0","0","0","36101","0","0","0","N","0","0","0","3","36101","0","","1","09","N","N","0","","1","0","0","3","2","N","0621","1","2","0","0","0","0","0","3","0","2","N","","","","","","","","","","","0720","07","","","N",""
"0909","0","0","0","0","0","0","0","0","0","1","0","","36","09","2021","2021086679","5","40.0881","-76.3797","0906","08","0","0","0","0","0","0","0","0","","0","0","0","09","1","1","00","2","40 05:17.174","3","02","76 22:46.836","8","0","0","0","36214","0","0","0","N","0","0","0","2","36214","0","","2","01","N","N","1","","0","0","1","0","0","Y","0903","1","2","0","0","0","1","0","3","0","2","N","","","","","","","","","","","1027","03","03","","N","N"
"1705","1","0","0","0","0","0","0","0","0","98","0","","36","12","2021","2021121787","7","40.1951","-76.1227","1657","08","0","0","0","0","0","0","0","0","","0","0","0","16","2","0","00","0","40 11:42.474","","00","76 07:21.756","0","0","0","0","36210","0","0","0","N","0","0","0","2","36210","0","","1","02","N","N","0","","0","0","0","0","0","","1657","0","1","0","0","0","0","0","1","0","1","N","","","","","","","","","","","","03","","","N","Y"
"1803","0","0","0","0","0","0","0","0","0","7","0","","36","09","2021","2021084301","3","40.0259","-76.3346","1803","08","0","0","0","0","1","0","0","0","","0","0","0","18","1","1","00","2","40 01:33.270","6","00","76 20:04.520","8","0","0","1","36220","0","0","0","N","0","0","0","1","36101","0","","1","01","N","N","0","","0","0","0","0","0","Y","1803","1","1","0","0","0","1","0","3","0","1","N","","","","","","","","","","","1822","03","03","","N","N"
"1558","1","0","0","0","0","0","0","0","0","4","0","","36","09","2021","2021089387","7","40.1133","-76.4512","1549","08","0","0","0","0","0","0","0","0","","0","0","0","15","1","0","01","0","40 06:47.876","","00","76 27:04.154","0","0","0","0","36230","0","0","0","N","0","0","0","3","36410","0","","1","01","N","N","0","","0","0","0","3","2","","1547","0","2","0","0","0","0","0","1","1","2","N","","","","","","","","","","","","03","03","","N",""
"0710","1","0","0","0","0","0","0","0","0","98","0","","36","12","2021","2021121937","6","40.186","-75.999","0704","08","0","0","0","0","0","1","0","0","","0","0","0","07","5","0","00","0","40 11:09.081","","00","75 59:55.571","0","0","0","0","36202","0","0","0","N","0","0","0","3","68T06","0","","1","01","N","N","0","","0","0","0","0","0","","0704","0","1","0","0","0","0","0","1","0","1","N","","","","","","","","","","","","03","","","N","N"
"1923","0","0","0","0","0","0","0","0","0","7","0","","36","09","2021","2021083204","6","40.0884","-76.3806","1918","08","0","0","0","0","0","0","0","0","","0","0","0","19","4","0","01","0","40 05:18.375","","02","76 22:50.176","0","0","0","1","36214","0","0","0","N","0","0","0","1","36214","0","","2","01","N","N","0","","0","0","0","0","0","","1913","0","1","0","0","0","0","0","3","0","1","N","","","","","","","","","","","","03","03","","N",""
"1812","1","0","0","0","0","0","0","0","0","4","0","","36","08","2021","2021083201","5","40.0728","-76.3351","1809","08","0","0","0","0","0","0","0","0","","0","0","0","18","1","0","00","1","40 04:22.061","2","07","76 20:06.243","0","0","0","0","36101","0","0","0","N","0","0","0","2","36101","0","","1","01","N","N","1","","0","0","0","0","0","N","1807","0","2","0","0","0","0","0","3","0","2","N","","","","","","","","","","","1910","03","03","","N","N"
"0605","1","0","0","0","0","0","0","0","0","98","0","","36","09","2021","2021093039","2","40.2256","-76.1043","0539","08","0","0","0","0","0","0","0","0","","0","0","0","05","2","2","00","0","40 13:32.147","","00","76 06:16.380","3","0","0","0","36210","0","0","0","N","0","0","0","2","68T06","0","","1","01","N","N","0","","2","0","0","0","0","","0539","2","1","0","0","0","0","0","1","0","1","N","","","","","","","","","","","","03","","","N","N"
"1522","0","0","0","0","0","0","0","0","0","4","0","","36","09","2021","2021087718","4","40.0187","-76.174","1517","08","0","0","0","0","0","0","0","1","","0","0","0","15","1","0","01","0","40 01:07.467","","00","76 10:26.363","0","0","0","0","36215","0","0","0","N","0","0","0","3","36215","0","","1","01","N","N","1","","0","0","0","3","3","","1515","0","2","0","0","0","0","0","1","1","2","N","","","","","","","","","","","","03","03","","N",""
"2236","1","0","0","0","0","0","0","0","0","1","0","35","36","09","2021","2021085339","1","40.0854","-76.2113","2231","08","0","0","0","0","0","0","0","0","","0","0","1","22","2","2","00","2","40 05:07.428","6","00","76 12:40.594","8","0","0","0","36234","4","0","0","N","0","0","0","5","36215","0","","1","01","N","N","0","","0","0","0","0","0","Y","2228","2","2","0","0","0","2","1","1","0","1","Y","4","1","N","N","N","N","N","N","N","Y","2341","03","","N","N","N"
"1931","1","0","0","0","0","0","0","0","0","7","0","","36","12","2021","2021123273","6","40.1819","-76.4626","1923","08","0","0","0","0","0","1","0","0","","0","0","0","19","2","1","00","2","40 10:54.930","5","00","76 27:45.520","8","0","0","0","36230","0","0","0","N","0","0","0","1","36410","0","","5","01","N","N","0","","0","0","0","0","0","Y","1920","1","1","0","0","0","1","0","1","0","1","N","","","","","","","","","","","1954","03","03","","N","N"
"2126","0","0","0","0","0","0","0","0","0","7","0","","36","09","2021","2021083078","5","40.1004","-76.3488","2117","08","0","0","0","0","0","0","0","0","","0","0","0","21","3","1","00","0","40 06:01.575","","00","76 20:55.792","8","0","0","1","36406","0","0","0","N","0","0","0","1","36506","0","","4","01","N","N","0","","0","0","0","0","0","","2115","1","1","0","0","0","1","0","3","0","1","N","","","","","","","","","","","","03","","","N","N"
"0740","0","0","0","0","0","0","0","0","0","1","0","","36","09","2021","2021095005","4","40.2206","-76.0999","0735","08","0","0","0","0","0","1","0","0","","0","0","0","07","1","1","00","0","40 13:14.080","","07","76 05:59.495","8","0","0","0","36210","0","0","0","N","0","0","0","2","36210","0","","1","01","N","N","0","","0","0","2","0","0","","0733","1","2","0","0","0","1","0","1","0","2","N","","","","","","","","","","","","03","","","N","N"
"2128","2","0","0","0","0","0","0","0","0","2","0","","36","12","2021","2021122553","2","40.0579","-76.2808","2123","08","0","0","0","1","0","0","0","0","","0","0","0","21","3","0","01","2","40 03:28.276","4","00","76 16:50.908","0","0","0","0","36101","0","0","0","N","0","0","0","2","36101","0","","1","01","N","N","0","","0","0","0","3","2","N","2120","0","2","0","0","0","0","0","3","0","2","N","","","","","","","","","","","2201","03","03","","N",""
"1945","2","0","0","0","0","0","0","0","0","5","0","","36","09","2021","2021083203","4","40.0714","-76.3254","1933","08","0","0","0","0","0","0","0","0","","0","0","0","19","4","0","00","0","40 04:16.911","","00","76 19:31.602","0","0","0","0","36101","0","0","0","N","0","0","0","2","36101","0","","1","09","N","N","0","","0","0","0","0","0","","1931","0","2","0","0","0","0","0","3","0","2","N","","","","","","","","","","","","07","07","","N","N"
"1316","0","0","0","0","0","0","0","0","0","7","0","","36","08","2021","2021084191","2","39.9727","-76.0967","1300","08","0","0","0","0","0","0","0","0","","0","0","0","12","1","0","00","1","39 58:21.698","2","00","76 05:48.101","0","0","0","0","36226","0","0","0","N","0","0","0","1","68J01","0","","4","01","N","N","1","","0","0","0","0","0","N","1255","0","1","0","0","0","0","0","1","0","1","N","","","","","","","","","","","1400","03","03","","N","N"
"1514","1","0","0","0","0","0","0","0","0","1","0","","36","08","2021","2021083931","7","40.079","-76.2808","1507","08","0","0","0","0","0","0","0","0","","0","0","0","15","1","0","00","0","40 04:44.251","","00","76 16:51.049","0","0","0","0","36101","0","0","0","N","0","0","0","3","36101","0","","1","01","N","N","0","","0","0","1","0","0","","1505","0","2","0","0","0","0","0","3","0","2","N","","","","","","","","","","","","04","04","","N","N"
"0811","1","0","0","0","0","0","0","0","0","1","0","","36","08","2021","2021082185","2","40.1093","-76.2501","0805","08","0","0","0","0","0","0","1","0","","0","0","0","08","1","2","01","1","40 06:33.403","1","00","76 15:00.444","3","0","0","0","36101","0","0","0","N","0","0","0","2","36101","0","","1","01","N","N","0","","2","0","1","0","0","Y","0802","2","2","0","0","0","0","0","3","0","2","N","","","","","","","","","","","0853","04","04","","N",""