"ARRIVAL_TM","AUTOMOBILE_COUNT","BELTED_DEATH_COUNT","BELTED_SUSP_SERIOUS_INJ_COUNT","BICYCLE_COUNT","BICYCLE_DEATH_COUNT","BICYCLE_SUSP_SERIOUS_INJ_COUNT","BUS_COUNT","CHLDPAS_DEATH_COUNT","CHLDPAS_SUSP_SERIOUS_INJ_COUNT","COLLISION_TYPE","COMM_VEH_COUNT","CONS_ZONE_SPD_LIM","COUNTY","CRASH_MONTH","CRASH_YEAR","CRN","DAY_OF_WEEK","DEC_LAT","DEC_LONG","DISPATCH_TM","DISTRICT","DRIVER_COUNT_16YR","DRIVER_COUNT_17YR","DRIVER_COUNT_18YR","DRIVER_COUNT_19YR","DRIVER_COUNT_20YR","DRIVER_COUNT_50_64YR","DRIVER_COUNT_65_74YR","DRIVER_COUNT_75PLUS","EST_HRS_CLOSED","FATAL_COUNT","HEAVY_TRUCK_COUNT","HORSE_BUGGY_COUNT","HOUR_OF_DAY","ILLUMINATION","INJURY_COUNT","INTERSECT_TYPE","LANE_CLOSED","LATITUDE","LN_CLOSE_DIR","LOCATION_TYPE","LONGITUDE","MAX_SEVERITY_LEVEL","MCYCLE_DEATH_COUNT","MCYCLE_SUSP_SERIOUS_INJ_COUNT","MOTORCYCLE_COUNT","MUNICIPALITY","NONMOTR_COUNT","NONMOTR_DEATH_COUNT","NONMOTR_SUSP_SERIOUS_INJ_COUNT","NTFY_HIWY_MAINT","PED_COUNT","PED_DEATH_COUNT","PED_SUSP_SERIOUS_INJ_COUNT","PERSON_COUNT","POLICE_AGCY","POSSIBLE_INJ_COUNT","RDWY_SURF_TYPE_CD","RELATION_TO_ROAD","ROAD_CONDITION","SCH_BUS_IND","SCH_ZONE_IND","SMALL_TRUCK_COUNT","SPEC_JURIS_CD","SUSP_MINOR_INJ_COUNT","SUSP_SERIOUS_INJ_COUNT","SUV_COUNT","TCD_FUNC_CD","TCD_TYPE","TFC_DETOUR_IND","TIME_OF_DAY","TOT_INJ_COUNT","TOTAL_UNITS","UNB_DEATH_COUNT","UNB_SUSP_SERIOUS_INJ_COUNT","UNBELTED_OCC_COUNT","UNK_INJ_DEG_COUNT","UNK_INJ_PER_COUNT","URBAN_RURAL","VAN_COUNT","VEHICLE_COUNT","WORK_ZONE_IND","WORK_ZONE_LOC","WORK_ZONE_TYPE","WORKERS_PRES","WZ_CLOSE_DETOUR","WZ_FLAGGER","WZ_LAW_OFFCR_IND","WZ_LN_CLOSURE","WZ_MOVING","WZ_OTHER","WZ_SHLDER_MDN","ROADWAY_CLEARED","WEATHER1","WEATHER2","WZ_WORKERS_INJ_KILLED","SECONDARY_CRASH","INTERSECTION_RELATED"
"1626","2","0","1","0","0","0","0","0","0","4","0","","36","09","2021","2021089388","3","40.0811","-76.4923","1610","08","0","0","0","0","0","0","0","1","","0","0","0","16","1","1","00","1","40 04:51.895","3","07","76 29:32.214","2","0","0","0","36230","0","0","0","N","0","0","0","3","36410","0","","1","01","N","N","0","","0","1","0","0","0","N","1610","1","2","0","0","0","0","0","1","0","2","N","","","","","","","","","","","1700","03","03","","N","N"
"0910","1","0","0","0","0","0","0","0","0","4","0","","36","12","2021","2021123262","6","40.0761","-76.2059","0856","08","0","0","0","0","0","1","0","0","","0","0","0","08","1","0","01","1","40 04:34.113","1","00","76 12:21.249","0","0","0","0","36234","0","0","0","N","0","0","0","2","36215","0","","1","01","N","N","0","","0","0","1","3","3","N","0854","0","2","0","0","0","0","0","1","0","2","N","","","","","","","","","","","0946","03","03","","N",""
"2103","1","0","0","0","0","0","0","0","0","1","0","","36","08","2021","2021081722","2","40.1556","-76.6086","2058","08","0","0","0","0","0","0","0","0","","0","0","0","20","3","1","01","2","40 09:20.029","7","00","76 36:31.081","3","0","0","1","36407","0","0","0","N","0","0","0","2","36407","0","","1","01","N","N","0","","1","0","0","0","0","Y","2057","1","2","0","0","0","0","0","2","0","2","N","","","","","","","","","","","2151","03","03","","N",""
"1820","1","0","0","0","0","0","0","0","0","4","0","","36","08","2021","2021080708","6","40.1641","-76.1539","1818","08","0","0","0","0","0","1","0","0","","0","0","0","18","1","1","02","1","40 09:50.746","3","00","76 09:14.014","3","0","0","0","36218","0","0","0","N","0","0","0","2","36408","0","","1","09","N","N","0","","1","0","1","3","2","N","1815","1","2","0","0","0","0","0","1","0","2","N","","","","","","","","","","","1900","07","","","N","N"
"0747","1","0","0","0","0","0","0","0","0","1","0","","36","08","2021","2021095034","6","39.9854","-76.3156","0745","08","0","0","0","0","0","0","0","0","","0","0","0","07","1","0","00","0","39 59:07.571","","00","76 18:56.136","0","0","0","0","36228","0","0","0","N","0","0","0","3","36228","0","","1","01","N","N","1","","0","0","0","0","0","","0745","0","2","0","0","0","0","0","1","0","2","N","","","","","","","","","","","","03","","","N","N"
"1931","1","0","0","0","0","0","0","0","0","7","0","","36","12","2021","2021121808","7","40.0394","-76.3624","1925","08","0","0","0","0","0","0","0","0","","0","0","0","19","3","1","00","1","40 02:21.774","3","00","76 21:44.808","3","0","0","0","36223","0","0","0","N","0","0","0","1","36223","0","","4","09","N","N","0","","1","0","0","0","0","N","1923","1","1","0","0","0","0","0","1","0","1","N","","","","","","","","","","","2000","07","","","N","N"
"1455","1","0","0","0","0","0","0","0","0","7","0","","36","12","2021","2021122469","7","39.8169","-76.0407","1442","08","0","0","0","0","0","0","1","0","","0","0","0","14","1","0","00","1","39 49:00.708","2","00","76 02:26.486","0","0","0","0","36205","0","0","0","N","0","0","0","1","68J01","0","","4","08","N","N","0","","0","0","0","0","0","N","1418","0","1","0","0","0","0","0","1","0","1","N","","","","","","","","","","","1552","03","03","","N","N"
"1049","1","0","0","0","0","0","0","0","0","1","0","","36","08","2021","2021081486","7","40.0992","-76.2639","1042","08","0","0","0","0","0","0","0","0","","0","0","0","10","1","1","00","0","40 05:57.262","","00","76 15:50.163","3","0","0","0","36101","0","0","0","N","0","0","0","2","36101","0","","1","01","N","N","0","","1","0","1","0","0","","1040","1","2","0","0","0","0","0","3","0","2","N","","","","","","","","","","","","03","03","","N","N"
"0642","1","0","0","0","0","0","0","0","0","98","0","","36","11","2021","2021122067","4","40.2554","-76.0877","0635","08","0","0","0","0","0","0","0","0","","0","0","0","06","2","0","00","0","40 15:19.262","","00","76 05:15.636","0","0","0","0","36210","0","0","0","N","0","0","0","1","36210","0","","1","01","N","N","0","","0","0","0","0","0","","0635","0","1","0","0","0","0","0","1","0","1","N","","","","","","","","","","","","03","","","N","N"
"0003","1","0","0","0","0","0","0","0","0","4","0","","36","09","2021","2021099819","6","40.0758","-76.1091","2331","08","0","0","0","1","0","0","0","0","","0","0","0","23","2","1","01","1","40 04:33.008","7","00","76 06:32.870","3","0","0","0","36234","0","0","0","N","0","0","0","2","36215","0","","1","01","N","N","0","","1","0","1","3","3","N","2331","1","2","0","0","0","0","0","1","0","2","N","","","","","","","","","","","0041","03","","","N",""
"1705","1","0","0","0","0","0","0","0","0","1","0","","36","09","2021","2021083618","7","39.9882","-76.2738","1703","08","0","0","0","0","0","0","0","0","","0","0","0","16","1","0","00","0","39 59:17.424","","00","76 16:25.626","0","0","0","0","36240","0","0","0","N","0","0","0","2","36240","0","","1","01","N","N","0","","0","0","1","0","0","","1645","0","2","0","0","0","0","0","1","0","2","N","","","","","","","","","","","","03","","","N","N"
"0337","1","0","0","0","0","0","0","0","0","7","0","","36","12","2021","2021123495","7","40.2122","-76.2356","0330","08","0","0","0","1","0","0","0","0","","0","0","0","03","2","0","00","0","40 12:44.004","","00","76 14:08.152","0","0","0","0","36204","0","0","0","N","0","0","0","1","36506","0","","5","09","N","N","0","","0","0","0","0","0","","0330","0","1","0","0","0","0","0","1","0","1","N","","","","","","","","","","","","07","04","","N","N"
"1225","0","0","1","0","0","0","0","0","0","4","1","","36","11","2021","2021122889","4","39.8649","-76.1022","1224","08","0","0","0","0","0","0","0","1","","0","1","0","12","1","1","01","1","39 51:53.611","2","00","76 06:07.830","2","0","0","0","36205","0","0","0","N","0","0","0","2","68J01","0","","1","01","N","N","0","","0","1","1","3","3","N","1222","1","2","0","0","0","0","0","1","0","2","N","","","","","","","","","","","1110","03","","","N","N"
"1309","0","0","0","0","0","0","0","0","0","1","0","","36","09","2021","2021083798","6","40.0544","-76.3709","1307","08","0","0","0","0","0","0","0","1","","0","0","0","13","1","1","00","2","40 03:15.827","3","00","76 22:15.316","2","0","1","1","36214","0","0","0","N","0","0","0","2","36214","0","","1","01","N","N","0","","0","1","1","0","0","Y","1305","1","2","0","0","0","0","0","3","0","2","N","","","","","","","","","","","1630","03","","","N","N"
"1005","1","0","0","0","0","0","0","0","0","1","0","","36","09","2021","2021083480","6","40.0671","-76.3283","1002","08","0","0","0","0","0","1","0","0","","0","0","0","09","1","2","00","1","40 04:01.428","4","00","76 19:41.907","3","0","0","0","36301","0","0","0","N","0","0","0","4","36301","1","","1","01","N","N","0","","1","0","1","0","0","N","0959","2","4","0","0","0","0","0","3","2","4","N","","","","","","","","","","","1049","03","","","N","N"
"2132","2","0","0","0","0","0","0","0","0","1","0","","36","12","2021","2021123492","3","40.0246","-76.2414","2119","08","0","0","0","0","1","0","1","0","","0","0","0","21","2","0","00","2","40 01:28.532","2","00","76 14:28.997","0","0","0","0","36215","0","0","0","N","0","0","0","2","36215","0","","1","01","N","N","0","","0","0","0","0","0","N","2119","0","2","0","0","0","0","0","1","0","2","N","","","","","","","","","","","2240","03","03","","N","N"
"1502","2","0","0","0","0","0","0","0","0","4","0","","36","08","2021","2021081006","7","40.0788","-76.3368","1456","08","0","0","0","0","0","0","0","0","","0","0","0","14","1","0","00","1","40 04:43.697","3","07","76 20:12.316","0","0","0","0","36101","0","0","0","N","0","0","0","5","36101","0","","1","01","N","N","0","","0","0","0","3","3","N","1453","0","2","0","0","0","0","0","3","0","2","N","","","","","","","","","","","1530","04","","","N","N"
"0744","1","0","0","0","0","0","0","0","0","7","0","","36","12","2021","2021121278","7","40.1336","-76.2131","0744","08","0","0","0","0","0","0","0","0","","0","0","0","07","1","0","00","0","40 08:01.036","","00","76 12:47.310","0","0","0","0","36238","0","0","0","N","0","0","0","1","36238","0","","2","09","N","N","0","","0","0","0","0","0","","0744","0","1","0","0","0","0","0","3","0","1","N","","","","","","","","","","","","07","","","N","Y"
"1217","1","0","0","0","0","0","0","0","0","7","0","","36","08","2021","2021087378","3","39.8276","-76.1451","1207","08","0","0","0","0","0","0","0","0","","0","0","0","12","1","0","00","1","39 49:39.386","1","00","76 08:42.324","0","0","0","0","36212","0","0","0","Y","0","0","0","1","68J01","0","","4","01","N","N","0","","0","0","0","0","0","N","1205","0","1","0","0","0","0","0","1","0","1","N","","","","","","","","","","","1250","03","03","","N","N"
"0005","0","0","0","0","0","0","0","0","0","98","0","","36","08","2021","2021082000","5","40.1539","-76.5698","2353","08","0","0","0","0","0","0","1","0","","0","0","0","23","2","0","00","0","40 09:14.144","","00","76 34:11.304","0","0","0","0","36225","0","0","0","N","0","0","0","1","36505","0","","1","01","N","N","0","","0","0","1","0","0","","2353","0","1","0","0","0","0","0","2","0","1","N","","","","","","","","","","","","03","","","N","N"
"1201","2","0","0","0","0","0","0","0","0","2","0","","36","11","2021","2021121535","7","40.1966","-76.1695","1200","08","0","0","0","0","0","0","0","0","","0","0","0","12","1","2","00","0","40 11:47.705","","00","76 10:10.142","3","0","0","0","36218","1","0","0","Y","0","0","0","2","36408","0","","5","01","N","N","0","","2","0","0","0","0","","1200","2","2","0","0","0","0","0","1","0","2","N","","","","","","","","","","","","03","03","","N","N"
"1800","1","0","0","0","0","0","0","0","0","98","0","","36","12","2021","2021123085","1","40.2177","-76.0867","1752","08","0","0","0","0","0","0","0","0","","0","0","0","17","2","0","00","0","40 13:03.677","","00","76 05:12.093","0","0","0","0","36210","0","0","0","N","0","0","0","1","36210","0","","1","01","N","N","0","","0","0","0","0","0","","1752","0","1","0","0","0","0","0","1","0","1","N","","","","","","","","","","","","03","","","N","N"
"1333","1","0","0","0","0","0","0","0","0","4","0","","36","09","2021","2021082766","5","40.0537","-76.3974","1328","08","0","0","0","0","0","0","1","1","","0","0","0","13","1","1","00","1","40 03:13.272","1","07","76 23:50.557","3","0","0","0","36214","0","0","0","N","0","0","0","2","36214","0","","1","01","N","N","0","","1","0","1","0","0","N","1325","1","2","0","0","0","0","0","3","0","2","N","","","","","","","","","","","1420","03","03","","N","Y"
"0135","1","0","0","0","0","0","0","0","0","98","0","","36","12","2021","2021121962","1","40.2283","-76.4566","0115","08","0","0","0","0","1","0","0","0","","0","0","0","01","2","0","00","0","40 13:41.803","","00","76 27:21.311","0","0","0","0","36230","0","0","0","N","0","0","0","1","68T06","0","","1","01","N","N","0","","0","0","0","0","0","","0115","0","1","0","0","0","0","0","1","0","1","N","","","","","","","","","","","","03","","","N","N"
"1256","1","0","0","0","0","0","0","0","0","4","0","","36","08","2021","2021081388","2","40.1505","-76.0281","1252","08","0","1","0","0","0","0","0","0","","0","0","0","12","1","3","01","2","40 09:01.638","7","00","76 01:41.060","3","0","0","0","36213","0","0","0","N","0","0","0","3","36213","0","","1","01","N","N","0","","3","0","1","3","3","Y","1250","3","2","0","0","0","0","0","1","0","2","N","","","","","","","","","","","1335","03","03","","N",""
"1601","1","0","0","0","0","0","0","0","0","0","0","","36","12","2021","2021121439","7","40.0216","-76.3347","1601","08","0","0","0","0","0","0","0","0","","0","0","0","15","1","0","00","0","40 01:17.588","","00","76 20:04.878","0","0","0","0","36220","0","0","0","N","0","0","0","1","36101","0","","1","01","N","N","0","","0","0","0","0","0","","1536","0","1","0","0","0","0","0","3","0","1","N","","","","","","","","","","","","04","04","","N","N"
"1953","1","0","0","0","0","0","0","0","0","4","0","","36","08","2021","2021081496","5","40.1","-76.3541","1953","08","0","0","0","0","0","1","1","0","","0","0","0","19","4","0","01","0","40 06:00.025","","00","76 21:14.898","0","0","0","0","36406","0","0","0","N","0","0","0","2","36506","0","","1","01","N","N","1","","0","0","0","3","2","","1952","0","2","0","0","0","0","0","3","0","2","N","","","","","","","","","","","","03","","","N",""
"1928","1","0","0","0","0","0","0","0","0","6","0","","36","09","2021","2021094991","3","40.1124","-76.5035","1924","08","0","0","0","0","0","0","0","0","","0","0","0","19","4","0","00","0","40 06:44.500","","00","76 30:12.600","0","0","0","0","36413","0","0","0","N","0","0","0","1","36413","0","","6","01","N","N","1","","0","0","0","0","0","","1924","0","2","0","0","0","0","0","2","0","2","N","","","","","","","","","","","","03","","","N","Y"
"1813","1","0","0","0","0","0","0","0","0","1","0","","36","08","2021","2021080609","5","40.0846","-76.2206","1807","08","0","0","0","0","0","0","0","0","","0","0","0","18","1","1","02","2","40 05:04.637","7","00","76 13:14.194","3","0","0","0","36234","0","0","0","N","0","0","0","3","36215","0","","1","01","N","N","1","","1","0","1","0","0","Y","1806","1","3","0","0","0","0","0","1","0","3","N","","","","","","","","","","","1908","03","03","","Y",""
"1632","0","0","0","0","0","0","0","0","0","4","0","","36","09","2021","2021086681","4","40.1579","-76.2334","1631","08","0","0","0","0","0","2","1","0","","0","0","0","16","1","2","01","2","40 09:28.368","7","00","76 14:00.301","3","0","0","0","36235","0","0","0","N","0","0","0","3","36506","0","","1","01","N","N","0","","2","0","3","3","3","Y","1629","2","3","0","0","0","0","0","1","0","3","N","","","","","","","","","","","1710","03","","","N",""
"1749","1","0","0","0","0","0","0","0","0","4","0","","36","09","2021","2021083570","6","40.1819","-76.3092","1749","08","0","0","0","0","0","0","0","0","","0","0","0","17","1","2","02","1","40 10:54.896","1","00","76 18:33.163","4","0","0","0","36235","0","0","0","N","0","0","0","2","36506","2","","1","01","N","N","0","","0","0","1","0","0","N","1749","2","2","0","0","1","0","0","1","0","2","N","","","","","","","","","","","0100","03","03","","N",""
"1902","2","0","0","0","0","0","0","0","0","1","0","","36","12","2021","2021120976","2","40.0507","-76.291","1856","08","0","0","0","0","0","1","0","0","","0","0","0","18","3","0","00","1","40 03:02.644","4","00","76 17:27.636","0","0","0","0","36301","0","0","0","N","0","0","0","3","36301","0","","1","09","N","N","0","","0","0","0","0","0","N","1854","0","2","0","0","0","0","0","3","0","2","N","","","","","","","","","","","1942","07","08","","N","N"
"1510","1","0","0","0","0","0","0","0","0","4","0","","36","09","2021","2021095046","6","39.9748","-76.2795","1502","08","0","0","0","0","0","0","1","1","","0","0","0","15","1","0","01","1","39 58:29.119","2","00","76 16:46.355","0","0","0","0","36228","0","0","0","N","0","0","0","4","36228","0","","1","01","N","N","0","","0","0","1","3","3","N","1502","0","3","0","0","0","0","0","1","1","3","N","","","","","","","","","","","1545","03","","","N",""
"1129","1","0","0","0","0","0","0","0","0","7","0","","36","12","2021","2021123266","7","40.0292","-76.2466","1129","08","0","0","0","0","0","0","0","0","","0","0","0","11","1","0","00","2","40 01:45.220","6","00","76 14:47.600","0","0","0","0","36215","0","0","0","N","0","0","0","1","36215","0","","5","09","N","N","0","","0","0","0","0","0","Y","1128","0","1","0","0","0","0","0","1","0","1","N","","","","","","","","","","","1230","04","","","N","N"
"1009","1","0","0","0","0","0","0","0","0","4","0","","36","12","2021","2021123264","4","40.0224","-76.1929","1004","08","0","0","0","0","0","0","2","0","","0","0","0","10","1","1","01","0","40 01:20.631","","00","76 11:34.338","4","0","0","0","36215","0","0","0","N","0","0","0","2","36215","1","","1","01","N","N","0","","0","0","1","3","2","","1003","1","2","0","0","0","0","0","1","0","2","N","","","","","","","","","","","","04","","","N",""
"2335","0","0","0","0","0","0","0","0","0","7","0","","36","12","2021","2021122450","5","40.0186","-76.0639","2325","08","0","0","0","0","0","0","0","0","","0","0","0","23","2","0","02","0","40 01:07.055","","00","76 03:49.929","0","0","0","0","36221","0","0","0","N","0","0","0","2","68J01","0","","4","01","N","N","0","","0","0","1","0","0","","2318","0","1","0","0","0","0","0","1","0","1","N","","","","","","","","","","","","03","03","","N","N"
"1720","2","0","0","0","0","0","0","0","0","1","0","","36","08","2021","2021081492","6","40.1547","-76.1294","1703","08","0","0","1","0","0","0","0","1","","0","0","0","17","1","0","00","0","40 09:16.913","","00","76 07:45.964","0","0","0","0","36218","0","0","0","N","0","0","0","2","36415","0","","1","01","N","N","0","","0","0","0","3","2","","1702","0","2","0","0","0","0","0","1","0","2","N","","","","","","","","","","","","03","","","N","N"
"2345","0","0","0","0","0","0","0","0","0","2","1","","36","11","2021","2021122348","3","39.9781","-76.0141","2330","08","0","0","0","0","0","0","0","0","","1","1","0","23","2","0","00","0","39 58:41.257","","00","76 00:50.837","1","0","0","0","36231","0","0","0","Y","0","0","0","2","68J01","0","2","1","01","N","N","0","0","0","0","1","0","0","","2322","0","2","1","0","1","0","0","1","0","2","N","","","","","","","","","","","","03","03","","N","N"
"1652","0","0","0","0","0","0","0","0","0","2","0","","36","09","2021","2021092453","5","40.0889","-76.3461","1647","08","0","0","0","0","0","2","0","0","","0","0","0","16","1","3","00","2","40 05:20.194","2","00","76 20:46.076","2","0","0","0","36406","0","0","0","N","0","0","0","3","36214","0","","1","01","N","N","0","","1","2","2","0","0","N","1645","3","2","0","1","2","0","0","3","0","2","N","","","","","","","","","","","1740","03","03","","N","N"
"0939","2","0","0","0","0","0","0","0","0","4","0","","36","12","2021","2021121329","7","40.1797","-76.1755","0936","08","0","0","0","0","0","1","1","0","","0","0","0","09","1","0","01","0","40 10:46.812","","00","76 10:31.684","0","0","0","0","36408","0","0","0","N","0","0","0","2","36408","0","","1","09","N","N","0","","0","0","0","3","2","","0936","0","2","0","0","0","0","0","2","0","2","N","","","","","","","","","","","","07","","","N","N"
"1037","0","0","0","0","0","0","0","0","0","7","0","","36","08","2021","2021086987","2","39.9068","-76.3284","1024","08","0","0","0","1","0","0","0","0","","0","0","0","10","1","0","00","2","39 54:24.420","5","00","76 19:42.120","9","0","0","1","36206","0","0","0","Y","0","0","0","1","68J01","0","","2","01","N","N","0","","0","0","0","0","0","N","1020","0","1","0","0","0","0","1","1","0","1","N","","","","","","","","","","","1224","03","03","","N","N"
"1519","0","0","0","0","0","0","0","0","0","4","0","","36","08","2021","2021095009","3","40.1761","-76.2249","1514","08","0","0","0","0","0","1","1","0","","0","0","0","15","1","0","01","1","40 10:34.041","1","00","76 13:29.758","0","0","0","0","36218","0","0","0","N","0","0","0","2","36408","0","","1","01","N","N","1","","0","0","0","3","3","N","1514","0","2","0","0","0","0","0","1","1","2","N","","","","","","","","","","","1540","03","","","Y","N"
"1359","1","0","0","0","0","0","0","0","0","5","1","","36","08","2021","2021095006","3","40.1843","-76.1279","1345","08","0","0","0","0","0","0","0","0","","0","1","0","13","1","0","00","0","40 11:03.490","","00","76 07:40.456","9","0","0","0","36218","0","0","0","N","0","0","0","2","36408","0","","1","01","N","N","0","","0","0","0","0","0","","1345","0","2","0","0","0","0","1","1","0","2","N","","","","","","","","","","","","03","","","N","N"
"2039","1","0","0","0","0","0","0","0","0","4","0","","36","09","2021","2021084686","4","39.9706","-76.2732","2033","08","0","1","0","0","0","0","0","0","","0","0","0","20","3","0","01","1","39 58:14.115","1","00","76 16:23.451","0","0","0","0","36240","0","0","0","N","0","0","0","2","36240","0","","1","01","N","N","0","","0","0","1","3","2","Y","2032","0","2","0","0","0","0","0","1","0","2","N","","","","","","","","","","","2105","03","03","","N",""
"0626","1","0","0","0","0","0","0","0","0","4","1","","36","12","2021","2021123265","7","40.0279","-76.2237","0619","08","0","0","0","0","0","1","0","0","","0","1","0","06","3","1","02","1","40 01:40.475","3","00","76 13:25.360","3","0","0","0","36215","0","0","0","N","0","0","0","3","36215","0","","1","09","N","N","0","","1","0","0","0","0","N","0618","1","2","0","0","0","0","0","1","0","2","N","","","","","","","","","","","0656","04","07","","N",""
"2213","2","0","0","0","0","0","0","0","0","5","0","","36","09","2021","2021088031","4","40.0927","-76.2623","2209","08","0","0","0","0","0","0","0","0","","0","0","0","19","2","0","00","0","40 05:33.547","","00","76 15:44.325","9","0","0","0","36101","0","0","0","N","0","0","0","4","36101","0","","2","01","N","N","0","","0","0","0","0","0","","1940","0","2","0","0","0","0","1","3","0","2","N","","","","","","","","","","","","03","","","N","N"
"0201","1","0","0","0","0","0","0","0","0","7","0","","36","08","2021","2021096379","7","40.1427","-76.1977","0155","08","0","0","0","0","0","0","0","0","","0","0","0","01","2","2","00","1","40 08:33.668","2","00","76 11:51.593","3","0","0","0","36238","0","0","0","N","0","0","0","2","36238","0","","3","09","N","N","0","","2","0","0","0","0","N","0155","2","1","0","0","0","0","0","3","0","1","N","","","","","","","","","","","0315","07","","","N","N"
"1554","1","0","0","0","0","0","0","0","0","4","0","","36","08","2021","2021083352","3","40.0224","-76.3628","1552","08","0","1","0","0","0","0","0","0","","0","0","0","15","1","2","00","2","40 01:20.700","6","07","76 21:45.900","3","0","0","0","36223","0","0","0","N","0","0","0","5","36223","1","","1","01","N","N","0","","1","0","1","3","3","Y","1550","2","2","0","0","0","0","0","1","0","2","N","","","","","","","","","","","1700","04","03","","N","N"
"1931","2","0","1","0","0","0","0","0","0","5","0","","36","09","2021","2021089028","1","40.1514","-76.5661","1925","08","0","0","0","0","0","1","0","0","","0","0","0","19","4","1","00","1","40 09:05.130","4","00","76 33:58.056","2","0","0","0","36225","0","0","0","N","0","0","0","5","36505","0","","1","01","N","N","0","","0","1","0","0","0","N","1924","1","3","0","0","0","0","0","2","1","3","N","","","","","","","","","","","2123","04","","","N","N"
"2200","1","0","0","0","0","0","0","0","0","8","0","","36","08","2021","2021095032","3","40.1772","-76.1754","2158","08","0","0","0","0","0","0","0","0","","0","0","0","21","3","1","02","2","40 10:37.874","3","00","76 10:31.304","2","0","0","0","36408","1","0","1","N","1","0","1","2","36408","0","","1","01","N","N","0","","0","1","0","3","2","Y","2157","1","2","0","0","0","0","1","2","0","1","N","","","","","","","","","","","2228","03","","","N","N"
"2042","1","0","0","0","0","0","0","0","0","7","0","","36","08","2021","2021081208","6","40.2281","-76.4642","2024","08","0","0","0","0","0","1","0","0","","0","0","0","20","2","0","00","0","40 13:47.325","","00","76 26:35.299","0","0","0","0","36230","0","0","0","N","0","0","0","1","68T06","0","","3","09","N","N","0","","0","0","0","0","0","","2024","0","1","0","0","0","0","0","1","0","1","N","","","","","","","","","","","","07","","","N","N"
"1858","1","0","0","0","0","0","0","0","0","1","0","","36","08","2021","2021086488","4","40.1791","-76.6006","1852","08","0","0","0","0","0","1","0","0","","0","0","0","18","1","1","06","9","40 10:44.714","","02","76 36:02.026","3","0","0","0","36225","0","0","0","N","0","0","0","2","36505","0","","1","01","N","N","0","","1","0","0","0","0","","1850","1","2","0","0","0","0","0","2","1","2","N","","","","","","","","","","","","03","","","N",""
"1628","1","0","0","0","0","0","0","0","0","1","0","25","36","09","2021","2021088560","3","40.119","-76.5376","1622","08","0","0","0","0","0","2","0","0","","0","0","0","16","1","0","02","0","40 07:08.554","","00","76 32:15.426","0","0","0","0","36225","0","0","0","N","0","0","0","2","36505","0","","1","01","N","N","1","","0","0","0","0","0","","1620","0","2","0","0","0","0","0","2","0","2","Y","2","1","N","N","N","N","N","Y","N","N","","03","03","N","N",""
"0931","1","0","0","0","0","0","0","0","0","4","0","","36","09","2021","2021082642","5","40.1529","-76.6024","0928","08","0","1","0","0","0","0","0","1","","0","0","0","09","1","0","01","1","40 09:10.440","3","00","76 36:08.626","0","0","0","0","36407","0","0","0","N","0","0","0","5","36407","0","","1","01","N","N","0","","0","0","1","3","2","N","0928","0","2","0","0","0","0","0","2","0","2","N","","","","","","","","","","","1003","03","03","","N","N"
"1606","1","0","0","0","0","0","0","0","0","1","0","","36","12","2021","2021123648","3","40.0531","-76.3747","1547","08","0","0","0","0","0","1","0","0","","0","0","0","15","1","0","00","0","40 03:11.175","","00","76 22:28.813","0","0","0","0","36214","0","0","0","N","0","0","0","2","36214","0","","1","01","N","N","1","","0","0","0","0","0","","1540","0","2","0","0","0","0","0","3","0","2","N","","","","","","","","","","","","03","","","N","N"
"1213","2","0","0","0","0","0","0","0","0","4","0","","36","12","2021","2021119768","7","40.0346","-76.3072","1213","08","0","0","0","0","0","0","0","1","","0","0","0","12","1","0","01","0","40 02:04.495","","00","76 18:25.758","0","0","0","0","36301","0","0","0","N","0","0","0","2","36301","0","","1","01","N","N","0","","0","0","0","3","3","","1213","0","2","0","0","0","0","0","3","0","2","N","","","","","","","","","","","","03","03","","N","N"
"1559","1","0","0","0","0","0","0","0","0","4","0","","36","12","2021","2021125061","2","40.0361","-76.344","1552","08","0","0","0","0","0","1","1","0","","0","0","0","15","1","0","00","0","40 02:10.090","","07","76 20:38.530","0","0","0","0","36223","0","0","0","N","0","0","0","2","36223","0","","1","01","N","N","0","","0","0","1","0","0","","1549","0","2","0","0","0","0","0","1","0","2","N","","","","","","","","","","","","03","","","N","N"
"0004","0","0","0","0","0","0","0","0","0","7","0","","36","12","2021","2021126024","7","40.2454","-76.1761","0001","08","0","0","0","0","0","0","0","0","","0","0","0","00","2","0","00","0","40 14:43.364","","00","76 10:32.919","0","0","0","0","36236","0","0","0","N","0","0","0","1","68T06","0","","3","01","N","N","0","","0","0","1","0","0","","0001","0","1","0","0","0","0","0","1","0","1","N","","","","","","","","","","","","03","","","N","N"
"1714","1","0","0","0","0","0","0","0","0","4","0","","36","09","2021","2021085847","2","40.0373","-76.4082","1711","08","1","0","0","0","0","0","0","0","","0","0","0","17","1","2","01","2","40 02:14.323","7","00","76 24:29.659","3","0","0","0","36223","0","0","0","N","0","0","0","2","36223","0","","1","01","N","N","0","","2","0","1","3","2","Y","1708","2","2","0","0","0","0","0","1","0","2","N","","","","","","","","","","","1744","03","","","N",""