"ARRIVAL_TM","AUTOMOBILE_COUNT","BELTED_DEATH_COUNT","BELTED_SUSP_SERIOUS_INJ_COUNT","BICYCLE_COUNT","BICYCLE_DEATH_COUNT","BICYCLE_SUSP_SERIOUS_INJ_COUNT","BUS_COUNT","CHLDPAS_DEATH_COUNT","CHLDPAS_SUSP_SERIOUS_INJ_COUNT","COLLISION_TYPE","COMM_VEH_COUNT","CONS_ZONE_SPD_LIM","COUNTY","CRASH_MONTH","CRASH_YEAR","CRN","DAY_OF_WEEK","DEC_LAT","DEC_LONG","DISPATCH_TM","DISTRICT","DRIVER_COUNT_16YR","DRIVER_COUNT_17YR","DRIVER_COUNT_18YR","DRIVER_COUNT_19YR","DRIVER_COUNT_20YR","DRIVER_COUNT_50_64YR","DRIVER_COUNT_65_74YR","DRIVER_COUNT_75PLUS","EST_HRS_CLOSED","FATAL_COUNT","HEAVY_TRUCK_COUNT","HORSE_BUGGY_COUNT","HOUR_OF_DAY","ILLUMINATION","INJURY_COUNT","INTERSECT_TYPE","LANE_CLOSED","LATITUDE","LN_CLOSE_DIR","LOCATION_TYPE","LONGITUDE","MAX_SEVERITY_LEVEL","MCYCLE_DEATH_COUNT","MCYCLE_SUSP_SERIOUS_INJ_COUNT","MOTORCYCLE_COUNT","MUNICIPALITY","NONMOTR_COUNT","NONMOTR_DEATH_COUNT","NONMOTR_SUSP_SERIOUS_INJ_COUNT","NTFY_HIWY_MAINT","PED_COUNT","PED_DEATH_COUNT","PED_SUSP_SERIOUS_INJ_COUNT","PERSON_COUNT","POLICE_AGCY","POSSIBLE_INJ_COUNT","RDWY_SURF_TYPE_CD","RELATION_TO_ROAD","ROAD_CONDITION","SCH_BUS_IND","SCH_ZONE_IND","SMALL_TRUCK_COUNT","SPEC_JURIS_CD","SUSP_MINOR_INJ_COUNT","SUSP_SERIOUS_INJ_COUNT","SUV_COUNT","TCD_FUNC_CD","TCD_TYPE","TFC_DETOUR_IND","TIME_OF_DAY","TOT_INJ_COUNT","TOTAL_UNITS","UNB_DEATH_COUNT","UNB_SUSP_SERIOUS_INJ_COUNT","UNBELTED_OCC_COUNT","UNK_INJ_DEG_COUNT","UNK_INJ_PER_COUNT","URBAN_RURAL","VAN_COUNT","VEHICLE_COUNT","WORK_ZONE_IND","WORK_ZONE_LOC","WORK_ZONE_TYPE","WORKERS_PRES","WZ_CLOSE_DETOUR","WZ_FLAGGER","WZ_LAW_OFFCR_IND","WZ_LN_CLOSURE","WZ_MOVING","WZ_OTHER","WZ_SHLDER_MDN","ROADWAY_CLEARED","WEATHER1","WEATHER2","WZ_WORKERS_INJ_KILLED","SECONDARY_CRASH","INTERSECTION_RELATED"
"0947","1","0","0","0","0","0","0","0","0","1","0","","36","12","2021","2021123259","4","40.0787","-76.3464","0940","08","0","0","0","0","0","1","0","1","","0","0","0","09","1","0","00","0","40 04:43.298","","00","76 20:46.879","0","0","0","0","36101","0","0","0","N","0","0","0","2","36101","0","","1","01","N","N","0","","0","0","1","3","4","","0938","0","2","0","0","0","0","0","3","0","2","N","","","","","","","","","","","","04","04","","N","N"
"1425","1","0","0","0","0","0","0","0","0","3","0","","36","08","2021","2021077087","2","40.0348","-76.5033","1420","08","0","0","0","1","0","0","0","0","","0","0","0","14","1","0","01","1","40 02:05.449","2","00","76 30:11.780","0","0","0","0","36404","0","0","0","N","0","0","0","3","36404","0","","1","01","N","N","0","","0","0","1","0","0","N","1420","0","2","0","0","0","0","0","3","0","2","N","","","","","","","","","","","0030","03","","","N",""
"0704","0","0","0","0","0","0","0","0","0","7","0","","36","08","2021","2021073211","3","40.0762","-76.2229","0659","08","0","0","0","0","0","0","0","0","","0","0","0","06","1","1","02","1","40 04:34.477","6","00","76 13:22.426","3","0","0","0","36234","0","0","0","N","0","0","0","1","36215","0","","4","01","N","N","0","","1","0","1","3","3","N","0658","1","2","0","0","0","0","0","1","0","1","N","","","","","","","","","","","0742","03","03","","N",""
"1611","1","0","0","0","0","0","0","0","0","1","0","","36","12","2021","2021120482","6","40.1371","-75.8912","1603","08","0","0","1","0","0","0","0","0","","0","0","0","16","4","0","00","0","40 08:13.470","","00","75 53:28.460","0","0","0","0","36203","0","0","0","N","0","0","0","2","68J01","0","","1","01","N","N","0","","0","0","1","0","0","","1600","0","2","0","0","0","0","0","1","0","2","N","","","","","","","","","","","","03","","","N","N"
"1723","2","0","0","0","0","0","0","0","0","1","0","","36","08","2021","2021087714","4","40.0357","-76.2432","1718","08","0","0","0","0","0","1","0","0","","0","0","0","17","1","0","00","1","40 02:08.427","3","00","76 14:35.580","0","0","0","0","36215","0","0","0","N","0","0","0","3","36215","0","","1","09","N","N","1","","0","0","0","0","0","N","1714","0","3","0","0","0","0","0","1","0","3","N","","","","","","","","","","","1824","07","","","N","N"
"2127","1","0","0","0","0","0","0","0","0","98","0","","36","11","2021","2021110393","4","39.9734","-76.247","2121","08","0","0","0","0","0","0","0","0","","0","0","0","20","2","0","00","0","39 58:24.218","","00","76 14:49.124","0","0","0","0","36240","0","0","0","N","0","0","0","1","36240","0","","1","01","N","N","0","","0","0","0","0","0","","2045","0","1","0","0","0","0","0","1","0","1","N","","","","","","","","","","","","03","","","N","N"
"1830","1","0","0","0","0","0","0","0","0","1","0","","36","11","2021","2021112864","5","40.038","-76.3431","1826","08","0","0","0","0","0","0","0","0","","0","0","0","18","2","0","00","1","40 02:16.949","3","00","76 20:35.087","0","0","0","0","36223","0","0","0","N","0","0","0","2","36223","0","","1","01","N","N","0","","0","0","1","0","0","N","1804","0","2","0","0","0","0","0","1","0","2","N","","","","","","","","","","","1905","04","98","","N","N"
"0906","1","0","0","1","0","1","0","0","0","4","0","","36","08","2021","2021076620","1","40.1497","-76.5967","0904","08","0","0","0","0","1","0","0","0","","0","0","0","08","1","1","01","0","40 08:58.988","","00","76 35:47.979","2","0","0","0","36407","1","0","1","N","0","0","0","2","36407","0","","1","01","N","N","0","","0","1","0","3","3","","0806","1","2","0","0","0","0","0","2","0","1","N","","","","","","","","","","","","03","03","","N","N"
"1007","1","0","0","0","0","0","0","0","0","4","1","","36","11","2021","2021119239","3","40.0475","-76.3629","1005","08","0","0","0","0","0","1","1","0","","0","1","0","10","1","0","01","2","40 02:50.996","2","00","76 21:46.341","0","0","0","0","36214","0","0","0","N","0","0","0","2","36214","0","","1","01","N","N","0","","0","0","0","3","2","N","1000","0","2","0","0","0","0","0","3","0","2","N","","","","","","","","","","","1045","03","","","N",""
"2314","0","0","0","0","0","0","0","0","0","1","1","","36","11","2021","2021118294","1","40.0275","-76.2218","2314","08","0","0","0","0","0","0","0","0","","0","1","0","23","3","1","00","1","40 01:38.921","6","00","76 13:18.394","8","0","0","0","36215","0","0","0","N","0","0","0","2","36215","0","","1","01","N","N","0","","0","0","1","9","2","N","2314","1","2","0","0","1","1","0","1","0","2","N","","","","","","","","","","","0002","03","03","","N","N"
"1640","1","0","0","0","0","0","0","0","0","1","0","","36","08","2021","2021072901","5","39.9877","-76.2761","1635","08","0","0","0","0","0","0","0","0","","0","0","0","16","1","0","00","0","39 59:15.602","","00","76 16:33.862","0","0","0","0","36240","0","0","0","N","0","0","0","2","36240","0","","1","01","N","N","1","","0","0","0","3","2","N","1633","0","2","0","0","0","0","0","1","0","2","N","","","","","","","","","","","","03","03","","N","Y"
"0249","1","0","0","0","0","0","0","0","0","7","0","","36","08","2021","2021073887","2","40.0457","-76.2488","0234","08","0","0","0","0","0","0","0","0","","0","0","0","02","3","0","00","1","40 02:44.470","3","08","76 14:55.582","9","0","0","0","36301","0","0","0","N","0","0","0","2","36301","0","","3","01","N","N","0","","0","0","0","0","0","N","0206","0","1","0","0","0","0","2","3","0","1","N","","","","","","","","","","","0355","03","","","N","N"
"2127","1","0","0","0","0","0","0","0","0","4","0","","36","08","2021","2021079514","6","39.9615","-76.1028","2116","08","1","0","0","0","0","0","0","0","","0","0","0","21","2","0","01","1","39 57:41.266","7","00","76 06:10.058","0","0","0","0","36226","0","0","0","N","0","0","0","2","68J01","0","","1","01","N","N","0","","0","0","1","3","3","N","2103","0","2","0","0","0","0","0","1","0","2","N","","","","","","","","","","","2200","03","","","N","N"
"1854","0","0","0","0","0","0","0","0","0","0","0","","36","08","2021","2021075546","7","40.0273","-76.4735","1852","08","0","0","0","0","0","1","0","0","","0","0","0","18","1","1","03","0","40 01:38.371","","00","76 28:24.476","3","0","0","1","36239","0","0","0","N","0","0","0","1","36239","0","","1","01","N","N","0","","1","0","0","0","0","","1852","1","1","0","0","0","0","0","3","0","1","N","","","","","","","","","","","","03","03","","N",""
"2042","1","0","0","0","0","0","0","0","0","1","0","","36","08","2021","2021079541","3","39.8927","-76.019","2031","08","0","0","0","0","0","1","0","0","","0","0","1","20","2","0","00","0","39 53:33.597","","00","76 01:08.574","0","0","0","0","36205","1","0","0","N","0","0","0","2","68J01","0","","1","01","N","N","0","","0","0","0","0","0","","2028","0","2","0","0","0","0","0","1","0","1","N","","","","","","","","","","","","03","","","N","N"
"1127","0","0","0","0","0","0","0","0","0","7","1","","36","11","2021","2021112144","4","39.9255","-76.2804","1117","08","0","0","0","0","0","0","0","0","","0","1","0","11","1","0","00","2","39 55:31.725","5","00","76 16:49.321","0","0","0","0","36229","0","0","0","N","0","0","0","1","68J01","0","","2","01","N","N","0","","0","0","0","0","0","N","1114","0","1","0","0","0","0","0","1","0","1","N","","","","","","","","","","","1528","03","03","","N","N"
"1026","0","0","0","0","0","0","0","0","0","7","0","","36","11","2021","2021111530","2","40.1951","-76.5613","1018","08","0","0","0","0","0","1","0","0","","1","0","0","10","1","0","00","2","40 11:42.258","6","00","76 33:40.536","1","0","0","0","36225","0","0","0","N","0","0","0","1","36505","0","2","4","01","N","N","0","0","0","0","1","0","0","Y","1018","0","1","1","0","1","0","0","2","0","1","N","","","","","","","","","","","1412","03","03","","N","N"
"1748","1","0","0","0","0","0","0","0","0","98","0","","36","11","2021","2021111203","1","40.2458","-76.2179","1740","08","0","0","0","0","0","0","0","0","","0","0","0","17","2","0","00","0","40 14:45.093","","00","76 13:03.556","0","0","0","0","36204","0","0","0","N","0","0","0","1","68T06","0","","1","01","N","N","0","","0","0","0","0","0","","1739","0","1","0","0","0","0","0","1","0","1","N","","","","","","","","","","","","03","03","","N","N"
"1812","2","0","0","0","0","0","0","0","0","4","0","","36","07","2021","2021065034","4","40.0227","-76.0598","1806","08","0","1","0","0","0","1","0","0","","0","0","0","17","1","1","00","1","40 01:21.574","1","07","76 03:35.322","4","0","0","0","36221","0","0","0","N","0","0","0","2","68J01","1","","1","01","N","Y","0","","0","0","0","0","0","N","1757","1","2","0","0","0","0","0","1","0","2","N","","","","","","","","","","","1827","03","","","N","N"
"1110","0","0","0","0","0","0","0","0","0","7","0","","36","11","2021","2021120798","5","40.1377","-76.6139","1105","08","0","0","1","0","0","0","0","0","","0","0","0","11","1","1","00","2","40 08:15.596","5","00","76 36:50.180","2","0","0","0","36237","0","0","0","N","0","0","0","1","36505","0","","5","01","N","N","0","","0","1","1","0","0","Y","1100","1","1","0","1","1","0","0","1","0","1","N","","","","","","","","","","","1600","03","03","","N","N"
"1216","0","0","0","0","0","0","0","0","0","4","0","","36","08","2021","2021081607","7","40.1333","-75.9647","1211","08","0","0","0","0","0","1","0","0","","0","0","0","12","1","2","02","2","40 07:59.728","4","00","75 57:52.783","3","0","0","1","36203","0","0","0","N","0","0","0","3","68J01","0","","1","01","N","N","0","","1","0","1","0","0","N","1207","2","2","0","0","0","1","0","1","0","2","N","","","","","","","","","","","0045","03","03","","N","N"
"1700","1","0","0","1","0","1","0","0","0","4","0","","36","08","2021","2021073900","4","40.036","-76.3292","1646","08","0","0","0","0","1","0","0","0","","0","0","0","16","1","1","01","1","40 02:09.765","2","00","76 19:45.256","2","0","0","0","36220","1","0","1","N","0","0","0","2","36101","0","","1","01","N","N","0","","0","1","0","3","3","N","1641","1","2","0","0","0","0","0","3","0","1","N","","","","","","","","","","","1730","03","03","","N",""
"1359","2","0","0","0","0","0","0","0","0","4","0","","36","11","2021","2021118760","4","40.0437","-76.3913","1350","08","0","0","0","0","0","0","0","0","","0","0","0","13","1","0","01","2","40 02:37.464","2","00","76 23:28.546","0","0","0","0","36214","0","0","0","N","0","0","0","2","36214","0","","1","01","N","N","0","","0","0","0","3","2","Y","1347","0","2","0","0","0","0","0","3","0","2","N","","","","","","","","","","","1440","03","","","N",""
"2222","0","0","0","0","0","0","1","0","0","4","1","","36","11","2021","2021109657","2","40.0459","-76.3072","2211","08","0","0","0","0","0","1","0","0","","0","0","0","22","3","0","01","1","40 02:45.142","1","00","76 18:25.864","0","0","0","0","36301","0","0","0","N","0","0","0","2","36301","0","","1","01","N","N","0","","0","0","1","3","2","Y","2208","0","2","0","0","0","0","0","3","0","2","N","","","","","","","","","","","2246","03","03","","N",""
"1705","2","0","0","0","0","0","0","0","0","4","0","","36","11","2021","2021119974","2","40.0393","-76.1994","1659","08","0","0","0","0","0","1","1","0","","0","0","0","16","4","1","02","1","40 02:21.602","6","00","76 11:57.689","4","0","0","0","36215","0","0","0","N","0","0","0","2","36215","1","","1","01","N","N","0","","0","0","0","3","2","N","1655","1","2","0","0","0","0","0","1","0","2","N","","","","","","","","","","","1753","04","","","N",""
"0810","0","0","0","0","0","0","0","0","0","8","0","","36","08","2021","2021080095","3","40.1","-76.3541","0801","08","0","0","0","0","0","0","0","0","","0","0","0","08","1","1","01","1","40 06:00.025","2","00","76 21:14.898","8","0","0","0","36406","1","0","0","N","1","0","0","2","36506","0","","1","01","N","N","0","","0","0","1","3","2","Y","0800","1","2","0","0","0","1","0","3","0","1","N","","","","","","","","","","","0820","03","03","","N",""
"1314","1","0","0","0","0","0","0","0","0","4","0","","36","08","2021","2021081494","4","40.1378","-76.562","1307","08","0","0","0","0","0","2","0","0","","0","0","0","13","1","0","01","0","40 08:15.923","","00","76 33:43.088","0","0","0","0","36225","0","0","0","N","0","0","0","2","36505","0","","1","01","N","N","0","","0","0","1","3","2","","1306","0","2","0","0","0","0","0","2","0","2","N","","","","","","","","","","","","04","","","N",""
"1730","2","0","0","0","0","0","0","0","0","1","0","","36","08","2021","2021077291","5","40.1843","-76.6009","1725","08","0","0","0","0","1","0","0","0","","0","0","0","17","1","1","01","1","40 11:03.464","2","00","76 36:03.165","4","0","0","0","36225","0","0","0","N","0","0","0","2","36505","1","","1","01","N","N","0","","0","0","0","3","3","N","1724","1","2","0","0","0","0","0","2","0","2","N","","","","","","","","","","","1800","03","","","N",""
"1850","0","0","0","0","0","0","0","0","0","4","0","","36","07","2021","2021062992","7","39.9706","-76.2732","1845","08","0","1","0","0","0","0","0","0","","0","0","0","18","1","4","01","2","39 58:14.115","1","00","76 16:23.451","3","0","0","0","36240","0","0","0","N","0","0","0","6","36240","0","","1","01","N","N","1","","4","0","1","3","2","Y","1843","4","2","0","0","1","0","0","1","0","2","N","","","","","","","","","","","1945","03","03","","N","N"
"0843","1","0","0","0","0","0","0","0","0","7","0","","36","07","2021","2021069448","2","40.1741","-76.596","0838","08","0","0","0","0","0","1","0","0","","0","0","0","08","1","1","00","1","40 10:26.754","3","00","76 35:45.435","2","0","0","0","36225","0","0","0","N","0","0","0","1","36505","0","","4","01","N","N","0","","0","1","0","0","0","N","0835","1","1","0","1","1","0","0","2","0","1","N","","","","","","","","","","","1037","03","03","","N","N"
"2230","1","0","0","0","0","0","0","0","0","98","0","","36","11","2021","2021111284","7","39.947","-76.2616","2214","08","0","0","0","0","0","0","0","0","","0","0","0","22","3","0","00","0","39 56:49.208","","00","76 15:41.851","0","0","0","0","36228","0","0","0","N","0","0","0","1","36228","0","","1","01","N","N","0","","0","0","0","0","0","","2214","0","1","0","0","0","0","0","1","0","1","N","","","","","","","","","","","","03","","","N","N"
"1803","0","0","0","0","0","0","0","0","0","1","0","","36","10","2021","2021111061","5","40.0233","-76.0052","1733","08","0","0","0","0","0","0","0","0","","0","0","0","17","4","0","00","0","40 01:23.760","","00","76 00:18.840","0","0","0","0","36232","0","0","0","N","0","0","0","2","68J01","0","","1","01","N","N","1","","0","0","1","0","0","","1730","0","2","0","0","0","0","0","1","0","2","N","","","","","","","","","","","","03","03","","N","N"
"0539","0","0","0","0","0","0","0","0","0","98","0","","36","08","2021","2021078191","2","40.2493","-76.3501","0527","08","0","0","0","0","0","1","0","0","","0","0","0","05","2","0","00","0","40 14:57.399","","00","76 21:00.481","9","0","0","0","36227","0","0","0","N","0","0","0","1","36506","0","","1","01","N","N","0","","0","0","1","0","0","","0522","0","1","0","0","0","0","1","1","0","1","N","","","","","","","","","","","","03","","","N","N"
"1532","1","0","0","0","0","0","0","0","0","7","0","","36","08","2021","2021078941","5","40.2223","-76.4322","1523","08","0","0","0","0","0","0","1","0","","0","0","0","15","1","1","00","1","40 13:20.391","2","00","76 25:55.910","3","0","0","0","36230","0","0","0","N","0","0","0","1","36410","0","","4","01","N","N","3","","1","0","1","0","0","N","1522","1","5","0","0","0","0","0","1","0","5","N","","","","","","","","","","","1608","03","","","N","N"
"0325","0","0","0","0","0","0","0","0","0","7","0","","36","08","2021","2021075548","1","40.0431","-76.4234","0321","08","0","0","0","0","0","0","0","0","","0","0","0","03","3","0","00","2","40 02:35.191","5","00","76 25:24.398","9","0","0","0","36414","0","0","0","N","0","0","0","1","36239","0","","4","01","N","N","1","","0","0","0","0","0","Y","0321","0","1","0","0","0","0","1","3","0","1","N","","","","","","","","","","","0400","03","03","","N","N"
"1803","0","0","0","0","0","0","0","0","0","8","0","","36","12","2021","2021118455","6","40.1564","-76.3023","1801","08","0","0","1","0","0","0","0","0","","0","0","0","18","3","1","02","2","40 09:22.979","5","00","76 18:08.140","2","0","0","0","36409","1","0","1","N","1","0","1","3","36409","0","","1","01","N","N","0","","0","1","1","0","0","Y","1800","1","2","0","0","0","0","0","3","0","1","N","","","","","","","","","","","1820","03","","","N",""
"1426","1","0","0","0","0","0","0","0","0","1","0","","36","08","2021","2021074074","2","40.1167","-76.4537","1419","08","0","0","0","0","0","0","0","1","","0","0","0","14","1","1","00","1","40 07:00.005","3","00","76 27:13.325","4","0","0","0","36230","0","0","0","N","0","0","0","2","36410","1","","2","01","N","N","0","","0","0","1","0","0","N","1414","1","2","0","0","2","0","0","1","0","2","N","","","","","","","","","","","1500","03","03","","N","N"
"0711","0","0","0","0","0","0","0","0","0","4","0","","36","08","2021","2021078939","2","40.0606","-76.2768","0710","08","0","0","0","0","0","0","0","0","","0","0","0","07","1","0","01","1","40 03:38.263","3","00","76 16:36.564","0","0","0","0","36101","0","0","0","N","0","0","0","2","36101","0","","1","09","N","N","0","","0","0","1","3","2","N","0709","0","2","0","0","0","0","0","3","1","2","N","","","","","","","","","","","0800","07","","","N",""
"1735","2","0","0","0","0","0","0","0","0","1","0","","36","08","2021","2021080279","3","40.1235","-76.4768","1726","08","0","0","0","0","0","2","0","1","","0","0","0","17","1","0","00","0","40 07:24.735","","00","76 28:36.516","0","0","0","0","36230","0","0","0","N","0","0","0","4","36410","0","","1","01","N","N","1","","0","0","1","0","0","","1724","0","4","0","0","0","0","0","1","0","4","N","","","","","","","","","","","","03","03","","N","N"
"1243","1","0","0","0","0","0","0","0","0","1","0","","36","08","2021","2021081003","3","40.0701","-76.3147","1240","08","0","0","0","0","0","1","1","0","","0","0","0","12","1","2","00","0","40 04:12.370","","00","76 18:52.887","8","0","0","0","36101","0","0","0","N","0","0","0","3","36101","0","","1","01","N","N","0","","0","0","1","0","0","","1240","2","2","0","0","1","2","0","3","0","2","N","","","","","","","","","","","","03","03","","N","N"
"0113","1","0","0","0","0","0","0","0","0","4","0","","36","08","2021","2021075002","7","40.04","-76.3016","0112","08","0","0","0","0","0","0","0","0","","0","0","0","01","3","1","01","1","40 02:24.019","7","00","76 18:05.911","3","0","0","1","36301","0","0","0","N","0","0","0","2","36301","0","","1","01","N","N","0","","1","0","0","3","2","Y","0111","1","2","0","0","0","0","0","3","0","2","N","","","","","","","","","","","0149","03","03","","N","N"
"1230","1","0","0","0","0","0","0","0","0","4","0","","36","07","2021","2021061516","6","40.0564","-76.3984","1224","08","0","0","0","0","0","0","0","0","","0","0","0","12","1","0","00","1","40 03:23.200","2","07","76 23:54.200","0","0","0","0","36214","0","0","0","N","0","0","0","2","36214","0","","1","01","N","N","0","","0","0","1","0","0","N","1220","0","2","0","0","0","0","0","3","0","2","N","","","","","","","","","","","1300","03","03","","N","N"
"1253","0","0","0","0","0","0","0","0","0","0","0","","36","07","2021","2021062679","4","40.016","-76.2766","1251","08","0","0","0","0","0","0","1","0","","0","0","0","12","1","1","00","0","40 00:57.711","","00","76 16:35.854","8","0","0","1","36240","0","0","0","N","0","0","0","1","36240","0","","1","01","N","N","0","","0","0","0","0","0","","1251","1","1","0","0","0","1","0","1","0","1","N","","","","","","","","","","","","03","","","N","N"
"2114","1","0","0","0","0","0","0","0","0","1","0","","36","08","2021","2021077363","5","40.2406","-76.1387","2109","08","0","0","0","0","0","0","0","0","","0","0","0","21","2","0","00","0","40 13:56.056","","00","76 07:37.370","9","0","0","0","36405","0","0","0","N","0","0","0","3","68T06","0","","1","01","N","N","0","","0","0","0","0","0","","2109","0","2","0","0","0","0","1","1","0","2","N","","","","","","","","","","","","03","","","N","N"
"0739","1","0","0","0","0","0","0","0","0","4","0","","36","08","2021","2021080790","3","40.0424","-76.2938","0731","08","0","0","0","0","0","0","0","0","","0","0","0","07","1","1","01","0","40 02:32.780","","00","76 17:37.618","3","0","0","0","36301","0","0","0","N","0","0","0","4","36301","0","","1","01","N","N","0","","1","0","1","3","3","","0731","1","2","0","0","0","0","0","3","0","2","N","","","","","","","","","","","","03","03","","N","N"
"1730","2","0","0","0","0","0","0","0","0","4","0","","36","08","2021","2021074063","4","40.0656","-76.3051","1727","08","0","0","0","0","0","0","0","0","","0","0","0","17","1","1","00","0","40 03:55.992","","07","76 18:18.409","3","0","0","0","36101","0","0","0","N","0","0","0","4","36101","0","","1","01","N","N","0","","1","0","0","0","0","","1723","1","2","0","0","0","0","2","3","0","2","N","","","","","","","","","","","","03","","","N","N"
"2326","0","0","0","0","0","0","0","0","0","0","0","","36","08","2021","2021078154","4","40.2179","-76.0721","2318","08","0","0","0","0","0","0","0","0","","0","0","0","23","2","0","00","0","40 13:04.540","","00","76 04:19.560","0","0","0","0","36210","0","0","0","N","0","0","0","1","36210","0","","1","08","N","N","0","","0","0","1","0","0","","2318","0","1","0","0","0","0","0","1","0","1","N","","","","","","","","","","","","07","","","N","N"
"0956","1","0","0","0","0","0","0","0","0","4","0","","36","07","2021","2021061619","7","40.143","-76.3046","0956","08","0","0","0","0","0","0","0","1","","0","0","0","09","1","1","00","2","40 08:34.894","2","07","76 18:16.485","8","0","0","0","36409","0","0","0","N","0","0","0","3","36409","0","","1","01","N","N","0","","0","0","1","0","0","Y","0956","1","2","0","0","0","1","0","3","0","2","N","","","","","","","","","","","1040","03","","","N","N"
"0722","1","0","0","0","0","0","0","0","0","4","0","","36","10","2021","2021111072","4","39.9887","-75.9847","0646","08","0","0","0","0","0","0","0","1","","0","1","0","06","1","1","00","0","39 59:19.266","","00","75 59:04.745","4","0","0","0","36232","0","0","0","N","0","0","0","3","68J01","1","","5","01","N","N","0","","0","0","0","3","3","","0641","1","2","0","0","0","0","0","1","0","2","N","","","","","","","","","","","","03","","","N","Y"
"0728","2","0","0","0","0","0","0","0","0","4","0","","36","07","2021","2021065315","1","40.0731","-76.3083","0721","08","0","0","0","0","0","1","0","0","","0","0","0","07","1","1","01","2","40 04:23.119","4","00","76 18:29.940","4","0","0","0","36101","0","0","0","N","0","0","0","3","36101","1","","1","09","N","N","0","","0","0","0","3","3","Y","0719","1","2","0","0","0","0","0","3","0","2","N","","","","","","","","","","","0810","03","03","","N",""
"1934","0","0","0","0","0","0","0","0","0","7","0","","36","10","2021","2021104402","5","40.144","-76.5984","1913","08","0","0","0","0","0","1","0","0","","1","0","0","19","3","0","00","2","40 08:38.375","5","00","76 35:54.259","1","0","0","0","36407","0","0","0","N","0","0","0","1","36407","0","2","5","01","N","N","0","0","0","0","1","0","0","Y","1911","0","1","1","0","1","0","0","2","0","1","N","","","","","","","","","","","2012","03","03","","N","N"
"1426","1","0","0","0","0","0","0","0","0","1","0","","36","07","2021","2021065836","3","40.1269","-76.2149","1424","08","0","0","0","0","0","1","0","1","","0","0","0","14","1","1","00","1","40 07:36.975","2","00","76 12:53.686","3","0","0","0","36238","0","0","0","N","0","0","0","2","36238","0","","1","01","N","N","0","","1","0","1","0","0","Y","1424","1","2","0","0","0","0","0","3","0","2","N","","","","","","","","","","","1445","03","","","N","Y"
"1716","1","0","0","0","0","0","0","0","0","4","0","","36","07","2021","2021065010","7","40.0008","-76.0798","1656","08","1","0","0","0","0","0","0","0","","0","0","0","16","1","0","01","0","40 00:02.749","","00","76 04:47.208","0","0","0","0","36226","0","0","0","N","0","0","0","3","68J01","0","","1","09","N","N","0","","0","0","0","9","3","","1653","0","2","0","0","0","0","0","1","1","2","N","","","","","","","","","","","","07","","","N",""
"1958","1","0","0","0","0","0","0","0","0","4","0","","36","12","2021","2021120181","2","40.0591","-76.4629","1958","08","0","0","0","0","0","0","0","0","","0","0","0","19","2","0","03","2","40 03:32.814","5","00","76 27:46.398","0","0","0","0","36239","0","0","0","N","0","0","0","2","36239","0","","1","09","N","N","0","","0","0","1","3","3","N","1958","0","2","0","0","0","0","0","3","0","2","N","","","","","","","","","","","2040","07","","","N",""
"0632","1","0","0","0","0","0","0","0","0","4","0","","36","08","2021","2021077496","3","40.0358","-76.3142","0618","08","0","0","0","0","0","1","1","0","","0","0","0","06","1","0","01","1","40 02:08.740","1","00","76 18:51.097","0","0","0","0","36301","0","0","0","N","0","0","0","2","36301","0","","1","01","N","N","0","","0","0","0","0","0","N","0618","0","2","0","0","0","0","0","3","1","2","N","","","","","","","","","","","0630","04","04","","N",""
"2230","1","0","0","0","0","0","0","0","0","1","0","","36","08","2021","2021074661","2","40.0475","-76.3629","2225","08","0","0","0","0","0","0","0","0","","0","0","0","22","2","0","01","1","40 02:50.996","1","00","76 21:46.341","0","0","0","0","36214","0","0","0","N","0","0","0","2","36214","0","","1","01","N","N","1","","0","0","0","3","2","N","2220","0","2","0","0","0","0","0","3","0","2","N","","","","","","","","","","","2300","03","03","","N",""
"1440","2","0","0","0","0","0","0","0","0","4","0","","36","08","2021","2021079689","1","40.0428","-76.2899","1439","08","0","0","0","0","0","1","0","0","","0","0","0","14","1","1","01","1","40 02:34.216","3","00","76 17:23.632","4","0","0","0","36301","0","0","0","N","0","0","0","4","36301","1","","1","01","N","N","0","","0","0","1","3","3","N","1437","1","3","0","0","1","0","0","3","0","3","N","","","","","","","","","","","1528","03","03","","Y",""
"1417","0","0","0","0","0","0","0","0","0","0","0","","36","08","2021","2021080094","6","40.1393","-76.3202","1416","08","0","0","0","0","0","0","1","0","","0","0","0","14","1","0","00","0","40 08:21.574","","00","76 19:12.626","0","0","0","0","36235","0","0","0","N","0","0","0","4","36506","0","","1","01","N","N","1","","0","0","1","0","0","","1415","0","2","0","0","0","0","0","1","0","2","N","","","","","","","","","","","","03","","","N","N"
"1823","0","0","0","0","0","0","0","0","0","7","0","","36","08","2021","2021080347","5","39.9239","-76.3058","1807","08","0","0","0","0","0","0","0","0","","0","0","0","18","1","0","00","0","39 55:26.101","","00","76 18:20.839","0","0","0","0","36224","0","0","0","N","0","0","0","1","68J01","0","","4","01","N","N","0","","0","0","1","0","0","","1806","0","1","0","0","0","0","0","1","0","1","N","","","","","","","","","","","","03","","","N","N"