"ARRIVAL_TM","AUTOMOBILE_COUNT","BELTED_DEATH_COUNT","BELTED_SUSP_SERIOUS_INJ_COUNT","BICYCLE_COUNT","BICYCLE_DEATH_COUNT","BICYCLE_SUSP_SERIOUS_INJ_COUNT","BUS_COUNT","CHLDPAS_DEATH_COUNT","CHLDPAS_SUSP_SERIOUS_INJ_COUNT","COLLISION_TYPE","COMM_VEH_COUNT","CONS_ZONE_SPD_LIM","COUNTY","CRASH_MONTH","CRASH_YEAR","CRN","DAY_OF_WEEK","DEC_LAT","DEC_LONG","DISPATCH_TM","DISTRICT","DRIVER_COUNT_16YR","DRIVER_COUNT_17YR","DRIVER_COUNT_18YR","DRIVER_COUNT_19YR","DRIVER_COUNT_20YR","DRIVER_COUNT_50_64YR","DRIVER_COUNT_65_74YR","DRIVER_COUNT_75PLUS","EST_HRS_CLOSED","FATAL_COUNT","HEAVY_TRUCK_COUNT","HORSE_BUGGY_COUNT","HOUR_OF_DAY","ILLUMINATION","INJURY_COUNT","INTERSECT_TYPE","LANE_CLOSED","LATITUDE","LN_CLOSE_DIR","LOCATION_TYPE","LONGITUDE","MAX_SEVERITY_LEVEL","MCYCLE_DEATH_COUNT","MCYCLE_SUSP_SERIOUS_INJ_COUNT","MOTORCYCLE_COUNT","MUNICIPALITY","NONMOTR_COUNT","NONMOTR_DEATH_COUNT","NONMOTR_SUSP_SERIOUS_INJ_COUNT","NTFY_HIWY_MAINT","PED_COUNT","PED_DEATH_COUNT","PED_SUSP_SERIOUS_INJ_COUNT","PERSON_COUNT","POLICE_AGCY","POSSIBLE_INJ_COUNT","RDWY_SURF_TYPE_CD","RELATION_TO_ROAD","ROAD_CONDITION","SCH_BUS_IND","SCH_ZONE_IND","SMALL_TRUCK_COUNT","SPEC_JURIS_CD","SUSP_MINOR_INJ_COUNT","SUSP_SERIOUS_INJ_COUNT","SUV_COUNT","TCD_FUNC_CD","TCD_TYPE","TFC_DETOUR_IND","TIME_OF_DAY","TOT_INJ_COUNT","TOTAL_UNITS","UNB_DEATH_COUNT","UNB_SUSP_SERIOUS_INJ_COUNT","UNBELTED_OCC_COUNT","UNK_INJ_DEG_COUNT","UNK_INJ_PER_COUNT","URBAN_RURAL","VAN_COUNT","VEHICLE_COUNT","WORK_ZONE_IND","WORK_ZONE_LOC","WORK_ZONE_TYPE","WORKERS_PRES","WZ_CLOSE_DETOUR","WZ_FLAGGER","WZ_LAW_OFFCR_IND","WZ_LN_CLOSURE","WZ_MOVING","WZ_OTHER","WZ_SHLDER_MDN","ROADWAY_CLEARED","WEATHER1","WEATHER2","WZ_WORKERS_INJ_KILLED","SECONDARY_CRASH","INTERSECTION_RELATED"
"1807","1","0","0","0","0","0","0","0","0","7","0","","36","08","2021","2021079994","5","39.8933","-76.0685","1751","08","0","0","0","0","0","0","0","0","","0","0","0","17","1","0","00","2","39 53:35.931","5","00","76 04:06.601","0","0","0","0","36201","0","0","0","N","0","0","0","1","68J01","0","","4","01","N","N","0","","0","0","0","0","0","Y","1750","0","1","0","0","0","0","0","1","0","1","N","","","","","","","","","","","1900","03","03","","N","N"
"1906","1","0","0","0","0","0","0","0","0","7","0","","36","08","2021","2021077833","5","40.0853","-76.3822","1903","08","0","1","0","0","0","0","0","0","","0","0","0","18","1","2","00","0","40 05:06.900","","00","76 22:55.900","3","0","0","0","36214","0","0","0","N","0","0","0","2","36214","0","","2","01","N","N","0","","2","0","0","0","0","","1858","2","1","0","0","0","0","0","3","0","1","N","","","","","","","","","","","","03","","","N","N"
"0649","2","0","0","0","0","0","0","0","0","4","0","","36","12","2021","2021120386","4","40.0505","-76.3517","0638","08","0","0","0","0","0","2","0","0","","0","0","0","06","3","0","00","0","40 03:01.955","","00","76 21:06.118","0","0","0","0","36214","0","0","0","N","0","0","0","2","36214","0","","1","01","N","N","0","","0","0","0","0","0","","0630","0","2","0","0","0","0","0","3","0","2","N","","","","","","","","","","","","03","03","","N","N"
"1200","0","0","1","0","0","0","0","0","0","7","0","","36","11","2021","2021118679","2","40.0378","-76.4421","1157","08","0","0","0","0","0","0","0","1","","0","0","0","11","1","1","00","2","40 02:15.984","6","00","76 26:31.690","2","0","0","0","36414","0","0","0","N","0","0","0","1","36239","0","","5","01","N","N","0","","0","1","1","0","0","Y","1157","1","1","0","0","0","0","0","3","0","1","N","","","","","","","","","","","1240","03","03","","N","N"
"1411","1","0","0","0","0","0","0","0","0","4","0","","36","08","2021","2021078541","7","40.1664","-76.1631","1409","08","0","0","0","0","0","0","0","0","","0","0","0","14","1","0","00","2","40 09:59.105","4","07","76 09:46.998","0","0","0","0","36218","0","0","0","N","0","0","0","5","36408","0","","1","01","N","N","0","","0","0","0","0","0","N","1408","0","2","0","0","0","0","0","1","1","2","N","","","","","","","","","","","1457","03","","","N","N"
"1509","1","0","0","0","0","0","0","0","0","4","1","","36","12","2021","2021117135","4","40.2264","-76.1804","1459","08","0","0","1","0","0","0","0","1","","0","1","0","14","1","0","01","0","40 13:34.893","","00","76 10:49.273","0","0","0","0","36236","0","0","0","N","0","0","0","2","36408","0","","1","01","N","N","0","","0","0","0","3","3","","1457","0","2","0","0","0","0","0","1","0","2","N","","","","","","","","","","","","03","03","","N",""
"1603","1","0","0","0","0","0","0","0","0","6","0","","36","08","2021","2021074662","6","40.0603","-76.4436","1601","08","0","0","0","0","0","0","1","0","","0","0","0","15","1","3","00","1","40 03:37.210","2","00","76 26:36.940","3","0","0","0","36239","0","0","0","N","0","0","0","3","36239","2","","1","01","N","N","0","","1","0","1","0","0","N","1559","3","2","0","0","0","0","0","3","0","2","N","","","","","","","","","","","1650","03","03","","N","N"
"1540","2","0","0","0","0","0","0","0","0","1","0","","36","11","2021","2021119473","4","40.04","-76.287","1536","08","0","0","0","0","1","0","0","0","","0","0","0","15","1","0","00","0","40 02:24.153","","00","76 17:13.221","0","0","0","0","36220","0","0","0","N","0","0","0","3","36101","0","","1","01","N","N","0","","0","0","0","3","2","","1520","0","2","0","0","0","0","0","3","0","2","N","","","","","","","","","","","","03","03","","N","N"
"1735","0","0","0","0","0","0","0","0","0","1","0","","36","08","2021","2021077472","4","40.0299","-76.2948","1735","08","0","0","0","0","0","1","0","0","","0","0","0","17","1","1","01","1","40 01:47.729","4","00","76 17:41.305","3","0","0","0","36301","0","0","0","N","0","0","0","3","36301","0","","1","09","N","N","1","","1","0","1","3","2","N","1734","1","3","0","0","0","0","1","3","1","3","N","","","","","","","","","","","1744","07","07","","N",""
"0723","0","0","0","0","0","0","0","0","0","2","0","","36","08","2021","2021084533","3","40.0377","-76.2496","0704","08","0","0","0","0","0","0","0","0","","0","0","0","07","1","0","00","0","40 02:15.600","","00","76 14:58.570","0","0","0","0","36215","0","0","0","N","0","0","0","2","36215","0","","1","01","N","N","0","","0","0","2","0","0","","0704","0","2","0","0","0","0","0","1","0","2","N","","","","","","","","","","","","03","03","","N","N"
"1514","1","0","0","0","0","0","0","0","0","4","1","","36","12","2021","2021120806","3","40.1843","-76.6009","1509","08","0","0","0","0","0","1","0","0","","0","0","0","15","1","0","01","1","40 11:03.464","5","00","76 36:03.165","0","0","0","0","36225","0","0","0","N","0","0","0","2","36505","0","","1","01","N","N","0","","0","0","0","3","3","N","1507","0","2","0","0","0","0","0","2","1","2","N","","","","","","","","","","","1544","03","","","N",""
"2351","1","0","0","0","0","0","0","0","0","7","0","","36","12","2021","2021121564","1","40.0907","-76.3302","2343","08","0","0","0","0","0","0","0","0","","0","0","0","23","2","2","00","0","40 05:26.691","","00","76 19:48.878","3","0","0","0","36101","0","0","0","N","0","0","0","2","36101","0","","4","01","N","N","0","","2","0","0","0","0","","2341","2","1","0","0","1","0","0","3","0","1","N","","","","","","","","","","","","03","03","","N","N"
"1518","1","0","0","0","0","0","0","0","0","7","0","","36","12","2021","2021121538","2","40.2478","-76.1776","1514","08","1","0","0","0","0","0","0","0","","0","0","0","15","1","0","00","0","40 14:51.981","","00","76 10:39.514","0","0","0","0","36236","0","0","0","N","0","0","0","1","36408","0","","2","09","N","N","0","","0","0","0","0","0","","1514","0","1","0","0","0","0","0","1","0","1","N","","","","","","","","","","","","07","","","N","N"
"1523","1","0","0","0","0","0","0","0","0","2","0","","36","07","2021","2021065153","1","40.0318","-76.2952","1514","08","0","0","0","0","0","1","0","0","","0","0","0","15","1","1","00","2","40 01:54.400","5","00","76 17:42.700","3","0","0","0","36301","0","0","0","N","0","0","0","1","36301","0","","1","01","N","N","1","","1","0","0","0","0","Y","1514","1","2","0","0","1","0","0","3","0","2","N","","","","","","","","","","","1633","03","03","","N","N"
"1744","2","0","0","0","0","0","0","0","0","1","0","","36","11","2021","2021109637","2","39.9903","-76.2757","1743","08","0","0","1","0","0","1","0","0","","0","0","0","17","2","1","00","0","39 59:25.238","","00","76 16:32.564","3","0","0","0","36240","0","0","0","N","0","0","0","4","36240","0","","1","01","N","N","1","","1","0","0","0","0","","1735","1","3","0","0","0","0","0","1","0","3","N","","","","","","","","","","","","03","03","","N","N"
"1608","0","0","0","0","0","0","0","0","0","1","0","","36","11","2021","2021111269","5","40.1163","-76.3209","1556","08","0","0","0","0","0","0","0","0","","0","0","0","15","1","0","00","1","40 06:58.850","3","00","76 19:15.190","0","0","0","0","36101","0","0","0","N","0","0","0","2","36101","0","","1","01","N","N","0","","0","0","2","0","0","N","1552","0","2","0","0","0","0","0","3","0","2","N","","","","","","","","","","","1710","03","03","","N","N"
"0044","2","0","0","0","0","0","0","0","0","5","0","","36","11","2021","2021110749","6","40.0521","-76.309","0034","08","0","0","0","0","0","0","0","0","","0","0","0","00","3","0","00","2","40 03:07.504","4","00","76 18:32.386","0","0","0","0","36301","0","0","0","N","0","0","0","1","36301","0","","1","01","N","N","0","","0","0","0","0","0","Y","0027","0","2","0","0","0","0","0","3","0","2","N","","","","","","","","","","","0127","03","03","","N","N"
"1836","1","0","1","0","0","0","0","0","0","7","0","","36","08","2021","2021082767","7","40.0762","-76.2283","1833","08","0","0","0","0","0","1","0","0","","0","0","0","18","1","1","00","2","40 04:34.450","6","00","76 13:41.940","2","0","0","0","36234","0","0","0","N","0","0","0","1","36215","0","","4","01","N","N","0","","0","1","0","0","0","Y","1827","1","1","0","0","0","0","0","1","0","1","N","","","","","","","","","","","1920","03","03","","N","N"
"0618","2","0","0","0","0","0","0","0","0","6","0","","36","08","2021","2021080274","7","40.0845","-76.212","0606","08","0","0","0","0","0","0","0","0","","0","0","0","06","5","0","00","0","40 05:04.200","","00","76 12:43.300","0","0","0","0","36234","0","0","0","N","0","0","0","1","36215","0","","4","01","N","N","0","","0","0","0","0","0","","0604","0","2","0","0","0","0","0","1","0","2","N","","","","","","","","","","","","03","03","","N","N"
"1744","3","0","0","0","0","0","0","0","0","4","0","","36","08","2021","2021078597","6","40.0393","-76.3617","1738","08","0","0","0","0","0","1","0","0","","0","0","0","17","1","2","00","2","40 02:21.367","4","07","76 21:42.018","8","0","0","0","36214","0","0","0","N","0","0","0","4","36214","0","","1","01","N","N","0","","0","0","0","0","0","N","1735","2","3","0","0","0","2","0","3","0","3","N","","","","","","","","","","","0620","03","03","","N","N"
"1045","1","0","0","0","0","0","0","0","0","6","0","","36","08","2021","2021095044","3","40.1691","-76.1346","1044","08","0","0","0","0","0","0","1","0","","0","0","0","10","1","1","00","2","40 10:08.837","5","00","76 08:04.496","3","0","0","0","36218","0","0","0","N","0","0","0","3","36408","0","","1","01","N","N","0","","1","0","0","0","0","Y","1044","1","3","0","0","0","0","0","1","1","3","N","","","","","","","","","","","1138","03","","","N","N"
"1455","1","0","0","0","0","0","0","0","0","8","0","","36","11","2021","2021118308","4","40.044","-76.3097","1450","08","0","0","0","0","0","1","0","0","","0","0","0","14","1","1","00","2","40 02:38.502","6","00","76 18:34.853","3","0","0","0","36301","1","0","0","N","1","0","0","2","36301","0","","1","01","N","N","0","","1","0","0","0","0","Y","1450","1","2","0","0","0","0","0","3","0","1","N","","","","","","","","","","","1510","03","03","","N","N"
"1350","2","0","0","0","0","0","0","0","0","4","0","","36","12","2021","2021119731","3","40.0752","-76.4081","1344","08","0","0","0","0","0","0","1","0","","0","0","0","13","1","0","01","0","40 04:30.775","","00","76 24:29.114","0","0","0","0","36214","0","0","0","N","0","0","0","2","36214","0","","1","01","N","N","0","","0","0","0","3","3","","1344","0","2","0","0","0","0","0","3","0","2","N","","","","","","","","","","","","03","","","N",""
"1536","2","0","0","0","0","0","0","0","0","4","0","","36","08","2021","2021082582","3","40.0487","-76.2989","1533","08","0","0","0","0","0","0","0","0","","0","0","0","15","1","2","01","2","40 02:55.262","1","00","76 17:55.975","3","0","0","0","36301","0","0","0","N","0","0","0","4","36301","0","","1","01","N","N","0","","2","0","0","3","3","Y","1523","2","2","0","0","1","0","0","3","0","2","N","","","","","","","","","","","1615","03","03","","N",""
"1649","2","0","1","0","0","0","0","0","0","1","0","","36","08","2021","2021079652","2","40.0319","-76.4752","1645","08","0","1","0","0","0","2","0","0","","0","0","0","16","1","4","00","2","40 01:54.740","6","00","76 28:30.776","2","0","0","0","36239","0","0","0","N","0","0","0","4","36239","0","","1","01","N","N","0","","3","1","1","0","0","Y","1645","4","3","0","0","0","0","0","3","0","3","N","","","","","","","","","","","1720","03","03","","N","N"
"1323","1","0","0","0","0","0","0","0","0","4","0","","36","08","2021","2021078069","7","40.0819","-75.9448","1309","08","0","0","0","0","1","0","0","1","","0","0","0","13","1","3","01","2","40 04:54.958","2","00","75 56:41.272","3","0","0","0","36232","0","0","0","N","0","0","0","3","68J01","0","","1","01","N","N","0","","3","0","1","3","3","N","1308","3","2","0","0","0","0","0","1","0","2","N","","","","","","","","","","","1411","03","","","N","N"
"1657","1","0","0","0","0","0","0","0","0","4","0","","36","08","2021","2021081766","1","40.0281","-76.4928","1653","08","0","1","0","0","0","1","0","0","","0","0","0","16","4","1","00","2","40 01:41.000","5","07","76 29:33.900","3","0","0","0","36404","0","0","0","N","0","0","0","2","36404","0","","1","09","N","N","0","","1","0","1","0","0","N","1653","1","2","0","0","0","0","0","3","0","2","N","","","","","","","","","","","1731","04","07","","N","N"
"1717","1","0","0","0","0","0","0","0","0","1","0","","36","08","2021","2021075544","4","40.0552","-76.2681","1716","08","0","0","0","0","1","0","0","0","","0","0","0","17","1","0","00","0","40 03:18.876","","00","76 16:05.096","0","0","0","0","36215","0","0","0","N","0","0","0","2","36215","0","","1","01","N","N","0","","0","0","1","0","0","","1705","0","2","0","0","0","0","0","1","0","2","N","","","","","","","","","","","","04","04","","N","N"
"1929","1","0","0","0","0","0","0","0","0","4","0","","36","07","2021","2021065321","7","40.1513","-76.254","1927","08","0","0","0","0","0","0","0","0","","0","0","0","19","1","1","02","2","40 09:04.854","6","00","76 15:14.333","3","0","0","0","36235","0","0","0","N","0","0","0","4","36506","0","","1","01","N","N","0","","1","0","1","0","0","Y","1925","1","2","0","0","0","0","0","1","0","2","N","","","","","","","","","","","2030","03","","","N",""
"1925","0","0","0","0","0","0","0","0","0","98","0","","36","11","2021","2021112524","6","39.9045","-76.183","1906","08","0","0","0","0","0","0","0","0","","0","0","0","19","2","0","00","0","39 54:16.356","","00","76 10:58.733","0","0","0","0","36229","0","0","0","N","0","0","0","1","68J01","0","","1","01","N","N","1","","0","0","0","0","0","","1902","0","1","0","0","0","0","0","1","0","1","N","","","","","","","","","","","","03","03","","N","N"
"1458","1","0","0","0","0","0","0","0","0","2","0","","36","10","2021","2021111077","5","39.9603","-76.2348","1443","08","0","0","0","0","0","1","0","0","","0","0","0","14","1","0","00","0","39 57:37.220","","03","76 14:05.390","0","0","0","0","36233","0","0","0","N","0","0","0","2","68J01","0","","1","03","N","N","1","","0","0","0","0","0","","1433","0","2","0","0","0","0","0","1","0","2","N","","","","","","","","","","","","03","03","","N","N"
"1727","2","0","0","0","0","0","0","0","0","1","0","","36","07","2021","2021068297","3","40.2312","-76.4333","1727","08","0","0","0","0","1","0","0","0","","0","0","0","17","1","0","00","0","40 13:52.224","","00","76 25:59.950","0","0","0","0","36230","0","0","0","N","0","0","0","4","36410","0","","1","09","N","N","0","","0","0","0","0","0","","1727","0","2","0","0","0","0","0","1","0","2","N","","","","","","","","","","","","03","03","","N","Y"
"2323","1","0","0","0","0","0","0","0","0","7","0","","36","07","2021","2021067145","6","40.1279","-76.117","2318","08","0","0","0","0","0","0","0","0","","0","0","0","23","2","0","00","0","40 07:40.500","","00","76 07:01.300","0","0","0","0","36209","0","0","0","N","0","0","0","1","36415","0","","4","01","N","N","0","","0","0","0","0","0","","2318","0","1","0","0","0","0","0","1","0","1","N","","","","","","","","","","","","03","03","","N","N"
"0108","1","0","0","0","0","0","0","0","0","7","0","","36","08","2021","2021073596","7","40.0231","-76.2758","0101","08","0","0","0","0","0","0","0","0","","0","0","0","01","3","0","00","0","40 01:23.292","","00","76 16:32.774","0","0","0","0","36240","0","0","0","N","0","0","0","1","36240","0","","4","01","N","N","0","","0","0","0","0","0","","0100","0","1","0","0","0","0","0","1","0","1","N","","","","","","","","","","","","03","03","","N","N"
"1544","0","0","0","0","0","0","0","0","0","0","0","","36","08","2021","2021079900","1","40.0232","-76.224","1541","08","0","0","0","0","0","0","0","0","","0","0","0","15","1","0","02","2","40 01:23.419","7","07","76 13:26.470","0","0","0","0","36215","0","0","0","N","0","0","0","1","36215","0","","1","09","N","N","1","","0","0","0","0","0","Y","1539","0","1","0","0","0","0","0","1","0","1","N","","","","","","","","","","","1631","07","04","","N","N"
"1819","0","0","0","0","0","0","0","0","0","1","0","","36","08","2021","2021096501","7","40.0296","-76.2294","1812","08","0","0","0","0","0","0","0","0","","0","0","0","18","1","0","00","1","40 01:46.520","3","00","76 13:45.938","0","0","0","0","36215","0","0","0","N","0","0","0","4","36215","0","","1","01","N","N","0","","0","0","2","0","0","N","1812","0","2","0","0","0","0","0","1","0","2","N","","","","","","","","","","","1908","03","","","N","N"
"1716","1","0","0","0","0","0","0","0","0","4","0","","36","11","2021","2021120047","4","39.9272","-76.1975","1658","08","0","0","0","0","0","0","0","1","","0","0","0","16","2","1","02","2","39 55:38.003","5","00","76 11:50.959","3","0","0","0","36233","0","0","0","N","0","0","0","2","68J01","0","","1","01","N","N","0","","1","0","1","3","3","Y","1656","1","2","0","0","0","0","0","1","0","2","N","","","","","","","","","","","1750","03","","","N","N"
"1509","2","0","0","0","0","0","0","0","0","1","0","","36","08","2021","2021077661","7","40.0768","-76.3375","1509","08","0","0","0","0","0","0","0","0","","0","0","0","14","1","0","02","0","40 04:36.354","","02","76 20:15.318","0","0","0","0","36101","0","0","0","N","0","0","0","2","36101","0","","1","01","N","N","0","","0","0","0","3","2","","1459","0","2","0","0","0","0","0","3","0","2","N","","","","","","","","","","","","04","","","N",""
"1400","1","0","0","0","0","0","0","0","0","1","0","","36","08","2021","2021073201","5","40.0889","-76.305","1356","08","0","0","0","0","0","1","1","0","","0","0","0","13","1","1","03","0","40 05:19.907","","00","76 18:18.172","4","0","0","0","36101","0","0","0","N","0","0","0","3","36101","1","","1","01","N","N","0","","0","0","1","3","2","","1354","1","2","0","0","0","0","0","3","0","2","N","","","","","","","","","","","","03","03","","N",""
"1548","2","0","0","0","0","0","0","0","0","1","0","","36","11","2021","2021120055","6","39.9075","-76.1247","1509","08","0","0","1","0","0","1","0","0","","0","0","0","14","1","0","02","0","39 54:26.851","","00","76 07:28.810","0","0","0","0","36216","0","0","0","N","0","0","0","2","68J01","0","","1","01","N","N","0","","0","0","0","0","0","","1441","0","2","0","0","0","0","0","1","0","2","N","","","","","","","","","","","","03","03","","N","N"
"0136","0","0","0","0","0","0","0","0","0","7","0","","36","12","2021","2021120078","7","40.2311","-76.2915","0119","08","0","0","0","0","0","0","1","0","","0","0","0","01","2","0","00","0","40 13:51.814","","00","76 17:29.569","0","0","0","0","36217","0","0","0","N","0","0","0","1","68J01","0","","4","01","N","N","0","","0","0","0","0","0","","0110","0","1","0","0","0","0","0","1","1","1","N","","","","","","","","","","","","03","","","N","N"
"2058","0","0","0","0","0","0","0","0","0","4","0","","36","08","2021","2021078193","4","40.1432","-76.294","2043","08","0","1","0","0","0","0","0","0","","0","0","0","20","2","0","02","0","40 08:35.390","","00","76 17:38.453","0","0","0","0","36235","0","0","0","N","0","0","0","2","36506","0","","1","09","N","N","0","","0","0","1","3","3","","2043","0","2","0","0","0","0","0","1","1","2","N","","","","","","","","","","","","07","05","","N",""
"1438","0","0","0","0","0","0","0","0","0","7","0","","36","08","2021","2021076053","7","39.9762","-76.2424","1434","08","0","0","0","0","0","0","0","0","","0","0","0","14","1","0","00","2","39 58:34.200","5","00","76 14:32.500","0","0","0","0","36240","0","0","0","N","0","0","0","1","36240","0","","4","01","N","N","1","","0","0","0","0","0","Y","1430","0","1","0","0","0","0","0","1","0","1","N","","","","","","","","","","","1611","03","","","N","N"
"1349","1","0","0","0","0","0","0","0","0","4","0","","36","11","2021","2021119732","5","40.0331","-76.2452","1349","08","0","0","0","0","0","0","0","0","","0","0","0","13","1","0","01","0","40 01:59.084","","00","76 14:42.829","0","0","0","0","36215","0","0","0","N","0","0","0","3","36215","0","","1","01","N","N","1","","0","0","0","3","2","","1348","0","2","0","0","0","0","0","1","0","2","N","","","","","","","","","","","","03","","","N",""
"1602","1","0","0","0","0","0","0","0","0","4","0","","36","12","2021","2021120385","7","40.0508","-76.3528","1554","08","0","0","0","0","0","0","0","0","","0","0","0","15","1","0","02","0","40 03:02.986","","00","76 21:09.991","0","0","0","0","36214","0","0","0","N","0","0","0","2","36214","0","","1","01","Y","N","0","","0","0","0","3","3","","1552","0","2","0","0","0","0","0","3","1","2","N","","","","","","","","","","","","03","03","","N",""
"1403","2","0","0","0","0","0","0","0","0","7","0","","36","09","2021","2021120660","4","40.2317","-76.3339","1403","08","0","0","0","1","0","0","0","0","","0","0","0","14","1","1","00","1","40 13:53.799","4","00","76 20:05.417","3","0","0","0","36217","0","0","0","N","0","0","0","2","68T06","0","","4","09","N","N","0","","1","0","0","0","0","N","1403","1","2","0","0","0","0","0","1","0","2","N","","","","","","","","","","","1415","07","","","N","N"
"1155","0","0","0","0","0","0","0","0","0","4","1","","36","11","2021","2021110126","4","40.1885","-76.3253","1144","08","0","0","0","0","0","1","0","0","","0","1","0","11","1","0","01","2","40 11:18.768","5","00","76 19:30.989","0","0","0","0","36217","0","0","0","N","0","0","0","3","36506","0","","1","01","N","N","1","","0","0","1","3","3","N","1144","0","3","0","0","0","0","0","1","0","3","N","","","","","","","","","","","0030","03","","","N",""
"1639","0","0","0","0","0","0","0","0","0","7","0","","36","07","2021","2021065847","7","40.2555","-76.088","1636","08","0","0","0","0","0","1","0","0","","0","0","0","16","1","0","00","0","40 15:19.979","","00","76 05:16.807","0","0","0","0","36210","0","0","0","N","0","0","0","1","36210","0","","5","01","N","N","1","","0","0","0","0","0","","1636","0","1","0","0","0","0","0","1","0","1","N","","","","","","","","","","","","03","","","N","N"
"0757","1","0","0","0","0","0","0","0","0","4","0","","36","08","2021","2021084107","3","40.161","-76.3857","0748","08","0","0","0","0","0","0","0","0","","0","0","0","07","1","2","02","0","40 09:39.744","","00","76 23:08.664","3","0","0","0","36410","0","0","0","N","0","0","0","2","36410","1","","1","01","N","N","0","","1","0","1","3","3","","0744","2","2","0","0","1","0","0","2","0","2","N","","","","","","","","","","","","03","","","N",""
"1933","0","0","0","0","0","0","0","0","0","7","0","","36","08","2021","2021073218","3","40.2469","-76.2491","1927","08","0","0","0","0","0","0","0","0","","0","0","0","19","1","0","02","2","40 14:48.842","5","00","76 14:56.873","0","0","0","0","36204","0","0","0","N","0","0","0","2","36506","0","","4","01","N","N","0","","0","0","1","0","0","Y","1924","0","1","0","0","0","0","0","1","0","1","N","","","","","","","","","","","2010","03","","","N",""
"1536","1","0","0","0","0","0","0","0","0","4","0","","36","08","2021","2021078451","5","40.1575","-76.2047","1531","08","0","0","0","0","0","0","0","1","","0","0","0","15","1","1","01","0","40 09:27.092","","00","76 12:17.018","8","0","0","0","36402","0","0","0","N","0","0","0","2","36238","0","","1","01","N","N","0","","0","0","1","3","2","","1531","1","2","0","0","0","1","0","2","0","2","N","","","","","","","","","","","","03","","","N","N"
"1828","2","0","0","0","0","0","0","0","0","1","0","","36","08","2021","2021078003","1","40.0526","-76.3231","1821","08","0","0","0","0","0","0","0","0","","0","0","0","18","1","0","00","1","40 03:09.364","4","00","76 19:23.263","0","0","0","0","36301","0","0","0","N","0","0","0","4","36101","0","","1","01","N","N","0","","0","0","1","0","0","N","1817","0","3","0","0","0","0","0","3","0","3","N","","","","","","","","","","","1938","03","","","N","Y"
"1545","1","0","0","0","0","0","0","0","0","1","0","","36","07","2021","2021063977","7","40.0815","-76.3819","1541","08","0","0","0","0","0","0","0","1","","0","0","0","15","1","1","01","1","40 04:53.342","1","00","76 22:54.721","4","0","0","0","36214","0","0","0","N","0","0","0","3","36214","1","","1","01","N","N","0","","0","0","1","3","2","N","1538","1","2","0","0","0","0","0","3","0","2","N","","","","","","","","","","","1620","03","03","","N",""
"1022","0","0","0","0","0","0","0","0","0","5","0","","36","08","2021","2021076593","5","40.1613","-76.1449","1001","08","0","0","0","0","0","1","1","0","","0","0","0","10","1","0","00","0","40 09:40.737","","00","76 08:41.711","0","0","0","0","36238","0","0","0","N","0","0","0","2","36238","0","","1","01","N","N","0","","0","0","2","0","0","","1001","0","2","0","0","0","0","0","3","0","2","N","","","","","","","","","","","","03","","","N","N"
"1948","1","0","0","0","0","0","0","0","0","7","0","","36","08","2021","2021075942","6","40.0953","-76.2918","1943","08","0","0","0","0","0","0","0","0","","0","0","0","19","4","0","00","0","40 05:43.004","","00","76 17:30.629","0","0","0","0","36101","0","0","0","N","0","0","0","1","36101","0","","4","09","N","N","0","","0","0","0","0","0","","1941","0","1","0","0","0","0","0","3","0","1","N","","","","","","","","","","","","04","","","N","N"
"2230","2","0","0","0","0","0","0","0","0","1","0","","36","08","2021","2021078608","7","40.0416","-76.4981","2223","08","0","0","0","0","0","0","0","0","","0","0","0","22","2","0","00","0","40 02:29.763","","03","76 29:53.182","0","0","0","0","36404","0","0","0","N","0","0","0","4","36404","0","","1","09","N","N","0","","0","0","0","0","0","","2223","0","2","0","0","0","0","0","3","0","2","N","","","","","","","","","","","","03","","","N","N"
"1937","1","0","0","0","0","0","0","0","0","4","0","","36","09","2021","2021118296","1","40.0371","-76.4821","1928","08","0","0","0","0","0","1","0","0","","1","0","0","19","2","0","02","2","40 02:13.577","7","00","76 28:55.390","1","1","0","1","36404","0","0","0","N","0","0","0","2","36404","0","2","1","01","N","N","0","0","0","0","0","0","0","Y","1928","0","2","0","0","0","0","0","3","0","2","N","","","","","","","","","","","2249","03","","","N",""
"1246","0","0","0","0","0","0","0","0","0","4","0","","36","08","2021","2021095060","1","40.1896","-76.1619","1236","08","0","0","0","0","0","1","0","0","","0","0","0","12","1","0","01","0","40 11:22.416","","00","76 09:42.861","0","0","0","0","36218","0","0","0","N","0","0","0","3","36408","0","","1","09","N","N","1","","0","0","1","3","3","","1236","0","2","0","0","0","0","0","1","0","2","N","","","","","","","","","","","","07","04","","Y","N"
"1408","0","0","0","0","0","0","0","0","0","1","0","","36","08","2021","2021078007","3","40.0908","-76.1695","1406","08","0","0","0","0","0","1","0","1","","0","0","1","14","1","3","02","1","40 05:27.025","6","00","76 10:10.335","3","0","0","0","36234","2","0","0","N","0","0","0","4","36215","1","","1","01","N","N","0","","2","0","1","0","0","N","1406","3","3","0","0","0","0","0","1","1","2","N","","","","","","","","","","","0100","04","","","N",""
"1514","1","0","0","0","0","0","0","0","0","1","0","","36","08","2021","2021078598","7","40.0385","-76.3562","1514","08","1","0","0","0","0","1","0","0","","0","0","0","15","1","0","00","1","40 02:18.626","4","00","76 21:22.425","0","0","0","0","36223","0","0","0","N","0","0","0","4","36214","0","","1","01","N","N","0","","0","0","1","0","0","N","1514","0","2","0","0","0","0","0","1","0","2","N","","","","","","","","","","","1608","04","","","N","N"