"ARRIVAL_TM","AUTOMOBILE_COUNT","BELTED_DEATH_COUNT","BELTED_SUSP_SERIOUS_INJ_COUNT","BICYCLE_COUNT","BICYCLE_DEATH_COUNT","BICYCLE_SUSP_SERIOUS_INJ_COUNT","BUS_COUNT","CHLDPAS_DEATH_COUNT","CHLDPAS_SUSP_SERIOUS_INJ_COUNT","COLLISION_TYPE","COMM_VEH_COUNT","CONS_ZONE_SPD_LIM","COUNTY","CRASH_MONTH","CRASH_YEAR","CRN","DAY_OF_WEEK","DEC_LAT","DEC_LONG","DISPATCH_TM","DISTRICT","DRIVER_COUNT_16YR","DRIVER_COUNT_17YR","DRIVER_COUNT_18YR","DRIVER_COUNT_19YR","DRIVER_COUNT_20YR","DRIVER_COUNT_50_64YR","DRIVER_COUNT_65_74YR","DRIVER_COUNT_75PLUS","EST_HRS_CLOSED","FATAL_COUNT","HEAVY_TRUCK_COUNT","HORSE_BUGGY_COUNT","HOUR_OF_DAY","ILLUMINATION","INJURY_COUNT","INTERSECT_TYPE","LANE_CLOSED","LATITUDE","LN_CLOSE_DIR","LOCATION_TYPE","LONGITUDE","MAX_SEVERITY_LEVEL","MCYCLE_DEATH_COUNT","MCYCLE_SUSP_SERIOUS_INJ_COUNT","MOTORCYCLE_COUNT","MUNICIPALITY","NONMOTR_COUNT","NONMOTR_DEATH_COUNT","NONMOTR_SUSP_SERIOUS_INJ_COUNT","NTFY_HIWY_MAINT","PED_COUNT","PED_DEATH_COUNT","PED_SUSP_SERIOUS_INJ_COUNT","PERSON_COUNT","POLICE_AGCY","POSSIBLE_INJ_COUNT","RDWY_SURF_TYPE_CD","RELATION_TO_ROAD","ROAD_CONDITION","SCH_BUS_IND","SCH_ZONE_IND","SMALL_TRUCK_COUNT","SPEC_JURIS_CD","SUSP_MINOR_INJ_COUNT","SUSP_SERIOUS_INJ_COUNT","SUV_COUNT","TCD_FUNC_CD","TCD_TYPE","TFC_DETOUR_IND","TIME_OF_DAY","TOT_INJ_COUNT","TOTAL_UNITS","UNB_DEATH_COUNT","UNB_SUSP_SERIOUS_INJ_COUNT","UNBELTED_OCC_COUNT","UNK_INJ_DEG_COUNT","UNK_INJ_PER_COUNT","URBAN_RURAL","VAN_COUNT","VEHICLE_COUNT","WORK_ZONE_IND","WORK_ZONE_LOC","WORK_ZONE_TYPE","WORKERS_PRES","WZ_CLOSE_DETOUR","WZ_FLAGGER","WZ_LAW_OFFCR_IND","WZ_LN_CLOSURE","WZ_MOVING","WZ_OTHER","WZ_SHLDER_MDN","ROADWAY_CLEARED","WEATHER1","WEATHER2","WZ_WORKERS_INJ_KILLED","SECONDARY_CRASH","INTERSECTION_RELATED"
"2056","0","0","0","0","0","0","0","0","0","4","0","","36","11","2021","2021110771","7","40.1816","-76.1573","2052","08","0","0","0","0","0","0","0","0","","0","0","0","20","3","1","00","0","40 10:53.610","","00","76 09:26.300","4","0","0","0","36408","0","0","0","N","0","0","0","1","36408","1","","6","01","N","N","2","","0","0","0","0","0","","2051","1","2","0","0","1","0","0","2","0","2","N","","","","","","","","","","","","03","","","N","N"
"1701","1","0","0","0","0","0","0","0","0","7","0","","36","07","2021","2021063812","3","40.0683","-76.3151","1644","08","0","0","0","0","0","0","0","0","","0","0","0","16","1","0","00","1","40 04:05.900","3","00","76 18:54.300","0","0","0","0","36101","0","0","0","N","0","0","0","2","36101","0","","3","01","N","N","0","","0","0","0","0","0","N","1639","0","1","0","0","0","0","0","3","0","1","N","","","","","","","","","","","1800","03","03","","N","N"
"1608","1","0","0","0","0","0","0","0","0","4","0","","36","11","2021","2021112448","1","40.0377","-76.2689","1604","08","0","0","0","0","0","1","0","0","","0","0","0","16","1","1","00","1","40 02:15.604","3","00","76 16:08.016","4","0","0","0","36215","0","0","0","N","0","0","0","3","36215","1","","1","01","N","N","0","","0","0","1","0","0","N","1602","1","2","0","0","0","0","0","1","0","2","N","","","","","","","","","","","1615","03","","","N","N"
"1117","1","0","0","0","0","0","0","0","0","1","0","","36","08","2021","2021073217","3","40.1535","-76.3695","1117","08","0","0","0","0","0","1","0","0","","0","0","0","11","1","3","02","0","40 09:12.525","","00","76 22:10.135","3","0","0","0","36227","0","0","0","N","0","0","0","4","36506","0","","1","01","N","N","0","","3","0","1","0","0","","1117","3","2","0","0","0","0","0","1","0","2","N","","","","","","","","","","","","03","","","N",""
"1819","2","0","0","0","0","0","0","0","0","4","0","","36","12","2021","2021119736","2","40.0403","-76.245","1815","08","0","0","0","0","0","0","0","1","","0","0","0","18","3","1","07","2","40 02:25.231","7","00","76 14:41.992","3","0","0","0","36215","0","0","0","N","0","0","0","2","36215","0","","1","09","N","N","0","","1","0","0","0","0","Y","1813","1","2","0","0","0","0","0","1","0","2","N","","","","","","","","","","","1912","07","07","","N",""
"1543","2","0","0","0","0","0","0","0","0","4","0","","36","11","2021","2021120799","3","40.1521","-76.5917","1538","08","0","0","1","0","0","0","0","0","","0","0","0","15","1","0","00","1","40 09:07.720","4","07","76 35:30.250","0","0","0","0","36225","0","0","0","N","0","0","0","2","36505","0","","1","01","N","N","0","","0","0","0","0","0","N","1535","0","2","0","0","0","0","0","2","0","2","N","","","","","","","","","","","1555","03","03","","N","N"
"1600","2","0","0","0","0","0","0","0","0","1","0","","36","08","2021","2021078754","7","39.9847","-76.3133","1600","08","0","0","0","1","0","0","0","0","","0","0","0","16","1","0","02","0","39 59:04.794","","00","76 18:47.799","0","0","0","0","36228","0","0","0","N","0","0","0","2","36228","0","","1","01","N","N","0","","0","0","0","0","0","","1600","0","2","0","0","0","0","0","1","0","2","N","","","","","","","","","","","","03","","","N","N"
"1244","1","0","0","0","0","0","0","0","0","7","0","","36","12","2021","2021120801","5","40.1324","-76.5771","1244","08","0","0","1","0","0","0","0","0","","0","0","0","12","1","0","00","0","40 07:56.488","","00","76 34:37.701","0","0","0","0","36225","0","0","0","N","0","0","0","1","36505","0","","5","09","N","N","0","","0","0","0","0","0","","1240","0","1","0","0","0","0","0","2","0","1","N","","","","","","","","","","","","03","03","","N","N"
"0920","1","0","0","0","0","0","0","0","0","1","0","","36","08","2021","2021079647","2","40.0509","-76.5164","0912","08","0","0","0","0","0","0","0","0","","0","0","0","09","1","1","00","2","40 03:03.179","5","00","76 30:58.958","3","0","0","0","36239","0","0","0","N","0","0","0","2","36239","0","","1","01","N","N","1","","1","0","0","0","0","Y","0912","1","2","0","0","0","0","1","3","0","2","N","","","","","","","","","","","1000","03","","","N","N"
"1645","1","0","0","0","0","0","0","0","0","7","0","","36","11","2021","2021120194","4","40.0394","-76.3072","1640","08","0","0","0","0","0","0","0","0","","0","0","0","16","1","2","00","2","40 02:21.774","4","00","76 18:25.875","8","0","0","0","36301","0","0","0","N","0","0","0","2","36301","0","","5","01","N","N","0","","0","0","0","0","0","Y","1640","2","1","0","0","2","2","0","3","0","1","N","","","","","","","","","","","1645","03","","","Y","N"
"2049","2","0","0","0","0","0","0","0","0","1","0","","36","08","2021","2021075074","3","40.1767","-76.1747","2049","08","0","0","0","1","0","0","0","0","","0","0","0","20","3","0","00","1","40 10:36.034","4","00","76 10:28.968","0","0","0","0","36408","0","0","0","N","0","0","0","3","36408","0","","1","09","N","N","0","","0","0","0","0","0","N","2045","0","2","0","0","0","0","0","2","0","2","N","","","","","","","","","","","2119","07","07","","N","N"
"1647","1","0","0","0","0","0","0","0","0","0","0","","36","08","2021","2021078190","2","40.0758","-76.1911","1642","08","0","0","0","0","0","1","0","0","","0","0","0","16","1","1","00","2","40 04:32.800","6","00","76 11:27.910","2","0","1","1","36234","0","0","0","N","0","0","0","2","36215","0","","1","01","N","N","0","","0","1","0","0","0","Y","1641","1","2","0","0","0","0","0","1","0","2","N","","","","","","","","","","","1711","03","03","","N","N"
"0042","1","0","0","0","0","0","0","0","0","5","0","","36","08","2021","2021073210","3","40.0175","-76.1653","0035","08","0","0","0","0","0","2","0","0","","0","0","0","00","3","0","00","0","40 01:03.035","","00","76 09:55.081","0","0","0","0","36215","0","0","0","N","0","0","0","2","36215","0","","1","01","N","N","1","","0","0","0","0","0","","0033","0","2","0","0","0","0","0","1","0","2","N","","","","","","","","","","","","03","03","","N","Y"
"1755","1","0","0","0","0","0","0","0","0","4","0","","36","12","2021","2021120178","6","39.9826","-76.4633","1755","08","0","0","0","0","1","0","0","0","","0","1","0","17","2","2","01","1","39 58:57.270","5","00","76 27:47.792","3","0","0","0","36223","0","0","0","N","0","0","0","4","36223","0","","1","01","N","N","0","","2","0","0","3","3","N","1752","2","2","0","0","0","0","0","1","0","2","N","","","","","","","","","","","1859","04","98","","N",""
"2210","1","0","0","0","0","0","0","0","0","7","0","","36","11","2021","2021112628","5","40.1058","-76.4377","2201","08","0","0","0","0","0","0","0","0","","0","0","0","22","2","1","00","2","40 06:20.810","6","00","76 26:15.750","3","0","0","0","36214","0","0","0","N","0","0","0","1","36214","0","","4","09","N","N","0","","1","0","0","0","0","Y","2200","1","1","0","0","0","0","0","3","0","1","N","","","","","","","","","","","2310","07","04","","N","N"
"1956","0","0","0","0","0","0","0","0","0","7","0","","36","11","2021","2021112449","2","40.0997","-76.2439","1952","08","0","0","0","1","0","0","0","0","","0","0","0","19","2","0","00","0","40 05:58.740","","00","76 14:37.960","0","0","0","0","36234","0","0","0","N","0","0","0","1","36215","0","","4","01","N","N","0","","0","0","1","0","0","","1949","0","1","0","0","0","0","0","1","0","1","N","","","","","","","","","","","","03","03","","N","N"
"0526","1","0","0","0","0","0","0","0","0","98","0","","36","11","2021","2021111116","3","39.9101","-76.243","0511","08","0","0","0","0","0","1","0","0","","0","0","0","05","2","0","00","1","39 54:36.483","1","00","76 14:34.849","0","0","0","0","36229","0","0","0","N","0","0","0","1","68J01","0","","1","01","N","N","0","","0","0","0","0","0","N","0505","0","1","0","0","0","0","0","1","0","1","N","","","","","","","","","","","0600","03","03","","N","N"
"1510","1","0","0","0","0","0","0","0","0","4","0","","36","11","2021","2021110088","6","40.016","-76.2766","1500","08","0","0","0","0","1","0","1","0","","0","0","0","14","1","0","03","2","40 00:57.491","5","00","76 16:35.740","0","0","0","0","36240","0","0","0","N","0","0","0","2","36240","0","","1","01","N","N","0","","0","0","1","3","3","Y","1458","0","2","0","0","1","0","0","1","0","2","N","","","","","","","","","","","1625","03","03","","N","N"
"0426","1","0","0","0","0","0","0","0","0","1","0","","36","07","2021","2021095020","1","40.1911","-76.1876","0424","08","0","0","0","0","0","0","0","0","","0","0","0","04","3","0","00","0","40 11:27.800","","00","76 11:15.400","0","0","0","0","36408","0","0","0","N","0","0","0","1","36408","0","","6","01","N","N","0","","0","0","1","0","0","","0424","0","2","0","0","0","0","0","2","0","2","N","","","","","","","","","","","","03","03","","N","N"
"1819","0","0","0","0","0","0","0","0","0","0","0","","36","07","2021","2021066046","6","40.1826","-76.6003","1816","08","0","0","0","0","0","0","0","0","","0","0","0","17","8","1","00","1","40 10:57.296","3","00","76 36:01.021","3","0","0","0","36225","0","0","0","N","0","0","0","2","36505","0","","1","09","N","N","0","","1","0","1","0","0","N","1730","1","1","0","0","0","0","0","2","0","1","N","","","","","","","","","","","1837","07","08","","N","N"
"0835","2","0","0","0","0","0","0","0","0","1","0","","36","11","2021","2021111124","4","40.2245","-76.2959","0831","08","0","0","0","0","0","0","1","1","","0","0","0","08","1","0","00","2","40 13:28.109","4","00","76 17:45.073","0","0","0","0","36217","0","0","0","N","0","0","0","2","68J01","0","","1","01","N","N","0","","0","0","0","0","0","N","0828","0","2","0","0","1","0","0","1","0","2","N","","","","","","","","","","","0005","03","","","N","N"
"1230","2","0","0","0","0","0","0","0","0","4","0","","36","08","2021","2021080090","7","40.0348","-76.3245","1226","08","0","0","1","0","0","0","0","0","","0","0","0","12","1","4","02","1","40 02:05.326","2","00","76 19:28.020","3","0","0","0","36220","0","0","0","N","0","0","0","7","36101","3","","1","01","N","N","0","","1","0","0","3","3","N","1224","4","2","0","0","0","0","0","3","0","2","N","","","","","","","","","","","1240","03","","","N",""
"1113","1","0","0","0","0","0","0","0","0","1","0","","36","08","2021","2021079507","5","40.2051","-76.3438","1100","08","0","0","0","0","0","0","0","1","","0","0","0","11","1","0","00","2","40 12:18.480","5","00","76 20:37.800","0","0","0","0","36217","0","0","0","N","0","0","0","1","68J01","0","","1","01","N","N","1","","0","0","0","0","0","N","1108","0","2","0","0","0","0","0","1","0","2","N","","","","","","","","","","","1157","03","","","N","N"
"1804","2","0","0","0","0","0","0","0","0","1","0","","36","08","2021","2021073219","5","40.1559","-76.3435","1802","08","0","0","0","0","0","0","0","0","","0","0","0","18","1","0","01","1","40 09:21.372","4","00","76 20:36.769","0","0","0","0","36227","0","0","0","N","0","0","0","2","36506","0","","1","01","N","N","0","","0","0","0","0","0","N","1802","0","2","0","0","0","0","0","1","0","2","N","","","","","","","","","","","1838","03","","","N",""
"1504","2","0","0","0","0","0","0","0","0","4","0","","36","11","2021","2021115538","5","40.033","-76.3176","1459","08","0","0","0","0","0","0","1","0","","0","0","0","14","1","2","02","0","40 01:58.771","","00","76 19:03.477","3","0","0","0","36301","0","0","0","N","0","0","0","2","36301","0","","1","01","N","N","0","","2","0","0","0","0","","1458","2","2","0","0","0","0","0","3","0","2","N","","","","","","","","","","","","04","03","","N","N"
"2205","1","0","0","0","0","0","0","0","0","4","0","","36","08","2021","2021075549","1","40.0375","-76.4466","2201","08","0","0","0","0","0","1","0","0","","0","0","0","22","3","1","01","2","40 02:15.040","5","00","76 26:47.880","2","0","1","1","36239","0","0","0","N","0","0","0","2","36239","0","","1","01","N","N","0","","0","1","0","0","0","Y","2200","1","2","0","0","0","0","0","3","0","2","N","","","","","","","","","","","2233","03","","","N",""
"0630","1","0","0","0","0","0","0","0","0","6","0","","36","08","2021","2021073214","4","40.1351","-76.0924","0620","08","0","0","0","0","0","0","0","0","","0","0","0","06","1","1","00","2","40 08:06.188","3","00","76 05:32.808","3","0","0","0","36209","0","0","0","N","0","0","0","2","36415","0","","1","01","N","N","0","","1","0","1","0","0","N","0620","1","2","0","0","0","0","0","1","0","2","N","","","","","","","","","","","0715","03","03","","N","N"
"1910","1","0","0","0","0","0","0","0","0","7","0","","36","08","2021","2021079430","3","40.1183","-76.457","1854","08","0","0","0","0","1","0","0","0","","0","0","0","18","1","0","00","0","40 07:05.904","","00","76 27:25.166","0","0","0","0","36230","0","0","0","N","0","0","0","1","36410","0","","4","09","N","N","0","","0","0","0","0","0","","1854","0","1","0","0","0","0","0","1","0","1","N","","","","","","","","","","","","07","07","","N","N"
"1752","2","0","0","0","0","0","0","0","0","2","0","","36","11","2021","2021110146","3","40.0296","-76.3231","1739","08","0","0","1","0","0","0","0","0","","0","0","0","17","3","2","01","1","40 01:46.727","3","00","76 19:23.150","3","0","0","0","36301","0","0","0","N","0","0","0","4","36301","0","","1","01","N","N","0","","2","0","0","3","2","N","1737","2","2","0","0","0","0","0","3","0","2","N","","","","","","","","","","","1839","03","03","","N","N"
"0850","2","0","0","0","0","0","0","0","0","1","0","","36","07","2021","2021062230","2","40.1449","-76.3619","0850","08","0","0","0","0","2","0","0","0","","0","0","0","08","1","0","00","0","40 08:41.742","","00","76 21:42.955","0","0","0","0","36227","0","0","0","N","0","0","0","2","36506","0","","1","01","N","N","0","","0","0","0","0","0","","0850","0","2","0","0","0","0","0","1","0","2","N","","","","","","","","","","","","03","","","N","Y"
"1656","2","0","0","0","0","0","0","0","0","2","0","","36","11","2021","2021105294","2","40.1484","-76.5994","1655","08","0","0","0","1","0","0","0","0","","0","0","0","16","1","0","01","1","40 08:54.407","7","00","76 35:58.012","0","0","0","0","36407","0","0","0","N","0","0","0","3","36407","0","","1","01","N","N","0","","0","0","0","3","3","Y","1655","0","3","0","0","0","0","0","2","1","3","N","","","","","","","","","","","1530","03","03","","N","N"
"2328","2","0","0","0","0","0","0","0","0","7","0","","36","11","2021","2021110395","3","40.031","-76.3093","2328","08","0","0","1","0","0","0","0","0","","0","0","0","23","3","0","00","0","40 01:51.698","","00","76 18:33.378","0","0","0","0","36301","1","0","0","N","0","0","0","2","36301","0","","2","01","N","N","0","","0","0","0","0","0","","2328","0","2","0","0","0","0","0","3","0","2","N","","","","","","","","","","","","03","03","","N","N"
"2050","2","0","0","0","0","0","0","0","0","4","0","","36","08","2021","2021079879","6","40.245","-76.0465","2039","08","0","0","0","0","0","0","0","0","","0","0","0","20","3","1","01","1","40 14:41.925","4","00","76 02:47.244","3","0","0","0","36401","0","0","0","N","0","0","0","4","36408","0","","1","01","N","N","0","","1","0","0","3","2","Y","2037","1","2","0","0","0","0","0","1","0","2","N","","","","","","","","","","","2140","03","03","","N","N"
"1528","0","0","0","0","0","0","0","0","0","8","0","","36","12","2021","2021117457","4","40.0365","-76.3043","1517","08","0","0","0","0","0","0","1","0","","0","0","0","15","1","1","01","1","40 02:11.266","4","00","76 18:15.588","8","0","0","0","36301","1","0","0","N","1","0","0","2","36301","0","","1","01","N","N","1","","0","0","0","0","0","Y","1515","1","2","0","0","0","1","0","3","0","1","N","","","","","","","","","","","1557","03","03","","N",""
"1114","0","0","0","0","0","0","0","0","0","1","0","","36","08","2021","2021076590","3","40.1864","-76.1862","1110","08","0","0","0","0","0","1","0","0","","0","0","0","11","1","0","00","0","40 11:11.161","","00","76 11:10.173","0","0","0","0","36408","0","0","0","N","0","0","0","2","36408","0","","1","01","N","N","0","","0","0","1","0","0","","1110","0","2","0","0","0","0","0","2","1","2","N","","","","","","","","","","","","03","","","N","N"
"0551","1","0","0","0","0","0","0","0","0","1","0","","36","08","2021","2021075223","4","40.0607","-76.3601","0541","08","0","0","0","0","0","1","0","0","","0","0","0","05","1","0","00","0","40 03:38.658","","00","76 21:36.216","0","0","0","0","36214","0","0","0","N","0","0","0","2","36214","0","","1","01","N","N","1","","0","0","0","0","0","","0540","0","2","0","0","0","0","0","3","0","2","N","","","","","","","","","","","","03","03","","N","N"
"0802","2","0","0","0","0","0","0","0","0","1","0","","36","08","2021","2021074825","4","40.0429","-76.3046","0800","08","0","0","0","0","0","0","0","0","","0","0","0","07","1","0","01","1","40 02:34.397","4","00","76 18:16.415","9","0","0","0","36301","0","0","0","N","0","0","0","4","36301","0","","1","01","N","N","0","","0","0","1","3","2","N","0757","0","3","0","0","0","0","1","3","0","3","N","","","","","","","","","","","0831","03","04","","N",""
"1130","1","0","0","0","0","0","0","0","0","4","0","","36","11","2021","2021118626","2","40.1873","-76.1844","1125","08","0","0","0","0","0","1","0","0","","0","0","0","11","1","0","01","1","40 11:14.331","1","00","76 11:03.790","0","0","0","0","36408","0","0","0","N","0","0","0","2","36408","0","","1","01","N","N","1","","0","0","0","3","2","N","1125","0","2","0","0","0","0","0","2","0","2","N","","","","","","","","","","","1157","03","03","","N","N"
"0920","2","0","0","0","0","0","0","0","0","4","0","","36","11","2021","2021118610","2","40.0384","-76.3013","0901","08","0","0","0","0","0","0","0","2","","0","0","0","09","1","0","01","0","40 02:18.358","","00","76 18:04.767","0","0","0","0","36301","0","0","0","N","0","0","0","2","36301","0","","1","01","N","N","0","","0","0","0","3","2","","0901","0","2","0","0","0","0","0","3","0","2","N","","","","","","","","","","","","03","03","","N","N"
"1750","2","0","0","0","0","0","0","0","0","6","0","","36","08","2021","2021082539","6","40.0591","-76.4628","1718","08","0","0","0","0","0","1","0","0","","0","0","0","17","1","0","00","0","40 03:32.906","","00","76 27:46.020","0","0","0","0","36239","0","0","0","N","0","0","0","3","36239","0","","1","09","N","N","0","","0","0","1","0","0","","1718","0","3","0","0","0","0","0","3","0","3","N","","","","","","","","","","","","07","","","N","N"
"2344","0","0","0","0","0","0","0","0","0","98","0","","36","08","2021","2021074567","6","39.9839","-76.1156","2335","08","0","0","0","1","0","0","0","0","","0","0","0","23","2","0","02","2","39 59:01.867","7","00","76 06:56.313","0","0","0","0","36226","0","0","0","N","0","0","0","2","68J01","0","","1","01","N","N","1","","0","0","1","0","0","Y","2328","0","2","0","0","0","0","0","1","0","2","N","","","","","","","","","","","0100","03","","","N","N"
"0857","1","0","1","0","0","0","0","0","0","7","0","","36","08","2021","2021076684","3","40.2769","-76.0943","0852","08","0","0","0","0","0","0","0","0","","0","0","0","08","1","1","00","2","40 16:36.900","4","00","76 05:39.300","2","0","0","0","36236","0","0","0","N","0","0","0","1","36408","0","","4","09","N","N","0","","0","1","0","0","0","Y","0850","1","1","0","0","0","0","0","1","0","1","N","","","","","","","","","","","0950","03","","","N","N"
"2321","0","0","0","0","0","0","0","0","0","6","0","","36","08","2021","2021076892","5","40.0996","-76.0852","2315","08","0","0","0","0","0","0","0","0","","0","0","0","23","3","0","00","0","40 05:58.600","","00","76 05:06.700","0","0","0","0","36415","0","0","0","N","0","0","0","1","36415","0","","6","01","N","N","0","","0","0","2","0","0","","2313","0","2","0","0","1","0","0","1","0","2","N","","","","","","","","","","","","03","03","","N","N"
"0651","0","0","0","0","0","0","0","0","0","8","0","","36","07","2021","2021080027","7","39.9841","-76.2913","0642","08","0","0","0","0","0","1","0","0","","0","0","0","06","1","1","02","0","39 59:02.813","","00","76 17:28.847","3","0","0","0","36240","1","0","0","N","1","0","0","2","68J01","0","","1","01","N","N","1","","1","0","0","0","0","","0633","1","2","0","0","0","0","0","1","0","1","N","","","","","","","","","","","","03","03","","N","N"
"1730","1","0","0","0","0","0","0","0","0","5","0","","36","07","2021","2021071390","7","40.0703","-76.3013","1730","08","0","0","0","0","0","1","0","0","","0","0","0","17","1","0","01","0","40 04:12.969","","00","76 18:04.751","0","0","0","0","36101","0","0","0","N","0","0","0","2","36101","0","","1","01","N","N","1","","0","0","0","0","0","","1730","0","2","0","0","0","0","0","3","0","2","N","","","","","","","","","","","","03","03","","N","N"
"1759","1","0","0","0","0","0","0","0","0","1","0","","36","07","2021","2021074533","6","40.1529","-75.899","1718","08","0","0","0","0","0","1","1","0","","0","0","0","17","1","0","00","0","40 09:10.357","","00","75 53:56.277","0","0","0","0","36203","0","0","0","N","0","0","0","4","68J01","0","","1","01","N","N","0","","0","0","2","3","3","","1710","0","3","0","0","0","0","0","1","0","3","N","","","","","","","","","","","","03","","","N","N"
"0300","1","0","0","0","0","0","0","0","0","7","0","","36","11","2021","2021117858","4","40.0985","-76.3289","0256","08","0","0","0","0","0","0","0","0","","0","0","0","02","2","1","00","1","40 05:54.765","1","00","76 19:43.972","4","0","0","0","36101","0","0","0","N","0","0","0","1","36101","1","","5","01","N","N","0","","0","0","0","0","0","N","0254","1","1","0","0","0","0","0","3","0","1","N","","","","","","","","","","","0030","03","03","","N","N"
"1822","1","0","0","0","0","0","0","0","0","1","0","","36","12","2021","2021119970","7","40.0705","-76.3325","1813","08","0","0","1","0","0","0","0","0","","0","0","0","18","3","0","00","1","40 04:13.963","2","00","76 19:56.983","0","0","0","0","36101","0","0","0","N","0","0","0","2","36101","0","","1","01","N","N","0","","0","0","1","0","0","Y","1811","0","2","0","0","0","0","0","3","0","2","N","","","","","","","","","","","1858","03","03","","N","N"
"0034","2","0","0","0","0","0","0","0","0","6","0","","36","08","2021","2021077450","5","40.0348","-76.2941","0034","08","0","0","0","1","0","0","0","0","","0","0","0","00","3","0","00","0","40 02:05.300","","00","76 17:38.800","0","0","0","0","36301","0","0","0","N","0","0","0","2","36301","0","","1","09","","","0","","0","0","0","0","0","","0034","0","2","0","0","0","0","0","3","0","2","N","","","","","","","","","","","","07","","","N","N"
"1912","1","0","0","0","0","0","0","0","0","4","0","","36","08","2021","2021075542","6","40.0328","-76.2431","1912","08","0","0","1","0","0","0","0","0","","0","0","0","19","1","0","02","1","40 01:57.997","3","07","76 14:35.031","0","0","0","0","36215","0","0","0","N","0","0","0","6","36215","0","","1","01","N","N","0","","0","0","1","3","2","N","1912","0","2","0","0","1","0","0","1","0","2","N","","","","","","","","","","","2007","03","03","","N",""
"1640","1","0","0","0","0","0","0","0","0","7","0","","36","12","2021","2021120389","6","40.1563","-76.4091","1634","08","0","0","0","0","0","0","0","0","","0","0","0","16","4","0","00","1","40 09:22.717","4","00","76 24:32.892","0","0","0","0","36410","0","0","0","N","0","0","0","2","36410","0","","5","01","N","N","0","","0","0","0","0","0","Y","1634","0","1","0","0","0","0","0","2","0","1","N","","","","","","","","","","","1711","03","","","N","N"
"0804","3","0","0","0","0","0","0","0","0","1","0","","36","12","2021","2021119241","5","40.1437","-76.3817","0758","08","0","0","0","0","0","0","0","0","","0","0","0","07","1","0","01","0","40 08:37.371","","00","76 22:53.969","0","0","0","0","36227","0","0","0","N","0","0","0","5","36506","0","","1","01","N","N","0","","0","0","0","3","2","","0756","0","3","0","0","0","0","0","1","0","3","N","","","","","","","","","","","","04","","","N",""
"2243","1","0","0","0","0","0","0","0","0","1","0","","36","08","2021","2021079182","7","40.0583","-76.2739","2237","08","0","0","0","0","0","0","0","0","","0","0","0","22","3","0","00","0","40 03:29.905","","00","76 16:25.923","0","0","0","0","36101","0","0","0","N","0","0","0","6","36101","0","","1","01","N","N","0","","0","0","1","0","0","","2234","0","2","0","0","0","0","0","3","0","2","N","","","","","","","","","","","","03","04","","N","N"
"1811","1","0","0","0","0","0","0","0","0","4","0","","36","07","2021","2021078049","3","39.889","-76.1385","1807","08","0","0","0","0","0","1","1","0","","0","0","0","18","1","1","01","2","39 53:20.254","2","00","76 08:18.744","3","0","0","0","36216","0","0","0","N","0","0","0","4","68J01","0","","1","01","N","N","0","","1","0","2","3","3","N","1804","1","3","0","0","0","0","0","1","0","3","N","","","","","","","","","","","1900","03","03","","N",""
"1244","0","0","0","0","0","0","0","0","0","0","0","","36","07","2021","2021067367","2","40.0247","-76.3974","1239","08","0","0","0","0","0","1","0","0","","0","0","0","12","1","1","00","0","40 01:29.066","","00","76 23:50.774","3","0","0","1","36223","0","0","0","N","0","0","0","1","36223","0","","1","01","N","N","0","","1","0","0","0","0","","1237","1","1","0","0","0","0","0","1","0","1","N","","","","","","","","","","","","03","","","N","N"
"1408","0","0","0","0","0","0","0","0","0","1","0","","36","07","2021","2021072062","6","40.059","-76.3341","1400","08","0","0","0","0","0","0","0","0","","0","0","0","13","1","1","00","0","40 03:32.459","","00","76 20:02.683","3","0","0","0","36101","0","0","0","N","0","0","0","4","36101","0","","1","01","N","N","0","","1","0","1","0","0","","1355","1","2","0","0","0","0","1","3","1","2","N","","","","","","","","","","","","03","","","N","N"
"0614","1","0","0","0","0","0","0","0","0","4","0","","36","11","2021","2021118164","2","40.1875","-76.1899","0608","08","0","0","0","0","1","1","0","0","","0","0","0","06","3","1","01","1","40 11:14.933","4","00","76 11:23.573","4","0","0","0","36408","0","0","0","N","0","0","0","2","36408","1","","1","01","N","N","1","","0","0","0","3","2","N","0605","1","2","0","0","0","0","0","2","0","2","N","","","","","","","","","","","0706","03","","","N","N"
"1740","0","0","0","0","0","0","0","0","0","8","0","","36","08","2021","2021073213","5","40.0632","-76.4324","1730","08","0","0","0","0","0","0","0","0","","0","0","0","17","1","1","00","0","40 03:47.500","","00","76 25:56.600","3","0","0","0","36239","1","0","0","N","1","0","0","2","36239","0","","1","01","N","N","0","","1","0","1","3","3","","1730","1","2","0","0","0","0","0","3","0","1","N","","","","","","","","","","","","03","","","N","N"
"2100","0","0","0","0","0","0","0","0","0","4","0","","36","12","2021","2021119730","2","40.0577","-76.3544","2048","08","0","0","1","0","0","0","0","1","","0","0","0","20","2","0","01","2","40 03:27.716","6","00","76 21:15.753","0","0","0","0","36214","0","0","0","N","0","0","0","2","36214","0","","1","09","N","N","0","","0","0","2","3","3","N","2047","0","2","0","0","0","0","0","3","0","2","N","","","","","","","","","","","2130","04","","","N",""