"ARRIVAL_TM","AUTOMOBILE_COUNT","BELTED_DEATH_COUNT","BELTED_SUSP_SERIOUS_INJ_COUNT","BICYCLE_COUNT","BICYCLE_DEATH_COUNT","BICYCLE_SUSP_SERIOUS_INJ_COUNT","BUS_COUNT","CHLDPAS_DEATH_COUNT","CHLDPAS_SUSP_SERIOUS_INJ_COUNT","COLLISION_TYPE","COMM_VEH_COUNT","CONS_ZONE_SPD_LIM","COUNTY","CRASH_MONTH","CRASH_YEAR","CRN","DAY_OF_WEEK","DEC_LAT","DEC_LONG","DISPATCH_TM","DISTRICT","DRIVER_COUNT_16YR","DRIVER_COUNT_17YR","DRIVER_COUNT_18YR","DRIVER_COUNT_19YR","DRIVER_COUNT_20YR","DRIVER_COUNT_50_64YR","DRIVER_COUNT_65_74YR","DRIVER_COUNT_75PLUS","EST_HRS_CLOSED","FATAL_COUNT","HEAVY_TRUCK_COUNT","HORSE_BUGGY_COUNT","HOUR_OF_DAY","ILLUMINATION","INJURY_COUNT","INTERSECT_TYPE","LANE_CLOSED","LATITUDE","LN_CLOSE_DIR","LOCATION_TYPE","LONGITUDE","MAX_SEVERITY_LEVEL","MCYCLE_DEATH_COUNT","MCYCLE_SUSP_SERIOUS_INJ_COUNT","MOTORCYCLE_COUNT","MUNICIPALITY","NONMOTR_COUNT","NONMOTR_DEATH_COUNT","NONMOTR_SUSP_SERIOUS_INJ_COUNT","NTFY_HIWY_MAINT","PED_COUNT","PED_DEATH_COUNT","PED_SUSP_SERIOUS_INJ_COUNT","PERSON_COUNT","POLICE_AGCY","POSSIBLE_INJ_COUNT","RDWY_SURF_TYPE_CD","RELATION_TO_ROAD","ROAD_CONDITION","SCH_BUS_IND","SCH_ZONE_IND","SMALL_TRUCK_COUNT","SPEC_JURIS_CD","SUSP_MINOR_INJ_COUNT","SUSP_SERIOUS_INJ_COUNT","SUV_COUNT","TCD_FUNC_CD","TCD_TYPE","TFC_DETOUR_IND","TIME_OF_DAY","TOT_INJ_COUNT","TOTAL_UNITS","UNB_DEATH_COUNT","UNB_SUSP_SERIOUS_INJ_COUNT","UNBELTED_OCC_COUNT","UNK_INJ_DEG_COUNT","UNK_INJ_PER_COUNT","URBAN_RURAL","VAN_COUNT","VEHICLE_COUNT","WORK_ZONE_IND","WORK_ZONE_LOC","WORK_ZONE_TYPE","WORKERS_PRES","WZ_CLOSE_DETOUR","WZ_FLAGGER","WZ_LAW_OFFCR_IND","WZ_LN_CLOSURE","WZ_MOVING","WZ_OTHER","WZ_SHLDER_MDN","ROADWAY_CLEARED","WEATHER1","WEATHER2","WZ_WORKERS_INJ_KILLED","SECONDARY_CRASH","INTERSECTION_RELATED"
"1710","1","0","0","0","0","0","0","0","0","2","1","","36","12","2021","2021120180","5","40.0591","-76.4629","1702","08","0","0","0","0","0","1","0","0","","0","1","0","17","2","2","02","2","40 03:32.814","5","00","76 27:46.398","4","0","0","0","36239","0","0","0","N","0","0","0","2","36239","2","","1","09","N","N","0","","0","0","0","0","0","Y","1700","2","2","0","0","0","0","0","3","0","2","N","","","","","","","","","","","1739","07","","","N",""
"1942","1","0","0","0","0","0","0","0","0","7","0","","36","08","2021","2021073901","7","40.0497","-76.3353","1938","08","0","0","0","0","0","1","0","0","","0","0","0","19","1","0","00","0","40 02:59.000","","00","76 20:07.200","0","0","0","0","36220","0","0","0","N","0","0","0","1","36101","0","","4","01","N","N","0","","0","0","0","0","0","","1937","0","1","0","0","0","0","0","3","0","1","N","","","","","","","","","","","","03","03","","N","N"
"1450","0","0","0","0","0","0","0","0","0","0","0","","36","08","2021","2021076043","1","40.1948","-76.1482","1444","08","0","0","0","0","0","1","0","0","","0","0","0","14","1","1","02","0","40 11:41.350","","00","76 08:53.445","3","0","0","1","36218","0","0","0","N","0","0","0","2","36408","0","","1","01","N","N","0","","1","0","0","0","0","N","1444","1","1","0","0","0","0","0","1","0","1","N","","","","","","","","","","","","03","","","N","N"
"1811","1","0","0","0","0","0","0","0","0","4","0","","36","12","2021","2021120176","4","40.0146","-76.3261","1801","08","0","0","0","0","0","0","0","1","","0","0","0","17","2","1","02","2","40 00:52.712","7","00","76 19:33.907","3","0","0","0","36220","0","0","0","N","0","0","0","2","36101","0","","1","01","N","N","0","","1","0","1","3","3","Y","1759","1","2","0","0","0","0","0","3","0","2","N","","","","","","","","","","","1830","03","03","","Y",""
"0732","2","0","0","0","0","0","0","0","0","1","0","","36","08","2021","2021079429","3","40.0746","-76.3365","0726","08","0","0","0","0","0","0","1","0","","0","0","0","07","1","0","06","0","40 04:27.533","","02","76 20:10.879","0","0","0","0","36101","0","0","0","N","0","0","0","2","36101","0","","1","01","N","N","0","","0","0","0","3","4","","0724","0","2","0","0","0","0","0","3","0","2","N","","","","","","","","","","","","03","","","N","N"
"1054","1","0","0","0","0","0","0","0","0","4","0","","36","11","2021","2021120892","4","40.0007","-76.0789","1030","08","0","0","0","0","0","1","1","0","","0","0","0","10","1","0","01","1","40 00:02.379","3","00","76 04:44.168","0","0","0","0","36226","0","0","0","N","0","0","0","2","68J01","0","","1","01","N","N","1","","0","0","0","3","3","N","1026","0","2","0","0","0","0","0","1","0","2","N","","","","","","","","","","","1040","03","03","","N","N"
"1730","1","0","0","0","0","0","0","0","0","1","0","","36","07","2021","2021086482","7","40.0394","-76.5109","1730","08","0","0","0","0","0","2","0","0","","0","0","0","17","1","0","03","0","40 02:21.855","","02","76 30:39.225","0","0","0","0","36239","0","0","0","N","0","0","0","3","36404","0","","1","01","N","N","1","","0","0","0","3","4","","1727","0","2","0","0","0","0","0","3","0","2","N","","","","","","","","","","","","04","","","N",""
"1826","1","0","0","0","0","0","0","0","0","7","0","","36","07","2021","2021069623","6","40.0271","-76.4549","1820","08","0","0","0","0","0","0","0","0","","0","0","0","18","1","0","00","0","40 01:37.500","","01","76 27:17.500","0","0","0","0","36239","0","0","0","N","0","0","0","1","36239","0","","2","01","N","N","0","","0","0","0","0","0","","1820","0","1","0","0","0","0","0","3","0","1","N","","","","","","","","","","","","03","03","","N","N"
"1715","1","0","0","0","0","0","0","0","0","2","0","","36","11","2021","2021117404","3","40.0475","-76.3629","1705","08","0","0","0","0","0","2","0","0","","0","0","0","17","3","1","01","0","40 02:50.996","","00","76 21:46.341","8","0","0","0","36214","0","0","0","N","0","0","0","2","36214","0","","1","01","N","N","0","","0","0","1","3","2","","1702","1","2","0","0","0","1","0","3","0","2","N","","","","","","","","","","","","03","03","","N",""
"1308","2","0","0","0","0","0","0","0","0","4","0","","36","08","2021","2021076596","1","40.1257","-76.2071","1303","08","0","0","0","0","0","0","0","0","","0","0","0","13","1","0","00","0","40 07:32.635","","07","76 12:25.413","0","0","0","0","36238","0","0","0","N","0","0","0","3","36408","0","","1","09","N","N","0","","0","0","0","0","0","","1303","0","2","0","0","0","0","0","3","0","2","N","","","","","","","","","","","","03","","","N","N"
"2359","1","0","0","0","0","0","0","0","0","4","0","","36","07","2021","2021072898","7","40.0296","-76.3231","2359","08","0","0","0","0","0","1","0","0","","0","0","0","23","3","2","01","1","40 01:46.727","1","00","76 19:23.150","3","0","0","0","36301","0","0","0","N","0","0","0","3","36301","0","","1","01","N","N","0","","2","0","1","3","2","Y","2356","2","2","0","0","0","0","0","3","0","2","N","","","","","","","","","","","0100","03","03","","N","N"
"1335","1","0","0","0","0","0","0","0","0","7","0","","36","11","2021","2021113761","2","40.0679","-76.316","1330","08","0","0","0","0","0","0","0","0","","0","0","0","13","1","0","00","0","40 04:04.608","","07","76 18:57.581","0","0","0","0","36301","0","0","0","N","0","0","0","1","36301","0","","5","01","N","N","0","","0","0","0","0","0","","1328","0","1","0","0","0","0","0","3","0","1","N","","","","","","","","","","","","03","","","N","N"
"0914","0","0","0","0","0","0","0","0","0","1","1","","36","11","2021","2021114964","4","39.9938","-76.1819","0855","08","0","0","0","0","0","0","0","0","","0","1","0","08","1","0","00","1","39 59:37.823","1","00","76 10:54.830","0","0","0","0","36233","0","0","0","N","0","0","0","2","68J01","0","","1","01","N","N","1","","0","0","0","0","0","N","0853","0","2","0","0","0","0","0","1","0","2","N","","","","","","","","","","","0959","03","03","","N","N"
"0555","1","0","0","0","0","0","0","0","0","4","0","","36","08","2021","2021079901","3","40.1294","-76.1183","0545","08","0","0","0","1","0","0","0","0","","0","0","0","05","2","1","01","2","40 07:45.681","5","00","76 07:05.977","3","0","0","0","36209","0","0","0","N","0","0","0","2","36415","0","","1","01","N","N","1","","1","0","0","3","3","Y","0544","1","2","0","0","0","0","0","1","0","2","N","","","","","","","","","","","0715","05","","","N",""
"1717","0","0","0","0","0","0","0","0","0","8","0","","36","08","2021","2021079651","6","40.0309","-76.4757","1705","08","0","0","0","0","0","0","1","0","","0","0","0","17","1","1","00","0","40 01:51.400","","00","76 28:32.400","8","0","0","0","36239","1","0","0","N","1","0","0","2","36239","0","","1","09","N","N","0","","0","0","1","3","8","","1704","1","2","0","0","0","1","0","3","0","1","N","","","","","","","","","","","","07","","","N","N"
"1908","1","0","0","0","0","0","0","0","0","5","0","","36","08","2021","2021072252","3","40.0319","-76.4923","1904","08","0","0","0","0","0","0","1","0","","0","0","0","19","1","0","00","1","40 01:54.838","4","00","76 29:32.181","0","0","0","0","36404","0","0","0","N","0","0","0","1","36404","0","","6","99","N","N","0","","0","0","1","0","0","N","1904","0","3","0","0","0","0","0","3","1","3","N","","","","","","","","","","","1916","03","","","N","N"
"0758","0","0","0","0","0","0","0","0","0","7","0","","36","08","2021","2021077079","3","40.0107","-76.3462","0754","08","0","0","0","0","0","0","0","0","","0","0","0","07","1","0","00","0","40 00:38.500","","00","76 20:46.300","0","0","0","0","36412","0","0","0","N","0","0","0","1","36412","0","","6","01","N","N","0","","0","0","0","0","0","","0754","0","1","0","0","0","0","0","3","1","1","N","","","","","","","","","","","","03","","","N","N"
"1906","1","0","0","0","0","0","0","0","0","0","0","","36","08","2021","2021079019","3","40.1311","-75.9815","1855","08","0","0","0","1","0","0","0","0","","0","0","0","18","1","0","00","0","40 07:51.943","","00","75 58:53.245","0","0","0","0","36203","0","0","0","N","0","0","0","2","68J01","0","","1","01","N","N","0","","0","0","0","0","0","","1852","0","1","0","0","0","0","0","1","0","1","N","","","","","","","","","","","","04","04","","N","N"
"1537","2","0","0","0","0","0","0","0","0","4","0","","36","12","2021","2021119926","7","40.1825","-76.1745","1534","08","0","0","0","1","0","0","1","0","","0","0","0","15","1","1","01","2","40 10:57.079","5","00","76 10:28.081","4","0","0","0","36408","0","0","0","N","0","0","0","3","36408","1","","1","01","N","N","0","","0","0","0","3","3","Y","1530","1","2","0","0","0","0","0","2","0","2","N","","","","","","","","","","","1543","03","","","N","N"
"1210","0","0","0","0","0","0","0","0","0","4","0","","36","08","2021","2021080576","5","40.0497","-76.3099","1210","08","0","0","0","0","0","0","0","1","","0","0","0","12","1","0","02","0","40 02:58.912","","00","76 18:35.483","0","0","0","0","36301","0","0","0","N","0","0","0","2","36301","0","","1","01","N","N","0","","0","0","2","3","3","","1210","0","2","0","0","0","0","0","3","0","2","N","","","","","","","","","","","","03","","","N",""
"1538","1","0","0","0","0","0","0","0","0","4","0","","36","08","2021","2021081997","2","40.1432","-76.6504","1528","08","0","0","0","0","0","1","0","0","","0","0","0","15","1","0","00","0","40 08:35.517","","07","76 39:01.581","0","0","0","0","36237","0","0","0","N","0","0","0","5","36505","0","","1","01","N","N","1","","0","0","0","0","0","","1525","0","2","0","0","0","0","0","1","0","2","N","","","","","","","","","","","","03","03","","N","N"
"1507","1","0","0","0","0","0","0","0","0","4","0","","36","11","2021","2021111754","3","40.0156","-76.26","1457","08","0","1","0","0","0","1","0","0","","0","0","0","14","1","0","01","1","40 00:56.102","3","00","76 15:35.991","0","0","0","0","36240","0","0","0","N","0","0","0","3","36240","0","","1","01","N","N","0","","0","0","1","3","2","Y","1454","0","2","0","0","1","0","0","1","0","2","N","","","","","","","","","","","1554","03","03","","N","N"
"1655","2","0","0","0","0","0","0","0","0","1","0","","36","11","2021","2021111823","1","40.0443","-76.3069","1652","08","0","0","0","0","1","1","0","0","","0","0","0","16","3","0","00","1","40 02:39.569","1","00","76 18:24.828","0","0","0","0","36301","0","0","0","N","0","0","0","5","36301","0","","1","01","N","N","0","","0","0","2","0","0","N","1650","0","4","0","0","0","0","0","3","0","4","N","","","","","","","","","","","1806","03","","","N","N"
"0023","0","0","0","0","0","0","0","0","0","0","0","","36","07","2021","2021074138","1","40.0212","-76.1328","0007","08","0","0","0","0","0","0","0","0","","0","0","0","00","2","0","02","0","40 01:16.482","","00","76 07:58.191","0","0","0","1","36221","0","0","0","N","0","0","0","1","68J01","0","","1","01","N","N","0","","0","0","0","3","3","","0005","0","1","0","0","0","0","0","1","0","1","N","","","","","","","","","","","","03","03","","N",""
"0043","1","0","0","0","0","0","0","0","0","7","0","","36","07","2021","2021073207","2","40.0169","-76.1647","0038","08","0","1","0","0","0","0","0","0","","0","0","0","00","2","1","00","0","40 01:00.806","","00","76 09:52.899","3","0","0","0","36215","0","0","0","N","0","0","0","2","36215","0","","4","01","N","N","0","","1","0","0","0","0","","0037","1","1","0","0","0","0","0","1","0","1","N","","","","","","","","","","","","03","03","","N","N"
"1054","2","0","0","0","0","0","0","0","0","4","0","","36","07","2021","2021070870","5","40.1459","-76.3056","1051","08","0","0","0","0","0","2","0","0","","0","0","0","10","1","0","00","2","40 08:45.357","1","00","76 18:20.324","0","0","0","0","36409","0","0","0","N","0","0","0","3","36409","0","","1","01","N","N","0","","0","0","0","0","0","N","1049","0","2","0","0","0","0","0","3","0","2","N","","","","","","","","","","","1147","03","03","","N","N"
"1246","0","0","0","0","0","0","0","0","0","3","0","","36","11","2021","2021116373","4","40.0402","-76.3082","1240","08","0","0","0","0","0","1","0","0","","0","0","0","12","1","1","00","0","40 02:24.685","","00","76 18:29.567","3","0","0","0","36301","0","0","0","N","0","0","0","1","36301","0","","6","01","N","N","0","","1","0","2","0","0","","1221","1","2","0","0","0","0","0","3","0","2","N","","","","","","","","","","","","03","","","N","N"
"1635","2","0","0","0","0","0","0","0","0","1","0","","36","08","2021","2021075940","6","40.072","-76.2869","1625","08","0","0","0","0","0","1","0","0","","0","0","0","16","1","0","00","0","40 04:19.300","","00","76 17:12.700","0","0","0","0","36101","0","0","0","N","0","0","0","3","36101","0","","1","01","N","N","1","","0","0","0","0","0","","1624","0","3","0","0","0","0","0","3","0","3","N","","","","","","","","","","","","03","03","","N","N"
"0622","0","0","0","0","0","0","0","0","0","4","0","","36","12","2021","2021120795","4","40.0916","-76.1295","0615","08","0","0","0","0","0","1","1","0","","0","0","0","06","2","0","02","0","40 05:29.605","","00","76 07:46.311","0","0","0","0","36209","0","0","0","N","0","0","0","2","36415","0","","1","01","N","N","0","","0","0","2","3","3","","0615","0","2","0","0","0","0","0","1","0","2","N","","","","","","","","","","","","03","","","N",""
"1636","0","0","0","0","0","0","0","0","0","8","0","","36","08","2021","2021082420","5","39.9342","-76.0426","1620","08","0","0","0","0","0","0","0","0","","0","0","0","16","1","1","00","2","39 56:03.054","6","00","76 02:33.408","8","0","0","0","36231","1","0","0","N","1","0","0","2","68J01","0","","1","01","N","N","1","","0","0","0","0","0","Y","1616","1","2","0","0","0","1","0","1","0","1","N","","","","","","","","","","","1700","03","04","","N","N"
"1735","2","0","0","0","0","0","0","0","0","4","0","","36","12","2021","2021120174","1","40.0616","-76.2791","1731","08","0","0","0","0","0","1","0","0","","0","0","0","17","3","0","00","1","40 03:41.747","3","00","76 16:44.904","0","0","0","0","36101","0","0","0","N","0","0","0","3","36101","0","","4","01","N","N","0","","0","0","1","0","0","N","1729","0","4","0","0","0","0","0","3","0","3","N","","","","","","","","","","","1815","03","","","N","N"
"2229","0","0","0","0","0","0","0","0","0","7","0","","36","08","2021","2021077417","4","40.0324","-76.2708","2226","08","0","0","0","0","0","0","0","0","","0","0","0","22","3","0","00","1","40 01:56.514","1","00","76 16:14.808","0","0","0","0","36240","0","0","0","N","0","0","0","1","36240","0","","2","09","N","N","0","","0","0","1","0","0","N","2217","0","1","0","0","0","0","0","1","0","1","N","","","","","","","","","","","2229","07","","","N","N"
"0739","0","0","0","0","0","0","0","0","0","4","0","","36","11","2021","2021116051","3","40.1724","-76.1249","0732","08","0","0","0","0","0","0","0","0","","0","0","0","07","1","0","00","0","40 10:20.551","","00","76 07:29.696","0","0","0","0","36218","0","0","0","N","0","0","0","2","36408","0","","1","01","N","N","0","","0","0","1","0","0","","0730","0","2","0","0","0","0","0","1","1","2","N","","","","","","","","","","","","03","","","N","N"
"1733","3","0","0","0","0","0","0","0","0","1","0","","36","12","2021","2021118922","4","40.0821","-76.3409","1720","08","1","0","0","0","0","0","0","0","","0","0","0","17","3","0","00","0","40 04:55.381","","00","76 20:27.290","0","0","0","0","36101","0","0","0","N","0","0","0","3","36101","0","","1","01","N","N","0","","0","0","0","0","0","","1710","0","3","0","0","0","0","0","3","0","3","N","","","","","","","","","","","","04","04","","N","N"
"1518","1","0","0","0","0","0","0","0","0","4","0","","36","11","2021","2021110154","2","40.0515","-76.315","1516","08","0","0","0","0","1","0","0","0","","0","0","0","15","1","1","00","2","40 03:05.348","6","00","76 18:54.135","8","0","0","0","36301","0","0","0","N","0","0","0","1","36301","0","","1","01","N","N","0","","0","0","1","0","0","Y","1512","1","2","0","0","0","1","0","3","0","2","N","","","","","","","","","","","1545","03","","","N","Y"
"1213","0","0","0","0","0","0","0","0","0","4","0","","36","07","2021","2021072063","7","40.1066","-76.2928","1213","08","0","0","0","0","0","0","0","1","","0","0","0","12","1","0","02","0","40 06:23.881","","00","76 17:33.919","0","0","0","0","36101","0","0","0","N","0","0","0","2","36101","0","","1","01","N","N","0","","0","0","2","3","3","","1212","0","2","0","0","0","0","0","3","0","2","N","","","","","","","","","","","","03","03","","N",""
"1740","0","0","0","0","0","0","0","0","0","1","0","","36","11","2021","2021116935","5","40.0623","-76.3434","1735","08","0","0","0","1","0","0","0","0","","0","0","0","17","3","0","00","0","40 03:44.116","","00","76 20:36.074","0","0","0","0","36214","0","0","0","N","0","0","0","6","36214","0","","1","01","N","N","0","","0","0","2","0","0","","1735","0","2","0","0","0","0","0","3","0","2","N","","","","","","","","","","","","03","03","","N","N"
"1256","2","0","0","0","0","0","0","0","0","4","0","","36","11","2021","2021116927","4","40.1161","-76.3007","1246","08","0","0","0","0","0","0","0","0","","0","0","0","12","1","0","02","0","40 06:58.097","","00","76 18:02.503","0","0","0","0","36101","0","0","0","N","0","0","0","2","36101","0","","1","01","N","N","0","","0","0","0","3","3","","1241","0","2","0","0","0","0","0","3","0","2","N","","","","","","","","","","","","03","03","","N",""
"2145","0","0","0","0","0","0","0","0","0","4","0","","36","07","2021","2021069620","4","40.073","-76.3511","2143","08","0","0","0","0","0","0","0","0","","0","0","0","21","2","1","02","2","40 04:22.932","2","00","76 21:03.988","2","0","1","1","36214","0","0","0","N","0","0","0","2","36214","0","","1","01","N","N","0","","0","1","1","0","0","N","2141","1","2","0","0","0","0","0","3","0","2","N","","","","","","","","","","","1030","03","03","","N",""
"1520","2","0","0","0","0","0","0","0","0","1","0","","36","11","2021","2021109856","2","40.0397","-76.3081","1516","08","0","0","0","1","0","1","0","0","","0","0","0","15","1","1","00","1","40 02:23.009","2","00","76 18:29.299","3","0","0","0","36301","0","0","0","N","0","0","0","2","36301","0","","1","01","N","Y","0","","1","0","0","0","0","N","1516","1","2","0","0","0","0","0","3","0","2","N","","","","","","","","","","","1525","03","","","N","N"
"1615","1","0","0","0","0","0","0","0","0","4","0","","36","11","2021","2021116931","4","40.1082","-76.3362","1610","08","0","1","0","0","0","0","0","1","","0","0","0","16","1","1","00","1","40 06:29.390","4","00","76 20:10.300","4","0","0","0","36101","0","0","0","N","0","0","0","2","36101","1","","1","01","N","N","0","","0","0","1","0","0","N","1607","1","2","0","0","0","0","0","3","0","2","N","","","","","","","","","","","1645","03","03","","N","N"
"1926","0","0","0","0","0","0","0","0","0","0","0","","36","12","2021","2021120569","5","40.0552","-76.3282","1922","08","0","0","0","0","0","0","0","0","","0","0","0","19","3","0","00","0","40 03:18.709","","00","76 19:41.575","0","0","0","0","36101","0","0","0","N","0","0","0","2","36101","0","","1","01","N","N","0","","0","0","1","0","0","","1920","0","1","0","0","0","0","0","3","0","1","N","","","","","","","","","","","","03","","","N","N"
"0837","1","0","0","0","0","0","0","0","0","7","0","","36","08","2021","2021078553","1","40.2795","-76.1395","0833","08","0","0","1","0","0","0","0","0","","0","0","0","08","1","2","00","2","40 16:46.257","6","00","76 08:22.115","3","0","0","0","36236","0","0","0","N","0","0","0","2","36408","0","","4","09","N","N","0","","2","0","0","0","0","Y","0832","2","1","0","0","0","0","0","1","0","1","N","","","","","","","","","","","1005","07","","","N","N"
"1524","1","0","0","0","0","0","0","0","0","1","1","","36","11","2021","2021120387","4","40.0865","-76.1981","1522","08","0","0","0","0","0","0","0","0","","0","1","0","15","1","2","00","2","40 05:11.497","6","00","76 11:53.271","3","0","0","0","36234","0","0","0","N","0","0","0","3","36215","0","","1","01","N","N","0","","2","0","1","0","0","Y","1517","2","3","0","0","0","0","0","1","0","3","N","","","","","","","","","","","1619","03","03","","N","N"
"1806","1","0","0","0","0","0","0","0","0","4","0","","36","11","2021","2021118290","6","40.0395","-76.2083","1806","08","0","0","0","0","0","1","0","0","","0","0","0","18","3","2","01","0","40 02:22.332","","00","76 12:29.802","3","0","0","0","36215","0","0","0","N","0","0","0","3","36215","0","","1","01","N","Y","0","","2","0","1","3","2","","1804","2","2","0","0","0","0","0","1","0","2","N","","","","","","","","","","","","03","03","","N",""
"2331","0","0","0","0","0","0","0","0","0","7","0","","36","08","2021","2021075547","7","40.0415","-76.4506","2331","08","0","0","0","0","0","1","0","0","","0","0","0","23","3","0","00","0","40 02:29.290","","00","76 27:02.020","0","0","0","0","36239","0","0","0","N","0","0","0","1","36239","0","","2","01","N","N","0","","0","0","1","0","0","","2330","0","1","0","0","0","0","0","3","0","1","N","","","","","","","","","","","","03","","","N","N"
"1710","0","0","0","0","0","0","0","0","0","4","0","","36","08","2021","2021076570","2","40.1298","-76.2166","1704","08","0","0","0","0","0","0","0","0","","0","0","0","17","1","1","01","1","40 07:47.738","6","02","76 12:59.285","3","0","0","0","36238","0","0","0","N","0","0","0","2","36238","0","","1","01","N","N","1","","1","0","1","3","2","N","1704","1","2","0","0","0","0","0","3","0","2","N","","","","","","","","","","","1739","03","03","","N","N"
"1755","1","0","0","1","0","0","0","0","0","4","0","","36","08","2021","2021078720","6","40.0306","-76.4985","1755","08","0","0","0","0","0","0","0","0","","0","0","0","17","1","1","05","0","40 01:50.098","","00","76 29:54.684","4","0","0","0","36404","1","0","0","N","0","0","0","2","36404","1","","1","01","N","N","0","","0","0","0","3","3","","1755","1","2","0","0","0","0","0","3","0","1","N","","","","","","","","","","","","03","","","N",""
"1244","0","0","0","0","0","0","0","0","0","4","0","","36","07","2021","2021068918","6","40.0739","-76.3499","1227","08","0","0","0","0","0","1","0","0","","0","0","0","12","1","1","02","0","40 04:25.922","","00","76 20:59.809","3","0","0","1","36214","0","0","0","N","0","0","0","2","36214","0","","1","01","N","N","0","","1","0","1","0","0","","1225","1","2","0","0","0","0","0","3","0","2","N","","","","","","","","","","","","03","","","N",""
"1621","1","0","0","0","0","0","0","0","0","7","0","","36","07","2021","2021069244","4","40.108","-76.4344","1615","08","0","0","0","0","0","0","0","0","","0","0","0","16","1","0","00","0","40 06:28.696","","00","76 26:03.881","0","0","0","0","36230","0","0","0","N","0","0","0","1","36214","0","","1","01","N","N","0","","0","0","0","0","0","","1613","0","1","0","0","0","0","0","1","0","1","N","","","","","","","","","","","","03","03","","N","N"
"1930","1","0","0","0","0","0","0","0","0","1","0","","36","11","2021","2021117859","1","40.0981","-76.2588","1930","08","0","0","0","0","0","0","0","0","","0","0","0","19","2","1","00","1","40 05:53.110","1","00","76 15:31.574","4","0","0","0","36101","0","0","0","N","0","0","0","2","36101","1","","1","01","N","N","1","","0","0","0","0","0","N","1926","1","2","0","0","0","0","0","3","0","2","N","","","","","","","","","","","2052","04","04","","N","N"
"0952","2","0","0","0","0","0","0","0","0","1","0","","36","07","2021","2021071169","7","40.1054","-76.4303","0946","08","0","0","0","0","0","1","0","0","","0","0","0","09","1","1","02","2","40 06:19.610","5","02","76 25:49.094","8","0","0","0","36214","0","0","0","Y","0","0","0","6","36214","0","","1","01","N","N","0","","0","0","1","0","0","Y","0944","1","3","0","0","0","1","0","3","0","3","N","","","","","","","","","","","1059","03","","","N",""
"0612","1","0","0","0","0","0","0","0","0","7","0","","36","07","2021","2021066717","1","40.0652","-76.6106","0614","08","0","0","0","0","0","0","0","0","","0","0","0","06","1","0","00","1","40 03:54.822","2","00","76 36:38.103","0","0","0","0","36211","0","0","0","Y","0","0","0","1","36504","0","","5","01","N","N","0","","0","0","1","0","0","N","0612","0","2","0","0","0","0","0","1","0","2","N","","","","","","","","","","","0730","03","","","N","N"
"1755","1","0","0","0","0","0","0","0","0","1","0","","36","07","2021","2021069982","3","40.1515","-76.2498","1755","08","0","0","0","0","0","0","0","0","","0","0","0","17","1","1","02","0","40 09:05.392","","00","76 14:59.328","3","0","0","0","36235","0","0","0","N","0","0","0","2","36506","0","","1","01","N","N","1","","1","0","0","0","0","","1750","1","2","0","0","0","0","0","1","0","2","N","","","","","","","","","","","","03","","","N",""
"1306","1","0","0","0","0","0","0","0","0","5","0","","36","08","2021","2021078189","6","40.0868","-76.1815","1258","08","0","0","0","0","0","0","0","1","","0","0","0","12","1","0","00","2","40 05:12.565","7","00","76 10:53.323","0","0","0","0","36234","0","0","0","N","0","0","0","1","36215","0","","5","01","N","N","1","","0","0","0","0","0","Y","1256","0","2","0","0","0","0","0","1","0","2","N","","","","","","","","","","","1600","03","03","","N","N"
"2140","1","0","0","0","0","0","0","0","0","1","0","","36","08","2021","2021075055","1","40.1742","-76.1439","2136","08","0","0","0","0","0","0","0","0","","0","0","0","21","2","1","00","1","40 10:27.054","1","00","76 08:37.968","3","0","0","0","36218","0","0","0","N","0","0","0","4","36408","0","","1","01","N","N","0","","1","0","1","0","0","N","2136","1","2","0","0","1","0","0","1","0","2","N","","","","","","","","","","","2235","03","","","N","N"
"1337","2","0","0","0","0","0","0","0","0","5","0","","36","07","2021","2021070148","1","40.0356","-76.3144","1332","08","0","0","0","0","1","0","0","0","","0","0","0","13","1","1","00","2","40 02:08.003","5","00","76 18:51.909","3","0","0","0","36301","0","0","0","N","0","0","0","1","36301","0","","6","01","N","N","0","","1","0","0","0","0","Y","1330","1","3","0","0","1","0","0","3","1","3","N","","","","","","","","","","","1444","03","03","","N","N"
"1452","0","0","0","0","0","0","0","0","0","4","0","","36","07","2021","2021074535","7","40.0584","-76.1137","1441","08","0","0","0","0","0","0","0","1","","0","0","0","14","1","1","01","1","40 03:30.167","1","00","76 06:49.490","3","0","0","0","36221","0","0","0","N","0","0","0","3","68J01","0","","1","01","N","N","0","","1","0","2","3","3","N","1436","1","2","0","0","0","0","0","1","0","2","N","","","","","","","","","","","1530","03","","","N","N"
"1232","1","0","0","0","0","0","0","0","0","7","0","","36","07","2021","2021074496","4","40.0513","-76.4645","1231","08","0","0","0","1","0","0","0","0","","0","0","0","12","1","0","00","1","40 03:04.610","1","00","76 27:52.290","0","0","0","0","36239","0","0","0","N","0","0","0","3","36239","0","","4","01","N","N","0","","0","0","0","0","0","Y","1220","0","1","0","0","1","0","0","3","0","1","N","","","","","","","","","","","1251","03","03","","N","N"