"ARRIVAL_TM","AUTOMOBILE_COUNT","BELTED_DEATH_COUNT","BELTED_SUSP_SERIOUS_INJ_COUNT","BICYCLE_COUNT","BICYCLE_DEATH_COUNT","BICYCLE_SUSP_SERIOUS_INJ_COUNT","BUS_COUNT","CHLDPAS_DEATH_COUNT","CHLDPAS_SUSP_SERIOUS_INJ_COUNT","COLLISION_TYPE","COMM_VEH_COUNT","CONS_ZONE_SPD_LIM","COUNTY","CRASH_MONTH","CRASH_YEAR","CRN","DAY_OF_WEEK","DEC_LAT","DEC_LONG","DISPATCH_TM","DISTRICT","DRIVER_COUNT_16YR","DRIVER_COUNT_17YR","DRIVER_COUNT_18YR","DRIVER_COUNT_19YR","DRIVER_COUNT_20YR","DRIVER_COUNT_50_64YR","DRIVER_COUNT_65_74YR","DRIVER_COUNT_75PLUS","EST_HRS_CLOSED","FATAL_COUNT","HEAVY_TRUCK_COUNT","HORSE_BUGGY_COUNT","HOUR_OF_DAY","ILLUMINATION","INJURY_COUNT","INTERSECT_TYPE","LANE_CLOSED","LATITUDE","LN_CLOSE_DIR","LOCATION_TYPE","LONGITUDE","MAX_SEVERITY_LEVEL","MCYCLE_DEATH_COUNT","MCYCLE_SUSP_SERIOUS_INJ_COUNT","MOTORCYCLE_COUNT","MUNICIPALITY","NONMOTR_COUNT","NONMOTR_DEATH_COUNT","NONMOTR_SUSP_SERIOUS_INJ_COUNT","NTFY_HIWY_MAINT","PED_COUNT","PED_DEATH_COUNT","PED_SUSP_SERIOUS_INJ_COUNT","PERSON_COUNT","POLICE_AGCY","POSSIBLE_INJ_COUNT","RDWY_SURF_TYPE_CD","RELATION_TO_ROAD","ROAD_CONDITION","SCH_BUS_IND","SCH_ZONE_IND","SMALL_TRUCK_COUNT","SPEC_JURIS_CD","SUSP_MINOR_INJ_COUNT","SUSP_SERIOUS_INJ_COUNT","SUV_COUNT","TCD_FUNC_CD","TCD_TYPE","TFC_DETOUR_IND","TIME_OF_DAY","TOT_INJ_COUNT","TOTAL_UNITS","UNB_DEATH_COUNT","UNB_SUSP_SERIOUS_INJ_COUNT","UNBELTED_OCC_COUNT","UNK_INJ_DEG_COUNT","UNK_INJ_PER_COUNT","URBAN_RURAL","VAN_COUNT","VEHICLE_COUNT","WORK_ZONE_IND","WORK_ZONE_LOC","WORK_ZONE_TYPE","WORKERS_PRES","WZ_CLOSE_DETOUR","WZ_FLAGGER","WZ_LAW_OFFCR_IND","WZ_LN_CLOSURE","WZ_MOVING","WZ_OTHER","WZ_SHLDER_MDN","ROADWAY_CLEARED","WEATHER1","WEATHER2","WZ_WORKERS_INJ_KILLED","SECONDARY_CRASH","INTERSECTION_RELATED"
"1102","0","0","0","0","0","0","0","0","0","1","0","","36","07","2021","2021072522","5","39.9941","-76.182","1052","08","0","0","0","0","0","1","0","0","","0","0","0","10","1","1","00","1","39 59:38.819","1","00","76 10:55.200","3","0","0","1","36233","0","0","0","N","0","0","0","2","68J01","0","","1","01","N","N","0","","1","0","1","0","0","N","1050","1","2","0","0","0","0","0","1","0","2","N","","","","","","","","","","","1110","04","","","N","N"
"1734","1","0","0","0","0","0","0","0","0","4","0","","36","07","2021","2021068671","7","40.0535","-76.31","1729","08","0","0","0","0","0","0","1","0","","0","0","0","17","1","0","02","1","40 03:12.547","3","00","76 18:35.823","0","0","0","0","36301","0","0","0","N","0","0","0","4","36101","0","","1","01","N","N","0","","0","0","1","3","3","N","1725","0","2","0","0","0","0","0","3","0","2","N","","","","","","","","","","","1815","03","03","","N",""
"1411","0","0","0","0","0","0","0","0","0","1","0","","36","07","2021","2021070693","4","40.0776","-76.2587","1400","08","0","0","0","0","0","0","0","0","","0","0","0","14","1","0","02","1","40 04:39.294","6","00","76 15:31.416","0","0","0","0","36215","0","0","0","N","0","0","0","3","36215","0","","1","01","N","N","2","","0","0","0","0","0","N","1400","0","2","0","0","0","0","0","1","0","2","N","","","","","","","","","","","1523","03","03","","N",""
"1606","0","0","0","0","0","0","0","0","0","4","0","","36","07","2021","2021073205","5","40.0626","-76.2439","1602","08","0","0","0","0","0","0","1","0","","0","0","0","16","1","1","02","2","40 03:45.356","6","00","76 14:38.072","8","0","0","1","36215","0","0","0","N","0","0","0","2","36215","0","","1","01","N","N","0","","0","0","1","3","3","Y","1601","1","2","0","0","0","1","0","1","0","2","N","","","","","","","","","","","1620","03","03","","N",""
"","1","0","0","0","0","0","0","0","0","7","0","","36","06","2021","2021105396","2","40.1831","-76.2867","","08","1","0","0","0","0","0","0","0","","0","0","0","11","1","0","00","0","40 10:59.100","","00","76 17:12.200","0","0","0","0","36235","0","0","0","N","0","0","0","1","00000","0","","4","01","N","N","0","","0","0","0","0","0","","1130","0","1","0","0","0","0","0","1","0","1","N","","","","","","","","","","","","03","","","N","N"
"2354","0","0","0","0","0","0","0","0","0","7","0","","36","07","2021","2021069261","5","40.2402","-76.1725","2353","08","0","0","0","0","0","0","0","0","","0","0","0","23","2","1","00","2","40 14:24.796","6","00","76 10:20.824","2","0","1","1","36236","0","0","0","N","0","0","0","1","36408","0","","4","01","N","N","0","","0","1","0","0","0","Y","2351","1","1","0","0","0","0","0","1","0","1","N","","","","","","","","","","","0043","03","03","","N","N"
"1329","0","0","0","0","0","0","0","0","0","98","0","","36","11","2021","2021117619","1","40.2142","-76.097","1315","08","0","0","0","0","0","0","1","0","","0","0","0","13","1","0","00","0","40 12:50.969","","00","76 05:49.249","0","0","0","0","36210","0","0","0","N","0","0","0","1","36210","0","","1","01","N","N","0","","0","0","1","0","0","","1315","0","1","0","0","0","0","0","1","0","1","N","","","","","","","","","","","","03","","","N","N"
"0820","2","0","0","0","0","0","0","0","0","4","0","","36","11","2021","2021118603","2","40.045","-76.2837","0817","08","0","1","0","0","0","0","1","0","","0","0","0","08","1","0","01","0","40 02:41.866","","00","76 17:01.184","0","0","0","0","36301","0","0","0","N","0","0","0","2","36301","0","","1","01","N","N","0","","0","0","0","3","2","","0817","0","2","0","0","0","0","0","3","0","2","Y","","","","","","","","","","","","03","03","","N",""
"1735","0","0","0","0","0","0","0","0","0","4","0","","36","12","2021","2021120478","5","40.2015","-76.3063","1715","08","0","0","0","1","0","0","1","0","","0","0","0","17","2","0","01","2","40 12:05.421","7","00","76 18:22.618","0","0","0","0","36217","0","0","0","N","0","0","0","2","68J01","0","","1","01","N","N","1","","0","0","1","3","3","Y","1713","0","2","0","0","0","0","0","1","0","2","N","","","","","","","","","","","1806","03","","","N","N"
"1100","2","0","0","0","0","0","0","0","0","4","0","","36","08","2021","2021073779","2","40.0569","-76.3112","1050","08","0","0","0","0","0","1","1","0","","0","0","0","10","1","0","01","1","40 03:24.706","7","00","76 18:40.172","0","0","0","0","36101","0","0","0","N","0","0","0","2","36101","0","","1","01","N","N","0","","0","0","0","3","2","N","1048","0","2","0","0","0","0","0","3","0","2","N","","","","","","","","","","","1144","03","03","","N",""
"1930","2","0","0","0","0","0","0","0","0","4","0","","36","12","2021","2021120179","1","40.0406","-76.3933","1908","08","0","0","0","0","0","1","0","0","","0","0","0","19","3","3","01","2","40 02:26.272","5","00","76 23:35.824","3","0","0","0","36223","0","0","0","N","0","0","0","3","36223","0","","1","01","N","N","0","","3","0","0","3","2","Y","1907","3","2","0","0","0","0","0","1","0","2","N","","","","","","","","","","","1954","04","98","","N",""
"1820","0","0","0","0","0","0","0","0","0","4","0","","36","08","2021","2021077038","3","40.0792","-76.5854","1815","08","0","0","0","0","0","0","0","0","","0","0","0","18","1","0","00","2","40 04:45.274","6","07","76 35:07.529","0","0","0","0","36211","0","0","0","N","0","0","0","2","36504","0","","1","01","N","N","1","","0","0","1","0","0","Y","1815","0","2","0","0","0","0","0","1","0","2","N","","","","","","","","","","","1925","03","03","","N","N"
"1755","0","0","0","0","0","0","0","0","0","1","0","","36","08","2021","2021075387","5","40.1139","-76.3863","1750","08","0","0","0","0","0","0","0","0","","0","0","0","17","1","1","01","1","40 06:50.151","3","00","76 23:10.518","3","0","0","0","36214","0","0","0","N","0","0","0","6","36214","0","","1","01","N","N","0","","1","0","2","0","0","N","1748","1","2","0","0","0","0","0","3","0","2","N","","","","","","","","","","","1825","03","03","","N",""
"1357","2","0","0","0","0","0","0","0","0","1","0","","36","08","2021","2021077624","5","40.0511","-76.3038","1353","08","0","0","0","0","0","0","1","0","","0","0","0","13","1","1","00","1","40 03:03.789","1","00","76 18:13.619","3","0","0","0","36301","0","0","0","N","0","0","0","3","36301","0","","1","01","N","N","0","","1","0","0","0","0","N","1350","1","2","0","0","0","0","0","3","0","2","N","","","","","","","","","","","1443","03","03","","N","Y"
"1619","1","0","0","0","0","0","0","0","0","4","0","","36","11","2021","2021111303","7","40.2264","-76.1804","1612","08","0","0","1","0","0","0","1","0","","0","0","0","16","1","1","01","0","40 13:34.893","","00","76 10:49.273","3","0","0","0","36236","0","0","0","N","0","0","0","3","36408","0","","1","01","N","N","0","","1","0","1","3","3","","1611","1","2","0","0","0","0","0","1","0","2","N","","","","","","","","","","","","03","","","N",""
"1842","0","0","0","0","0","0","0","0","0","4","0","","36","12","2021","2021118295","5","40.0519","-76.255","1836","08","0","0","0","0","0","0","1","1","","0","0","0","18","3","0","10","1","40 03:06.910","1","00","76 15:17.823","0","0","0","0","36215","0","0","0","N","0","0","0","3","36215","0","","1","01","N","N","0","","0","0","2","3","4","N","1834","0","2","0","0","0","0","0","1","0","2","N","","","","","","","","","","","1925","03","03","","N",""
"0911","0","0","0","0","0","0","0","0","0","4","0","","36","07","2021","2021076578","4","40.2609","-76.1141","0855","08","0","0","0","0","0","0","0","1","","0","0","0","08","1","1","01","0","40 15:39.288","","00","76 06:50.920","3","0","0","0","36210","0","0","0","N","0","0","0","2","36210","0","","1","01","N","N","1","","1","0","1","3","3","","0855","1","2","0","0","0","0","0","1","0","2","N","","","","","","","","","","","","03","","","N","N"
"1720","2","0","1","0","0","0","0","0","0","4","0","","36","07","2021","2021072263","4","40.0318","-76.3195","1715","08","0","0","0","0","0","0","0","0","","0","0","0","17","1","1","01","2","40 01:54.344","7","00","76 19:10.078","2","0","0","0","36301","0","0","0","N","0","0","0","2","36301","0","","1","01","N","N","0","","0","1","0","0","0","Y","1712","1","2","0","0","0","0","0","3","0","2","N","","","","","","","","","","","2115","03","","","N",""
"0805","1","0","0","0","0","0","0","0","0","1","0","","36","07","2021","2021070704","4","40.0153","-76.3492","0805","08","0","0","0","0","0","0","1","0","","0","0","0","08","1","1","00","0","40 00:54.966","","00","76 20:57.273","3","0","0","0","36220","0","0","0","N","0","0","0","2","36412","0","","1","01","N","N","1","","1","0","0","3","2","","0805","1","2","0","0","0","0","0","3","0","2","N","","","","","","","","","","","","03","","","N","Y"
"1533","2","0","0","0","0","0","0","0","0","1","0","","36","11","2021","2021115623","3","40.0706","-76.32","1528","08","0","0","0","1","0","0","0","0","","0","0","0","15","1","0","00","1","40 04:14.268","3","00","76 19:11.972","0","0","0","0","36101","0","0","0","N","0","0","0","3","36101","0","","1","01","N","N","0","","0","0","1","0","0","N","1525","0","3","0","0","0","0","0","3","0","3","N","","","","","","","","","","","1610","03","03","","N","N"
"2354","1","0","0","0","0","0","0","0","0","1","0","","36","07","2021","2021068106","1","40.0243","-76.3074","2354","08","0","0","0","0","0","0","0","0","","0","0","0","23","3","0","00","0","40 01:27.300","","00","76 18:26.700","9","0","0","0","36301","0","0","0","N","0","0","0","1","36301","0","","6","01","N","N","0","","0","0","1","0","0","","2345","0","2","0","0","0","0","1","3","0","2","N","","","","","","","","","","","","03","03","","N","N"
"0640","0","0","0","0","0","0","0","0","0","7","0","","36","07","2021","2021069983","4","40.1386","-76.3826","0632","08","0","0","0","0","0","1","0","0","","0","0","0","06","1","1","00","1","40 08:19.096","2","00","76 22:57.221","2","0","1","1","36227","0","0","0","N","0","0","0","1","36506","0","","4","01","N","N","0","","0","1","0","0","0","N","0631","1","1","0","0","0","0","0","1","0","1","N","","","","","","","","","","","0721","03","","","Y","N"
"1718","0","0","0","0","0","0","0","0","0","1","0","","36","12","2021","2021117864","4","40.0569","-76.394","1715","08","0","0","0","0","0","0","0","0","","0","0","0","17","3","2","02","2","40 03:24.852","6","00","76 23:38.391","4","0","0","0","36214","0","0","0","N","0","0","0","3","36214","2","","1","01","N","N","0","","0","0","2","0","0","Y","1715","2","2","0","0","0","0","0","3","0","2","N","","","","","","","","","","","1800","03","","","N",""
"0858","0","0","0","0","0","0","0","0","0","6","0","","36","10","2021","2021116195","3","40.0342","-76.0013","0855","08","0","0","0","0","0","1","0","0","","0","0","0","08","1","0","01","0","40 02:02.942","","00","76 00:04.667","0","0","0","0","36232","0","0","0","N","0","0","0","2","68J01","0","","1","09","N","N","2","","0","0","0","0","0","","0844","0","2","0","0","0","0","0","1","0","2","N","","","","","","","","","","","","07","05","","N","N"
"1051","1","0","0","0","0","0","0","0","0","1","0","","36","12","2021","2021120791","6","40.0706","-76.3161","1047","08","0","0","0","0","0","1","0","0","","0","0","0","10","1","0","00","0","40 04:14.203","","00","76 18:58.088","0","0","0","0","36101","0","0","0","N","0","0","0","2","36101","0","","1","01","N","N","0","","0","0","1","3","4","","1043","0","2","0","0","0","0","0","3","0","2","N","","","","","","","","","","","","03","03","","N","N"
"1914","3","0","0","0","0","0","0","0","0","1","0","","36","08","2021","2021073634","6","40.0757","-76.3087","1910","08","0","0","0","0","0","1","0","0","","0","0","0","19","1","2","00","0","40 04:32.484","","00","76 18:31.155","3","0","0","0","36101","0","0","0","N","0","0","0","3","36101","1","","1","01","N","N","0","","1","0","0","0","0","","1908","2","3","0","0","0","0","0","3","0","3","N","","","","","","","","","","","","03","03","","N","N"
"0957","1","0","0","0","0","0","0","0","0","1","0","","36","08","2021","2021076581","5","40.1427","-76.1977","0952","08","0","0","0","0","0","0","0","1","","0","0","0","09","1","3","00","2","40 08:33.668","2","00","76 11:51.593","3","0","0","0","36238","0","0","0","N","0","0","0","3","36238","0","","1","01","N","N","0","","3","0","1","0","0","N","0952","3","2","0","0","0","0","0","3","0","2","N","","","","","","","","","","","1047","03","","","N","N"
"1840","0","0","0","0","0","0","0","0","0","0","0","","36","08","2021","2021080343","4","39.9326","-76.1698","1826","08","0","0","0","0","0","0","0","0","","0","1","0","18","1","0","00","2","39 55:57.320","6","00","76 10:11.370","0","0","0","0","36233","0","0","0","N","0","0","0","1","68J01","0","","1","08","N","N","0","","0","0","0","0","0","Y","1820","0","1","0","0","0","0","0","1","0","1","N","","","","","","","","","","","1930","07","","","N","N"
"0920","0","0","0","0","0","0","0","0","0","4","0","","36","08","2021","2021079434","7","40.1864","-76.4264","0910","08","0","0","0","0","0","2","0","0","","0","0","0","09","1","1","00","1","40 11:11.000","4","00","76 25:35.000","3","0","0","0","36230","0","0","0","N","0","0","0","2","36410","0","","1","01","N","N","2","","1","0","0","0","0","N","0909","1","2","0","0","0","0","0","1","0","2","N","","","","","","","","","","","0937","03","03","","N","N"
"1444","0","0","0","0","0","0","0","0","0","4","0","","36","07","2021","2021069487","5","40.0386","-76.1734","1439","08","0","0","0","0","0","2","0","0","","0","0","0","14","1","3","01","1","40 02:18.836","7","00","76 10:24.111","3","0","0","0","36221","0","0","0","N","0","0","0","3","68J01","0","","1","01","N","N","0","","3","0","0","3","2","N","1435","3","2","0","0","0","0","0","1","1","2","N","","","","","","","","","","","1557","03","03","","N",""
"1045","0","0","0","0","0","0","0","0","0","4","0","","36","07","2021","2021071576","7","40.2039","-76.3488","1036","08","0","0","0","0","0","0","1","0","","0","0","0","10","1","1","01","0","40 12:13.879","","00","76 20:55.622","3","0","0","0","36227","0","0","0","N","0","0","0","3","36506","0","","1","01","N","N","0","","1","0","2","3","3","","1035","1","2","0","0","0","0","0","1","0","2","N","","","","","","","","","","","","03","03","","N",""
"1618","0","0","0","0","0","0","0","0","0","1","0","","36","07","2021","2021071063","6","40.1879","-76.1833","1615","08","0","0","0","0","0","2","0","0","","0","0","0","16","1","0","00","2","40 11:16.280","1","00","76 10:59.710","0","0","0","0","36408","0","0","0","N","0","0","0","3","36408","0","","1","01","N","N","1","","0","0","2","0","0","N","1613","0","3","0","0","0","0","0","2","0","3","N","","","","","","","","","","","1651","03","03","","Y","N"
"1021","0","0","0","0","0","0","0","0","0","0","0","","36","07","2021","2021073206","7","40.0706","-76.1707","1021","08","0","0","0","0","0","1","0","0","","0","0","0","10","1","1","00","2","40 04:13.990","3","00","76 10:14.520","8","0","0","1","36234","0","0","0","N","0","0","0","1","36215","0","","4","01","N","N","0","","0","0","0","0","0","N","1021","1","1","0","0","0","1","0","1","0","1","N","","","","","","","","","","","1043","03","03","","N","N"
"2042","1","0","1","0","0","0","0","0","0","4","0","","36","08","2021","2021095042","2","40.1107","-76.2057","2036","08","0","0","0","0","0","0","0","0","","0","0","0","20","6","2","02","2","40 06:38.660","5","00","76 12:20.396","2","0","0","0","36238","0","0","0","N","0","0","0","2","36238","1","","1","09","N","N","1","","0","1","0","3","3","Y","2036","2","2","0","0","0","0","0","3","0","2","N","","","","","","","","","","","2130","04","","","N","N"
"2108","1","0","0","0","0","0","0","0","0","1","0","","36","08","2021","2021075678","6","40.15","-76.6097","2106","08","0","0","0","0","0","0","0","0","","0","0","0","21","3","0","00","1","40 09:00.172","6","00","76 36:34.889","0","0","0","0","36407","0","0","0","N","0","0","0","1","36407","0","","1","01","N","N","0","","0","0","0","0","0","Y","2106","0","2","0","0","0","0","0","2","1","2","N","","","","","","","","","","","2120","03","98","","N","N"
"1448","2","0","0","0","0","0","0","0","0","1","0","","36","08","2021","2021079650","6","40.0356","-76.5236","1437","08","0","0","0","0","0","1","0","0","","0","0","0","14","1","1","00","1","40 02:08.076","3","03","76 31:25.130","8","0","0","0","36239","0","0","0","N","0","0","0","2","36239","0","","1","01","N","N","0","","0","0","0","0","0","N","1435","1","2","0","0","0","1","0","3","0","2","N","","","","","","","","","","","1536","03","","","N","N"
"1632","0","0","0","0","0","0","0","0","0","7","0","","36","08","2021","2021074078","6","40.1823","-76.4028","1628","08","0","0","0","0","0","0","0","1","","0","0","0","16","1","0","02","1","40 10:56.413","6","00","76 24:10.209","0","0","0","0","36230","0","0","0","N","0","0","0","1","36410","0","","4","01","N","N","0","","0","0","1","3","3","N","1626","0","1","0","0","0","0","0","1","0","1","N","","","","","","","","","","","1656","03","","","N",""
"1425","0","0","0","0","0","0","0","0","0","1","0","","36","12","2021","2021120568","5","40.0786","-76.3463","1422","08","0","0","0","0","0","1","1","0","","0","0","0","14","1","0","00","0","40 04:43.106","","00","76 20:46.827","0","0","0","0","36101","0","0","0","N","0","0","0","2","36101","0","","1","01","N","N","0","","0","0","1","3","3","","1419","0","2","0","0","0","0","0","3","1","2","N","","","","","","","","","","","","03","04","","N","N"
"1700","1","0","0","0","0","0","0","0","0","4","0","","36","08","2021","2021079935","2","40.2162","-76.1551","1650","08","0","0","1","0","0","0","0","0","","0","0","0","16","1","1","01","2","40 12:58.376","1","00","76 09:18.249","8","0","0","0","36210","0","0","0","N","0","0","0","5","36210","0","","1","01","N","N","0","","0","0","1","3","3","Y","1650","1","2","0","0","0","1","0","1","0","2","N","","","","","","","","","","","1725","03","","","N","N"
"1135","1","0","0","0","0","0","0","0","0","8","0","","36","08","2021","2021079201","5","40.0298","-76.3042","1131","08","0","0","0","0","0","0","0","0","","0","0","0","11","1","1","02","1","40 01:47.172","1","00","76 18:15.038","2","0","0","0","36301","1","0","1","N","1","0","1","2","36301","0","","1","01","N","N","0","","0","1","0","0","0","Y","1131","1","2","0","0","1","0","0","3","0","1","N","","","","","","","","","","","1155","03","03","","N","N"
"1625","1","0","0","0","0","0","0","0","0","8","0","","36","10","2021","2021105813","6","40.0361","-76.3138","1618","08","0","0","0","0","0","0","0","0","","0","0","0","16","8","1","00","2","40 02:09.894","6","00","76 18:49.833","2","0","0","0","36301","1","0","1","N","1","0","1","2","36301","0","","1","09","N","N","0","","0","1","0","0","0","Y","1615","1","2","0","0","0","0","0","3","0","1","N","","","","","","","","","","","1700","04","07","","N","N"
"1430","0","0","0","0","0","0","0","0","0","1","0","","36","11","2021","2021116030","1","40.0781","-76.2822","1426","08","0","0","0","0","0","0","0","0","","0","0","0","14","1","1","00","1","40 04:41.199","2","00","76 16:55.904","3","0","0","0","36101","0","0","0","N","0","0","0","2","36101","0","","1","01","N","N","0","","1","0","2","0","0","N","1424","1","2","0","0","0","0","0","3","0","2","N","","","","","","","","","","","1446","03","03","","N","N"
"2202","2","0","0","0","0","0","0","0","0","1","0","","36","07","2021","2021071389","4","40.0695","-76.3076","2159","08","0","0","0","0","0","0","0","0","","0","0","0","21","3","1","01","2","40 04:10.082","1","00","76 18:27.453","3","0","0","0","36101","0","0","0","N","0","0","0","3","36101","0","","1","01","N","N","0","","1","0","0","3","2","N","2155","1","2","0","0","0","0","0","3","0","2","N","","","","","","","","","","","2235","03","03","","N",""
"1643","1","0","0","0","0","0","0","0","0","1","0","","36","07","2021","2021078472","4","40.131","-76.2171","1640","08","0","0","0","0","0","0","1","0","","0","0","0","16","1","1","01","0","40 07:51.556","","00","76 13:01.609","4","0","0","0","36238","0","0","0","N","0","0","0","4","36238","1","","1","01","N","N","0","","0","0","1","3","2","","1640","1","2","0","0","0","0","0","3","0","2","N","","","","","","","","","","","","03","","","N","N"
"0734","1","0","0","0","0","0","1","0","0","4","0","","36","11","2021","2021115573","2","40.0615","-76.5586","0727","08","0","0","0","0","0","0","0","1","","0","0","0","07","1","0","01","0","40 03:41.533","","00","76 33:30.806","9","0","0","0","36211","0","0","0","N","0","0","0","2","36504","0","","1","09","Y","N","0","","0","0","0","3","3","","0725","0","2","0","0","0","0","1","1","0","2","N","","","","","","","","","","","","03","03","","N","N"
"1408","1","0","0","0","0","0","0","0","0","4","0","","36","08","2021","2021075057","7","40.1956","-76.1709","1405","08","0","0","0","0","1","1","0","0","","0","0","0","14","1","0","00","1","40 11:44.272","1","07","76 10:15.379","0","0","0","0","36218","0","0","0","N","0","0","0","2","36408","0","","1","01","N","N","0","","0","0","1","3","2","N","1405","0","2","0","0","0","0","0","1","0","2","N","","","","","","","","","","","1430","03","","","N","N"
"1247","2","0","0","0","0","0","0","0","0","1","0","","36","12","2021","2021118454","6","40.0863","-76.3285","1242","08","0","0","0","0","0","0","1","0","","0","0","0","12","1","1","02","1","40 05:10.700","1","00","76 19:42.740","3","0","0","0","36101","0","0","0","N","0","0","0","3","36101","0","","1","01","N","N","0","","1","0","0","0","0","N","1240","1","2","0","0","0","0","0","3","0","2","N","","","","","","","","","","","1300","03","03","","N",""
"1140","1","0","0","0","0","0","0","0","0","4","0","","36","08","2021","2021079646","2","39.9797","-76.4321","1129","08","0","0","0","0","0","0","1","0","","0","0","0","11","1","0","01","2","39 58:46.797","6","00","76 25:55.560","0","0","0","0","36223","0","0","0","N","0","0","0","3","36223","0","","1","01","N","N","0","","0","0","1","3","3","Y","1127","0","2","0","0","0","0","0","1","0","2","N","","","","","","","","","","","1212","04","","","N",""
"1423","1","0","0","0","0","0","0","0","0","1","0","","36","08","2021","2021078484","7","40.1612","-76.5848","1418","08","0","0","0","0","0","1","0","0","","0","0","0","14","1","0","00","2","40 09:40.161","3","00","76 35:05.273","0","0","0","0","36407","0","0","0","N","0","0","0","1","36407","0","","6","01","N","N","0","","0","0","1","0","0","N","1416","0","2","0","0","0","0","0","2","0","2","N","","","","","","","","","","","1517","03","03","","N","N"
"1222","0","0","0","0","0","0","0","0","0","1","0","","36","08","2021","2021076606","5","40.0745","-76.3085","1215","08","0","0","0","0","0","1","0","0","","0","0","0","12","1","0","00","1","40 04:28.025","1","00","76 18:30.533","0","0","0","0","36101","0","0","0","N","0","0","0","8","36101","0","","1","01","N","N","0","","0","0","2","0","0","N","1212","0","3","0","0","0","0","0","3","1","3","N","","","","","","","","","","","1306","03","03","","N","N"
"1543","2","0","0","0","0","0","0","0","0","1","0","","36","08","2021","2021071542","2","40.0702","-76.3388","1531","08","0","0","0","0","0","1","0","0","","0","0","0","14","1","1","00","0","40 04:12.578","","00","76 20:19.701","8","0","0","0","36301","0","0","0","N","0","0","0","2","36301","0","","1","01","N","N","0","","0","0","0","0","0","","1452","1","2","0","0","0","1","1","3","0","2","N","","","","","","","","","","","","03","","","N","Y"
"2038","2","0","0","0","0","0","0","0","0","1","0","","36","08","2021","2021080064","1","40.0432","-76.3013","2032","08","0","0","0","0","0","0","0","0","","0","0","0","20","3","0","00","1","40 02:35.600","4","00","76 18:04.600","0","0","0","0","36301","0","0","0","N","0","0","0","1","36301","0","","6","01","N","N","1","","0","0","0","0","0","N","2027","0","3","0","0","0","0","0","3","0","3","N","","","","","","","","","","","2125","03","03","","N","N"
"1004","1","0","0","0","0","0","0","0","0","7","0","","36","11","2021","2021120889","1","39.8655","-76.1127","0944","08","0","0","0","0","0","1","0","0","","0","0","0","09","1","1","00","2","39 51:55.729","5","00","76 06:45.881","3","0","0","0","36205","0","0","0","N","0","0","0","2","68J01","0","","2","01","N","N","0","","1","0","0","0","0","Y","0943","1","1","0","0","0","0","0","1","0","1","N","","","","","","","","","","","1040","03","03","","N","N"
"1843","0","0","0","0","0","0","0","0","0","7","0","","36","08","2021","2021081002","2","40.1251","-76.3242","1826","08","0","1","0","0","0","0","0","0","","0","0","0","18","1","0","00","0","40 07:30.500","","00","76 19:27.200","0","0","0","0","36101","0","0","0","N","0","0","0","1","36101","0","","4","09","N","N","1","","0","0","0","0","0","","1810","0","1","0","0","0","0","0","3","0","1","N","","","","","","","","","","","","07","","","N","N"
"1135","1","0","0","0","0","0","0","0","0","5","0","","36","08","2021","2021079010","1","39.9932","-76.028","1123","08","0","0","0","0","0","1","1","0","","0","0","0","11","1","1","03","0","39 59:35.411","","00","76 01:40.776","3","0","0","0","36232","0","0","0","N","0","0","0","3","68J01","0","","1","01","N","N","0","","1","0","1","3","2","","1118","1","2","0","0","0","0","0","1","0","2","N","","","","","","","","","","","","03","","","N","N"
"0856","1","0","0","0","0","0","0","0","0","4","0","","36","12","2021","2021117860","4","40.035","-76.3294","0851","08","0","0","0","0","0","0","0","0","","0","0","0","08","1","0","01","0","40 02:06.165","","00","76 19:45.660","0","0","0","0","36220","0","0","0","N","0","0","0","2","36101","0","","1","01","N","N","0","","0","0","1","3","3","","0850","0","2","0","0","0","0","0","3","0","2","N","","","","","","","","","","","","03","03","","N",""
"1725","0","0","0","0","0","0","0","0","0","1","0","","36","07","2021","2021067143","2","40.0767","-76.3385","1718","08","0","0","0","0","0","1","0","0","","0","0","0","17","1","0","00","0","40 04:36.195","","00","76 20:18.707","0","0","0","1","36101","0","0","0","N","0","0","0","2","36101","0","","1","01","N","N","0","","0","0","1","0","0","","1716","0","2","0","0","0","0","0","3","0","2","N","","","","","","","","","","","","03","03","","N","N"
"1132","1","0","0","0","0","0","0","0","0","4","0","","36","07","2021","2021071170","7","40.0389","-76.3513","1116","08","0","0","0","0","0","2","0","0","","0","0","0","11","1","0","01","1","40 02:20.108","2","00","76 21:04.525","0","0","0","0","36214","0","0","0","N","0","0","0","2","36214","0","","1","01","N","N","0","","0","0","1","3","3","Y","1109","0","2","0","0","0","0","0","3","0","2","N","","","","","","","","","","","0045","03","03","","N",""
"1925","0","0","0","0","0","0","0","0","0","8","0","","36","11","2021","2021117176","6","39.963","-75.9962","1913","08","0","0","0","0","0","0","0","0","","1","0","0","19","3","0","00","2","39 57:46.654","5","00","75 59:46.284","1","0","0","0","36231","1","1","0","N","1","1","0","5","68J01","0","2","1","01","N","N","0","0","0","0","1","0","0","Y","1911","0","2","0","0","0","0","0","1","0","1","N","","","","","","","","","","","2208","03","","","N","N"