"ARRIVAL_TM","AUTOMOBILE_COUNT","BELTED_DEATH_COUNT","BELTED_SUSP_SERIOUS_INJ_COUNT","BICYCLE_COUNT","BICYCLE_DEATH_COUNT","BICYCLE_SUSP_SERIOUS_INJ_COUNT","BUS_COUNT","CHLDPAS_DEATH_COUNT","CHLDPAS_SUSP_SERIOUS_INJ_COUNT","COLLISION_TYPE","COMM_VEH_COUNT","CONS_ZONE_SPD_LIM","COUNTY","CRASH_MONTH","CRASH_YEAR","CRN","DAY_OF_WEEK","DEC_LAT","DEC_LONG","DISPATCH_TM","DISTRICT","DRIVER_COUNT_16YR","DRIVER_COUNT_17YR","DRIVER_COUNT_18YR","DRIVER_COUNT_19YR","DRIVER_COUNT_20YR","DRIVER_COUNT_50_64YR","DRIVER_COUNT_65_74YR","DRIVER_COUNT_75PLUS","EST_HRS_CLOSED","FATAL_COUNT","HEAVY_TRUCK_COUNT","HORSE_BUGGY_COUNT","HOUR_OF_DAY","ILLUMINATION","INJURY_COUNT","INTERSECT_TYPE","LANE_CLOSED","LATITUDE","LN_CLOSE_DIR","LOCATION_TYPE","LONGITUDE","MAX_SEVERITY_LEVEL","MCYCLE_DEATH_COUNT","MCYCLE_SUSP_SERIOUS_INJ_COUNT","MOTORCYCLE_COUNT","MUNICIPALITY","NONMOTR_COUNT","NONMOTR_DEATH_COUNT","NONMOTR_SUSP_SERIOUS_INJ_COUNT","NTFY_HIWY_MAINT","PED_COUNT","PED_DEATH_COUNT","PED_SUSP_SERIOUS_INJ_COUNT","PERSON_COUNT","POLICE_AGCY","POSSIBLE_INJ_COUNT","RDWY_SURF_TYPE_CD","RELATION_TO_ROAD","ROAD_CONDITION","SCH_BUS_IND","SCH_ZONE_IND","SMALL_TRUCK_COUNT","SPEC_JURIS_CD","SUSP_MINOR_INJ_COUNT","SUSP_SERIOUS_INJ_COUNT","SUV_COUNT","TCD_FUNC_CD","TCD_TYPE","TFC_DETOUR_IND","TIME_OF_DAY","TOT_INJ_COUNT","TOTAL_UNITS","UNB_DEATH_COUNT","UNB_SUSP_SERIOUS_INJ_COUNT","UNBELTED_OCC_COUNT","UNK_INJ_DEG_COUNT","UNK_INJ_PER_COUNT","URBAN_RURAL","VAN_COUNT","VEHICLE_COUNT","WORK_ZONE_IND","WORK_ZONE_LOC","WORK_ZONE_TYPE","WORKERS_PRES","WZ_CLOSE_DETOUR","WZ_FLAGGER","WZ_LAW_OFFCR_IND","WZ_LN_CLOSURE","WZ_MOVING","WZ_OTHER","WZ_SHLDER_MDN","ROADWAY_CLEARED","WEATHER1","WEATHER2","WZ_WORKERS_INJ_KILLED","SECONDARY_CRASH","INTERSECTION_RELATED"
"1243","0","0","0","1","0","0","0","0","0","4","0","","36","11","2021","2021116337","7","39.9861","-76.2808","1239","08","0","0","0","0","0","0","0","0","","0","0","0","12","1","1","00","1","39 59:09.835","1","00","76 16:50.945","3","0","0","0","36240","1","0","0","N","0","0","0","3","36240","0","","1","01","N","N","0","","1","0","1","3","2","N","1238","1","2","0","0","0","0","0","1","0","1","N","","","","","","","","","","","1306","03","","","N","Y"
"0844","3","0","0","0","0","0","0","0","0","1","0","","36","07","2021","2021072060","2","40.0912","-76.304","0842","08","0","0","0","0","0","0","1","0","","0","0","0","08","1","2","00","0","40 05:28.297","","00","76 18:14.352","3","0","0","0","36101","0","0","0","N","0","0","0","4","36101","0","","1","01","N","N","0","","2","0","0","0","0","","0840","2","3","0","0","0","0","0","3","0","3","N","","","","","","","","","","","","03","","","N","N"
"2045","0","0","0","0","0","0","0","0","0","4","0","","36","11","2021","2021117326","7","40.0679","-76.3034","2040","08","0","0","0","0","1","0","0","0","","0","0","0","20","3","1","01","1","40 04:04.462","3","00","76 18:12.202","4","0","0","0","36101","0","0","0","N","0","0","0","3","36101","1","","1","01","N","N","0","","0","0","1","3","2","N","2037","1","2","0","0","0","0","1","3","0","2","N","","","","","","","","","","","2145","04","04","","N",""
"0237","3","0","0","0","0","0","0","0","0","7","0","","36","07","2021","2021069685","3","40.1091","-76.4939","0235","08","0","0","0","0","0","0","0","0","","0","0","0","02","3","0","00","2","40 06:32.642","6","00","76 29:37.908","0","0","0","0","36413","0","0","0","N","0","0","0","1","36413","0","","5","01","N","N","0","","0","0","1","0","0","Y","0235","0","4","0","0","0","0","0","2","0","4","N","","","","","","","","","","","0402","03","","","Y","N"
"0733","2","0","0","0","0","0","0","0","0","1","0","","36","11","2021","2021120472","2","40.0018","-76.088","0718","08","0","0","0","0","0","0","0","1","","0","0","0","07","1","1","00","1","40 00:06.548","4","00","76 05:16.863","3","0","0","0","36226","0","0","0","N","0","0","0","2","68J01","0","","1","01","N","N","0","","1","0","0","0","0","N","0711","1","2","0","0","1","0","0","1","0","2","N","","","","","","","","","","","0830","03","03","","N","N"
"1351","1","0","1","0","0","0","0","0","0","4","1","","36","11","2021","2021119972","3","40.0266","-76.1688","1346","08","0","0","0","0","0","0","0","0","","0","1","0","13","1","2","00","2","40 01:35.790","7","00","76 10:07.717","2","0","0","0","36215","0","0","0","N","0","0","0","2","36215","0","","1","01","N","N","0","","1","1","0","0","0","Y","1344","2","2","0","0","0","0","0","1","0","2","N","","","","","","","","","","","1520","03","03","","N","N"
"1819","1","0","0","0","0","0","0","0","0","7","0","","36","08","2021","2021075484","3","40.213","-76.058","1816","08","0","0","0","0","0","0","0","0","","0","0","0","18","1","0","00","0","40 12:47.159","","00","76 03:30.327","0","0","0","0","36202","0","0","0","N","0","0","0","1","68T06","0","","3","08","N","N","0","","0","0","0","0","0","","1816","0","1","0","0","0","0","0","1","0","1","N","","","","","","","","","","","","07","","","N","N"
"1850","1","0","0","0","0","0","0","0","0","4","0","","36","08","2021","2021095014","4","40.2082","-76.164","1845","08","0","1","0","0","0","1","0","0","","0","0","0","18","1","0","02","0","40 12:29.600","","00","76 09:50.315","0","0","0","0","36218","0","0","0","N","0","0","0","4","36408","0","","1","09","N","N","0","","0","0","1","3","3","","1845","0","2","0","0","0","0","0","1","0","2","N","","","","","","","","","","","","07","","","N","N"
"1620","0","0","0","0","0","0","0","0","0","1","0","","36","06","2021","2021117104","1","40.0087","-76.343","1612","08","0","0","0","0","0","1","1","0","","0","0","0","16","1","0","01","0","40 00:31.485","","00","76 20:34.745","0","0","0","0","36220","0","0","0","N","0","0","0","2","36412","0","","1","01","N","N","0","","0","0","1","3","2","","1612","0","2","0","0","0","0","0","3","1","2","N","","","","","","","","","","","","03","03","","N","N"
"0659","0","0","0","0","0","0","0","0","0","4","0","","36","07","2021","2021073265","2","40.1326","-76.218","0654","08","0","0","0","0","1","0","0","0","","0","0","0","06","1","0","00","0","40 07:57.518","","07","76 13:04.971","0","0","0","0","36238","0","0","0","N","0","0","0","3","36238","0","","1","01","N","N","1","","0","0","0","3","3","","0654","0","2","0","0","0","0","0","3","1","2","N","","","","","","","","","","","","03","","","N","N"
"1507","2","0","0","0","0","0","0","0","0","4","0","","36","07","2021","2021102978","4","40.1117","-76.4517","1457","08","0","0","0","0","0","1","0","0","","0","0","0","14","1","2","01","9","40 06:42.025","","00","76 27:06.017","3","0","0","0","36230","0","0","0","N","0","0","0","2","36410","0","","1","01","N","N","0","","2","0","0","3","2","","1453","2","2","0","0","0","0","0","1","0","2","N","","","","","","","","","","","9999","03","","","N",""
"1016","1","0","0","0","0","0","0","0","0","4","0","","36","08","2021","2021081291","7","40.0735","-76.4607","1010","08","0","0","0","0","0","0","0","0","","0","0","0","10","1","1","02","2","40 04:24.731","5","00","76 27:38.503","2","0","1","1","36239","0","0","0","N","0","0","0","2","36239","0","","1","01","N","N","0","","0","1","0","3","3","Y","1005","1","2","0","0","0","0","0","3","0","2","N","","","","","","","","","","","1048","03","03","","N",""
"1457","1","0","0","0","0","0","0","0","0","1","0","","36","12","2021","2021119975","4","40.0987","-76.1977","1455","08","0","0","0","0","0","2","0","0","","0","0","0","14","1","1","02","2","40 05:55.339","2","00","76 11:51.569","3","0","0","0","36234","0","0","0","N","0","0","0","2","36215","0","","1","01","N","N","0","","1","0","1","0","0","N","1453","1","2","0","0","0","0","0","1","0","2","N","","","","","","","","","","","1542","03","03","","N",""
"1100","0","0","0","0","0","0","0","0","0","6","0","","36","07","2021","2021069252","2","39.9909","-76.262","1158","08","0","0","0","0","0","2","0","0","","0","0","0","10","1","0","00","0","39 59:27.086","","00","76 15:43.287","0","0","0","0","36240","0","0","0","N","0","0","0","2","36240","0","","1","01","N","N","2","","0","0","0","0","0","","1058","0","2","0","0","0","0","0","1","0","2","N","","","","","","","","","","","","03","","","N","Y"
"1809","1","0","0","0","0","0","0","0","0","1","0","","36","07","2021","2021073199","6","40.0684","-76.3033","1803","08","0","0","0","0","0","1","0","0","","0","0","0","18","1","0","00","1","40 04:06.120","3","00","76 18:12.057","0","0","0","0","36101","0","0","0","N","0","0","0","5","36101","0","","1","01","N","N","1","","0","0","1","0","0","N","1801","0","3","0","0","0","0","0","3","0","3","N","","","","","","","","","","","0100","03","","","N","N"
"0242","1","0","0","0","0","0","0","0","0","7","0","","36","07","2021","2021084989","4","39.8847","-76.2026","0147","08","0","0","0","0","0","1","0","0","","0","0","0","01","2","1","00","1","39 53:04.972","5","00","76 12:09.415","8","0","0","0","36212","0","0","0","N","0","0","0","1","68J01","0","","4","01","N","N","0","","0","0","0","0","0","N","0142","1","1","0","0","1","1","0","1","0","1","N","","","","","","","","","","","0030","03","03","","N","N"
"2216","1","0","0","0","0","0","0","0","0","7","0","","36","11","2021","2021117083","2","40.1051","-76.3418","2210","08","0","0","0","1","0","0","0","0","","0","0","0","22","3","1","10","0","40 06:18.315","","00","76 20:30.622","3","0","0","0","36406","0","0","0","N","0","0","0","1","36506","0","","5","01","N","N","0","","1","0","0","0","0","","2209","1","1","0","0","0","0","0","3","0","1","N","","","","","","","","","","","","03","03","","N",""
"1057","0","0","0","0","0","0","0","0","0","7","0","","36","08","2021","2021075538","3","40.0683","-76.1698","1050","08","0","0","0","0","0","0","1","0","","0","0","0","10","1","0","00","1","40 04:05.994","2","00","76 10:11.361","0","0","0","0","36234","0","0","0","N","0","0","0","1","36215","0","","4","01","N","N","0","","0","0","0","0","0","N","1046","0","1","0","0","0","0","0","1","1","1","N","","","","","","","","","","","1152","03","03","","N","N"
"1400","1","0","0","0","0","0","0","0","0","4","0","","36","12","2021","2021119237","5","40.0953","-76.2734","1357","08","0","0","0","0","0","0","0","1","","0","0","0","13","1","0","02","1","40 05:43.068","5","00","76 16:24.143","0","0","0","0","36101","0","0","0","N","0","0","0","2","36101","0","","1","01","N","N","0","","0","0","1","0","0","N","1352","0","2","0","0","0","0","0","3","0","2","N","","","","","","","","","","","1445","03","03","","N",""
"1931","1","0","0","0","0","0","0","0","0","4","0","","36","08","2021","2021074660","3","40.0786","-76.3384","1931","08","0","0","0","0","0","0","0","0","","0","0","0","19","1","0","01","1","40 04:42.891","3","00","76 20:18.294","0","0","0","0","36101","0","0","0","N","0","0","0","2","36101","0","","1","09","N","N","0","","0","0","1","3","2","N","1928","0","2","0","0","0","0","0","3","0","2","N","","","","","","","","","","","2000","07","","","N",""
"1407","0","0","0","0","0","0","0","0","0","4","0","","36","07","2021","2021071574","7","40.1033","-76.0871","1402","08","0","0","0","0","0","1","0","0","","0","1","0","14","1","0","01","0","40 06:11.878","","00","76 05:13.467","0","0","0","0","36415","0","0","0","N","0","0","0","2","36415","0","","1","01","N","N","0","","0","0","1","3","2","","1400","0","2","0","0","0","0","0","1","0","2","N","","","","","","","","","","","","03","","","N",""
"1207","1","0","0","0","0","0","0","0","0","4","0","","36","07","2021","2021073212","6","40.0563","-76.4626","1201","08","0","0","1","0","0","1","0","0","","0","0","0","12","1","0","01","0","40 03:22.745","","00","76 27:45.285","0","0","0","0","36239","0","0","0","N","0","0","0","2","36239","0","","1","01","N","N","0","","0","0","1","3","3","","1200","0","2","0","0","0","0","0","3","0","2","N","","","","","","","","","","","","03","03","","N",""
"1647","1","0","0","0","0","0","0","0","0","4","0","","36","08","2021","2021080777","3","40.0441","-76.2836","1634","08","0","0","0","0","1","0","0","0","","0","0","0","16","1","0","01","0","40 02:38.918","","00","76 17:01.005","0","0","0","0","36220","0","0","0","N","0","0","0","3","36301","0","","1","01","N","N","1","","0","0","0","3","3","","1634","0","2","0","0","0","0","0","3","0","2","N","","","","","","","","","","","","03","03","","N",""
"1847","0","0","0","0","0","0","0","0","0","7","0","","36","08","2021","2021076609","6","40.1716","-76.3885","1843","08","0","0","0","0","0","0","0","0","","0","0","0","18","1","1","00","1","40 10:17.600","1","00","76 23:18.500","8","0","0","0","36227","0","0","0","N","0","0","0","1","36506","0","","4","01","N","N","0","","0","0","1","0","0","N","1841","1","1","0","0","0","1","0","1","0","1","N","","","","","","","","","","","1920","03","","","N","N"
"1030","1","0","0","0","0","0","0","0","0","7","0","","36","11","2021","2021119474","6","40.0647","-76.3422","1024","08","0","0","0","0","0","0","0","0","","0","0","0","10","1","0","01","1","40 03:53.071","3","00","76 20:31.901","0","0","0","0","36101","0","0","0","N","0","0","0","1","36101","0","","5","01","N","N","0","","0","0","0","0","0","N","1022","0","1","0","0","0","0","0","3","0","1","N","","","","","","","","","","","1102","03","","","N",""
"0211","1","0","0","0","0","0","0","0","0","7","0","","36","11","2021","2021118761","5","40.04","-76.3687","0208","08","0","0","0","0","0","0","0","0","","0","0","0","02","2","0","00","1","40 02:23.850","3","00","76 22:07.146","0","0","0","0","36223","0","0","0","N","0","0","0","1","36223","0","","5","01","N","N","0","","0","0","0","0","0","N","0207","0","1","0","0","1","0","0","1","0","1","N","","","","","","","","","","","0336","04","98","","N","N"
"0350","0","0","0","0","0","0","0","0","0","0","0","","36","08","2021","2021079005","7","39.9678","-76.1763","0344","08","0","0","0","0","0","0","0","0","","0","0","0","03","2","0","00","0","39 58:04.231","","00","76 10:34.812","0","0","0","1","36233","0","0","0","N","0","0","0","1","68J01","0","","4","01","N","N","0","","0","0","0","0","0","","0343","0","1","0","0","0","0","0","1","0","1","N","","","","","","","","","","","","03","03","","N","N"
"1734","2","0","0","0","0","0","0","0","0","1","0","","36","08","2021","2021074659","3","40.0704","-76.317","1728","08","0","0","0","0","0","0","0","0","","0","0","0","17","1","0","00","0","40 04:13.587","","03","76 19:01.211","0","0","0","0","36101","0","0","0","N","0","0","0","2","36101","0","","1","01","N","N","0","","0","0","0","0","0","","1708","0","2","0","0","0","0","0","3","0","2","N","","","","","","","","","","","","03","","","N","N"
"1809","0","0","0","0","0","0","0","0","0","7","0","","36","07","2021","2021072506","7","39.8878","-76.2418","1753","08","0","0","0","0","1","0","0","0","","0","0","0","17","1","1","00","2","39 53:16.257","3","00","76 14:30.659","3","0","0","1","36229","0","0","0","N","0","0","0","1","68J01","0","","4","01","N","N","0","","1","0","0","0","0","N","1750","1","1","0","0","0","0","0","1","0","1","N","","","","","","","","","","","1940","03","","","N","N"
"1701","1","0","0","0","0","0","0","0","0","4","0","","36","07","2021","2021071391","3","40.1128","-76.3965","1654","08","0","0","0","0","0","1","0","0","","0","0","0","16","1","1","01","2","40 06:45.982","7","00","76 23:47.576","3","0","0","0","36214","0","0","0","N","0","0","0","3","36214","0","","1","01","N","N","1","","1","0","1","3","3","Y","1650","1","3","0","0","0","0","0","3","0","3","N","","","","","","","","","","","1820","03","03","","N",""
"1820","1","0","0","0","0","0","0","0","0","6","0","","36","07","2021","2021069978","7","40.1415","-76.117","1812","08","0","0","0","0","0","1","0","0","","0","0","0","18","1","1","00","0","40 08:29.333","","07","76 07:01.286","8","0","0","1","36209","0","0","0","N","0","0","0","3","36415","0","","1","01","N","N","0","","0","0","0","3","8","","1811","1","2","0","0","0","1","0","1","0","2","N","","","","","","","","","","","","03","03","","N","N"
"2149","0","0","0","0","0","0","0","0","0","5","0","","36","07","2021","2021074069","4","40.1599","-76.396","2148","08","0","0","0","0","0","0","0","0","","0","0","0","21","3","0","00","0","40 09:35.690","","00","76 23:45.580","0","0","0","0","36410","0","0","0","N","0","0","0","1","36410","0","","6","01","N","N","0","","0","0","2","0","0","","2145","0","2","0","0","0","0","0","2","0","2","N","","","","","","","","","","","","03","03","","N","N"
"2345","1","0","0","0","0","0","0","0","0","7","0","","36","08","2021","2021077456","2","40.0582","-76.306","2345","08","0","0","0","0","0","0","0","0","","0","0","0","23","3","0","00","0","40 03:29.699","","07","76 18:21.436","0","0","0","0","36101","0","0","0","N","0","0","0","1","36101","0","","4","01","N","N","0","","0","0","0","0","0","","2344","0","1","0","0","0","0","0","3","0","1","N","","","","","","","","","","","","03","03","","N","N"
"0410","2","0","0","0","0","0","0","0","0","1","0","","36","08","2021","2021079143","7","40.0373","-76.3165","0407","08","0","0","0","0","0","0","0","0","","0","0","0","04","3","0","00","1","40 02:14.319","3","00","76 18:59.295","9","0","0","0","36301","0","0","0","N","0","0","0","1","36301","0","","6","01","N","N","0","","0","0","0","0","0","N","0403","0","2","0","0","0","0","1","3","0","2","N","","","","","","","","","","","0455","03","","","N","N"
"2011","0","0","0","0","0","0","0","0","0","3","0","","36","08","2021","2021073635","7","40.036","-76.4903","2008","08","0","0","0","0","0","1","0","0","","0","0","0","20","4","1","02","0","40 02:09.643","","00","76 29:25.220","3","0","0","1","36404","0","0","0","N","0","0","0","2","36404","0","","1","01","N","N","0","","1","0","1","3","3","","2004","1","2","0","0","0","0","0","3","0","2","N","","","","","","","","","","","","04","","","N",""
"2057","2","0","0","0","0","0","0","0","0","4","0","","36","11","2021","2021118716","5","40.049","-76.3057","2052","08","0","0","0","0","0","0","0","0","","0","0","0","20","3","0","01","2","40 02:56.518","2","00","76 18:20.618","0","0","0","0","36301","0","0","0","N","0","0","0","2","36301","0","","1","01","N","N","0","","0","0","0","3","3","Y","2051","0","2","0","0","0","0","0","3","0","2","N","","","","","","","","","","","2134","03","03","","N",""
"1039","0","0","0","0","0","0","0","0","0","1","1","","36","12","2021","2021118923","6","40.0619","-76.3442","1032","08","0","0","0","0","0","1","1","0","","0","1","0","10","1","2","00","1","40 03:42.986","3","00","76 20:39.104","3","0","0","0","36214","0","0","0","N","0","0","0","5","36214","1","","1","01","N","N","1","","1","0","1","0","0","Y","1032","2","3","0","0","0","0","0","3","0","3","N","","","","","","","","","","","1200","03","","","N","N"
"1257","0","0","0","0","0","0","0","0","0","4","0","","36","12","2021","2021118166","6","40.1761","-76.2249","1247","08","0","0","0","0","0","0","0","1","","0","0","0","12","1","0","01","1","40 10:34.041","3","00","76 13:29.758","0","0","0","0","36218","0","0","0","N","0","0","0","2","36408","0","","1","01","N","N","0","","0","0","1","3","3","N","1247","0","2","0","0","0","0","0","1","1","2","N","","","","","","","","","","","1330","03","03","","N","N"
"1118","1","0","0","0","0","0","0","0","0","1","0","","36","08","2021","2021076184","6","40.0485","-76.3444","1115","08","0","0","0","0","0","0","1","0","","0","0","0","11","1","1","02","0","40 02:54.754","","07","76 20:39.770","3","0","0","0","36214","0","0","0","N","0","0","0","3","36214","0","","1","01","N","N","1","","1","0","0","0","0","","1110","1","2","0","0","0","0","0","3","0","2","N","","","","","","","","","","","","03","03","","N",""
"1202","1","0","0","1","0","1","0","0","0","4","0","99","36","08","2021","2021080606","3","40.0245","-76.3309","1159","08","0","0","0","0","0","0","0","0","","0","0","0","11","1","1","01","0","40 01:28.028","","00","76 19:51.268","2","0","0","0","36220","1","0","1","N","0","0","0","2","36101","0","","1","01","N","N","0","","0","1","0","3","2","","1158","1","2","0","0","0","0","0","3","0","1","Y","4","1","Y","","","U","Y","","","","","03","03","N","N",""
"1805","0","0","0","0","0","0","0","0","0","2","0","","36","07","2021","2021078058","7","39.9625","-76.172","1803","08","0","0","0","0","0","1","0","1","","0","0","0","18","1","0","00","2","39 57:44.989","5","00","76 10:19.099","0","0","0","0","36233","0","0","0","N","0","0","0","2","68J01","0","","1","01","N","N","1","","0","0","0","0","0","Y","1801","0","2","0","0","0","0","0","1","1","2","N","","","","","","","","","","","1855","03","","","N","N"
"0918","1","0","0","0","0","0","0","0","0","2","1","","36","11","2021","2021114575","4","40.0383","-76.4605","0914","08","0","0","0","0","0","0","0","0","","2","1","0","09","1","3","00","2","40 02:17.711","6","00","76 27:37.931","1","0","0","0","36239","0","0","0","N","0","0","0","5","36239","0","2","1","01","N","N","0","0","3","0","0","0","0","Y","0913","3","2","2","0","2","0","0","3","0","2","N","","","","","","","","","","","1505","03","03","","N","N"
"1834","0","0","0","0","0","0","0","0","0","7","0","","36","07","2021","2021071808","4","40.0687","-76.3055","1826","08","0","0","0","0","0","0","0","0","","0","0","0","18","1","0","00","1","40 04:07.165","3","00","76 18:19.792","0","0","0","0","36101","0","0","0","N","0","0","0","2","36101","0","","1","01","N","N","0","","0","0","1","0","0","N","1822","0","2","0","0","0","0","0","3","1","2","N","","","","","","","","","","","1921","03","","","N","N"
"0105","0","0","0","0","0","0","0","0","0","7","0","","36","08","2021","2021078738","2","40.0842","-76.3697","0102","08","0","0","0","0","0","0","0","0","","0","0","0","01","2","1","00","1","40 05:03.250","4","00","76 22:10.888","3","0","0","0","36214","0","0","0","N","0","0","0","1","36214","0","","4","09","N","N","1","","1","0","0","0","0","N","0100","1","1","0","0","1","0","0","3","0","1","N","","","","","","","","","","","0230","07","","","N","N"
"1613","1","0","0","0","0","0","0","0","0","7","0","","36","12","2021","2021120792","3","40.0619","-76.3839","1613","08","0","0","0","0","0","0","1","0","","0","0","0","16","1","0","00","0","40 03:42.860","","00","76 23:02.160","0","0","0","0","36214","0","0","0","N","0","0","0","1","36214","0","","5","01","N","N","0","","0","0","0","0","0","","1613","0","1","0","0","0","0","0","3","0","1","N","","","","","","","","","","","","03","03","","N","N"
"0050","1","0","0","0","0","0","0","0","0","7","0","","36","08","2021","2021089427","1","40.2207","-76.0886","0045","08","0","0","0","1","0","0","0","0","","0","0","0","00","3","0","00","0","40 12:55.663","","02","76 04:14.374","0","0","0","0","36202","0","0","0","Y","0","0","0","2","68T06","0","","4","01","N","N","0","","0","0","0","0","0","","0045","0","1","0","0","0","0","0","1","0","1","N","","","","","","","","","","","","03","","","N","N"
"1312","1","0","0","0","0","0","0","0","0","6","0","","36","08","2021","2021079656","1","40.0591","-76.4629","1305","08","0","0","0","0","0","1","0","0","","0","0","0","13","1","0","02","0","40 03:32.814","","00","76 27:46.398","0","0","0","0","36239","0","0","0","N","0","0","0","2","36239","0","","1","09","N","N","0","","0","0","1","0","0","","1305","0","2","0","0","0","0","0","3","0","2","N","","","","","","","","","","","","07","07","","N",""
"0751","1","0","0","0","0","0","0","0","0","7","0","","36","12","2021","2021120182","3","40.0529","-76.4494","0747","08","0","0","0","0","0","0","0","0","","0","0","0","05","2","0","00","0","40 03:10.540","","00","76 26:57.710","0","0","0","0","36239","0","0","0","N","0","0","0","1","36239","0","","5","01","N","N","0","","0","0","0","0","0","","0530","0","1","0","0","0","0","0","3","0","1","N","","","","","","","","","","","","03","03","","N","N"
"2153","1","0","0","0","0","0","0","0","0","7","0","","36","12","2021","2021120479","5","40.1906","-76.0322","2137","08","0","0","0","0","1","0","0","0","","0","0","0","21","2","1","00","2","40 11:26.211","6","00","76 01:55.897","4","0","0","0","36202","0","0","0","N","0","0","0","1","68J01","1","","4","01","N","N","0","","0","0","0","0","0","Y","2133","1","1","0","0","0","0","0","1","0","1","N","","","","","","","","","","","2313","03","04","","N","N"
"1220","0","0","0","0","0","0","0","0","0","0","0","","36","12","2021","2021119729","4","40.0639","-76.3827","1216","08","0","0","0","1","0","0","0","0","","0","0","0","12","1","0","02","2","40 03:50.000","5","00","76 22:57.547","0","0","0","0","36214","0","0","0","N","0","0","0","1","36214","0","","1","01","N","N","0","","0","0","0","0","0","Y","1214","0","1","0","0","0","0","0","3","1","1","N","","","","","","","","","","","1400","03","","","Y",""
"1415","0","0","0","0","0","0","0","0","0","1","0","","36","08","2021","2021074077","6","40.1176","-76.4961","1415","08","0","0","0","0","0","0","0","0","","0","0","0","14","1","0","02","1","40 07:03.202","3","00","76 29:46.099","0","0","0","0","36230","0","0","0","N","0","0","0","2","36410","0","","1","01","N","N","1","","0","0","1","0","0","N","1414","0","2","0","0","0","0","0","1","0","2","N","","","","","","","","","","","1447","03","","","N",""
"0355","0","0","0","0","0","0","0","0","0","7","0","","36","08","2021","2021082819","1","39.9079","-76.1221","0341","08","0","0","0","0","0","0","0","0","","0","0","0","03","2","0","00","1","39 54:28.285","3","00","76 07:19.507","0","0","0","0","36216","0","0","0","Y","0","0","0","1","68J01","0","","2","09","N","N","1","","0","0","0","0","0","N","0337","0","1","0","0","0","0","0","1","0","1","N","","","","","","","","","","","0445","07","","","N","N"
"1608","0","0","0","0","0","0","0","0","0","4","0","","36","07","2021","2021076587","4","40.2262","-76.092","1606","08","0","0","0","0","0","0","0","1","","0","0","0","16","1","0","00","0","40 13:34.442","","07","76 05:31.050","0","0","0","0","36210","0","0","0","N","0","0","0","2","36210","0","","1","01","N","N","1","","0","0","1","0","0","","1606","0","2","0","0","0","0","0","1","0","2","N","","","","","","","","","","","","03","","","N","N"
"2046","1","0","0","0","0","0","0","0","0","4","0","","36","07","2021","2021069409","1","40.0514","-76.2944","2043","08","0","0","0","0","0","1","0","0","","0","0","0","20","3","2","01","2","40 03:04.870","7","00","76 17:39.912","3","0","0","0","36301","0","0","0","N","0","0","0","2","36301","0","","1","01","N","N","0","","2","0","1","3","3","N","2041","2","2","0","0","0","0","0","3","0","2","N","","","","","","","","","","","2214","03","","","N","N"
"1609","0","0","0","0","0","0","0","0","0","4","0","","36","11","2021","2021115626","2","40.0785","-76.1032","1605","08","0","0","0","0","0","0","0","0","","0","0","0","16","1","0","00","2","40 04:42.710","5","00","76 06:11.430","0","0","0","0","36209","0","0","0","N","0","0","0","3","36415","0","","1","01","N","N","1","","0","0","1","0","0","Y","1604","0","2","0","0","2","0","0","1","0","2","N","","","","","","","","","","","0100","03","03","","N","N"
"2322","0","0","0","0","0","0","0","0","0","7","0","","36","10","2021","2021101640","7","40.1183","-76.0479","2317","08","0","0","0","0","0","0","0","0","","0","0","0","23","3","1","01","2","40 07:05.968","6","00","76 02:52.589","3","0","0","0","36213","0","0","0","Y","0","0","0","1","36213","0","","5","01","N","N","0","","1","0","1","3","2","Y","2316","1","1","0","0","0","0","0","1","0","1","N","","","","","","","","","","","0012","03","","","N",""
"1210","0","0","0","0","0","0","0","0","0","1","0","","36","11","2021","2021113615","7","40.0934","-76.2622","1203","08","0","0","0","0","0","1","1","0","","0","0","0","11","1","3","00","1","40 05:36.295","2","00","76 15:43.751","3","0","0","0","36101","0","0","0","N","0","0","0","7","36101","2","","1","01","N","N","0","","1","0","2","0","0","N","1159","3","3","0","0","0","0","0","3","1","3","N","","","","","","","","","","","1330","03","03","","N","N"
"0654","1","0","0","0","0","0","0","0","0","7","0","","36","11","2021","2021114949","3","40.0287","-76.1322","0641","08","0","0","0","0","0","0","0","0","","0","0","0","06","1","0","00","0","40 01:43.330","","00","76 07:56.050","0","0","0","0","36221","0","0","0","N","0","0","0","1","68J01","0","","4","01","N","N","0","","0","0","0","0","0","","0636","0","1","0","0","0","0","0","1","0","1","N","","","","","","","","","","","","03","03","","N","N"
"1345","0","0","0","0","0","0","0","0","0","0","0","","36","07","2021","2021069450","1","40.1575","-76.6591","1336","08","0","0","0","0","0","0","0","0","","0","0","0","13","1","0","00","0","40 09:26.880","","00","76 39:32.840","0","0","0","0","36237","0","0","0","N","0","0","0","1","36505","0","","1","01","N","N","0","","0","0","1","0","0","","1336","0","1","0","0","0","0","0","1","0","1","N","","","","","","","","","","","","03","03","","N","N"