"ARRIVAL_TM","AUTOMOBILE_COUNT","BELTED_DEATH_COUNT","BELTED_SUSP_SERIOUS_INJ_COUNT","BICYCLE_COUNT","BICYCLE_DEATH_COUNT","BICYCLE_SUSP_SERIOUS_INJ_COUNT","BUS_COUNT","CHLDPAS_DEATH_COUNT","CHLDPAS_SUSP_SERIOUS_INJ_COUNT","COLLISION_TYPE","COMM_VEH_COUNT","CONS_ZONE_SPD_LIM","COUNTY","CRASH_MONTH","CRASH_YEAR","CRN","DAY_OF_WEEK","DEC_LAT","DEC_LONG","DISPATCH_TM","DISTRICT","DRIVER_COUNT_16YR","DRIVER_COUNT_17YR","DRIVER_COUNT_18YR","DRIVER_COUNT_19YR","DRIVER_COUNT_20YR","DRIVER_COUNT_50_64YR","DRIVER_COUNT_65_74YR","DRIVER_COUNT_75PLUS","EST_HRS_CLOSED","FATAL_COUNT","HEAVY_TRUCK_COUNT","HORSE_BUGGY_COUNT","HOUR_OF_DAY","ILLUMINATION","INJURY_COUNT","INTERSECT_TYPE","LANE_CLOSED","LATITUDE","LN_CLOSE_DIR","LOCATION_TYPE","LONGITUDE","MAX_SEVERITY_LEVEL","MCYCLE_DEATH_COUNT","MCYCLE_SUSP_SERIOUS_INJ_COUNT","MOTORCYCLE_COUNT","MUNICIPALITY","NONMOTR_COUNT","NONMOTR_DEATH_COUNT","NONMOTR_SUSP_SERIOUS_INJ_COUNT","NTFY_HIWY_MAINT","PED_COUNT","PED_DEATH_COUNT","PED_SUSP_SERIOUS_INJ_COUNT","PERSON_COUNT","POLICE_AGCY","POSSIBLE_INJ_COUNT","RDWY_SURF_TYPE_CD","RELATION_TO_ROAD","ROAD_CONDITION","SCH_BUS_IND","SCH_ZONE_IND","SMALL_TRUCK_COUNT","SPEC_JURIS_CD","SUSP_MINOR_INJ_COUNT","SUSP_SERIOUS_INJ_COUNT","SUV_COUNT","TCD_FUNC_CD","TCD_TYPE","TFC_DETOUR_IND","TIME_OF_DAY","TOT_INJ_COUNT","TOTAL_UNITS","UNB_DEATH_COUNT","UNB_SUSP_SERIOUS_INJ_COUNT","UNBELTED_OCC_COUNT","UNK_INJ_DEG_COUNT","UNK_INJ_PER_COUNT","URBAN_RURAL","VAN_COUNT","VEHICLE_COUNT","WORK_ZONE_IND","WORK_ZONE_LOC","WORK_ZONE_TYPE","WORKERS_PRES","WZ_CLOSE_DETOUR","WZ_FLAGGER","WZ_LAW_OFFCR_IND","WZ_LN_CLOSURE","WZ_MOVING","WZ_OTHER","WZ_SHLDER_MDN","ROADWAY_CLEARED","WEATHER1","WEATHER2","WZ_WORKERS_INJ_KILLED","SECONDARY_CRASH","INTERSECTION_RELATED"
"1655","1","0","0","0","0","0","0","0","0","7","0","","36","07","2021","2021072717","5","40.0288","-76.4551","1646","08","0","0","0","0","0","0","0","0","","0","0","0","16","1","0","00","0","40 01:43.600","","00","76 27:18.200","0","0","0","0","36239","0","0","0","N","0","0","0","2","36239","0","","4","09","N","N","0","","0","0","0","0","0","","1646","0","1","0","0","0","0","0","3","0","1","N","","","","","","","","","","","","07","07","","N","N"
"1535","0","0","0","0","0","0","0","0","0","7","0","","36","07","2021","2021072250","4","40.0542","-76.2789","1518","08","0","0","0","0","0","0","0","0","","0","0","0","15","1","0","00","1","40 03:15.130","1","00","76 16:44.110","0","0","0","0","36101","0","0","0","N","0","0","0","1","36101","0","","4","01","N","N","0","","0","0","0","0","0","N","1507","0","1","0","0","0","0","0","3","1","1","N","","","","","","","","","","","1713","03","03","","N","N"
"0519","1","0","0","0","0","0","0","0","0","5","0","","36","07","2021","2021067991","4","40.0601","-76.5401","0512","08","0","0","0","0","0","0","0","0","","0","0","0","05","5","0","00","0","40 03:36.300","","00","76 32:24.300","0","0","0","0","36411","0","0","0","N","0","0","0","1","36504","0","","6","01","N","N","0","","0","0","2","0","0","","0500","0","4","0","0","0","0","0","1","1","4","N","","","","","","","","","","","","03","03","","N","N"
"0330","1","0","0","0","0","0","0","0","0","2","0","","36","07","2021","2021082810","7","39.9299","-76.3545","0317","08","0","0","1","0","0","0","0","0","","0","0","0","03","2","1","00","2","39 55:47.600","5","00","76 21:16.200","2","0","1","1","36206","0","0","0","N","0","0","0","2","68J01","0","","1","01","N","N","0","","0","1","0","0","0","N","0315","1","2","0","0","0","0","0","1","0","2","N","","","","","","","","","","","0430","03","03","","N","N"
"1705","4","0","0","0","0","0","0","0","0","5","0","","36","10","2021","2021113347","5","40.0441","-76.3195","1659","08","0","0","0","0","0","0","0","0","","0","0","0","16","1","0","00","0","40 02:38.585","","00","76 19:10.107","0","0","0","0","36301","0","0","0","N","0","0","0","1","36301","0","","6","01","N","N","0","","0","0","0","0","0","","1655","0","4","0","0","0","0","0","3","0","4","N","","","","","","","","","","","","03","03","","N","N"
"0010","2","0","0","0","0","0","0","0","0","4","0","","36","11","2021","2021114511","3","40.0351","-76.2984","0006","08","0","0","0","0","0","1","0","0","","0","0","0","00","3","0","01","0","40 02:06.522","","00","76 17:54.333","0","0","0","0","36301","0","0","0","N","0","0","0","2","36301","0","","1","01","N","N","0","","0","0","0","3","3","","0005","0","2","0","0","0","0","0","3","0","2","N","","","","","","","","","","","","03","03","","N",""
"1858","3","0","0","0","0","0","0","0","0","2","0","","36","11","2021","2021111228","5","40.0458","-76.3083","1858","08","0","0","0","0","0","1","0","0","","0","0","0","18","3","1","00","2","40 02:44.725","3","00","76 18:29.830","3","0","0","0","36301","0","0","0","N","0","0","0","1","36301","0","","1","01","N","N","0","","1","0","0","0","0","Y","1856","1","3","0","0","1","0","0","3","0","3","N","","","","","","","","","","","1941","03","03","","N","N"
"0720","1","0","0","0","0","0","0","0","0","0","0","","36","07","2021","2021066611","3","40.0527","-76.5177","0709","08","0","0","0","0","0","0","0","0","","0","0","0","07","1","0","00","0","40 03:09.649","","00","76 31:03.849","0","0","0","0","36239","0","0","0","N","0","0","0","2","36239","0","","1","01","N","N","0","","0","0","1","0","0","","0709","0","2","0","0","0","0","0","3","0","2","N","","","","","","","","","","","","03","","","N","N"
"1713","0","0","0","0","0","0","0","0","0","98","0","","36","11","2021","2021116939","7","40.0591","-76.4629","1706","08","0","0","0","0","0","0","1","0","","0","0","0","17","2","0","03","0","40 03:32.814","","00","76 27:46.398","0","0","0","0","36239","0","0","0","N","0","0","0","1","36239","0","","1","01","N","N","0","","0","0","1","0","0","","1703","0","1","0","0","0","0","0","3","0","1","N","","","","","","","","","","","","03","03","","N",""
"1602","2","0","0","0","0","0","0","0","0","4","0","","36","07","2021","2021072505","7","39.9593","-76.0996","1541","08","0","0","0","1","0","0","0","0","","0","0","0","15","1","3","01","2","39 57:33.444","5","00","76 05:58.443","3","0","0","0","36226","0","0","0","N","0","0","0","3","68J01","0","","1","01","N","N","0","","3","0","0","3","3","Y","1536","3","2","0","0","0","0","0","1","0","2","N","","","","","","","","","","","1645","03","","","N","N"
"1243","0","0","0","0","0","0","0","0","0","1","1","","36","10","2021","2021114337","2","40.0882","-76.3136","1235","08","0","0","0","0","0","0","0","0","","0","0","0","12","1","0","00","1","40 05:17.680","3","00","76 18:48.940","0","0","0","0","36101","0","0","0","N","0","0","0","1","36101","0","","1","01","N","N","0","","0","0","1","0","0","N","1233","0","2","0","0","0","0","0","3","1","2","N","","","","","","","","","","","1321","03","","","N","N"
"1845","1","0","0","0","0","0","0","0","0","7","0","","36","11","2021","2021115379","3","40.1292","-76.5962","1838","08","0","0","0","1","0","0","0","0","","0","0","0","18","3","1","00","2","40 07:44.949","5","00","76 35:46.333","3","0","0","0","36237","0","0","0","N","0","0","0","1","36505","0","","5","01","N","N","0","","1","0","0","0","0","Y","1838","1","1","0","0","0","0","0","1","0","1","N","","","","","","","","","","","0400","03","","","N","N"
"1404","1","0","0","0","0","0","0","0","0","4","0","","36","11","2021","2021114572","3","40.0279","-76.2237","1350","08","0","0","0","0","0","0","1","0","","0","0","0","13","1","0","02","0","40 01:40.475","","00","76 13:25.360","0","0","0","0","36215","0","0","0","N","0","0","0","7","36215","0","","1","01","N","N","1","","0","0","0","3","3","","1347","0","2","0","0","0","0","0","1","0","2","N","","","","","","","","","","","","03","03","","N",""
"1511","0","0","0","0","0","0","0","0","0","0","1","","36","11","2021","2021114343","6","40.2339","-76.4347","1505","08","0","0","0","0","0","0","0","0","","0","1","0","15","1","0","02","1","40 14:01.894","1","07","76 26:05.025","0","0","0","0","36230","0","0","0","N","0","0","0","1","36410","0","","5","01","N","N","1","","0","0","0","3","2","N","1501","0","2","0","0","0","0","0","1","0","2","N","","","","","","","","","","","1700","03","","","N",""
"0940","1","0","0","0","0","0","0","0","0","4","0","","36","11","2021","2021110157","6","40.1805","-76.2111","0936","08","0","0","0","0","0","0","0","1","","0","0","0","09","1","0","01","1","40 10:49.758","2","00","76 12:39.923","0","0","0","0","36218","0","0","0","N","0","0","0","3","36408","0","","1","09","N","N","0","","0","0","1","3","3","N","0934","0","2","0","0","0","0","0","1","0","2","N","","","","","","","","","","","1012","07","","","N",""
"1930","0","0","0","0","0","0","0","0","0","0","0","","36","07","2021","2021065457","2","39.9912","-76.1","1920","08","1","0","0","0","0","0","0","0","","0","0","0","19","1","1","00","2","39 59:28.495","5","00","76 06:00.138","3","0","0","0","36226","0","0","0","N","0","0","0","1","68J01","0","","1","09","N","N","0","","1","0","1","0","0","Y","1914","1","1","0","0","1","0","0","1","0","1","N","","","","","","","","","","","2018","07","04","","N","N"
"1621","0","0","0","0","0","0","0","0","0","7","0","","36","07","2021","2021078113","2","39.9772","-75.9979","1615","08","0","0","0","0","0","1","0","0","","0","0","0","15","1","0","00","0","39 58:38.007","","00","75 59:52.395","0","0","0","0","36231","0","0","0","N","0","0","0","1","68J01","0","","4","01","N","N","0","","0","0","1","0","0","","1547","0","1","0","0","0","0","0","1","0","1","N","","","","","","","","","","","","03","03","","N","N"
"0055","1","0","0","0","0","0","0","0","0","4","0","","36","12","2021","2021117862","5","40.0606","-76.2768","0051","08","0","0","0","0","0","0","0","0","","0","0","0","00","3","0","01","1","40 03:38.263","4","00","76 16:36.564","0","0","0","0","36101","0","0","0","N","0","0","0","2","36101","0","","1","09","N","N","0","","0","0","1","3","2","N","0048","0","2","0","0","0","0","0","3","0","2","N","","","","","","","","","","","0157","07","04","","N",""
"1316","1","0","0","0","0","0","0","0","0","3","0","","36","11","2021","2021118165","3","40.1941","-76.1522","1313","08","0","0","0","0","0","1","0","0","","0","0","0","12","1","0","02","0","40 11:38.918","","00","76 09:07.840","0","0","0","0","36218","0","0","0","N","0","0","0","2","36408","0","","1","01","N","N","1","","0","0","0","3","3","","1258","0","2","0","0","0","0","0","1","0","2","N","","","","","","","","","","","","03","03","","N","N"
"1550","2","0","0","0","0","0","0","0","0","1","0","","36","11","2021","2021114570","2","40.053","-76.3842","1547","08","0","0","0","0","0","0","0","0","","0","0","0","15","1","0","00","0","40 03:10.897","","00","76 23:02.967","0","0","0","0","36214","0","0","0","N","0","0","0","2","36214","0","","1","01","N","N","0","","0","0","0","0","0","","1547","0","2","0","0","0","0","0","3","0","2","N","","","","","","","","","","","","03","","","N","N"
"1059","0","0","0","0","0","0","0","0","0","1","1","","36","11","2021","2021109755","4","40.0626","-76.542","1055","08","0","0","0","0","1","0","0","0","","0","1","0","10","1","2","01","1","40 03:45.412","5","00","76 32:31.057","4","0","0","0","36211","0","0","0","N","0","0","0","3","36504","2","","1","01","N","N","1","","0","0","1","3","2","Y","1053","2","4","0","0","0","0","1","1","0","3","N","","","","","","","","","","","1211","03","03","","N","N"
"1413","0","0","0","0","0","0","0","0","0","4","0","","36","07","2021","2021086481","7","40.036","-76.5046","1411","08","0","0","0","0","0","0","1","0","","0","0","0","14","1","2","01","1","40 02:09.524","6","00","76 30:16.491","3","0","0","0","36404","0","0","0","N","0","0","0","2","36404","1","","1","01","N","N","1","","1","0","2","3","3","N","1410","2","3","0","0","0","0","0","3","0","3","N","","","","","","","","","","","1537","03","03","","N",""
"1348","1","0","0","0","0","0","0","0","0","2","0","","36","11","2021","2021116236","6","39.752","-76.1535","1323","08","0","0","0","0","0","0","0","0","","0","0","0","13","1","0","00","1","39 45:07.174","4","00","76 09:12.708","0","0","0","0","36219","0","0","0","N","0","0","0","2","68J01","0","","4","01","N","N","0","","0","0","0","0","0","N","1319","0","1","0","0","0","0","0","1","0","1","N","","","","","","","","","","","1452","03","03","","N","N"
"1600","0","0","0","0","0","0","0","0","0","1","0","","36","07","2021","2021071038","6","40.0715","-76.3258","1516","08","0","0","0","0","0","0","0","0","","0","0","0","15","1","0","00","0","40 04:17.315","","00","76 19:32.904","0","0","0","0","36101","0","0","0","N","0","0","0","2","36301","0","","1","01","N","N","0","","0","0","2","0","0","","1516","0","2","0","0","0","0","0","3","0","2","N","","","","","","","","","","","","03","","","Y","Y"
"1357","1","0","0","0","0","0","0","0","0","4","0","","36","07","2021","2021070631","5","40.229","-76.0845","1353","08","0","0","1","0","0","1","0","0","","0","0","0","13","1","1","01","0","40 13:44.455","","00","76 05:04.125","3","0","0","0","36210","0","0","0","N","0","0","0","3","36210","0","","1","01","N","N","0","","1","0","1","3","3","","1353","1","2","0","0","0","0","0","1","0","2","N","","","","","","","","","","","","04","","","N","N"
"2232","1","0","0","0","0","0","0","0","0","7","0","","36","11","2021","2021107317","6","40.0943","-76.0559","2232","08","0","0","1","0","0","0","0","0","","0","0","0","22","2","0","00","2","40 05:39.331","2","00","76 03:21.154","0","0","0","0","36213","0","0","0","N","0","0","0","1","36213","0","","5","01","N","N","0","","0","0","0","0","0","N","2227","0","1","0","0","0","0","0","1","0","1","N","","","","","","","","","","","2314","03","","","N","N"
"1632","0","0","0","0","0","0","0","0","0","4","0","","36","07","2021","2021069173","2","39.9838","-76.0918","1628","08","0","0","0","0","0","1","0","1","","0","0","0","16","1","1","02","0","39 59:01.629","","00","76 05:30.411","3","0","0","0","36226","0","0","0","N","0","0","0","3","68J01","0","","1","09","N","N","0","","1","0","2","3","3","","1628","1","2","0","0","0","0","0","1","0","2","N","","","","","","","","","","","","04","","","N","N"
"2220","2","0","0","0","0","0","0","0","0","4","0","","36","07","2021","2021066730","6","40.0404","-76.3229","2213","08","0","0","1","0","0","0","0","0","","0","0","0","21","3","0","01","2","40 02:25.547","2","00","76 19:22.515","0","0","0","0","36301","0","0","0","N","0","0","0","3","36301","0","","1","01","N","N","0","","0","0","0","3","2","Y","2155","0","2","0","0","0","0","0","3","0","2","N","","","","","","","","","","","2353","03","","","N","N"
"1317","1","0","0","0","0","0","0","0","0","4","0","","36","11","2021","2021114573","3","40.0315","-76.2382","1314","08","0","0","0","0","0","0","0","1","","0","0","0","13","1","0","01","0","40 01:50.123","","00","76 14:03.641","0","0","0","0","36215","0","0","0","N","0","0","0","2","36215","0","","1","01","N","N","0","","0","0","1","3","2","","1310","0","2","0","0","0","0","0","1","0","2","N","","","","","","","","","","","","03","03","","N",""
"2307","1","0","0","0","0","0","0","0","0","4","0","","36","07","2021","2021065510","4","39.9924","-76.2859","2307","08","0","0","0","1","0","0","0","0","","0","0","0","23","3","0","02","2","39 59:32.071","2","07","76 17:09.342","0","0","0","0","36240","0","0","0","N","0","0","0","2","36240","0","","1","01","N","N","0","","0","0","1","3","2","Y","2303","0","2","0","0","0","0","0","1","0","2","N","","","","","","","","","","","2347","03","03","","N",""
"1704","2","0","0","0","0","0","0","0","0","1","0","","36","12","2021","2021117861","4","40.0614","-76.2763","1659","08","0","0","0","0","0","0","0","0","","0","0","0","16","4","0","00","1","40 03:40.893","4","00","76 16:34.856","0","0","0","0","36101","0","0","0","N","0","0","0","3","36101","0","","1","01","N","N","0","","0","0","1","0","0","N","1654","0","3","0","0","0","0","0","3","0","3","N","","","","","","","","","","","1750","03","03","","N","N"
"2124","0","0","0","0","0","0","0","0","0","7","0","","36","11","2021","2021116937","5","40.0613","-76.3517","2122","08","0","0","0","0","0","0","0","0","","0","0","0","21","3","0","00","0","40 03:40.736","","00","76 21:05.977","0","0","0","0","36214","0","0","0","N","0","0","0","1","36214","0","","2","01","N","N","0","","0","0","1","0","0","","2120","0","1","0","0","0","0","0","3","0","1","N","","","","","","","","","","","","03","03","","N","N"
"1728","2","0","0","0","0","0","0","0","0","4","0","","36","07","2021","2021068682","7","40.0389","-76.3117","1718","08","0","1","0","0","0","0","0","0","","0","0","0","17","1","1","02","0","40 02:20.138","","00","76 18:42.031","4","0","0","0","36301","0","0","0","N","0","0","0","3","36301","1","","1","01","N","N","0","","0","0","0","3","3","","1718","1","2","0","0","0","0","0","3","0","2","N","","","","","","","","","","","","03","03","","N","N"
"2221","2","0","0","0","0","0","0","0","0","1","0","","36","07","2021","2021072059","7","40.1044","-76.3111","2215","08","0","0","0","0","0","0","0","0","","0","0","0","22","3","0","00","2","40 06:15.981","3","00","76 18:39.866","0","0","0","0","36101","0","0","0","N","0","0","0","1","36101","0","","6","01","N","N","0","","0","0","0","0","0","N","2213","0","2","0","0","0","0","0","3","0","2","N","","","","","","","","","","","0013","03","03","","N","N"
"1714","2","0","0","0","0","0","0","0","0","1","0","","36","11","2021","2021116383","2","40.048","-76.3096","1704","08","0","0","0","0","0","0","0","0","","0","0","0","17","3","2","00","0","40 02:52.885","","00","76 18:34.442","3","0","0","0","36301","0","0","0","N","0","0","0","3","36301","0","","1","01","N","N","0","","2","0","0","3","2","","1702","2","2","0","0","0","0","0","3","0","2","N","","","","","","","","","","","","03","","","N","N"
"1826","2","0","0","0","0","0","0","0","0","1","0","","36","07","2021","2021067149","5","40.1451","-76.3622","1824","08","0","1","0","0","0","0","0","0","","0","0","0","18","1","0","01","0","40 08:42.294","","00","76 21:43.825","9","0","0","0","36227","0","0","0","N","0","0","0","4","36506","0","","1","01","N","N","0","","0","0","1","0","0","","1816","0","3","0","0","0","0","1","1","0","3","N","","","","","","","","","","","","03","03","","N",""
"1634","1","0","0","0","0","0","0","0","0","4","0","","36","11","2021","2021113837","2","40.142","-76.3042","1632","08","0","0","0","0","0","0","0","0","","0","0","0","16","4","0","00","1","40 08:31.325","2","00","76 18:15.168","0","0","0","0","36409","0","0","0","N","0","0","0","3","36409","0","","1","01","N","N","0","","0","0","1","0","0","N","1629","0","2","0","0","0","0","0","3","0","2","N","","","","","","","","","","","0015","03","","","N","N"
"0757","1","0","0","0","0","0","0","0","0","1","1","","36","10","2021","2021112860","5","40.0224","-76.1929","0752","08","0","0","0","0","0","1","0","0","","0","0","0","07","5","1","01","0","40 01:20.631","","00","76 11:34.338","3","0","0","0","36215","0","0","0","N","0","0","0","3","36215","0","","1","01","N","N","1","","1","0","0","3","2","","0752","1","2","0","0","0","0","0","1","0","2","N","","","","","","","","","","","","03","03","","N",""
"1501","0","0","0","0","0","0","0","0","0","4","1","","36","11","2021","2021115240","4","40.0169","-76.4546","1457","08","0","0","0","0","0","0","1","0","","0","1","0","14","1","1","02","2","40 01:00.892","7","00","76 27:16.380","8","0","0","0","36223","0","0","0","N","0","0","0","5","36223","0","","1","01","N","N","0","","0","0","1","3","3","Y","1447","1","2","0","0","0","1","0","1","0","2","N","","","","","","","","","","","1551","03","98","","N",""
"1604","0","0","0","0","0","0","0","0","0","1","0","","36","07","2021","2021071340","7","40.0493","-76.394","1602","08","0","0","0","1","0","1","0","0","","0","0","0","16","1","0","00","0","40 02:57.390","","00","76 23:38.430","0","0","0","0","36214","0","0","0","N","0","0","0","3","36214","0","","1","01","N","N","0","","0","0","2","0","0","","1600","0","2","0","0","0","0","0","3","0","2","N","","","","","","","","","","","","03","03","","N","N"
"1644","1","0","0","0","0","0","0","0","0","1","0","","36","11","2021","2021115259","4","40.1186","-76.5381","1636","08","0","0","0","0","0","1","0","0","","0","0","0","16","1","0","02","1","40 07:06.983","3","00","76 32:17.034","0","0","0","0","36211","0","0","0","N","0","0","0","2","36504","0","","1","01","N","N","1","","0","0","0","3","3","N","1630","0","2","0","0","0","0","0","1","0","2","N","","","","","","","","","","","1706","03","03","","N",""
"1108","1","0","0","0","0","0","0","0","0","4","0","","36","07","2021","2021068018","4","40.086","-76.3068","1051","08","0","0","0","0","0","0","0","0","","0","0","0","10","1","0","00","0","40 05:09.504","","07","76 18:24.643","9","0","0","0","36101","0","0","0","N","0","0","0","1","36101","0","","5","01","N","N","0","","0","0","0","0","0","","1045","0","2","0","0","0","0","1","3","1","2","N","","","","","","","","","","","","03","03","","N","N"
"0752","1","0","0","0","0","0","0","0","0","7","0","","36","07","2021","2021068303","3","40.1279","-76.5176","0743","08","0","0","0","0","0","0","0","0","","0","0","0","07","1","0","00","1","40 07:40.596","3","00","76 31:03.376","0","0","0","0","36225","0","0","0","N","0","0","0","1","36505","0","","3","01","N","N","0","","0","0","0","0","0","N","0742","0","1","0","0","0","0","0","2","0","1","N","","","","","","","","","","","0845","03","","","N","N"
"1523","0","0","0","0","0","0","0","0","0","4","0","","36","07","2021","2021066946","2","40.0521","-76.4153","1518","08","0","0","0","0","0","0","1","1","","0","0","0","15","1","1","02","1","40 03:07.468","6","00","76 24:55.219","3","0","0","0","36239","0","0","0","N","0","0","0","3","36239","0","","1","01","N","N","1","","1","0","1","0","0","Y","1515","1","2","0","0","0","0","0","3","0","2","N","","","","","","","","","","","1539","03","","","N",""
"1715","1","0","0","0","0","0","0","0","0","1","0","","36","07","2021","2021064716","2","40.0552","-76.3699","1710","08","0","2","0","0","0","0","0","0","","0","0","0","17","1","0","00","2","40 03:18.587","4","00","76 22:11.554","0","0","0","0","36214","0","0","0","N","0","0","0","4","36214","0","","1","09","N","N","0","","0","0","1","0","0","N","1705","0","2","0","0","0","0","0","3","0","2","N","","","","","","","","","","","1750","07","04","","N","N"
"1820","1","0","0","0","0","0","0","0","0","1","0","","36","09","2021","2021090301","6","40.1749","-76.0509","1806","08","0","0","0","0","0","0","1","0","","0","0","0","18","1","0","02","0","40 10:29.678","","00","76 03:03.270","0","0","0","0","36213","0","0","0","Y","0","0","0","4","36213","0","","1","01","N","N","0","","0","0","1","0","0","","1804","0","2","0","0","0","0","0","1","0","2","N","","","","","","","","","","","","03","","","N",""
"1349","2","0","0","0","0","0","0","0","0","1","0","","36","07","2021","2021073418","4","40.1649","-76.1574","1344","08","0","0","0","1","0","1","0","0","","0","0","0","13","1","2","00","0","40 09:53.634","","00","76 09:26.788","3","0","0","0","36218","0","0","0","N","0","0","0","5","36408","0","","1","01","N","N","1","","2","0","0","0","0","","1344","2","3","0","0","1","0","0","1","0","3","N","","","","","","","","","","","","03","","","N","N"
"0928","1","0","0","0","0","0","0","0","0","7","0","","36","07","2021","2021069676","3","40.2853","-76.1632","0918","08","0","0","0","0","0","0","0","0","","0","0","0","09","1","1","00","0","40 17:06.995","","00","76 09:47.395","3","0","0","0","36236","0","0","0","N","0","0","0","1","36408","0","","4","01","N","N","0","","1","0","0","0","0","N","0918","1","1","0","0","0","0","0","1","0","1","N","","","","","","","","","","","","03","","","N","N"
"1815","0","0","0","0","0","0","0","0","0","7","0","","36","09","2021","2021112338","4","40.1085","-76.6565","1808","08","0","0","0","0","0","0","0","0","","1","0","0","18","1","0","00","2","40 06:30.645","5","00","76 39:23.301","1","0","0","0","36207","0","0","0","N","0","0","0","1","36504","0","2","5","01","N","N","1","0","0","0","0","0","0","Y","1807","0","1","0","0","0","0","0","1","0","1","N","","","","","","","","","","","0115","03","","","N","N"
"1327","0","0","0","0","0","0","0","0","0","4","0","","36","11","2021","2021115007","6","40.0085","-76.3807","1321","08","0","0","0","0","0","1","1","0","","0","0","0","13","1","0","02","0","40 00:30.591","","00","76 22:50.458","9","0","0","0","36223","0","0","0","N","0","0","0","2","36223","0","","1","01","N","N","1","","0","0","1","3","3","","1321","0","2","0","0","0","0","1","1","0","2","N","","","","","","","","","","","","03","03","","N",""
"1435","0","0","1","0","0","0","0","0","0","2","1","","36","11","2021","2021114342","4","40.1759","-76.4024","1430","08","0","1","0","0","0","1","0","0","","0","1","0","14","1","1","02","2","40 10:33.071","5","00","76 24:08.605","2","0","0","0","36230","0","0","0","N","0","0","0","2","36410","0","","1","01","N","N","0","","0","1","1","0","0","Y","1430","1","2","0","0","1","0","0","1","0","2","N","","","","","","","","","","","1630","03","03","","N",""
"1700","0","0","0","0","0","0","0","0","0","4","0","","36","07","2021","2021069610","3","40.0157","-76.3496","1645","08","0","0","0","0","0","2","0","0","","0","0","0","16","1","0","01","0","40 00:56.470","","00","76 20:58.524","0","0","0","0","36412","0","0","0","N","0","0","0","3","36412","0","","1","01","N","N","0","","0","0","1","3","2","","1645","0","2","0","0","0","0","0","3","1","2","N","","","","","","","","","","","","03","","","N","N"
"1224","0","0","0","0","0","0","0","0","0","5","0","","36","07","2021","2021066792","2","39.9876","-76.2766","1212","08","0","0","0","0","0","0","0","0","","0","0","0","12","1","1","01","0","39 59:15.232","","00","76 16:35.608","3","0","0","1","36240","0","0","0","N","0","0","0","2","36240","0","","1","01","N","N","1","","1","0","0","3","2","","1200","1","2","0","0","0","0","1","1","0","2","N","","","","","","","","","","","","03","03","","N","N"
"0040","2","0","0","0","0","0","0","0","0","4","0","","36","11","2021","2021114503","1","40.0399","-76.3082","0039","08","0","0","0","0","0","0","0","0","","0","0","0","00","3","1","00","2","40 02:23.607","2","00","76 18:29.394","4","0","0","0","36301","0","0","0","N","0","0","0","1","36301","1","","1","01","N","N","0","","0","0","0","0","0","Y","0038","1","2","0","0","0","0","0","3","0","2","N","","","","","","","","","","","0100","03","03","","N","N"
"0800","0","0","0","0","0","0","0","0","0","4","0","","36","11","2021","2021114347","4","40.2213","-76.4323","0756","08","0","0","0","0","0","0","0","0","","0","0","0","07","1","0","01","0","40 13:16.697","","00","76 25:56.245","0","0","0","0","36230","0","0","0","N","0","0","0","3","36410","0","","1","01","N","N","0","","0","0","2","3","3","","0754","0","2","0","0","0","0","0","1","0","2","N","","","","","","","","","","","","03","03","","N",""
"1728","0","0","0","0","0","0","0","0","0","4","0","","36","07","2021","2021070142","4","40.0241","-76.316","1726","08","0","0","0","0","0","1","0","0","","0","0","0","17","1","1","01","0","40 01:26.922","","00","76 18:57.776","4","0","0","0","36301","0","0","0","N","0","0","0","4","36301","1","","1","01","N","N","0","","0","0","2","3","2","","1723","1","2","0","0","0","0","0","3","0","2","N","","","","","","","","","","","","03","03","","N","N"
"1059","0","0","0","0","0","0","0","0","0","1","0","","36","07","2021","2021068019","5","40.0704","-76.2699","1041","08","0","0","0","0","0","0","0","0","","0","0","0","10","1","0","01","0","40 04:13.278","","00","76 16:11.508","0","0","0","0","36101","0","0","0","N","0","0","0","2","36101","0","","1","01","N","N","0","","0","0","2","3","2","","1039","0","2","0","0","0","0","0","3","0","2","N","","","","","","","","","","","","03","","","N",""
"1026","1","0","0","0","0","0","0","0","0","4","0","","36","11","2021","2021117272","2","40.0089","-76.3576","1026","08","0","0","0","0","0","1","0","0","","0","0","0","10","1","1","00","2","40 00:31.867","6","07","76 21:27.262","3","0","0","0","36412","0","0","0","N","0","0","0","3","36412","0","","1","01","N","N","0","","1","0","0","3","2","Y","1026","1","2","0","0","0","0","0","3","1","2","N","","","","","","","","","","","1104","03","","","N","N"
"0617","1","0","0","0","0","0","0","0","0","7","0","","36","07","2021","2021076583","3","40.0927","-76.1523","0606","08","0","0","0","0","0","0","0","0","","0","0","0","06","1","0","02","1","40 05:33.693","4","00","76 09:08.445","0","0","0","0","36238","0","0","0","N","0","0","0","1","36238","0","","4","01","N","N","0","","0","0","0","0","0","N","0606","0","1","0","0","0","0","0","3","0","1","N","","","","","","","","","","","0656","03","","","N","N"
"1134","0","0","0","0","0","0","0","0","0","7","0","","36","07","2021","2021070115","3","40.0397","-76.5048","1119","08","0","0","0","0","0","0","0","0","","0","0","0","11","1","0","00","0","40 02:22.808","","00","76 30:17.351","0","0","0","0","36404","0","0","0","N","0","0","0","1","36404","0","","1","01","N","N","0","","0","0","1","0","0","","1100","0","1","0","0","0","0","0","3","0","1","N","","","","","","","","","","","","03","","","N","N"