"ARRIVAL_TM","AUTOMOBILE_COUNT","BELTED_DEATH_COUNT","BELTED_SUSP_SERIOUS_INJ_COUNT","BICYCLE_COUNT","BICYCLE_DEATH_COUNT","BICYCLE_SUSP_SERIOUS_INJ_COUNT","BUS_COUNT","CHLDPAS_DEATH_COUNT","CHLDPAS_SUSP_SERIOUS_INJ_COUNT","COLLISION_TYPE","COMM_VEH_COUNT","CONS_ZONE_SPD_LIM","COUNTY","CRASH_MONTH","CRASH_YEAR","CRN","DAY_OF_WEEK","DEC_LAT","DEC_LONG","DISPATCH_TM","DISTRICT","DRIVER_COUNT_16YR","DRIVER_COUNT_17YR","DRIVER_COUNT_18YR","DRIVER_COUNT_19YR","DRIVER_COUNT_20YR","DRIVER_COUNT_50_64YR","DRIVER_COUNT_65_74YR","DRIVER_COUNT_75PLUS","EST_HRS_CLOSED","FATAL_COUNT","HEAVY_TRUCK_COUNT","HORSE_BUGGY_COUNT","HOUR_OF_DAY","ILLUMINATION","INJURY_COUNT","INTERSECT_TYPE","LANE_CLOSED","LATITUDE","LN_CLOSE_DIR","LOCATION_TYPE","LONGITUDE","MAX_SEVERITY_LEVEL","MCYCLE_DEATH_COUNT","MCYCLE_SUSP_SERIOUS_INJ_COUNT","MOTORCYCLE_COUNT","MUNICIPALITY","NONMOTR_COUNT","NONMOTR_DEATH_COUNT","NONMOTR_SUSP_SERIOUS_INJ_COUNT","NTFY_HIWY_MAINT","PED_COUNT","PED_DEATH_COUNT","PED_SUSP_SERIOUS_INJ_COUNT","PERSON_COUNT","POLICE_AGCY","POSSIBLE_INJ_COUNT","RDWY_SURF_TYPE_CD","RELATION_TO_ROAD","ROAD_CONDITION","SCH_BUS_IND","SCH_ZONE_IND","SMALL_TRUCK_COUNT","SPEC_JURIS_CD","SUSP_MINOR_INJ_COUNT","SUSP_SERIOUS_INJ_COUNT","SUV_COUNT","TCD_FUNC_CD","TCD_TYPE","TFC_DETOUR_IND","TIME_OF_DAY","TOT_INJ_COUNT","TOTAL_UNITS","UNB_DEATH_COUNT","UNB_SUSP_SERIOUS_INJ_COUNT","UNBELTED_OCC_COUNT","UNK_INJ_DEG_COUNT","UNK_INJ_PER_COUNT","URBAN_RURAL","VAN_COUNT","VEHICLE_COUNT","WORK_ZONE_IND","WORK_ZONE_LOC","WORK_ZONE_TYPE","WORKERS_PRES","WZ_CLOSE_DETOUR","WZ_FLAGGER","WZ_LAW_OFFCR_IND","WZ_LN_CLOSURE","WZ_MOVING","WZ_OTHER","WZ_SHLDER_MDN","ROADWAY_CLEARED","WEATHER1","WEATHER2","WZ_WORKERS_INJ_KILLED","SECONDARY_CRASH","INTERSECTION_RELATED"
"1713","1","0","0","0","0","0","0","0","0","4","0","","36","07","2021","2021076595","7","40.1301","-76.2182","1704","08","0","0","0","0","0","0","0","0","","0","0","0","17","1","0","00","0","40 07:48.238","","07","76 13:05.566","0","0","0","0","36238","0","0","0","N","0","0","0","2","36238","0","","1","01","N","N","1","","0","0","0","0","0","","1704","0","2","0","0","0","0","0","3","0","2","N","","","","","","","","","","","","03","","","N","N"
"0838","0","0","0","0","0","0","0","0","0","4","0","","36","07","2021","2021067151","7","40.1895","-76.31","0836","08","0","0","0","0","0","2","0","0","","0","0","0","08","1","0","01","0","40 11:22.225","","00","76 18:36.138","0","0","0","0","36217","0","0","0","N","0","0","0","2","36506","0","","1","01","N","N","0","","0","0","2","3","3","","0836","0","2","0","0","0","0","0","1","0","2","N","","","","","","","","","","","","03","03","","N",""
"2112","2","0","0","0","0","0","0","0","0","4","0","","36","07","2021","2021069219","7","40.047","-76.3121","2111","08","0","0","0","0","0","0","0","0","","0","0","0","21","3","0","02","1","40 02:49.253","3","00","76 18:43.447","0","0","0","0","36301","0","0","0","N","0","0","0","4","36301","0","","1","09","N","N","0","","0","0","0","3","2","N","2108","0","2","0","0","0","0","0","3","0","2","N","","","","","","","","","","","2153","07","","","N",""
"1731","1","0","0","0","0","0","0","0","0","1","1","","36","10","2021","2021113832","3","40.0707","-76.3203","1723","08","0","0","0","0","0","1","0","0","","0","0","0","17","4","1","00","1","40 04:14.345","3","03","76 19:12.919","3","0","0","0","36101","0","0","0","N","0","0","0","4","36101","0","","1","09","N","N","1","","1","0","1","0","0","N","1722","1","3","0","0","0","0","0","3","0","3","N","","","","","","","","","","","1905","07","04","","N","N"
"1345","0","0","0","0","0","0","0","0","0","7","1","","36","11","2021","2021115887","2","40.177","-76.3632","1342","08","0","0","0","0","0","0","0","1","","0","1","0","13","1","1","00","0","40 10:37.274","","00","76 21:47.373","4","0","0","0","36227","0","0","0","N","0","0","0","1","36506","1","","4","01","N","N","0","","0","0","0","0","0","","1342","1","1","0","0","0","0","0","1","0","1","N","","","","","","","","","","","","03","03","","N","N"
"1644","0","0","0","0","0","0","0","0","0","4","0","","36","08","2021","2021073061","2","40.0558","-76.5262","1640","08","0","0","0","0","0","0","1","0","","0","0","0","16","1","1","02","2","40 03:20.977","5","00","76 31:34.204","3","0","0","0","36211","0","0","0","N","0","0","0","3","36504","0","","1","01","N","N","1","","1","0","2","3","3","Y","1635","1","3","0","0","0","0","0","1","0","3","N","","","","","","","","","","","1715","03","03","","N",""
"0827","2","0","0","0","0","0","0","0","0","1","1","","36","11","2021","2021117612","5","40.1281","-76.2174","0821","08","0","0","0","0","0","1","0","0","","0","0","0","08","1","0","01","0","40 07:41.319","","02","76 13:02.652","0","0","0","0","36238","0","0","0","N","0","0","0","3","36238","0","","1","01","N","N","0","","0","0","0","3","2","","0821","0","2","0","0","0","0","0","3","0","2","N","","","","","","","","","","","","03","","","N","N"
"1624","2","0","0","0","0","0","0","0","0","1","0","","36","11","2021","2021117611","3","40.1309","-76.2172","1620","08","0","0","0","0","0","1","0","0","","0","0","0","16","1","0","05","0","40 07:51.556","","00","76 13:01.609","0","0","0","0","36238","0","0","0","N","0","0","0","2","36238","0","","1","01","N","N","0","","0","0","0","3","4","","1620","0","2","0","0","0","0","0","3","0","2","N","","","","","","","","","","","","03","","","N","N"
"1606","1","0","0","0","0","0","0","0","0","4","0","","36","07","2021","2021073397","5","40.1599","-76.6427","1604","08","0","0","0","0","0","0","0","0","","0","0","0","16","1","1","02","0","40 09:35.793","","00","76 38:33.676","3","0","0","0","36237","0","0","0","N","0","0","0","2","36505","0","","1","01","N","N","1","","1","0","0","3","3","","1603","1","2","0","0","0","0","0","1","0","2","N","","","","","","","","","","","","03","03","","N",""
"1402","1","0","0","0","0","0","0","0","0","4","0","","36","07","2021","2021067225","4","40.1315","-76.2121","1359","08","0","0","0","0","0","2","0","0","","0","0","0","13","1","0","02","0","40 07:53.561","","00","76 12:43.524","0","0","0","0","36238","0","0","0","N","0","0","0","3","36238","0","","1","01","N","N","1","","0","0","0","0","0","","1359","0","2","0","0","0","0","0","3","0","2","N","","","","","","","","","","","","03","","","N","N"
"0441","1","0","0","0","0","0","0","0","0","7","0","","36","11","2021","2021114780","1","39.9634","-76.3622","0429","08","0","0","0","0","1","0","0","0","","0","0","0","04","2","1","00","1","39 57:48.113","3","00","76 21:43.957","4","0","0","0","36206","0","0","0","N","0","0","0","1","68J01","1","","4","01","N","N","0","","0","0","0","0","0","N","0425","1","1","0","0","0","0","0","1","0","1","N","","","","","","","","","","","0452","03","","","N","N"
"2238","0","0","0","0","0","0","0","0","0","7","0","","36","11","2021","2021113164","3","40.0408","-76.3802","2231","08","0","0","0","0","0","0","0","0","","0","0","0","22","3","0","00","1","40 02:26.860","6","00","76 22:48.581","0","0","0","0","36223","0","0","0","N","0","0","0","1","36223","0","","5","01","N","N","1","","0","0","0","0","0","Y","2225","0","1","0","0","0","0","0","1","0","1","N","","","","","","","","","","","0100","03","","","N","N"
"0538","1","0","0","0","0","0","0","0","0","7","0","","36","11","2021","2021114948","3","39.9742","-76.2793","0525","08","0","0","0","0","0","0","0","0","","0","0","0","05","2","0","00","1","39 58:27.116","2","00","76 16:45.596","0","0","0","0","36228","0","0","0","N","0","0","0","1","68J01","0","","4","01","N","N","0","","0","0","0","0","0","N","0525","0","1","0","0","0","0","0","1","0","1","N","","","","","","","","","","","0615","03","","","N","N"
"0757","0","0","0","0","0","0","0","0","0","7","0","","36","07","2021","2021065318","3","40.0212","-76.1865","0755","08","0","0","0","0","0","0","0","0","","0","0","0","07","1","1","00","0","40 01:16.442","","00","76 11:11.528","8","0","0","0","36215","0","0","0","N","0","0","0","1","36215","0","","4","01","N","N","1","","0","0","0","0","0","","0752","1","1","0","0","0","1","0","1","0","1","N","","","","","","","","","","","","04","","","N","N"
"1629","0","0","0","0","0","0","0","0","0","1","0","","36","07","2021","2021076588","4","39.9785","-76.3105","1629","08","1","0","0","0","0","0","1","0","","0","0","0","16","1","0","00","0","39 58:42.420","","00","76 18:37.968","0","0","0","0","36228","0","0","0","N","0","0","0","2","36228","0","","1","01","N","N","0","","0","0","2","3","2","","1629","0","2","0","0","0","0","0","1","0","2","N","","","","","","","","","","","","03","","","N","Y"
"0945","2","0","0","0","0","0","0","0","0","5","0","","36","11","2021","2021115867","1","39.9814","-76.192","0945","08","0","0","0","0","0","0","0","0","","0","0","0","03","3","0","00","0","39 58:53.154","","00","76 11:31.208","9","0","0","0","36417","0","0","0","N","0","0","0","1","36417","0","","6","01","N","N","0","","0","0","0","0","0","","0345","0","2","0","0","0","0","1","1","0","2","N","","","","","","","","","","","","03","","","N","N"
"1221","1","0","0","0","0","0","0","0","0","7","0","","36","07","2021","2021069682","1","40.1163","-76.2135","1218","08","0","0","0","0","0","0","0","0","","0","0","0","12","1","0","00","0","40 06:58.626","","00","76 12:48.576","0","0","0","0","36238","0","0","0","N","0","0","0","1","36238","0","","4","01","N","N","0","","0","0","0","0","0","","1218","0","1","0","0","0","0","0","3","0","1","N","","","","","","","","","","","","03","","","N","N"
"1413","1","0","0","0","0","0","0","0","0","4","0","","36","07","2021","2021078006","3","40.0237","-76.199","1409","08","0","1","0","0","0","0","0","0","","0","0","0","14","1","0","00","2","40 01:25.167","3","07","76 11:56.229","0","0","0","0","36215","0","0","0","N","0","0","0","5","36215","0","","1","01","N","N","0","","0","0","0","3","3","N","1408","0","2","0","0","0","0","0","1","1","2","N","","","","","","","","","","","1425","03","03","","N","N"
"0006","3","0","0","0","0","0","0","0","0","4","0","","36","11","2021","2021116010","4","40.038","-76.3204","0003","08","0","0","0","0","0","0","0","0","","0","0","0","00","3","0","00","2","40 02:16.790","6","00","76 19:13.326","0","0","0","0","36301","0","0","0","N","0","0","0","1","36301","0","","1","01","N","N","1","","0","0","0","0","0","Y","0002","0","4","0","0","0","0","0","3","0","4","N","","","","","","","","","","","0052","03","03","","N","N"
"1620","0","0","0","0","0","0","0","0","0","4","0","","36","07","2021","2021075536","4","40.0631","-76.1569","1611","08","0","0","0","0","0","1","0","0","","0","0","0","16","1","0","01","0","40 03:47.143","","00","76 09:24.928","0","0","0","0","36234","0","0","0","N","0","0","0","2","36215","0","","1","01","N","N","0","","0","0","1","3","3","","1610","0","2","0","0","0","0","0","1","1","2","N","","","","","","","","","","","","03","03","","N",""
"1111","0","0","0","0","0","0","0","0","0","4","0","","36","07","2021","2021073970","5","40.1298","-76.2166","1106","08","0","0","0","0","0","0","0","0","","0","0","0","11","1","0","02","0","40 07:47.738","","00","76 12:59.285","0","0","0","0","36238","0","0","0","N","0","0","0","2","36238","0","","1","01","N","N","0","","0","0","2","3","2","","1106","0","2","0","0","0","0","0","3","0","2","N","","","","","","","","","","","","03","","","N","N"
"1733","0","0","0","0","0","0","0","0","0","0","0","","36","11","2021","2021116938","4","40.0398","-76.4553","1720","08","0","0","0","0","0","0","0","0","","1","0","0","17","3","0","01","2","40 02:23.348","7","02","76 27:19.108","1","1","0","1","36239","0","0","0","N","0","0","0","2","36239","0","2","1","01","N","N","1","0","0","0","0","3","2","Y","1715","0","2","0","0","0","0","0","3","0","2","N","","","","","","","","","","","2000","03","03","","N",""
"0945","2","0","0","0","0","0","0","0","0","4","0","","36","11","2021","2021116925","4","40.0639","-76.3067","0941","08","0","0","0","0","0","0","0","0","","0","0","0","09","1","1","03","1","40 03:50.121","2","00","76 18:24.172","3","0","0","0","36101","0","0","0","N","0","0","0","3","36101","0","","1","01","N","N","0","","1","0","0","0","0","N","0940","1","2","0","0","0","0","0","3","0","2","N","","","","","","","","","","","1030","03","03","","N","N"
"1717","0","0","0","0","0","0","0","0","0","4","0","","36","07","2021","2021073215","2","40.1736","-76.3384","1717","08","0","0","0","0","0","0","1","0","","0","0","0","17","1","0","01","0","40 10:25.133","","00","76 20:18.061","0","0","0","0","36227","0","0","0","N","0","0","0","2","36506","0","","1","01","N","N","0","","0","0","2","3","3","","1717","0","2","0","0","0","0","0","1","0","2","N","","","","","","","","","","","","03","","","N",""
"1344","0","0","0","0","0","0","0","0","0","7","0","","36","11","2021","2021114953","3","39.9264","-76.2538","1338","08","0","0","0","0","0","1","0","0","","0","0","0","13","1","1","00","1","39 55:35.190","1","00","76 15:13.723","3","0","0","0","36229","0","0","0","N","0","0","0","1","68J01","0","","4","01","N","N","0","","1","0","1","0","0","N","1336","1","1","0","0","0","0","0","1","0","1","N","","","","","","","","","","","1500","03","","","N","N"
"2015","2","0","0","0","0","0","0","0","0","4","0","","36","11","2021","2021114525","7","40.0418","-76.2917","2012","08","0","0","0","0","0","0","0","0","","0","0","0","19","3","0","01","2","40 02:30.552","5","00","76 17:30.138","9","0","0","0","36301","0","0","0","N","0","0","0","2","36301","0","","1","01","N","N","0","","0","0","0","0","0","Y","1958","0","2","0","0","0","0","1","3","0","2","N","","","","","","","","","","","2142","03","03","","N","N"
"1037","0","0","0","0","0","0","0","0","0","1","0","","36","07","2021","2021078110","6","39.7923","-76.1843","1033","08","0","0","0","0","0","1","0","0","","0","0","0","10","1","1","00","1","39 47:32.157","1","00","76 11:03.358","3","0","0","0","36219","0","0","0","N","0","0","0","3","68J01","0","","1","01","N","N","1","","1","0","1","0","0","N","1032","1","2","0","0","1","0","0","1","0","2","N","","","","","","","","","","","1130","03","","","N","N"
"1538","0","0","0","0","0","0","0","0","0","7","1","","36","11","2021","2021113206","7","40.1595","-75.9622","1501","08","0","0","0","0","0","0","0","0","","0","0","0","14","1","0","00","0","40 09:34.130","","00","75 57:43.890","0","0","0","0","36203","0","0","0","N","0","0","0","1","68J01","0","","5","09","N","N","0","","0","0","0","0","0","","1451","0","1","0","0","0","0","0","1","1","1","N","","","","","","","","","","","","03","","","N","N"
"1206","1","0","0","0","0","0","0","0","0","4","0","","36","11","2021","2021112669","2","40.0251","-76.3033","1158","08","0","0","0","0","1","0","0","0","","0","0","0","11","1","0","02","1","40 01:30.399","1","00","76 18:11.856","0","0","0","0","36301","0","0","0","N","0","0","0","2","36301","0","","1","01","N","N","0","","0","0","1","0","0","Y","1156","0","2","0","0","0","0","0","3","0","2","N","","","","","","","","","","","1248","03","03","","N",""
"1551","1","0","0","0","0","0","0","0","0","7","0","","36","07","2021","2021065150","2","40.2238","-76.1062","1551","08","0","0","0","0","0","0","0","0","","0","0","0","15","1","0","00","0","40 13:25.600","","00","76 06:22.300","0","0","0","0","36210","0","0","0","N","0","0","0","1","36210","0","","4","01","N","N","0","","0","0","0","0","0","","1551","0","1","0","0","0","0","0","1","0","1","N","","","","","","","","","","","","03","","","N","N"
"0933","1","0","0","0","0","0","0","0","0","7","0","","36","07","2021","2021076594","5","40.1355","-76.2093","0929","08","0","0","0","0","0","0","0","0","","0","0","0","09","1","1","00","1","40 08:07.827","1","00","76 12:33.312","8","0","0","0","36238","0","0","0","N","0","0","0","1","36238","0","","4","01","N","N","0","","0","0","0","0","0","N","0929","1","1","0","0","0","1","0","3","0","1","N","","","","","","","","","","","1041","03","","","N","N"
"1826","2","0","0","0","0","0","0","0","0","4","0","","36","12","2021","2021117830","5","40.1776","-76.1805","1823","08","0","0","0","0","0","1","0","1","","0","0","0","18","3","0","01","1","40 10:39.273","4","00","76 10:49.908","0","0","0","0","36408","0","0","0","N","0","0","0","2","36408","0","","1","09","N","N","0","","0","0","0","3","2","N","1823","0","2","0","0","0","0","0","2","0","2","N","","","","","","","","","","","1852","07","","","N","N"
"1654","1","0","0","0","0","0","0","0","0","7","0","","36","11","2021","2021117639","5","40.0619","-76.3462","1647","08","0","0","0","0","1","0","0","0","","0","0","0","16","1","0","00","1","40 03:42.886","4","00","76 20:46.277","0","0","0","0","36214","0","0","0","N","0","0","0","5","36214","0","","2","01","N","N","0","","0","0","0","0","0","N","1620","0","1","0","0","0","0","0","3","0","1","N","","","","","","","","","","","1745","03","","","N","N"
"1816","1","0","0","0","0","0","0","0","0","4","0","","36","07","2021","2021074231","3","39.8288","-76.3103","1806","08","0","0","0","0","0","1","0","0","","0","0","0","18","1","1","01","1","39 49:43.579","6","00","76 18:36.908","3","0","0","1","36224","0","0","0","N","0","0","0","2","68J01","0","","1","01","N","N","0","","1","0","0","0","0","N","1804","1","2","0","0","0","0","0","1","0","2","N","","","","","","","","","","","1843","03","","","N","N"
"2129","0","0","0","0","0","0","0","0","0","7","0","","36","11","2021","2021114775","6","39.9889","-75.9866","2119","08","0","0","0","0","0","0","0","0","","0","0","0","21","3","1","00","0","39 59:19.977","","00","75 59:11.828","4","0","0","0","36232","0","0","0","N","0","0","0","1","68J01","1","","4","01","N","N","0","","0","0","1","0","0","","2116","1","1","0","0","0","0","0","1","0","1","N","","","","","","","","","","","","03","03","","N","N"
"0212","0","0","0","0","0","0","0","0","0","7","0","","36","07","2021","2021066616","7","40.0301","-76.4659","0205","08","0","0","0","0","0","0","0","0","","0","0","0","02","6","1","00","2","40 01:48.500","6","00","76 27:57.160","8","0","0","0","36239","0","0","0","N","0","0","0","1","36239","0","","4","01","N","N","0","","0","0","1","0","0","Y","0205","1","1","0","0","0","1","0","3","0","1","N","","","","","","","","","","","0400","03","","","N","N"
"1515","0","0","0","0","0","0","0","0","0","7","0","","36","07","2021","2021066658","2","40.2348","-76.3115","1502","08","0","0","0","0","0","0","0","0","","0","0","0","15","1","1","00","0","40 14:05.442","","00","76 18:38.301","4","0","0","0","36215","0","0","0","N","0","0","0","1","68T06","1","","2","01","N","N","0","","0","0","1","0","0","","1502","1","1","0","0","0","0","0","1","0","1","N","","","","","","","","","","","","03","","","N","N"
"1720","1","0","0","0","0","0","0","0","0","8","0","","36","11","2021","2021113039","6","40.039","-76.3108","1716","08","0","0","0","0","0","0","1","0","","0","0","0","17","3","1","01","1","40 02:20.495","4","00","76 18:38.891","2","0","0","0","36301","1","0","1","N","1","0","1","2","36301","0","","1","01","N","N","0","","0","1","0","3","2","N","1715","1","2","0","0","0","0","0","3","0","1","N","","","","","","","","","","","1740","03","","","N","N"
"0756","1","0","0","0","0","0","0","0","0","4","0","","36","11","2021","2021115382","6","40.1458","-76.282","0754","08","0","0","1","0","0","0","0","0","","0","0","0","07","1","0","00","0","40 08:45.020","","00","76 16:55.200","0","0","0","0","36235","0","0","0","N","0","0","0","2","36506","0","","1","09","N","N","0","","0","0","1","0","0","","0752","0","2","0","0","0","0","0","1","0","2","N","","","","","","","","","","","","03","03","","N","N"
"0621","0","0","0","0","0","0","0","0","0","0","1","","36","11","2021","2021114782","2","40.2455","-76.1856","0606","08","0","0","0","0","0","0","0","0","","0","1","0","06","2","0","00","0","40 14:43.940","","00","76 11:06.228","0","0","0","0","36236","0","0","0","N","0","0","0","1","68T06","0","","1","09","N","N","0","","0","0","0","0","0","","0606","0","1","0","0","0","0","0","1","0","1","N","","","","","","","","","","","","03","","","N","N"
"0506","1","0","0","0","0","0","0","0","0","7","0","","36","07","2021","2021076580","3","40.1389","-76.2223","0501","08","0","0","0","0","1","0","0","0","","0","0","0","05","2","1","01","0","40 08:20.182","","00","76 13:20.414","3","0","0","0","36238","0","0","0","N","0","0","0","1","36238","0","","4","09","N","N","0","","1","0","0","0","0","","0501","1","1","0","0","0","0","0","3","0","1","N","","","","","","","","","","","","03","","","N",""
"2337","4","0","0","0","0","0","0","0","0","2","0","","36","11","2021","2021111727","3","40.0306","-76.3228","2331","08","0","0","0","0","0","0","0","0","","0","0","0","23","2","1","00","2","40 01:50.234","7","00","76 19:21.927","3","0","0","0","36301","3","0","0","N","0","0","0","4","36301","0","","2","01","N","N","0","","1","0","1","0","0","Y","2331","1","5","0","0","0","0","0","3","0","5","N","","","","","","","","","","","0014","03","03","","N","N"
"1244","1","0","0","0","0","0","0","0","0","4","0","","36","08","2021","2021080276","1","40.1113","-76.4552","1235","08","0","0","0","0","0","0","0","0","","0","0","0","12","1","3","01","1","40 06:41.402","4","00","76 27:18.663","3","0","0","0","36230","0","0","0","N","0","0","0","4","36410","0","","1","09","N","N","0","","3","0","1","3","3","N","1235","3","2","0","0","0","0","0","1","0","2","N","","","","","","","","","","","1323","07","","","N",""
"1658","1","0","0","0","0","0","0","0","0","1","0","","36","11","2021","2021115787","3","40.0608","-76.5367","1655","08","0","0","1","0","0","0","0","0","","0","0","0","16","1","1","01","2","40 03:39.038","5","00","76 32:12.059","3","0","0","0","36211","0","0","0","N","0","0","0","3","36504","0","","1","01","N","N","0","","1","0","1","3","2","Y","1652","1","2","0","0","0","0","0","1","0","2","N","","","","","","","","","","","1728","03","03","","N","N"
"1832","0","0","0","0","0","0","0","0","0","4","0","","36","11","2021","2021114574","7","40.0315","-76.2382","1830","08","1","0","0","0","0","0","0","0","","0","0","0","18","3","0","02","1","40 01:50.356","4","00","76 14:03.582","0","0","0","0","36215","0","0","0","N","0","0","0","8","36215","0","","1","01","N","N","0","","0","0","2","3","2","N","1828","0","2","0","0","4","0","0","1","0","2","N","","","","","","","","","","","1925","03","","","N",""
"1859","1","0","0","0","0","0","0","0","0","7","0","","36","11","2021","2021115380","3","40.2486","-76.2492","1859","08","0","1","0","0","0","0","0","0","","0","0","0","18","2","0","10","0","40 14:54.851","","00","76 14:57.180","0","0","0","0","36204","0","0","0","N","0","0","0","1","36506","0","","5","01","N","N","0","","0","0","0","0","0","","1834","0","1","0","0","1","0","0","1","0","1","N","","","","","","","","","","","","03","03","","N",""
"1303","0","0","0","0","0","0","0","0","0","0","0","","36","11","2021","2021115374","5","40.1763","-76.5984","1256","08","0","0","0","0","0","1","0","0","","0","0","0","12","1","1","07","1","40 10:34.680","3","02","76 35:54.180","2","0","1","1","36225","0","0","0","N","0","0","0","1","36505","0","","1","98","N","N","0","","0","1","0","0","0","Y","1252","1","1","0","0","0","0","0","2","0","1","N","","","","","","","","","","","1320","03","03","","N",""
"1711","1","0","0","0","0","0","0","0","0","4","0","","36","11","2021","2021115242","4","40.0639","-76.4759","1707","08","0","0","0","0","0","2","0","0","","0","0","0","17","2","0","02","1","40 03:49.862","5","00","76 28:33.275","0","0","0","0","36239","0","0","0","N","0","0","0","2","36239","0","","1","01","N","N","0","","0","0","1","3","3","N","1702","0","2","0","0","0","0","0","3","0","2","N","","","","","","","","","","","1759","03","03","","N",""
"1805","0","0","0","0","0","0","0","0","0","6","0","","36","07","2021","2021069975","2","40.0697","-76.2571","1737","08","0","0","0","0","0","0","1","0","","0","0","0","17","1","1","00","2","40 04:10.900","5","00","76 15:25.400","3","0","0","0","36215","0","0","0","N","0","0","0","3","36215","0","","1","09","N","N","0","","1","0","2","0","0","Y","1730","1","2","0","0","0","0","0","1","0","2","N","","","","","","","","","","","1820","07","","","N","N"
"1117","1","0","0","0","0","0","0","0","0","4","0","","36","07","2021","2021067741","4","39.8556","-76.2207","1117","08","0","0","0","0","1","1","0","0","","0","0","0","11","1","1","00","1","39 51:20.018","1","00","76 13:14.429","3","0","0","0","36212","0","0","0","N","0","0","0","3","68J01","0","","1","01","N","N","1","","1","0","0","0","0","N","1115","1","2","0","0","0","0","0","1","0","2","N","","","","","","","","","","","1150","03","","","N","N"
"0456","0","0","0","0","0","0","0","0","0","7","0","","36","10","2021","2021114340","1","40.0606","-76.4163","0453","08","0","0","0","0","0","0","0","0","","1","0","0","04","2","0","00","2","40 03:38.131","6","00","76 24:58.531","1","0","0","0","36239","0","0","0","N","0","0","0","1","36239","0","2","4","01","N","N","0","0","0","0","1","0","0","Y","0450","0","1","1","0","1","0","0","3","0","1","N","","","","","","","","","","","0800","03","03","","N","N"
"1729","1","0","0","0","0","0","0","0","0","1","0","","36","11","2021","2021114567","2","40.0706","-76.3185","1722","08","0","0","0","0","1","0","0","0","","0","0","0","17","3","0","00","1","40 04:14.267","4","00","76 19:06.592","0","0","0","0","36101","0","0","0","N","0","0","0","2","36101","0","","1","01","N","N","0","","0","0","1","0","0","N","1716","0","2","0","0","0","0","0","3","0","2","N","","","","","","","","","","","1813","03","03","","N","N"
"1829","1","0","0","0","0","0","0","0","0","1","0","","36","12","2021","2021117405","4","40.0387","-76.3573","1815","08","0","0","0","0","0","1","0","1","","0","0","0","17","3","1","00","1","40 02:19.173","4","00","76 21:26.318","4","0","0","0","36214","0","0","0","N","0","0","0","2","36214","1","","1","01","N","N","1","","0","0","0","0","0","N","1748","1","2","0","0","0","0","0","3","0","2","N","","","","","","","","","","","1900","03","03","","N","N"
"1033","1","0","0","0","0","0","0","0","0","7","0","","36","11","2021","2021117081","6","39.9563","-76.4357","1017","08","0","0","0","0","0","1","0","0","","0","0","0","10","1","1","00","2","39 57:22.819","5","00","76 26:08.605","3","0","0","0","36223","0","0","0","N","0","0","0","1","36223","0","","2","01","N","N","0","","1","0","0","0","0","Y","1015","1","1","0","0","0","0","0","1","0","1","N","","","","","","","","","","","1110","03","03","","N","N"
"0858","1","0","0","0","0","0","0","0","0","4","0","","36","10","2021","2021117160","6","40.1472","-75.9148","0850","08","1","0","0","0","0","0","0","1","","1","0","0","08","1","1","01","2","40 08:49.730","6","00","75 54:53.408","1","0","0","0","36203","0","0","0","Y","0","0","0","2","68J01","0","2","1","01","N","N","1","0","1","0","0","3","3","Y","0849","1","2","1","0","1","0","0","1","0","2","N","","","","","","","","","","","1255","03","03","","N","N"
"1111","0","0","0","0","0","0","0","0","0","4","0","","36","11","2021","2021114048","6","40.2225","-76.0968","1104","08","0","0","0","0","0","1","0","0","","0","0","0","11","1","0","01","0","40 13:20.882","","00","76 05:48.548","0","0","0","0","36210","0","0","0","N","0","0","0","2","36210","0","","1","01","N","N","0","","0","0","2","3","3","","1104","0","2","0","0","0","0","0","1","0","2","N","","","","","","","","","","","","04","","","N","N"
"0812","1","0","0","0","0","0","0","0","0","4","0","","36","11","2021","2021111837","4","40.2835","-76.1535","0805","08","0","0","0","0","0","0","1","0","","0","0","0","08","1","0","00","1","40 17:00.648","3","00","76 09:12.638","0","0","0","0","36236","0","0","0","N","0","0","0","5","36408","0","","1","01","N","N","1","","0","0","0","0","0","N","0804","0","2","0","0","0","0","0","1","0","2","N","","","","","","","","","","","0856","03","","","N","N"
"1557","1","0","0","0","0","0","0","0","0","1","0","","36","11","2021","2021114200","4","40.0693","-76.577","1552","08","0","0","0","0","0","1","0","0","","0","0","0","15","1","0","10","1","40 04:09.597","6","00","76 34:37.179","0","0","0","0","36211","0","0","0","N","0","0","0","3","36504","0","","1","01","N","N","0","","0","0","1","0","0","N","1550","0","2","0","0","0","0","0","1","0","2","N","","","","","","","","","","","1721","03","03","","N","N"
"1357","2","0","0","0","0","0","0","0","0","5","0","","36","07","2021","2021068473","6","40.1611","-76.6098","1354","08","0","0","0","0","0","0","0","0","","0","0","0","13","1","1","00","0","40 09:39.871","","00","76 36:35.328","3","0","0","0","36407","0","0","0","N","0","0","0","1","36407","0","","2","01","N","N","0","","1","0","0","0","0","","1352","1","2","0","0","0","0","0","2","0","2","N","","","","","","","","","","","","03","","","N","N"