"ARRIVAL_TM","AUTOMOBILE_COUNT","BELTED_DEATH_COUNT","BELTED_SUSP_SERIOUS_INJ_COUNT","BICYCLE_COUNT","BICYCLE_DEATH_COUNT","BICYCLE_SUSP_SERIOUS_INJ_COUNT","BUS_COUNT","CHLDPAS_DEATH_COUNT","CHLDPAS_SUSP_SERIOUS_INJ_COUNT","COLLISION_TYPE","COMM_VEH_COUNT","CONS_ZONE_SPD_LIM","COUNTY","CRASH_MONTH","CRASH_YEAR","CRN","DAY_OF_WEEK","DEC_LAT","DEC_LONG","DISPATCH_TM","DISTRICT","DRIVER_COUNT_16YR","DRIVER_COUNT_17YR","DRIVER_COUNT_18YR","DRIVER_COUNT_19YR","DRIVER_COUNT_20YR","DRIVER_COUNT_50_64YR","DRIVER_COUNT_65_74YR","DRIVER_COUNT_75PLUS","EST_HRS_CLOSED","FATAL_COUNT","HEAVY_TRUCK_COUNT","HORSE_BUGGY_COUNT","HOUR_OF_DAY","ILLUMINATION","INJURY_COUNT","INTERSECT_TYPE","LANE_CLOSED","LATITUDE","LN_CLOSE_DIR","LOCATION_TYPE","LONGITUDE","MAX_SEVERITY_LEVEL","MCYCLE_DEATH_COUNT","MCYCLE_SUSP_SERIOUS_INJ_COUNT","MOTORCYCLE_COUNT","MUNICIPALITY","NONMOTR_COUNT","NONMOTR_DEATH_COUNT","NONMOTR_SUSP_SERIOUS_INJ_COUNT","NTFY_HIWY_MAINT","PED_COUNT","PED_DEATH_COUNT","PED_SUSP_SERIOUS_INJ_COUNT","PERSON_COUNT","POLICE_AGCY","POSSIBLE_INJ_COUNT","RDWY_SURF_TYPE_CD","RELATION_TO_ROAD","ROAD_CONDITION","SCH_BUS_IND","SCH_ZONE_IND","SMALL_TRUCK_COUNT","SPEC_JURIS_CD","SUSP_MINOR_INJ_COUNT","SUSP_SERIOUS_INJ_COUNT","SUV_COUNT","TCD_FUNC_CD","TCD_TYPE","TFC_DETOUR_IND","TIME_OF_DAY","TOT_INJ_COUNT","TOTAL_UNITS","UNB_DEATH_COUNT","UNB_SUSP_SERIOUS_INJ_COUNT","UNBELTED_OCC_COUNT","UNK_INJ_DEG_COUNT","UNK_INJ_PER_COUNT","URBAN_RURAL","VAN_COUNT","VEHICLE_COUNT","WORK_ZONE_IND","WORK_ZONE_LOC","WORK_ZONE_TYPE","WORKERS_PRES","WZ_CLOSE_DETOUR","WZ_FLAGGER","WZ_LAW_OFFCR_IND","WZ_LN_CLOSURE","WZ_MOVING","WZ_OTHER","WZ_SHLDER_MDN","ROADWAY_CLEARED","WEATHER1","WEATHER2","WZ_WORKERS_INJ_KILLED","SECONDARY_CRASH","INTERSECTION_RELATED"
"0519","0","0","0","0","0","0","0","0","0","7","0","","36","07","2021","2021067148","4","40.1311","-76.3804","0515","08","0","0","1","0","0","0","0","0","","0","0","0","05","5","0","00","0","40 07:51.951","","00","76 22:49.515","0","0","0","0","36227","0","0","0","N","0","0","0","1","36506","0","","2","01","N","N","0","","0","0","1","0","0","","0513","0","1","0","0","0","0","0","1","0","1","N","","","","","","","","","","","","03","","","N","N"
"1549","0","0","0","0","0","0","0","0","0","7","0","","36","11","2021","2021109535","5","40.1171","-76.0435","1546","08","0","0","0","0","0","1","0","0","","0","0","0","15","1","0","00","0","40 07:01.631","","00","76 02:36.721","0","0","0","0","36213","0","0","0","N","0","0","0","1","36213","0","","5","01","N","N","0","","0","0","1","0","0","","1535","0","1","0","0","0","0","0","1","0","1","N","","","","","","","","","","","","03","","","N","N"
"1801","1","0","0","0","0","0","0","0","0","4","0","","36","07","2021","2021073088","4","40.0381","-76.292","1800","08","0","0","0","0","0","1","0","0","","0","0","0","17","1","2","01","0","40 02:17.113","","00","76 17:31.074","3","0","0","0","36301","0","0","0","N","0","0","0","7","36301","0","","1","01","N","N","0","","2","0","1","3","3","","1724","2","2","0","0","0","0","0","3","0","2","N","","","","","","","","","","","","03","","","N","N"
"1725","2","0","0","0","0","0","0","0","0","4","0","","36","07","2021","2021067862","1","40.0385","-76.3157","1722","08","0","0","0","0","0","0","0","0","","0","0","0","17","1","0","00","1","40 02:18.611","4","07","76 18:56.511","0","0","0","0","36301","0","0","0","N","0","0","0","2","36301","0","","1","01","N","N","0","","0","0","0","0","0","Y","1720","0","2","0","0","0","0","0","3","0","2","N","","","","","","","","","","","1725","03","03","","N","N"
"1425","1","0","0","0","0","0","0","0","0","1","0","","36","07","2021","2021068296","4","40.0593","-76.2755","1417","08","0","1","0","0","0","0","0","0","","0","1","0","14","1","1","00","0","40 03:33.342","","00","76 16:31.834","3","0","0","0","36101","0","0","0","N","0","0","0","2","36101","0","","1","09","N","N","0","","1","0","0","0","0","","1414","1","2","0","0","0","0","0","3","0","2","N","","","","","","","","","","","","07","","","N","N"
"1030","1","0","0","1","0","0","0","0","0","4","0","","36","07","2021","2021070328","4","40.1563","-76.279","1024","08","0","0","0","0","0","0","0","1","","0","0","0","10","1","1","00","0","40 09:22.600","","00","76 16:44.400","4","0","0","0","36235","1","0","0","N","0","0","0","2","36506","1","","1","01","N","N","0","","0","0","0","0","0","","1024","1","2","0","0","0","0","0","1","0","1","N","","","","","","","","","","","","03","03","","N","N"
"1247","0","0","0","0","0","0","0","0","0","4","0","","36","07","2021","2021069626","2","40.0964","-76.446","1239","08","0","0","0","0","0","0","1","1","","0","0","0","12","1","2","01","1","40 05:47.030","5","00","76 26:45.526","8","0","0","0","36239","0","0","0","N","0","0","0","3","36239","0","","1","01","N","N","1","","0","0","0","3","3","Y","1237","2","2","0","0","2","2","0","3","1","2","N","","","","","","","","","","","1336","03","03","","N",""
"1752","1","0","0","0","0","0","0","0","0","4","0","","36","07","2021","2021070628","3","40.2609","-76.1141","1744","08","0","0","0","0","0","0","0","0","","0","0","0","17","1","0","02","0","40 15:39.288","","00","76 06:50.920","0","0","0","0","36210","0","0","0","N","0","0","0","5","36210","0","","1","01","N","N","0","","0","0","1","3","3","","1744","0","2","0","0","0","0","0","1","0","2","N","","","","","","","","","","","","03","","","Y","N"
"1059","0","0","0","0","0","0","0","0","0","1","0","","36","06","2021","2021055431","3","40.0534","-76.3104","1057","08","0","0","0","0","0","1","0","0","","0","0","0","10","1","2","02","2","40 03:12.161","4","00","76 18:37.315","4","0","0","0","36101","0","0","0","N","0","0","0","2","36101","2","","1","01","N","N","0","","0","0","2","3","2","N","1040","2","2","0","0","0","0","0","3","0","2","N","","","","","","","","","","","1132","03","","","N",""
"1655","3","0","0","0","0","0","0","0","0","1","0","","36","07","2021","2021066510","3","40.0719","-76.3272","1648","08","0","0","0","0","0","1","0","0","","0","0","0","16","1","0","00","1","40 04:18.818","3","00","76 19:37.900","0","0","0","0","36101","0","0","0","N","0","0","0","5","36301","0","","1","01","N","N","1","","0","0","1","0","0","N","1648","0","5","0","0","0","0","0","3","0","5","N","","","","","","","","","","","1805","03","03","","N","N"
"0826","1","0","0","0","0","0","0","0","0","1","0","","36","11","2021","2021114837","4","40.068","-76.2981","0815","08","0","0","0","0","0","0","0","0","","0","0","0","08","1","0","00","0","40 04:04.950","","00","76 17:53.214","0","0","0","0","36101","0","0","0","N","0","0","0","2","36101","0","","1","01","N","N","1","","0","0","0","0","0","","0812","0","2","0","0","0","0","0","3","0","2","N","","","","","","","","","","","","03","03","","N","N"
"1516","1","0","0","0","0","0","0","0","0","5","0","","36","07","2021","2021069976","4","40.0337","-76.2484","1509","08","0","0","0","0","0","1","0","0","","0","0","0","15","1","0","00","1","40 02:01.263","3","00","76 14:54.202","0","0","0","0","36215","0","0","0","N","0","0","0","3","36215","0","","1","01","N","N","0","","0","0","1","0","0","Y","1507","0","2","0","0","0","0","0","1","0","2","N","","","","","","","","","","","1543","03","03","","N","N"
"1755","1","0","0","0","0","0","0","0","0","1","0","","36","11","2021","2021113160","6","40.0709","-76.3227","1741","08","0","0","0","0","0","0","0","0","","0","0","0","17","3","0","00","0","40 04:15.110","","03","76 19:21.733","0","0","0","0","36101","0","0","0","N","0","0","0","5","36101","0","","1","01","N","N","0","","0","0","1","0","0","","1740","0","2","0","0","0","0","0","3","0","2","N","","","","","","","","","","","","03","","","N","N"
"1827","1","0","0","0","0","0","0","0","0","0","0","","36","07","2021","2021068301","3","40.1313","-76.5345","1822","08","0","0","0","0","0","0","0","0","","0","0","0","18","1","0","00","0","40 07:52.562","","00","76 32:04.118","0","0","0","0","36225","0","0","0","N","0","0","0","1","36505","0","","1","01","N","N","0","","0","0","0","0","0","","1819","0","1","0","0","0","0","0","2","0","1","N","","","","","","","","","","","","03","03","","N","N"
"2039","0","0","0","0","0","0","0","0","0","98","0","","36","11","2021","2021114839","6","40.0958","-76.3649","2029","08","0","0","0","0","0","1","0","0","","0","0","0","20","2","0","00","0","40 05:44.821","","00","76 21:53.688","0","0","0","0","36214","0","0","0","N","0","0","0","1","36214","0","","1","01","N","N","0","","0","0","1","0","0","","2025","0","1","0","0","0","0","0","3","0","1","N","","","","","","","","","","","","03","03","","N","N"
"2054","0","0","0","0","0","0","0","0","0","4","0","","36","07","2021","2021069245","7","40.0397","-76.3643","2050","08","0","0","0","0","0","0","0","0","","0","0","0","20","3","0","01","1","40 02:22.764","6","00","76 21:51.574","0","0","0","0","36223","0","0","0","N","0","0","0","2","36223","0","","1","09","N","N","0","","0","0","2","2","1","N","2048","0","2","0","0","0","0","0","1","0","2","N","","","","","","","","","","","2114","07","","","N",""
"0549","1","0","0","0","0","0","0","0","0","7","0","","36","07","2021","2021073267","3","40.1268","-76.2007","0546","08","0","0","0","0","0","0","1","0","","0","0","0","05","1","0","00","9","40 07:36.475","4","00","76 12:02.664","0","0","0","0","36238","0","0","0","N","0","0","0","1","36238","0","","4","09","N","N","0","","0","0","0","0","0","N","0546","0","1","0","0","0","0","0","3","0","1","N","","","","","","","","","","","0620","03","","","N","Y"
"1044","0","0","0","0","0","0","0","0","0","7","0","","36","07","2021","2021075535","3","40.029","-76.1697","1034","08","0","0","0","0","0","0","0","0","","0","0","0","10","1","0","00","2","40 01:44.284","5","00","76 10:10.939","0","0","0","0","36215","0","0","0","N","0","0","0","1","36215","0","","4","01","N","N","1","","0","0","0","0","0","Y","1033","0","1","0","0","0","0","0","1","0","1","N","","","","","","","","","","","1500","03","03","","N","N"
"0817","1","0","0","0","0","0","0","0","0","4","0","","36","11","2021","2021113713","4","40.1072","-76.5326","0813","08","0","0","0","0","0","1","0","0","","0","0","0","08","1","0","10","0","40 06:25.967","","00","76 31:57.315","9","0","0","0","36211","0","0","0","N","0","0","0","2","36504","0","","1","01","N","N","0","","0","0","1","0","0","","0803","0","2","0","0","0","0","1","1","0","2","N","","","","","","","","","","","","03","03","","N","N"
"2040","0","0","0","0","0","0","0","0","0","1","0","","36","07","2021","2021066764","6","40.04","-76.3723","2037","08","0","0","0","0","0","1","0","0","","0","0","0","20","3","1","01","0","40 02:23.892","","00","76 22:20.182","3","0","0","2","36223","0","0","0","N","0","0","0","2","36223","0","","1","01","N","N","0","","1","0","0","3","2","","2037","1","2","0","0","0","0","0","1","0","2","N","","","","","","","","","","","","03","03","","N",""
"0827","0","0","0","0","0","0","0","0","0","7","0","","36","07","2021","2021067917","6","40.1021","-76.5141","0800","08","0","0","0","0","0","0","0","1","","0","0","0","07","1","0","00","0","40 06:07.500","","00","76 30:50.600","0","0","0","0","36211","0","0","0","N","0","0","0","1","36504","0","","4","01","N","N","0","","0","0","1","0","0","N","0750","0","1","0","0","0","0","0","1","0","1","N","","","","","","","","","","","","03","","","N","N"
"1837","0","0","0","0","0","0","0","0","0","4","0","","36","07","2021","2021065523","4","40.0936","-76.3513","1827","08","0","0","0","0","0","1","0","0","","0","0","0","18","1","0","00","0","40 05:36.930","","07","76 21:04.740","0","0","0","0","36214","0","0","0","N","0","0","0","2","36214","0","","1","01","N","N","0","","0","0","1","0","0","","1823","0","2","0","0","0","0","0","3","1","2","N","","","","","","","","","","","","03","","","N","N"
"1243","1","0","0","0","0","0","0","0","0","1","0","","36","07","2021","2021067840","4","39.8934","-76.1754","1238","08","0","0","0","0","0","0","0","0","","0","0","0","12","1","1","00","1","39 53:36.321","4","07","76 10:31.513","3","0","0","0","36212","0","0","0","N","0","0","0","2","68J01","0","","1","01","N","N","0","","1","0","1","0","0","N","1236","1","2","0","0","0","0","0","1","0","2","N","","","","","","","","","","","1318","03","","","N","N"
"2259","1","0","0","0","0","0","0","0","0","7","0","","36","07","2021","2021076591","6","40.2017","-76.1883","2259","08","0","1","0","0","0","0","0","0","","0","0","0","22","2","0","02","0","40 12:06.013","","00","76 11:17.770","0","0","0","0","36218","0","0","0","N","0","0","0","1","36408","0","","4","01","N","N","0","","0","0","0","3","3","","2259","0","1","0","0","0","0","0","1","0","1","N","","","","","","","","","","","","03","","","N","N"
"1018","1","0","0","0","0","0","0","0","0","7","0","","36","07","2021","2021071261","6","40.1057","-76.2495","1012","08","0","0","0","0","0","0","0","0","","0","0","0","10","1","1","00","2","40 06:20.369","7","00","76 14:58.248","3","0","0","0","36101","0","0","0","N","0","0","0","1","36101","0","","5","01","N","N","0","","1","0","0","0","0","Y","1010","1","1","0","0","0","0","0","3","0","1","N","","","","","","","","","","","1100","03","","","N","N"
"1615","0","0","0","0","0","0","0","0","0","7","0","","36","07","2021","2021066613","3","40.0538","-76.5207","1602","08","0","0","0","0","1","0","0","0","","0","0","0","16","1","1","03","0","40 03:13.727","","00","76 31:14.551","4","0","0","0","36239","0","0","0","N","0","0","0","1","36239","1","","2","01","N","N","0","","0","0","1","0","0","","1602","1","1","0","0","0","0","0","3","0","1","N","","","","","","","","","","","","03","","","N",""
"1945","0","0","0","0","0","0","0","0","0","1","1","","36","11","2021","2021114420","2","40.2439","-76.2329","1935","08","0","0","0","0","0","0","0","0","","0","1","0","19","2","2","00","0","40 14:37.445","","00","76 14:01.711","4","0","0","0","36204","0","0","0","N","0","0","0","2","68T06","1","","1","01","N","N","1","","0","0","0","0","0","","1934","2","2","0","0","0","1","0","1","0","2","N","","","","","","","","","","","","03","","","N","N"
"2248","0","0","0","0","0","0","0","0","0","7","0","","36","11","2021","2021115375","5","40.1919","-76.5737","2243","08","0","0","0","0","0","1","0","0","","0","0","0","22","2","0","00","0","40 11:30.916","","00","76 34:25.324","0","0","0","0","36225","0","0","0","N","0","0","0","1","36505","0","","2","01","N","N","0","","0","0","1","0","0","","2243","0","1","0","0","0","0","0","2","0","1","N","","","","","","","","","","","","03","03","","N","N"
"1841","1","0","0","0","0","0","0","0","0","7","0","","36","11","2021","2021110262","6","40.0015","-76.419","1829","08","0","0","0","0","0","1","0","0","","0","0","0","18","2","0","00","0","40 00:05.508","","00","76 25:08.309","0","0","0","0","36223","0","0","0","N","0","0","0","1","36223","0","","4","01","N","N","0","","0","0","0","0","0","","1827","0","1","0","0","0","0","0","1","0","1","N","","","","","","","","","","","","03","03","","N","N"
"0949","2","0","0","0","0","0","0","0","0","4","0","","36","07","2021","2021063813","6","40.0769","-76.2715","0941","08","0","0","0","0","0","1","1","0","","0","0","0","09","1","0","01","1","40 04:36.750","7","00","76 16:17.389","0","0","0","0","36101","0","0","0","N","0","0","0","2","36101","0","","1","01","N","N","0","","0","0","0","3","3","N","0939","0","2","0","0","0","0","0","3","0","2","N","","","","","","","","","","","1010","03","03","","N",""
"1502","0","0","0","0","0","0","0","0","0","7","0","","36","11","2021","2021111179","7","40.2297","-76.3508","1432","08","0","0","0","0","0","0","0","0","","0","0","0","14","1","0","00","0","40 13:46.422","","00","76 21:05.310","0","0","0","0","36217","0","0","0","N","0","0","0","1","68T06","0","","4","09","N","N","0","","0","0","1","0","0","","1432","0","1","0","0","0","0","0","1","0","1","N","","","","","","","","","","","","04","","","N","N"
"1823","1","0","0","0","0","0","0","0","0","98","0","","36","11","2021","2021111202","1","40.2208","-76.303","1750","08","0","0","1","0","0","0","0","0","","0","0","0","17","2","0","00","0","40 13:14.915","","00","76 18:10.894","0","0","0","0","36217","0","0","0","N","0","0","0","1","68J01","0","","1","01","N","N","0","","0","0","0","0","0","","1745","0","1","0","0","0","0","0","1","0","1","N","","","","","","","","","","","","03","03","","N","N"
"1217","1","0","0","0","0","0","0","0","0","1","0","","36","11","2021","2021112636","5","40.1534","-76.3693","1213","08","0","0","0","1","0","1","0","0","","0","0","0","12","1","1","00","1","40 09:12.414","6","00","76 22:09.366","3","0","0","0","36227","0","0","0","N","0","0","0","2","36506","0","","1","01","N","N","0","","1","0","1","0","0","N","1213","1","2","0","0","0","0","0","1","0","2","N","","","","","","","","","","","1245","03","","","N","N"
"1551","1","0","0","0","0","0","0","0","0","1","0","","36","11","2021","2021110260","3","40.0709","-76.3176","1546","08","0","0","0","0","0","0","0","0","","0","0","0","15","1","0","02","0","40 04:15.221","","00","76 19:03.325","0","0","0","0","36101","0","0","0","N","0","0","0","2","36101","0","","1","01","N","N","1","","0","0","0","3","4","","1543","0","2","0","0","0","0","0","3","0","2","N","","","","","","","","","","","","03","03","","N","N"
"1446","2","0","0","0","0","0","0","0","0","1","0","","36","11","2021","2021110498","7","40.1378","-76.562","1441","08","0","0","0","0","0","1","0","1","","0","0","0","14","1","0","01","2","40 08:15.932","2","00","76 33:43.084","0","0","0","0","36225","0","0","0","N","0","0","0","2","36407","0","","1","09","N","N","0","","0","0","0","3","2","N","1438","0","2","0","0","0","0","0","2","0","2","N","","","","","","","","","","","1539","04","","","N",""
"1352","1","0","0","0","0","0","0","0","0","1","0","","36","11","2021","2021111275","1","40.0383","-76.4599","1349","08","0","0","0","0","0","0","0","0","","0","0","0","13","1","0","00","0","40 02:17.885","","00","76 27:35.765","0","0","0","1","36239","0","0","0","N","0","0","0","2","36239","0","","1","01","N","N","0","","0","0","0","0","0","","1349","0","2","0","0","0","0","0","3","0","2","N","","","","","","","","","","","","04","04","","N","N"
"1936","1","0","0","0","0","0","0","0","0","4","0","","36","07","2021","2021062225","2","40.0444","-76.3586","1936","08","0","0","0","2","0","0","0","0","","0","0","0","19","4","0","02","2","40 02:39.775","2","00","76 21:30.851","0","0","0","0","36214","0","0","0","N","0","0","0","4","36214","0","","1","01","N","N","0","","0","0","1","3","3","Y","1936","0","2","0","0","0","0","0","3","0","2","N","","","","","","","","","","","2020","03","","","N",""
"1111","0","0","0","0","0","0","0","0","0","0","0","","36","07","2021","2021076585","7","40.1323","-76.2131","1104","08","0","0","0","0","0","0","0","0","","0","0","0","11","1","1","00","2","40 07:56.217","1","00","76 12:47.173","2","0","1","1","36238","0","0","0","N","0","0","0","1","36238","0","","1","01","N","N","0","","0","1","0","0","0","Y","1104","1","1","0","0","0","0","0","3","0","1","N","","","","","","","","","","","1151","03","","","N","N"
"1620","1","0","0","0","0","0","0","0","0","7","0","","36","10","2021","2021111081","6","40.23","-76.3489","1613","08","0","0","0","0","0","1","0","0","","0","0","0","16","1","1","00","1","40 13:47.879","4","00","76 20:56.419","3","0","0","0","36217","0","0","0","N","0","0","0","5","68T06","0","","4","09","N","N","0","","1","0","1","0","0","N","1613","1","2","0","0","0","0","0","1","0","2","N","","","","","","","","","","","0100","07","","","N","N"
"1900","0","0","0","0","0","0","0","0","0","4","0","","36","07","2021","2021074222","4","40.0105","-76.1324","1852","08","0","0","0","0","1","1","0","0","","0","0","0","18","1","2","01","2","40 00:37.874","6","00","76 07:56.531","2","0","1","1","36226","0","0","0","N","0","0","0","3","68J01","0","","1","01","N","N","0","","1","1","1","0","0","Y","1852","2","2","0","0","0","0","0","1","0","2","N","","","","","","","","","","","2300","03","","","N","N"
"0928","0","0","0","0","0","0","0","0","0","4","0","","36","11","2021","2021110984","2","40.0441","-76.2836","0925","08","0","0","0","0","0","1","1","0","","0","0","0","08","1","0","01","0","40 02:38.911","","00","76 17:01.053","0","0","0","0","36220","0","0","0","N","0","0","0","2","36101","0","","1","01","N","N","0","","0","0","2","3","3","","0853","0","2","0","0","0","0","0","3","0","2","N","","","","","","","","","","","","04","","","N",""
"0733","1","0","0","0","0","0","0","0","0","7","0","","36","11","2021","2021110696","5","40.1974","-76.1523","0723","08","0","0","0","0","0","0","0","0","","0","0","0","07","2","0","00","0","40 11:50.740","","00","76 09:08.280","0","0","0","0","36210","0","0","0","N","0","0","0","1","36210","0","","1","01","N","N","0","","0","0","0","0","0","","0723","0","1","0","0","0","0","0","1","0","1","N","","","","","","","","","","","","03","03","","N","N"
"1141","1","0","0","0","0","0","0","0","0","4","0","","36","07","2021","2021069449","2","40.1375","-76.5832","1136","08","0","0","0","0","0","1","0","0","","0","0","0","11","1","0","01","0","40 08:14.961","","00","76 34:59.447","0","0","0","0","36225","0","0","0","N","0","0","0","3","36505","0","","1","01","N","N","0","","0","0","1","3","2","","1135","0","2","0","0","0","0","0","2","0","2","N","","","","","","","","","","","","03","03","","N",""
"0801","1","0","0","0","0","0","0","0","0","1","0","","36","11","2021","2021114950","3","40.0253","-76.0747","0743","08","0","0","0","0","0","1","0","0","","0","0","0","07","1","0","00","1","40 01:31.169","3","00","76 04:28.857","9","0","0","0","36221","0","0","0","N","0","0","0","2","68J01","0","","1","01","N","N","0","","0","0","0","0","0","N","0721","0","2","0","0","0","0","1","1","1","2","N","","","","","","","","","","","0845","03","03","","N","N"
"1621","1","0","0","0","0","0","0","0","0","4","0","","36","07","2021","2021065707","4","40.0537","-76.3974","1621","08","1","0","0","0","0","0","0","0","","0","0","0","16","1","0","00","0","40 03:13.391","","07","76 23:50.690","0","0","0","0","36214","0","0","0","N","0","0","0","2","36214","0","","1","01","N","N","0","","0","0","1","0","0","","1619","0","2","0","0","0","0","0","3","0","2","N","","","","","","","","","","","","03","03","","N","N"
"1220","1","0","0","0","0","0","0","0","0","1","0","","36","07","2021","2021064111","7","40.0847","-76.3899","1216","08","0","0","0","0","0","1","0","1","","0","0","0","12","1","0","02","2","40 05:04.922","3","00","76 23:23.556","0","0","0","0","36214","0","0","0","N","0","0","0","4","36214","0","","1","01","N","N","0","","0","0","1","0","0","N","1215","0","2","0","0","0","0","0","3","0","2","N","","","","","","","","","","","0030","03","","","N",""
"1853","0","0","0","0","0","0","0","0","0","7","0","","36","07","2021","2021069539","7","40.2095","-76.0262","1835","08","0","0","0","0","0","0","0","0","","0","0","0","18","1","1","00","1","40 12:34.502","3","00","76 01:35.858","3","0","0","0","36202","0","0","0","N","0","0","0","1","68T06","0","","3","01","N","N","0","","1","0","1","0","0","N","1835","1","1","0","0","0","0","0","1","0","1","N","","","","","","","","","","","1910","03","","","N","N"
"1150","1","0","0","0","0","0","0","0","0","4","0","","36","07","2021","2021061823","6","40.2264","-76.1804","1140","08","0","0","0","0","0","1","1","0","","0","0","0","11","1","1","01","1","40 13:34.893","1","99","76 10:49.273","8","0","0","0","36236","0","0","0","N","0","0","0","4","36408","0","","1","01","N","N","0","","0","0","1","3","3","N","1140","1","2","0","0","0","1","0","1","0","2","N","","","","","","","","","","","1225","03","03","","N","N"
"1144","1","0","0","0","0","0","0","0","0","4","0","","36","07","2021","2021063814","3","40.1895","-76.31","1143","08","0","0","0","0","0","1","0","0","","0","0","0","11","1","1","01","0","40 11:22.225","","00","76 18:36.138","3","0","0","0","36217","0","0","0","N","0","0","0","2","36506","0","","1","01","N","N","0","","1","0","1","3","3","","1143","1","2","0","0","0","0","0","1","0","2","N","","","","","","","","","","","","03","03","","N",""
"1315","0","0","0","0","0","0","0","0","0","5","0","","36","07","2021","2021070871","1","40.1486","-76.6537","1306","08","0","0","0","0","0","0","0","0","","0","0","0","23","2","0","00","0","40 08:54.900","","07","76 39:13.200","9","0","0","0","36237","0","0","0","N","0","0","0","1","36505","0","","4","01","N","N","0","","0","0","0","0","0","","2300","0","2","0","0","0","0","1","1","1","2","N","","","","","","","","","","","","03","03","","N","N"
"1610","2","0","0","0","0","0","0","0","0","4","0","","36","07","2021","2021063567","5","40.148","-76.2817","1607","08","0","0","1","0","0","0","0","0","","0","0","0","16","1","0","02","0","40 08:52.873","","00","76 16:54.225","0","0","0","0","36235","0","0","0","N","0","0","0","2","36506","0","","1","01","N","N","0","","0","0","0","3","3","","1607","0","2","0","0","0","0","0","1","0","2","N","","","","","","","","","","","","04","","","N",""
"1433","1","0","0","0","0","0","0","0","0","7","0","","36","11","2021","2021111534","7","40.1361","-76.6151","1422","08","0","0","0","0","0","1","0","0","","0","0","0","14","1","0","00","0","40 08:09.839","","00","76 36:54.534","0","0","0","0","36237","0","0","0","N","0","0","0","1","36505","0","","5","01","N","N","0","","0","0","0","0","0","","1422","0","1","0","0","0","0","0","1","0","1","N","","","","","","","","","","","","03","03","","N","N"
"1204","1","0","0","0","0","0","0","0","0","1","0","","36","11","2021","2021112629","7","40.0406","-76.2528","1158","08","0","0","0","0","0","1","0","0","","0","0","0","11","1","0","01","1","40 02:26.267","1","00","76 15:10.183","0","0","0","0","36215","0","0","0","N","0","0","0","2","36215","0","","1","01","N","N","0","","0","0","1","3","2","N","1158","0","2","0","0","0","0","0","1","0","2","N","","","","","","","","","","","1314","03","","","N",""
"1411","1","0","0","0","0","0","0","0","0","1","0","","36","07","2021","2021061731","7","40.142","-76.2934","1403","08","0","1","0","0","0","0","0","0","","0","0","0","14","1","0","00","0","40 08:31.150","","00","76 17:36.280","0","0","0","0","36409","1","0","0","N","0","0","0","2","36409","0","","6","01","N","N","1","","0","0","0","0","0","","1400","0","2","0","0","0","0","0","3","0","2","N","","","","","","","","","","","","03","03","","N","N"
"2205","1","0","0","0","0","0","0","0","0","7","0","","36","11","2021","2021115009","2","40.0389","-76.4754","2155","08","0","0","0","1","0","0","0","0","","0","0","0","21","2","0","00","0","40 02:19.924","","00","76 28:31.509","0","0","0","0","36239","0","0","0","N","0","0","0","1","36239","0","","5","01","N","N","0","","0","0","0","0","0","","2150","0","1","0","0","0","0","0","3","0","1","N","","","","","","","","","","","","03","03","","N","N"
"1423","2","0","0","0","0","0","0","0","0","4","0","","36","11","2021","2021114348","5","40.2","-76.421","1420","08","0","0","0","0","1","0","1","0","","0","0","0","14","1","0","01","2","40 11:59.848","5","00","76 25:15.755","0","0","0","0","36230","0","0","0","N","0","0","0","2","36410","0","","1","01","N","N","0","","0","0","0","3","3","Y","1418","0","2","0","0","0","0","0","1","0","2","N","","","","","","","","","","","1457","03","03","","N",""
"0455","1","0","0","0","0","0","0","0","0","7","0","","36","10","2021","2021114841","1","40.0514","-76.2042","0453","08","0","0","0","0","0","0","0","0","","0","0","0","04","2","0","00","2","40 03:05.030","7","00","76 12:15.190","0","0","0","0","36215","0","0","0","N","0","0","0","1","36215","0","","5","01","N","N","0","","0","0","0","0","0","Y","0449","0","1","0","0","0","0","0","1","0","1","N","","","","","","","","","","","0557","03","03","","N","N"
"1241","1","0","0","0","0","0","0","0","0","1","0","","36","07","2021","2021066609","6","40.0386","-76.2781","1234","08","0","0","0","0","0","0","0","0","","0","0","0","12","1","1","00","1","40 02:19.104","4","00","76 16:41.048","3","0","0","1","36220","0","0","0","N","0","0","0","2","36101","0","","1","01","N","N","0","","1","0","0","0","0","N","1230","1","2","0","0","0","0","0","3","0","2","N","","","","","","","","","","","1337","03","03","","N","N"
"1210","2","0","0","0","0","0","0","0","0","1","0","","36","11","2021","2021111799","3","40.0558","-76.5262","1205","08","0","0","0","0","0","1","0","0","","0","0","0","12","1","0","02","1","40 03:20.964","1","00","76 31:34.185","9","0","0","0","36411","0","0","0","N","0","0","0","2","36504","0","","1","01","N","N","0","","0","0","0","0","0","N","1202","0","2","0","0","0","0","1","1","0","2","N","","","","","","","","","","","1256","03","","","N",""