"ARRIVAL_TM","AUTOMOBILE_COUNT","BELTED_DEATH_COUNT","BELTED_SUSP_SERIOUS_INJ_COUNT","BICYCLE_COUNT","BICYCLE_DEATH_COUNT","BICYCLE_SUSP_SERIOUS_INJ_COUNT","BUS_COUNT","CHLDPAS_DEATH_COUNT","CHLDPAS_SUSP_SERIOUS_INJ_COUNT","COLLISION_TYPE","COMM_VEH_COUNT","CONS_ZONE_SPD_LIM","COUNTY","CRASH_MONTH","CRASH_YEAR","CRN","DAY_OF_WEEK","DEC_LAT","DEC_LONG","DISPATCH_TM","DISTRICT","DRIVER_COUNT_16YR","DRIVER_COUNT_17YR","DRIVER_COUNT_18YR","DRIVER_COUNT_19YR","DRIVER_COUNT_20YR","DRIVER_COUNT_50_64YR","DRIVER_COUNT_65_74YR","DRIVER_COUNT_75PLUS","EST_HRS_CLOSED","FATAL_COUNT","HEAVY_TRUCK_COUNT","HORSE_BUGGY_COUNT","HOUR_OF_DAY","ILLUMINATION","INJURY_COUNT","INTERSECT_TYPE","LANE_CLOSED","LATITUDE","LN_CLOSE_DIR","LOCATION_TYPE","LONGITUDE","MAX_SEVERITY_LEVEL","MCYCLE_DEATH_COUNT","MCYCLE_SUSP_SERIOUS_INJ_COUNT","MOTORCYCLE_COUNT","MUNICIPALITY","NONMOTR_COUNT","NONMOTR_DEATH_COUNT","NONMOTR_SUSP_SERIOUS_INJ_COUNT","NTFY_HIWY_MAINT","PED_COUNT","PED_DEATH_COUNT","PED_SUSP_SERIOUS_INJ_COUNT","PERSON_COUNT","POLICE_AGCY","POSSIBLE_INJ_COUNT","RDWY_SURF_TYPE_CD","RELATION_TO_ROAD","ROAD_CONDITION","SCH_BUS_IND","SCH_ZONE_IND","SMALL_TRUCK_COUNT","SPEC_JURIS_CD","SUSP_MINOR_INJ_COUNT","SUSP_SERIOUS_INJ_COUNT","SUV_COUNT","TCD_FUNC_CD","TCD_TYPE","TFC_DETOUR_IND","TIME_OF_DAY","TOT_INJ_COUNT","TOTAL_UNITS","UNB_DEATH_COUNT","UNB_SUSP_SERIOUS_INJ_COUNT","UNBELTED_OCC_COUNT","UNK_INJ_DEG_COUNT","UNK_INJ_PER_COUNT","URBAN_RURAL","VAN_COUNT","VEHICLE_COUNT","WORK_ZONE_IND","WORK_ZONE_LOC","WORK_ZONE_TYPE","WORKERS_PRES","WZ_CLOSE_DETOUR","WZ_FLAGGER","WZ_LAW_OFFCR_IND","WZ_LN_CLOSURE","WZ_MOVING","WZ_OTHER","WZ_SHLDER_MDN","ROADWAY_CLEARED","WEATHER1","WEATHER2","WZ_WORKERS_INJ_KILLED","SECONDARY_CRASH","INTERSECTION_RELATED"
"1440","2","0","0","0","0","0","0","0","0","1","0","","36","07","2021","2021063978","7","40.1545","-76.2924","1436","08","0","0","0","0","0","2","0","0","","0","0","0","14","1","0","01","1","40 09:16.247","4","00","76 17:32.782","0","0","0","0","36409","0","0","0","N","0","0","0","6","36409","0","","1","01","N","N","1","","0","0","0","3","2","N","1434","0","3","0","0","0","0","0","3","0","3","N","","","","","","","","","","","1542","03","03","","N",""
"1153","1","0","0","0","0","0","0","0","0","4","0","","36","10","2021","2021111271","7","40.0591","-76.4629","1147","08","0","0","0","0","0","1","0","0","","0","0","0","11","1","3","02","2","40 03:32.814","5","00","76 27:46.398","3","0","0","0","36239","0","0","0","N","0","0","0","4","36239","0","","1","09","N","N","0","","3","0","1","0","0","N","1147","3","2","0","0","0","0","0","3","0","2","N","","","","","","","","","","","1233","07","04","","N",""
"1100","1","0","0","0","0","0","0","0","0","1","0","","36","11","2021","2021112954","2","40.0045","-76.1036","1054","08","0","0","0","0","0","0","0","0","","0","0","0","10","1","1","00","1","40 00:16.375","6","00","76 06:12.976","3","0","0","0","36226","0","0","0","N","0","0","0","2","68J01","0","","1","01","N","N","0","","1","0","1","0","0","N","1051","1","2","0","0","0","0","0","1","0","2","N","","","","","","","","","","","1200","04","03","","N","N"
"0832","1","0","0","0","0","0","0","0","0","4","0","","36","07","2021","2021086480","6","40.0274","-76.5012","0830","08","0","0","0","0","0","0","0","0","","0","0","0","08","1","0","02","1","40 01:38.760","1","00","76 30:04.431","0","0","0","0","36404","0","0","0","N","0","0","0","3","36404","0","","1","01","N","N","1","","0","0","0","3","3","N","0827","0","2","0","0","0","0","0","3","0","2","N","","","","","","","","","","","0836","03","03","","N",""
"1842","1","0","0","0","0","0","0","0","0","4","0","","36","11","2021","2021112634","4","40.2053","-76.2198","1842","08","0","0","0","0","0","1","0","0","","0","1","0","18","2","2","00","0","40 12:18.940","","07","76 13:11.320","3","0","0","0","36204","0","0","0","N","0","0","0","2","36506","1","","1","01","N","N","0","","1","0","0","0","0","","1842","2","2","0","0","0","0","0","1","0","2","N","","","","","","","","","","","","03","","","N","N"
"1024","1","0","0","0","0","0","0","0","0","4","0","","36","11","2021","2021111346","2","40.0316","-76.3045","1014","08","0","0","0","0","0","2","0","0","","0","0","0","10","1","0","01","1","40 01:53.832","1","00","76 18:16.263","0","0","0","0","36301","0","0","0","N","0","0","0","3","36301","0","","1","01","N","N","0","","0","0","1","0","0","Y","1012","0","2","0","0","0","0","0","3","0","2","N","","","","","","","","","","","1102","03","","","N",""
"0022","0","0","0","0","0","0","0","0","0","5","0","","36","07","2021","2021078187","6","40.0266","-76.2325","0017","08","0","0","0","0","0","1","0","0","","0","0","0","00","3","0","00","2","40 01:35.860","5","00","76 13:56.950","0","0","0","0","36215","0","0","0","N","0","0","0","1","36215","0","","6","01","N","N","0","","0","0","3","0","0","Y","0016","0","3","0","0","0","0","0","1","0","3","N","","","","","","","","","","","0115","03","03","","N","N"
"1805","1","0","0","0","0","0","0","0","0","1","0","","36","07","2021","2021065705","6","40.054","-76.3105","1805","08","0","0","0","0","0","0","0","0","","0","0","0","17","1","0","02","0","40 03:14.127","","03","76 18:38.123","0","0","0","0","36101","0","0","0","N","0","0","0","4","36101","0","","1","09","N","N","1","","0","0","0","0","0","","1755","0","2","0","0","0","0","0","3","0","2","N","","","","","","","","","","","","07","04","","N","N"
"2150","0","0","0","0","0","0","0","0","0","1","0","","36","07","2021","2021062048","6","40.1454","-76.117","2146","08","0","0","0","0","0","0","0","1","","0","0","0","21","3","0","01","1","40 08:43.597","3","00","76 07:01.050","0","0","0","0","36209","0","0","0","N","0","0","0","4","36415","0","","1","01","N","N","0","","0","0","1","0","0","N","2145","0","2","0","0","0","0","0","1","1","2","N","","","","","","","","","","","2230","03","03","","N",""
"1538","1","0","0","0","0","0","0","0","0","4","0","","36","11","2021","2021112862","3","40.0507","-76.2558","1534","08","0","0","0","0","0","0","0","0","","0","0","0","15","1","2","07","2","40 03:02.347","7","08","76 15:20.935","3","0","0","0","36215","0","0","0","N","0","0","0","2","36215","0","","1","02","N","N","1","","2","0","0","3","2","Y","1532","2","2","0","0","0","0","0","1","0","2","N","","","","","","","","","","","1630","03","","","N",""
"1941","1","0","0","0","0","0","0","0","0","1","0","","36","07","2021","2021063342","1","40.0613","-76.5378","1936","08","0","0","0","0","0","0","0","0","","0","0","0","19","1","0","03","1","40 03:40.612","2","00","76 32:16.210","0","0","0","0","36411","0","0","0","N","0","0","0","2","36504","0","","1","01","N","N","0","","0","0","1","0","0","N","1930","0","2","0","0","0","0","0","1","0","2","N","","","","","","","","","","","2027","03","","","N","N"
"1026","1","0","0","0","0","0","0","0","0","4","0","","36","07","2021","2021073203","5","40.0631","-76.1569","1021","08","0","0","0","0","0","0","0","1","","0","0","0","10","1","1","01","1","40 03:47.143","3","00","76 09:24.928","3","0","0","0","36234","0","0","0","N","0","0","0","3","36215","0","","1","01","N","N","0","","1","0","1","3","3","N","1019","1","2","0","0","0","0","0","1","0","2","N","","","","","","","","","","","1057","03","03","","N",""
"0631","2","0","0","0","0","0","0","0","0","4","0","","36","11","2021","2021114631","4","40.052","-76.3103","0631","08","0","0","0","0","0","0","0","0","","0","0","0","06","3","2","01","0","40 03:07.086","","00","76 18:36.903","4","0","0","0","36301","0","0","0","N","0","0","0","2","36301","2","","1","01","N","N","0","","0","0","0","3","2","","0626","2","2","0","0","0","0","0","3","0","2","N","","","","","","","","","","","","03","","","N",""
"1445","0","0","0","0","0","0","1","0","0","4","1","","36","11","2021","2021114566","2","40.0606","-76.2768","1438","08","0","0","0","0","0","1","1","0","","0","0","0","14","1","0","01","1","40 03:38.263","3","02","76 16:36.564","0","0","0","0","36101","0","0","0","N","0","0","0","3","36101","0","","1","01","Y","N","0","","0","0","0","3","2","N","1438","0","2","0","0","0","0","0","3","1","2","N","","","","","","","","","","","1544","03","","","N",""
"0714","0","0","0","0","0","0","0","0","0","0","0","","36","11","2021","2021110030","4","40.1987","-76.275","0658","08","0","0","0","0","0","0","0","0","","0","0","0","06","5","0","00","2","40 11:55.212","2","00","76 16:29.997","0","0","0","0","36217","0","0","0","N","0","0","0","1","68J01","0","","1","01","N","N","1","","0","0","0","0","0","N","0655","0","1","0","0","1","0","0","1","0","1","N","","","","","","","","","","","0020","03","","","N","N"
"1109","0","0","0","0","0","0","0","0","0","4","0","","36","07","2021","2021064583","5","39.9904","-76.0206","1058","08","0","0","0","0","0","0","1","1","","0","0","0","10","1","0","00","1","39 59:25.601","2","07","76 01:14.184","0","0","0","0","36232","0","0","0","N","0","0","0","4","68J01","0","","1","09","N","N","1","","0","0","0","0","0","N","1057","0","3","0","0","0","0","0","1","1","3","N","","","","","","","","","","","1253","07","","","N","N"
"2353","1","0","0","0","0","0","0","0","0","7","0","","36","06","2021","2021074066","3","40.0447","-76.4901","2349","08","0","0","0","0","0","0","1","0","","0","0","0","23","2","0","00","1","40 02:40.894","4","00","76 29:24.185","0","0","0","0","36404","0","0","0","N","0","0","0","1","36404","0","","4","01","N","N","0","","0","0","0","0","0","N","2336","0","1","0","0","0","0","0","3","0","1","N","","","","","","","","","","","0041","03","","","N","N"
"1558","1","0","0","0","0","0","0","0","0","4","0","","36","07","2021","2021064714","5","40.0789","-76.295","1558","08","0","1","0","0","0","0","0","0","","0","0","0","15","1","0","02","2","40 04:44.082","1","00","76 17:42.052","0","0","0","0","36101","0","0","0","N","0","0","0","2","36101","0","","1","01","N","N","0","","0","0","1","3","2","Y","1555","0","2","0","0","0","0","0","3","0","2","N","","","","","","","","","","","1715","03","","","N",""
"1539","1","0","0","0","0","0","0","0","0","1","0","","36","07","2021","2021065134","5","40.0638","-76.2822","1530","08","0","0","0","0","0","1","0","1","","0","0","0","15","1","2","00","1","40 03:49.574","4","00","76 16:55.747","3","0","0","0","36101","0","0","0","N","0","0","0","6","36101","0","","1","01","N","N","1","","1","0","2","0","0","N","1528","2","4","0","0","1","1","1","3","0","4","N","","","","","","","","","","","1628","03","03","","N","N"
"1655","1","0","0","0","0","0","0","0","0","0","0","","36","07","2021","2021066044","5","40.1338","-76.5634","1655","08","0","0","0","0","0","1","0","0","","0","0","0","16","1","0","00","0","40 08:01.593","","07","76 33:48.162","0","0","0","0","36225","0","0","0","N","0","0","0","1","36505","0","","4","08","N","N","0","","0","0","0","0","0","","1655","0","1","0","0","0","0","0","2","0","1","N","","","","","","","","","","","","07","","","N","N"
"1048","1","0","0","0","0","0","0","0","0","1","0","","36","07","2021","2021063553","6","40.0651","-76.344","1046","08","0","0","0","1","0","3","0","0","","0","0","0","10","1","1","02","1","40 03:54.808","4","00","76 20:38.156","3","0","0","0","36101","0","0","0","N","0","0","0","4","36101","0","","1","01","N","N","0","","1","0","3","3","2","N","1035","1","4","0","0","0","0","0","3","0","4","N","","","","","","","","","","","1200","04","","","N","N"
"1835","1","0","0","0","0","0","0","0","0","98","0","","36","11","2021","2021111270","2","40.0883","-76.2657","1821","08","0","0","0","0","0","0","0","0","","0","0","0","18","2","1","00","1","40 05:17.923","1","00","76 15:56.359","3","0","0","0","36101","0","0","0","N","0","0","0","1","36101","0","","1","01","N","N","0","","1","0","0","0","0","N","1821","1","1","0","0","0","0","0","3","0","1","N","","","","","","","","","","","1850","03","03","","N","N"
"0801","0","0","0","0","0","0","0","0","0","1","0","","36","11","2021","2021106398","5","40.1408","-76.601","0756","08","0","0","0","0","0","0","0","0","","0","1","0","07","1","0","00","1","40 08:27.055","2","00","76 36:03.485","0","0","0","0","36237","0","0","0","N","0","0","0","1","36407","0","","6","01","N","N","0","","0","0","0","0","0","N","0756","0","2","0","0","0","0","0","1","1","2","N","","","","","","","","","","","0900","03","03","","N","N"
"1846","1","0","0","0","0","0","0","0","0","4","0","","36","07","2021","2021071573","5","40.1033","-76.0871","1845","08","0","1","0","0","0","0","1","0","","0","0","0","18","1","2","01","2","40 06:11.898","7","00","76 05:13.422","3","0","0","0","36415","0","0","0","N","0","0","0","6","36415","0","","1","01","N","N","1","","2","0","1","3","2","Y","1845","2","3","0","0","0","0","0","1","0","3","N","","","","","","","","","","","0100","03","03","","N",""
"0716","1","0","0","0","0","0","0","0","0","4","0","","36","11","2021","2021113162","7","40.0402","-76.3299","0714","08","0","0","0","0","0","1","0","0","","0","0","0","07","1","0","01","1","40 02:24.896","1","00","76 19:47.589","0","0","0","0","36220","0","0","0","N","0","0","0","2","36101","0","","1","01","N","N","1","","0","0","0","3","3","N","0708","0","2","0","0","0","0","0","3","0","2","N","","","","","","","","","","","0800","03","03","","N",""
"0612","1","0","0","0","0","0","0","0","0","7","0","","36","07","2021","2021065601","4","40.1184","-76.5611","0603","08","0","0","0","0","0","0","0","0","","0","0","0","06","1","1","00","2","40 07:06.200","5","00","76 33:40.100","3","0","0","0","36211","0","0","0","N","0","0","0","1","36504","0","","4","01","N","N","0","","1","0","0","0","0","Y","0602","1","1","0","0","0","0","0","1","0","1","N","","","","","","","","","","","0703","03","03","","N","N"
"1638","1","0","0","0","0","0","0","0","0","4","0","","36","06","2021","2021059139","5","40.0916","-76.1295","1638","08","0","0","0","0","0","1","0","0","","0","0","0","16","1","0","02","1","40 05:29.605","6","00","76 07:46.311","0","0","0","0","36209","0","0","0","N","0","0","0","2","36415","0","","1","01","N","N","0","","0","0","1","0","0","N","1638","0","2","0","0","0","0","0","1","0","2","N","","","","","","","","","","","1640","03","03","","N",""
"0741","0","0","0","0","0","0","0","0","0","98","0","","36","11","2021","2021110259","3","40.0205","-76.3373","0732","08","0","0","0","0","1","0","0","0","","0","0","0","07","1","0","00","0","40 01:13.716","","00","76 20:14.320","0","0","0","0","36220","0","0","0","N","0","0","0","1","36101","0","","1","01","N","N","0","","0","0","1","0","0","","0729","0","1","0","0","0","0","0","3","0","1","N","","","","","","","","","","","","03","03","","N","N"
"1150","1","0","0","0","0","0","0","0","0","6","0","","36","07","2021","2021071572","1","40.1563","-76.1326","1140","08","0","0","0","0","0","0","0","0","","0","0","0","11","1","1","00","1","40 09:22.788","3","00","76 07:57.331","4","0","0","0","36209","0","0","0","N","0","0","0","2","36415","1","","1","01","N","N","0","","0","0","0","3","3","Y","1128","1","2","0","0","0","0","0","1","1","2","N","","","","","","","","","","","1230","03","","","N","N"
"2341","0","0","0","0","0","0","0","0","0","7","0","","36","10","2021","2021109930","6","40.1282","-76.6443","2335","08","0","1","0","0","0","0","0","0","","1","0","0","23","2","0","00","2","40 07:41.650","7","00","76 38:39.380","1","0","0","0","36237","0","0","0","N","0","0","0","1","36505","0","2","2","01","N","N","0","0","0","0","1","0","0","Y","2334","0","1","0","0","0","0","0","1","0","1","N","","","","","","","","","","","0355","03","03","","N","N"
"1919","1","0","0","0","0","0","0","0","0","7","0","","36","10","2021","2021111074","4","40.0009","-75.9788","1902","08","0","0","0","0","0","0","0","0","","0","0","0","19","2","0","00","2","40 00:03.400","5","00","75 58:43.660","0","0","0","0","36232","0","0","0","N","0","0","0","1","68J01","0","","4","01","N","N","0","","0","0","0","0","0","N","1901","0","1","0","0","0","0","0","1","0","1","N","","","","","","","","","","","2010","03","03","","N","N"
"1734","1","0","0","0","0","0","0","0","0","1","0","","36","11","2021","2021112625","5","40.0631","-76.3411","1727","08","0","0","0","1","0","0","0","0","","0","0","0","17","3","0","00","1","40 03:47.067","4","00","76 20:28.036","0","0","0","0","36101","0","0","0","N","0","0","0","2","36101","0","","1","01","N","N","1","","0","0","0","0","0","N","1725","0","2","0","0","0","0","0","3","0","2","N","","","","","","","","","","","1810","03","","","N","N"
"2116","1","0","0","0","0","0","0","0","0","4","0","","36","07","2021","2021064669","2","40.1761","-76.2249","2112","08","0","0","0","0","0","0","0","0","","0","0","0","21","2","1","01","2","40 10:34.041","7","00","76 13:29.758","8","0","0","0","36218","0","0","0","N","0","0","0","2","36408","0","","1","01","N","N","0","","0","0","1","3","3","N","2110","1","2","0","0","0","1","0","1","0","2","N","","","","","","","","","","","2153","03","04","","N",""
"1722","2","0","0","0","0","0","0","0","0","4","0","","36","11","2021","2021113834","1","40.0665","-76.3024","1719","08","0","0","0","0","0","0","0","1","","0","0","0","17","3","1","02","1","40 03:59.248","3","00","76 18:08.668","8","0","0","0","36101","0","0","0","N","0","0","0","3","36101","0","","1","01","N","N","0","","0","0","0","3","3","Y","1718","1","2","0","0","0","1","0","3","0","2","N","","","","","","","","","","","1800","03","03","","N",""
"0420","3","0","0","0","0","0","0","0","0","2","0","","36","11","2021","2021114968","2","40.0368","-76.3118","0417","08","0","0","0","0","0","0","0","0","","0","0","0","04","2","0","02","1","40 02:12.375","3","00","76 18:42.569","0","0","0","0","36301","0","0","0","N","0","0","0","1","36301","0","","1","09","N","N","0","","0","0","0","3","3","N","0415","0","3","0","0","0","0","0","3","0","3","N","","","","","","","","","","","0501","03","03","","N",""
"1247","0","0","0","0","0","0","0","0","0","1","0","","36","11","2021","2021114338","6","40.0891","-76.3049","1238","08","0","0","0","0","0","2","0","0","","0","0","0","12","1","0","00","1","40 05:20.763","2","00","76 18:17.679","0","0","0","0","36101","0","0","0","N","0","0","0","2","36101","0","","1","01","N","N","1","","0","0","1","0","0","N","1236","0","2","0","0","0","0","0","3","0","2","N","","","","","","","","","","","1317","03","","","N","N"
"0131","0","0","0","0","0","0","0","0","0","1","1","","36","11","2021","2021109439","4","40.1748","-75.9842","0127","08","0","0","0","0","0","1","0","0","","0","1","0","01","2","1","00","0","40 10:27.916","","00","75 59:01.919","8","0","0","0","36202","0","0","0","N","0","0","0","3","68T06","0","","1","01","N","N","0","","0","0","0","0","0","","0125","1","2","0","0","1","1","0","1","1","2","N","","","","","","","","","","","","03","","","N","N"
"0833","1","0","0","0","0","0","0","0","0","2","0","","36","10","2021","2021109812","7","40.0348","-75.9939","0814","08","0","1","0","0","0","0","0","0","","0","0","0","08","1","0","03","2","40 02:05.175","7","00","75 59:37.870","0","0","0","0","36232","0","0","0","N","0","0","0","2","68J01","0","","1","09","N","N","0","","0","0","1","3","3","Y","0811","0","2","0","0","0","0","0","1","0","2","N","","","","","","","","","","","0930","03","","","N","N"
"1650","1","0","0","0","0","0","0","0","0","7","0","","36","11","2021","2021112964","5","40.0647","-76.0023","1635","08","0","0","1","0","0","0","0","0","","0","0","0","16","4","1","00","0","40 03:52.770","","00","76 00:08.320","4","0","0","0","36232","0","0","0","N","0","0","0","2","68J01","1","","4","01","N","N","0","","0","0","0","0","0","","1634","1","1","0","0","0","0","0","1","0","1","N","","","","","","","","","","","","03","","","N","N"
"0715","1","0","0","0","0","0","1","0","0","4","1","","36","11","2021","2021110147","6","39.9753","-76.2774","0657","08","1","0","0","0","0","1","0","0","","0","0","0","06","5","0","02","1","39 58:31.000","3","00","76 16:38.800","0","0","0","0","36240","0","0","0","N","0","0","0","11","36240","0","","1","09","Y","N","0","","0","0","0","3","3","N","0655","0","2","0","0","0","0","0","1","0","2","N","","","","","","","","","","","0747","07","07","","N",""
"1558","2","0","0","0","0","0","0","0","0","4","0","","36","07","2021","2021067690","7","40.045","-76.5136","1549","08","0","0","0","0","0","0","0","0","","0","0","0","15","1","3","02","2","40 02:42.158","2","00","76 30:48.975","4","0","0","0","36239","0","0","0","N","0","0","0","3","36239","3","","1","01","N","N","0","","0","0","0","0","0","Y","1545","3","2","0","0","0","0","0","3","0","2","N","","","","","","","","","","","1700","03","03","","N",""
"0909","1","0","0","0","0","0","0","0","0","98","0","","36","11","2021","2021111171","7","40.2279","-76.466","0906","08","0","0","0","0","0","0","0","0","","0","0","0","09","1","2","00","1","40 13:40.661","4","00","76 27:55.701","3","0","0","0","36230","0","0","0","N","0","0","0","2","68T06","0","","1","01","N","N","0","","2","0","0","0","0","N","0906","2","1","0","0","0","0","0","1","0","1","N","","","","","","","","","","","0030","03","","","N","N"
"0201","2","0","0","0","0","0","0","0","0","1","0","","36","10","2021","2021112516","1","40.0051","-76.1061","0142","08","0","0","0","0","0","0","0","0","","0","0","0","01","3","0","00","0","40 00:18.207","","00","76 06:21.980","0","0","0","0","36226","0","0","0","N","0","0","0","2","68J01","0","","1","01","N","N","0","","0","0","0","3","2","","0142","0","2","0","0","0","0","0","1","0","2","N","","","","","","","","","","","","03","03","","N","N"
"1726","1","0","0","0","0","0","0","0","0","8","0","","36","07","2021","2021064369","4","40.0378","-76.2975","1722","08","0","0","0","0","0","0","0","0","","0","0","0","17","1","1","00","0","40 02:16.200","","00","76 17:50.900","8","0","0","0","36301","1","0","0","N","1","0","0","2","36301","0","","1","01","N","N","0","","0","0","0","0","0","","1719","1","2","0","0","0","1","0","3","0","1","N","","","","","","","","","","","","03","03","","N","N"
"1738","2","0","0","0","0","0","0","0","0","1","0","","36","11","2021","2021113134","5","40.1143","-76.5215","1735","08","0","0","0","0","0","0","0","0","","0","0","0","17","3","0","00","0","40 06:51.504","","00","76 31:17.428","0","0","0","0","36413","0","0","0","N","0","0","0","2","36413","0","","1","09","N","N","0","","0","0","0","0","0","","1735","0","2","0","0","0","0","0","2","0","2","N","","","","","","","","","","","","07","","","N","N"
"1632","0","0","0","0","0","0","0","0","0","7","0","","36","07","2021","2021067841","4","40.2209","-76.2617","1610","08","0","0","0","0","0","0","0","0","","0","0","0","16","1","1","00","2","40 13:15.161","2","00","76 15:41.950","8","0","0","0","36217","0","0","0","N","0","0","0","1","68J01","0","","4","09","N","N","1","","0","0","0","0","0","Y","1607","1","1","0","0","1","1","0","1","0","1","N","","","","","","","","","","","0100","07","","","N","N"
"0002","0","0","0","0","0","0","0","0","0","7","0","","36","11","2021","2021113842","6","40.1012","-76.3468","2357","08","0","0","0","0","0","0","0","0","","0","0","0","23","3","0","00","1","40 06:04.281","4","00","76 20:48.302","0","0","0","0","36406","0","0","0","N","0","0","0","1","36506","0","","4","01","N","N","0","","0","0","1","0","0","N","2354","0","1","0","0","0","0","0","3","0","1","N","","","","","","","","","","","0100","03","","","N","N"
"1455","2","0","0","0","0","0","0","0","0","5","0","","36","06","2021","2021060804","6","40.0708","-76.3258","1445","08","0","1","0","0","0","1","0","0","","0","0","0","14","1","1","00","0","40 04:14.805","","00","76 19:32.764","8","0","0","0","36301","0","0","0","N","0","0","0","4","36301","0","","1","01","N","N","1","","0","0","0","0","0","","1430","1","3","0","0","0","1","1","3","0","3","N","","","","","","","","","","","","03","03","","N","N"
"1714","2","0","0","0","0","0","0","0","0","1","0","","36","11","2021","2021109919","2","40.0708","-76.3191","1636","08","0","0","0","0","0","1","0","0","","0","0","0","16","1","0","00","0","40 04:14.783","","00","76 19:08.928","0","0","0","0","36101","0","0","0","N","0","0","0","4","36101","0","","1","01","N","N","0","","0","0","2","0","0","","1634","0","4","0","0","0","0","0","3","0","4","N","","","","","","","","","","","","03","03","","N","N"
"2014","1","0","0","0","0","0","0","0","0","4","0","","36","07","2021","2021066045","5","40.1184","-76.5835","2007","08","0","0","0","0","0","1","0","0","","0","0","0","20","1","1","01","0","40 07:06.347","","00","76 35:00.610","8","0","0","0","36237","0","0","0","N","0","0","0","2","36505","0","","1","01","N","N","0","","0","0","0","3","3","","2007","1","2","0","0","0","1","0","1","1","2","N","","","","","","","","","","","","03","","","N",""
"0055","2","0","0","0","0","0","0","0","0","5","0","","36","11","2021","2021111272","7","40.04","-76.4778","0045","08","0","0","0","0","0","0","0","0","","0","0","0","00","2","0","00","0","40 02:23.971","","00","76 28:40.245","0","0","0","0","36239","0","0","0","N","0","0","0","5","36239","0","","1","01","N","N","0","","0","0","0","0","0","","0043","0","2","0","0","0","0","0","3","0","2","N","","","","","","","","","","","","03","","","N","N"
"0516","0","0","0","0","0","0","0","0","0","7","0","","36","11","2021","2021114836","4","40.0804","-76.3429","0510","08","0","0","0","0","0","0","0","0","","0","0","0","05","2","1","00","1","40 04:49.550","4","00","76 20:34.600","3","0","0","0","36101","0","0","0","N","0","0","0","1","36101","0","","5","01","N","N","0","","1","0","1","0","0","N","0506","1","1","0","0","0","0","0","3","0","1","N","","","","","","","","","","","0600","03","","","N","N"
"1738","1","0","0","0","0","0","0","0","0","7","0","","36","07","2021","2021073344","7","40.281","-76.1122","1730","08","0","0","0","0","0","1","0","0","","0","0","0","17","1","0","00","2","40 16:51.620","5","00","76 06:43.843","0","0","0","0","36236","0","0","0","N","0","0","0","1","36408","0","","4","98","N","N","0","","0","0","0","0","0","Y","1730","0","1","0","0","0","0","0","1","0","1","N","","","","","","","","","","","2345","03","","","N","N"
"0211","1","0","0","0","0","0","0","0","0","7","0","","36","07","2021","2021074068","6","40.128","-76.4765","0205","08","0","0","0","0","0","0","0","0","","0","0","0","02","2","1","00","0","40 07:40.852","","01","76 28:35.227","8","0","0","0","36230","0","0","0","N","0","0","0","1","36410","0","","3","01","N","N","0","","0","0","0","0","0","","0201","1","1","0","0","0","1","0","1","0","1","N","","","","","","","","","","","","03","03","","N","N"
"1023","0","0","0","0","0","0","0","0","0","4","0","","36","06","2021","2021077854","2","40.1319","-76.2176","1018","08","0","0","0","0","0","0","2","0","","0","0","0","10","1","2","00","1","40 07:54.904","4","07","76 13:03.515","2","0","2","1","36238","0","0","0","N","0","0","0","3","36238","0","","1","01","N","N","0","","0","2","1","0","0","N","1018","2","2","0","0","0","0","0","3","0","2","N","","","","","","","","","","","1059","03","03","","N","N"
"0748","1","0","0","0","0","0","0","0","0","1","0","","36","11","2021","2021108559","3","40.0361","-76.3436","0744","08","0","0","0","0","0","2","0","0","","0","0","0","07","1","1","02","2","40 02:10.096","5","00","76 20:36.891","4","0","0","0","36223","0","0","0","N","0","0","0","2","36223","1","","1","01","N","N","0","","0","0","1","0","0","Y","0741","1","2","0","0","0","0","0","1","0","2","N","","","","","","","","","","","0853","04","","","Y",""
"0935","0","0","0","0","0","0","0","0","0","7","0","","36","07","2021","2021062393","6","40.164","-76.5471","0932","08","0","1","0","0","0","0","0","0","","0","0","0","09","1","0","00","1","40 09:50.300","4","00","76 32:49.700","0","0","0","0","36225","0","0","0","N","0","0","0","1","36505","0","","4","01","N","N","1","","0","0","0","0","0","N","0932","0","1","0","0","0","0","0","2","0","1","N","","","","","","","","","","","1005","04","","","N","N"
"0925","2","0","0","0","0","0","0","0","0","1","0","","36","07","2021","2021063564","4","40.0819","-76.2341","0922","08","0","0","1","0","0","0","0","0","","0","0","0","09","1","1","01","0","40 04:54.777","","00","76 14:02.802","3","0","0","0","36234","0","0","0","N","0","0","0","2","36215","0","","1","01","N","N","0","","1","0","0","3","2","","0922","1","2","0","0","0","0","0","1","0","2","N","","","","","","","","","","","","03","03","","N",""
"1514","0","0","1","0","0","0","0","0","0","4","0","","36","07","2021","2021062825","7","40.1818","-76.4945","1505","08","0","0","0","1","0","0","0","0","","0","0","0","15","1","2","01","2","40 10:54.338","5","00","76 29:40.023","2","0","0","0","36230","0","0","0","N","0","0","0","2","36410","0","","1","01","N","N","0","","1","1","2","3","3","Y","1505","2","2","0","0","0","0","0","1","0","2","N","","","","","","","","","","","1603","03","","","N",""