"ARRIVAL_TM","AUTOMOBILE_COUNT","BELTED_DEATH_COUNT","BELTED_SUSP_SERIOUS_INJ_COUNT","BICYCLE_COUNT","BICYCLE_DEATH_COUNT","BICYCLE_SUSP_SERIOUS_INJ_COUNT","BUS_COUNT","CHLDPAS_DEATH_COUNT","CHLDPAS_SUSP_SERIOUS_INJ_COUNT","COLLISION_TYPE","COMM_VEH_COUNT","CONS_ZONE_SPD_LIM","COUNTY","CRASH_MONTH","CRASH_YEAR","CRN","DAY_OF_WEEK","DEC_LAT","DEC_LONG","DISPATCH_TM","DISTRICT","DRIVER_COUNT_16YR","DRIVER_COUNT_17YR","DRIVER_COUNT_18YR","DRIVER_COUNT_19YR","DRIVER_COUNT_20YR","DRIVER_COUNT_50_64YR","DRIVER_COUNT_65_74YR","DRIVER_COUNT_75PLUS","EST_HRS_CLOSED","FATAL_COUNT","HEAVY_TRUCK_COUNT","HORSE_BUGGY_COUNT","HOUR_OF_DAY","ILLUMINATION","INJURY_COUNT","INTERSECT_TYPE","LANE_CLOSED","LATITUDE","LN_CLOSE_DIR","LOCATION_TYPE","LONGITUDE","MAX_SEVERITY_LEVEL","MCYCLE_DEATH_COUNT","MCYCLE_SUSP_SERIOUS_INJ_COUNT","MOTORCYCLE_COUNT","MUNICIPALITY","NONMOTR_COUNT","NONMOTR_DEATH_COUNT","NONMOTR_SUSP_SERIOUS_INJ_COUNT","NTFY_HIWY_MAINT","PED_COUNT","PED_DEATH_COUNT","PED_SUSP_SERIOUS_INJ_COUNT","PERSON_COUNT","POLICE_AGCY","POSSIBLE_INJ_COUNT","RDWY_SURF_TYPE_CD","RELATION_TO_ROAD","ROAD_CONDITION","SCH_BUS_IND","SCH_ZONE_IND","SMALL_TRUCK_COUNT","SPEC_JURIS_CD","SUSP_MINOR_INJ_COUNT","SUSP_SERIOUS_INJ_COUNT","SUV_COUNT","TCD_FUNC_CD","TCD_TYPE","TFC_DETOUR_IND","TIME_OF_DAY","TOT_INJ_COUNT","TOTAL_UNITS","UNB_DEATH_COUNT","UNB_SUSP_SERIOUS_INJ_COUNT","UNBELTED_OCC_COUNT","UNK_INJ_DEG_COUNT","UNK_INJ_PER_COUNT","URBAN_RURAL","VAN_COUNT","VEHICLE_COUNT","WORK_ZONE_IND","WORK_ZONE_LOC","WORK_ZONE_TYPE","WORKERS_PRES","WZ_CLOSE_DETOUR","WZ_FLAGGER","WZ_LAW_OFFCR_IND","WZ_LN_CLOSURE","WZ_MOVING","WZ_OTHER","WZ_SHLDER_MDN","ROADWAY_CLEARED","WEATHER1","WEATHER2","WZ_WORKERS_INJ_KILLED","SECONDARY_CRASH","INTERSECTION_RELATED"
"2200","0","0","0","0","0","0","0","0","0","7","0","65","36","01","2021","2021004593","3","40.1105","-76.4406","2149","08","0","0","0","0","0","1","0","0","","0","0","0","21","2","0","00","0","40 06:37.752","","00","76 26:26.329","0","0","0","0","36230","0","0","0","N","0","0","0","1","36410","0","","1","01","N","N","0","","0","0","1","3","1","","2149","0","1","0","0","0","0","0","1","0","1","Y","1","2","Y","N","N","N","N","N","N","Y","","03","03","N","N","N"
"0010","1","0","1","0","0","0","0","0","0","1","0","","36","01","2021","2021010262","4","40.0828","-76.362","0006","08","0","0","0","0","0","1","0","0","","0","0","0","00","2","1","00","2","40 04:58.023","3","00","76 21:43.121","2","0","0","0","36214","0","0","0","N","0","0","0","2","36214","0","","1","01","N","N","0","","0","1","1","0","0","N","0002","1","2","0","0","0","0","0","3","0","2","N","","","","","","","","","","","0055","03","03","","N","N"
"0440","1","0","0","0","0","0","0","0","0","7","0","","36","02","2021","2021020230","1","40.0404","-76.304","0438","08","0","0","0","1","0","0","0","0","","0","0","0","04","5","0","00","1","40 02:25.342","2","00","76 18:14.498","0","0","0","0","36301","0","0","0","N","0","0","0","1","36301","0","","1","01","N","N","0","","0","0","0","0","0","N","0436","0","1","0","0","0","0","0","3","0","1","N","","","","","","","","","","","0520","03","","","N","N"
"1730","1","0","0","0","0","0","0","0","0","7","0","","36","05","2021","2021041900","7","40.089","-76.3556","1717","08","0","0","0","0","0","0","0","0","","0","0","0","17","1","0","00","0","40 05:20.450","","00","76 21:20.210","9","0","0","0","36214","0","0","0","N","0","0","0","1","36214","0","","4","01","N","N","0","","0","0","0","0","0","","1715","0","1","0","0","0","0","1","3","0","1","N","","","","","","","","","","","","04","","","N","N"
"2343","0","0","0","0","0","0","0","0","0","7","1","","36","04","2021","2021037782","1","40.1455","-76.1889","2336","08","0","0","0","0","0","0","0","0","","0","1","0","23","2","1","00","2","40 08:43.849","1","00","76 11:19.905","4","0","0","0","36238","0","0","0","Y","0","0","0","1","36238","1","","3","09","N","N","0","","0","0","0","0","0","Y","2336","1","1","0","0","1","0","0","3","0","1","N","","","","","","","","","","","0200","07","","","N","N"
"1419","1","0","0","0","0","0","0","0","0","7","0","","36","01","2021","2021011553","1","40.0163","-76.2811","1410","08","0","0","0","0","0","0","0","0","","0","0","0","14","1","0","00","1","40 00:58.500","3","00","76 16:52.000","0","0","0","0","36240","0","0","0","N","0","0","0","1","36240","0","","2","07","N","N","0","","0","0","0","0","0","N","1400","0","1","0","0","0","0","0","1","0","1","N","","","","","","","","","","","1455","02","","","N","N"
"2025","1","0","0","0","0","0","0","0","0","1","0","","36","04","2021","2021035247","6","40.1495","-76.3067","2023","08","0","0","1","0","0","0","0","0","","0","0","0","20","6","0","00","0","40 08:58.024","","00","76 18:24.131","0","0","0","0","36409","0","0","0","N","0","0","0","3","36409","0","","1","01","N","N","1","","0","0","0","3","2","","2020","0","2","0","0","0","0","0","3","0","2","N","","","","","","","","","","","","03","","","N","N"
"1534","2","0","0","0","0","0","0","0","0","4","0","","36","04","2021","2021040397","1","40.0493","-76.3058","1527","08","0","0","0","0","0","0","0","0","","0","0","0","15","1","0","00","1","40 02:57.447","2","00","76 18:20.711","0","0","0","0","36301","0","0","0","N","0","0","0","1","36301","0","","1","01","N","N","0","","0","0","0","0","0","N","1523","0","2","0","0","0","0","0","3","0","2","N","","","","","","","","","","","1611","03","03","","N","N"
"0903","1","0","0","0","0","0","0","0","0","4","0","","36","01","2021","2021006892","5","40.0504","-76.308","0900","08","0","0","0","0","0","0","0","1","","0","0","0","08","1","0","00","0","40 03:01.497","","07","76 18:28.936","0","0","0","0","36301","0","0","0","N","0","0","0","2","36301","0","","1","01","N","N","0","","0","0","1","0","0","","0856","0","2","0","0","0","0","0","3","0","2","N","","","","","","","","","","","","03","","","N","N"
"2029","1","0","0","0","0","0","0","0","0","1","0","","36","01","2021","2021004065","3","40.0942","-76.4072","2029","08","0","0","0","0","0","0","0","0","","0","0","0","20","3","1","00","2","40 05:39.105","6","00","76 24:25.906","3","0","0","0","36214","0","0","0","N","0","0","0","1","36214","0","","2","01","N","N","0","","1","0","1","0","0","Y","2027","1","3","0","0","0","0","0","3","1","3","N","","","","","","","","","","","2124","03","03","","N","N"
"1639","1","0","0","0","0","0","0","0","0","4","0","","36","04","2021","2021037313","6","40.04","-76.285","1628","08","0","0","0","0","0","0","1","0","","0","0","0","16","1","2","00","1","40 02:23.952","4","07","76 17:05.912","3","0","0","1","36220","0","0","0","N","0","0","0","3","36101","0","","1","01","N","N","0","","2","0","0","0","0","Y","1618","2","3","0","0","0","0","1","3","0","3","N","","","","","","","","","","","1701","03","03","","N","N"
"0850","1","0","0","0","0","0","0","0","0","5","0","","36","01","2021","2021004901","3","40.0444","-76.2791","0847","08","0","0","0","0","0","0","0","0","","0","0","0","08","1","0","00","2","40 02:39.900","6","00","76 16:44.900","9","0","0","0","36220","1","0","0","N","0","0","0","2","36101","0","","6","01","N","N","0","","0","0","1","0","0","Y","0845","0","2","0","0","0","0","1","3","0","2","N","","","","","","","","","","","0945","03","03","","N","N"
"1657","1","0","0","0","0","0","0","0","0","4","0","","36","04","2021","2021038117","3","40.2835","-76.1535","1645","08","0","0","1","0","0","0","0","0","","0","0","0","16","1","0","00","0","40 17:00.648","","07","76 09:12.638","0","0","0","0","36236","0","0","0","N","0","0","0","4","36408","0","","1","01","N","N","1","","0","0","0","0","0","","1644","0","2","0","0","0","0","0","1","0","2","N","","","","","","","","","","","","03","","","Y","N"
"1949","0","0","0","0","0","0","0","0","0","8","0","","36","01","2021","2021010103","6","40.047","-76.3121","1940","08","0","0","0","0","0","0","0","0","","0","0","0","19","3","1","03","0","40 02:49.253","","00","76 18:43.447","3","0","0","0","36301","1","0","0","N","1","0","0","2","36301","0","","1","01","N","N","0","","1","0","1","3","2","","1925","1","2","0","0","0","0","1","3","0","1","N","","","","","","","","","","","","03","03","","N",""
"1934","2","0","0","0","0","0","0","0","0","1","0","","36","01","2021","2021008857","3","40.093","-76.1174","1934","08","0","0","0","0","1","0","0","0","","0","0","0","19","2","0","00","2","40 05:34.641","3","00","76 07:02.592","0","0","0","0","36209","0","0","0","N","0","0","0","3","36415","0","","1","09","N","N","0","","0","0","0","0","0","Y","1933","0","2","0","0","0","0","0","1","0","2","N","","","","","","","","","","","2015","03","03","","N","N"
"1013","1","0","0","0","0","0","0","0","0","5","0","","36","01","2021","2021008300","2","40.0491","-76.3057","1005","08","0","0","0","0","0","0","0","0","","0","0","0","10","1","0","00","1","40 02:56.897","2","00","76 18:20.651","0","0","0","0","36301","0","0","0","N","0","0","0","1","36301","0","","4","01","N","N","0","","0","0","1","0","0","N","1003","0","3","0","0","0","0","0","3","0","2","N","","","","","","","","","","","1048","03","03","","N","N"
"1556","1","0","0","0","0","0","0","0","0","1","0","","36","04","2021","2021038934","3","40.0253","-76.3329","1554","08","0","0","1","0","0","1","0","0","","0","0","0","15","1","0","00","0","40 01:31.140","","00","76 19:58.320","0","0","0","0","36220","0","0","0","N","0","0","0","5","36101","0","","1","01","N","N","1","","0","0","0","0","0","","1552","0","2","0","0","0","0","0","3","0","2","N","","","","","","","","","","","","03","03","","N","N"
"1214","1","0","0","0","0","0","0","0","0","4","0","","36","02","2021","2021017762","5","40.0924","-76.1197","1211","08","0","0","0","0","0","0","0","0","","0","0","0","12","1","0","00","0","40 05:32.527","","07","76 07:10.821","0","0","0","0","36209","0","0","0","N","0","0","0","2","36415","0","","1","09","N","N","1","","0","0","0","0","0","","1209","0","2","0","0","0","0","0","1","0","2","N","","","","","","","","","","","","04","","","N","N"
"1524","2","0","0","0","0","0","0","0","0","6","0","","36","01","2021","2021010477","1","40.139","-76.6005","1524","08","0","0","0","0","0","0","0","1","","0","0","0","15","1","0","00","1","40 08:20.417","2","00","76 36:01.836","0","0","0","0","36237","0","0","0","N","0","0","0","2","36505","0","","1","07","N","N","0","","0","0","0","0","0","N","1511","0","2","0","0","0","0","0","1","0","2","N","","","","","","","","","","","1600","10","04","","N","N"
"2148","1","0","0","0","0","0","0","0","0","7","0","","36","04","2021","2021037373","7","40.016","-76.2766","2140","08","0","0","1","0","0","0","0","0","","0","0","0","21","2","1","02","2","40 00:57.491","5","00","76 16:35.740","4","0","0","0","36240","0","0","0","N","0","0","0","2","36240","1","","5","09","N","N","0","","0","0","0","3","3","Y","2135","1","1","0","0","0","0","0","1","0","1","N","","","","","","","","","","","2245","07","","","N",""
"2130","1","0","0","0","0","0","0","0","0","7","0","","36","01","2021","2021009625","5","40.2134","-76.0599","2130","08","0","0","0","0","0","0","0","0","","0","0","0","21","2","1","00","0","40 12:36.670","","00","76 02:31.676","3","0","0","0","36202","0","0","0","N","0","0","0","1","68T06","0","","3","01","N","N","0","","1","0","0","0","0","","2125","1","1","0","0","0","0","0","1","0","1","N","","","","","","","","","","","","03","","","N","N"
"1554","2","0","0","0","0","0","0","0","0","1","0","","36","01","2021","2021014889","4","40.0385","-76.4252","1551","08","0","0","0","0","0","1","2","0","","0","0","0","15","1","2","00","2","40 02:18.664","3","00","76 25:30.597","4","0","0","0","36414","0","0","0","N","0","0","0","5","36239","2","","1","01","N","N","0","","0","0","1","0","0","N","1551","2","3","0","0","0","0","0","3","0","3","N","","","","","","","","","","","1629","03","03","","N","N"
"0811","1","0","0","0","0","0","0","0","0","7","0","","36","01","2021","2021000512","1","40.016","-76.2766","0803","08","0","0","0","0","0","0","0","0","","0","0","0","08","1","0","03","2","40 00:57.491","1","00","76 16:35.740","0","0","0","0","36240","0","0","0","N","0","0","0","2","36240","0","","4","02","N","N","0","","0","0","0","0","0","N","0800","0","1","0","0","0","0","0","1","0","1","N","","","","","","","","","","","0850","06","07","","N",""
"1005","1","0","0","0","0","0","0","0","0","4","0","","36","04","2021","2021039185","6","40.1605","-76.2243","0954","08","0","0","0","1","0","1","0","0","","0","0","0","09","1","0","02","0","40 09:37.659","","00","76 13:27.482","0","0","0","0","36218","0","0","0","N","0","0","0","2","36408","0","","1","01","N","N","0","","0","0","1","0","0","","0951","0","2","0","0","0","0","0","1","0","2","N","","","","","","","","","","","","03","","","N","N"
"1118","1","0","0","0","0","0","0","0","0","4","0","","36","01","2021","2021011333","1","40.0789","-76.295","1118","08","0","0","0","0","0","0","2","0","","0","0","0","11","1","0","02","0","40 04:44.082","","00","76 17:42.052","0","0","0","0","36101","0","0","0","N","0","0","0","2","36101","0","","1","09","N","N","0","","0","0","1","3","2","","1110","0","2","0","0","0","0","0","3","0","2","N","","","","","","","","","","","","10","","","N",""
"2012","3","0","0","0","0","0","0","0","0","1","0","","36","01","2021","2021008277","2","40.0357","-76.3142","2007","08","0","0","0","0","0","0","0","0","","0","0","0","20","3","0","00","2","40 02:08.665","4","00","76 18:51.180","0","0","0","0","36301","0","0","0","N","0","0","0","4","36301","0","","1","01","N","N","0","","0","0","0","0","0","Y","2006","0","3","0","0","0","0","0","3","0","3","N","","","","","","","","","","","2111","03","03","","N","N"
"1231","2","0","0","0","0","0","0","0","0","1","0","","36","04","2021","2021034327","4","40.0948","-76.3047","1216","08","0","0","0","0","1","0","0","0","","0","0","0","12","1","0","00","0","40 05:41.106","","00","76 18:17.030","0","0","0","0","36101","0","0","0","N","0","0","0","2","36101","0","","1","01","N","N","0","","0","0","0","0","0","","1214","0","2","0","0","0","0","0","3","0","2","N","","","","","","","","","","","","03","03","","N","N"
"0720","1","0","0","0","0","0","0","0","0","6","0","","36","01","2021","2021002768","1","40.1341","-76.327","0706","08","0","0","0","0","0","0","0","0","","0","0","0","07","2","0","00","0","40 08:02.653","","00","76 19:37.242","0","0","0","0","36235","0","0","0","N","0","0","0","2","36506","0","","1","02","N","N","0","","0","0","1","0","0","","0706","0","2","0","0","0","0","0","1","0","2","N","","","","","","","","","","","","06","","","N","N"
"1543","0","0","0","0","0","0","0","0","0","7","0","","36","01","2021","2021010266","1","40.1502","-76.3069","1543","08","0","0","0","0","0","0","0","0","","0","0","0","15","1","0","01","0","40 09:00.621","","00","76 18:24.730","0","0","0","0","36409","0","0","0","N","0","0","0","2","36409","0","","4","07","N","N","0","","0","0","1","3","2","","1543","0","1","0","0","0","0","0","3","0","1","N","","","","","","","","","","","","10","","","N",""
"2012","1","0","0","0","0","0","0","0","0","4","0","","36","01","2021","2021013924","5","39.7402","-76.1465","1945","08","0","0","0","0","0","1","0","0","","0","0","0","19","2","0","00","0","39 44:24.710","","07","76 08:47.474","0","0","0","0","36219","0","0","0","N","0","0","0","2","68J01","0","","1","01","N","N","0","","0","0","0","0","0","","1935","0","2","0","0","0","0","0","1","0","2","N","","","","","","","","","","","","03","","","N","N"
"1751","1","0","0","0","0","0","0","0","0","7","0","","36","01","2021","2021016075","1","40.1515","-76.5662","1746","08","0","0","0","0","0","0","0","0","","0","0","0","17","2","0","00","0","40 09:05.328","","00","76 33:58.312","0","0","0","0","36225","0","0","0","N","0","0","0","1","36505","0","","3","07","N","N","0","","0","0","0","0","0","","1744","0","1","0","0","0","0","0","2","0","1","N","","","","","","","","","","","","10","","","N","N"
"1134","1","0","0","0","0","0","0","0","0","5","0","","36","05","2021","2021041600","6","40.032","-76.3246","1124","08","0","0","0","0","0","0","0","0","","0","1","0","11","1","0","00","2","40 01:55.250","2","00","76 19:28.540","0","0","0","0","36220","0","0","0","N","0","0","0","1","36101","0","","6","01","N","N","0","","0","0","1","0","0","Y","1124","0","3","0","0","0","0","0","3","0","3","N","","","","","","","","","","","1210","04","03","","N","N"
"0522","1","0","0","0","0","0","0","0","0","7","0","","36","04","2021","2021034270","2","39.8973","-76.2406","0509","08","0","0","1","0","0","0","0","0","","0","0","0","05","2","0","00","0","39 53:50.448","","00","76 14:26.216","0","0","0","0","36229","0","0","0","Y","0","0","0","1","68J01","0","","5","09","N","N","0","","0","0","0","0","0","","0502","0","1","0","0","0","0","0","1","0","1","N","","","","","","","","","","","","03","","","N","N"
"1455","0","0","0","0","0","0","1","0","0","4","1","","36","04","2021","2021034165","3","40.105","-76.3083","1451","08","0","0","0","0","0","1","0","0","","0","0","0","14","1","1","01","1","40 06:17.996","4","00","76 18:29.836","3","0","0","0","36101","0","0","0","N","0","0","0","27","36101","0","","1","01","Y","N","0","","1","0","1","3","3","N","1449","1","3","0","0","0","0","0","3","1","3","N","","","","","","","","","","","1527","03","","","N",""
"1343","2","0","0","0","0","0","0","0","0","4","0","","36","01","2021","2021005510","7","40.016","-76.3061","1339","08","0","1","1","0","0","0","0","0","","0","0","0","13","1","3","02","1","40 00:57.640","6","00","76 18:21.983","3","0","0","0","36220","0","0","0","N","0","0","0","4","36101","0","","1","01","N","N","0","","3","0","0","3","3","Y","1303","3","2","0","0","0","0","0","3","0","2","N","","","","","","","","","","","1425","03","03","","N",""
"1948","1","0","0","0","0","0","0","0","0","7","0","","36","04","2021","2021036279","1","40.1036","-76.2547","1944","08","0","0","0","0","0","1","0","0","","0","0","0","19","4","1","00","1","40 06:12.876","1","00","76 15:16.819","3","0","0","0","36101","0","0","0","N","0","0","0","1","36101","0","","5","01","N","N","0","","1","0","0","0","0","N","1943","1","1","0","0","1","0","0","3","0","1","N","","","","","","","","","","","2050","04","","","N","N"
"2133","0","0","0","0","0","0","0","0","0","4","0","","36","01","2021","2021005286","6","40.047","-76.3926","2124","08","0","0","0","0","0","0","0","0","","0","0","0","21","3","0","02","1","40 02:49.052","1","00","76 23:33.291","0","0","0","0","36214","0","0","0","N","0","0","0","2","36214","0","","1","09","N","N","0","","0","0","2","3","3","N","2121","0","2","0","0","0","0","0","3","0","2","N","","","","","","","","","","","2205","07","","","N",""
"1937","1","0","0","0","0","0","0","0","0","4","0","","36","01","2021","2021004590","4","40.1053","-76.431","1932","08","0","0","0","0","0","0","0","0","","0","0","0","19","3","5","02","2","40 06:19.042","1","02","76 25:51.072","3","0","0","0","36214","0","0","0","N","0","0","0","5","36214","4","","1","01","N","N","0","","1","0","1","3","3","Y","1930","5","2","0","0","0","0","0","3","0","2","N","","","","","","","","","","","2029","03","","","N",""
"0907","1","0","0","0","0","0","0","0","0","4","0","","36","01","2021","2021009836","6","40.0578","-76.3059","0904","08","0","0","0","0","0","1","0","0","","0","0","0","09","1","0","00","1","40 03:28.199","2","07","76 18:21.232","0","0","0","0","36101","0","0","0","N","0","0","0","2","36101","0","","1","01","N","N","0","","0","0","1","0","0","N","0900","0","2","0","0","0","0","0","3","0","2","N","","","","","","","","","","","0945","03","","","N","N"
"0115","2","0","0","0","0","0","0","0","0","1","0","","36","01","2021","2021005659","6","40.0331","-76.4971","0111","08","0","0","0","0","1","0","0","0","","0","0","0","01","3","0","02","1","40 01:59.050","4","00","76 29:49.429","0","0","0","0","36404","0","0","0","N","0","0","0","1","36404","0","","1","01","N","N","0","","0","0","0","0","0","Y","0109","0","2","0","0","0","0","0","3","0","2","N","","","","","","","","","","","0154","03","","","N",""
"1424","1","0","0","0","0","0","0","0","0","4","0","","36","04","2021","2021037982","7","40.0778","-76.4211","1417","08","0","1","0","0","0","0","1","0","","0","0","0","14","1","1","01","2","40 04:40.238","7","00","76 25:15.952","3","0","0","0","36239","0","0","0","N","0","0","0","3","36239","0","","1","01","N","N","0","","1","0","1","3","3","Y","1405","1","2","0","0","0","0","0","3","0","2","N","","","","","","","","","","","1508","03","","","N",""
"0801","0","0","0","0","0","0","0","0","0","1","1","","36","04","2021","2021038781","4","40.1093","-76.2501","0800","08","0","0","0","0","0","0","0","0","","0","1","0","07","1","2","01","1","40 06:33.403","1","00","76 15:00.444","3","0","0","0","36101","0","0","0","N","0","0","0","3","36101","0","","1","01","N","N","0","","1","0","2","3","3","N","0758","2","3","0","0","0","1","0","3","0","3","N","","","","","","","","","","","0829","04","04","","N",""
"1943","1","0","0","0","0","0","0","0","0","7","0","","36","04","2021","2021038069","2","40.0174","-76.3018","1937","08","0","0","0","0","0","0","0","0","","0","0","0","19","1","1","00","2","40 01:02.618","5","00","76 18:06.545","8","0","0","0","36240","0","0","0","N","0","0","0","1","36240","0","","5","01","N","N","0","","0","0","0","0","0","Y","1928","1","1","0","0","0","1","0","1","0","1","N","","","","","","","","","","","2059","03","03","","Y","N"
"2054","1","0","0","0","0","0","0","0","0","5","0","","36","01","2021","2021006218","5","40.0061","-76.3228","2045","08","0","0","1","0","0","0","0","0","","0","0","0","20","2","0","00","0","40 00:21.800","","00","76 19:22.200","0","0","0","0","36220","0","0","0","N","0","0","0","1","36101","0","","6","01","N","N","0","","0","0","2","0","0","","2041","0","3","0","0","0","0","0","3","0","3","N","","","","","","","","","","","","03","03","","N","N"
"0000","0","0","0","0","0","0","0","0","0","8","0","","36","04","2021","2021036796","3","40.0198","-76.1795","0000","08","0","0","0","0","0","0","0","0","","0","0","0","20","2","1","00","0","40 01:11.386","","00","76 10:46.124","2","0","0","0","36215","1","0","1","N","1","0","1","1","36215","0","","2","01","N","N","0","","0","1","0","0","0","","2050","1","2","0","0","0","0","0","1","0","1","N","","","","","","","","","","","","03","","","N","N"
"1742","2","0","0","0","0","0","0","0","0","1","0","","36","04","2021","2021031735","6","40.0398","-76.3209","1720","08","0","0","0","0","0","0","0","0","","0","0","0","17","1","1","00","0","40 02:23.188","","00","76 19:15.382","4","0","0","0","36301","0","0","0","N","0","0","0","3","36301","1","","1","01","N","N","0","","0","0","0","3","2","","1714","1","2","0","0","0","0","1","3","0","2","N","","","","","","","","","","","","03","03","","N","N"
"1235","1","0","0","0","0","0","0","0","0","4","0","","36","01","2021","2021011334","1","40.1136","-76.2496","1224","08","0","0","1","0","0","0","0","0","","0","0","0","12","1","0","02","0","40 06:48.809","","00","76 14:58.642","0","0","0","0","36101","0","0","0","N","0","0","0","2","36101","0","","1","09","N","N","0","","0","0","1","3","3","","1220","0","2","0","0","0","0","0","3","0","2","N","","","","","","","","","","","","10","","","N",""
"0859","1","0","0","0","0","0","0","0","0","4","0","","36","01","2021","2021004906","2","40.1654","-76.6079","0856","08","0","0","0","0","0","0","0","1","","0","0","0","08","1","0","01","1","40 09:55.420","2","07","76 36:28.352","0","0","0","0","36225","0","0","0","N","0","0","0","2","36505","0","","1","01","N","N","0","","0","0","1","3","2","N","0851","0","2","0","0","0","0","0","2","0","2","N","","","","","","","","","","","0930","04","","","N",""
"0808","1","0","0","0","0","0","0","0","0","7","0","","36","01","2021","2021001303","1","40.2609","-76.0983","0756","08","0","0","0","0","0","0","0","0","","0","0","0","07","1","0","00","1","40 15:39.359","6","00","76 05:53.921","0","0","0","0","36210","0","0","0","N","0","0","0","2","36210","0","","4","02","N","N","0","","0","0","0","0","0","N","0756","0","1","0","0","0","0","0","1","0","1","N","","","","","","","","","","","0845","06","10","","N","N"
"1744","0","0","0","0","0","0","0","0","0","0","1","","36","04","2021","2021041211","2","39.794","-76.2556","1723","08","0","0","0","0","0","0","0","0","","0","1","0","17","1","0","00","0","39 47:38.570","","00","76 15:20.170","0","0","0","0","36208","0","0","0","N","0","0","0","1","68J01","0","","1","01","N","N","0","","0","0","0","0","0","","1707","0","1","0","0","1","0","0","1","0","1","N","","","","","","","","","","","","03","","","N","N"
"0535","0","0","0","0","0","0","0","0","0","7","0","","36","01","2021","2021007804","3","40.1315","-76.194","0532","08","0","0","0","0","0","0","0","0","","0","0","0","05","2","0","00","0","40 07:53.520","","00","76 11:38.297","0","0","0","0","36238","0","0","0","N","0","0","0","1","36238","0","","5","01","N","N","0","","0","0","1","0","0","","0531","0","1","0","0","0","0","0","3","0","1","N","","","","","","","","","","","","03","03","","N","N"
"0751","0","0","0","0","0","0","0","0","0","4","0","","36","03","2021","2021028064","6","40.0815","-76.2364","0750","08","0","0","0","0","0","0","0","0","","0","0","0","07","1","0","00","0","40 04:53.429","","07","76 14:11.122","0","0","0","0","36234","0","0","0","N","0","0","0","2","36215","0","","1","01","N","N","1","","0","0","1","0","0","","0740","0","2","0","0","0","0","0","1","0","2","N","","","","","","","","","","","","03","03","","N","N"
"1850","0","0","0","0","0","0","0","0","0","0","0","","36","01","2021","2021005368","5","39.8296","-76.21","1823","08","0","0","0","0","0","1","0","0","","0","0","0","17","6","0","00","1","39 49:46.515","1","00","76 12:36.073","0","0","0","0","36212","0","0","0","N","0","0","0","1","68J01","0","","1","01","N","N","1","","0","0","0","0","0","N","1716","0","1","0","0","0","0","0","1","0","1","N","","","","","","","","","","","1716","03","03","","N","N"
"1124","1","0","0","0","0","0","0","0","0","7","0","","36","01","2021","2021010936","1","40.0319","-76.471","1116","08","0","0","0","1","0","0","0","0","","0","0","0","11","1","0","02","9","40 01:54.857","","00","76 28:15.714","0","0","0","0","36239","0","0","0","N","0","0","0","1","36239","0","","4","07","N","N","0","","0","0","0","0","0","","1105","0","1","0","0","0","0","0","3","0","1","N","","","","","","","","","","","","10","10","","N",""
"0935","0","0","0","0","0","0","0","0","0","4","1","","36","04","2021","2021039517","6","40.0272","-75.9541","0930","08","0","0","0","0","0","1","0","0","","0","1","0","09","1","1","01","2","40 01:38.006","7","00","75 57:14.828","3","0","0","0","36232","0","0","0","N","0","0","0","2","68J01","0","","1","01","N","N","0","","1","0","1","3","3","Y","0924","1","2","0","0","0","0","0","1","0","2","N","","","","","","","","","","","1041","04","","","N","N"
"1322","0","0","0","0","0","0","0","0","0","7","0","","36","04","2021","2021039505","4","39.945","-75.992","1259","08","0","1","0","0","0","0","0","0","","0","0","0","12","1","1","00","1","39 56:41.998","1","00","75 59:31.086","3","0","0","0","36231","0","0","0","N","0","0","0","1","68J01","0","","4","01","N","N","0","","1","0","1","0","0","N","1256","1","1","0","0","0","0","0","1","0","1","N","","","","","","","","","","","1340","03","03","","N","N"
"1253","0","0","0","0","0","0","0","0","0","4","0","","36","04","2021","2021036484","3","40.2164","-76.4328","1246","08","0","0","0","0","0","1","1","0","","0","0","0","12","1","1","02","2","40 12:59.206","7","00","76 25:58.223","4","0","0","0","36230","0","0","0","N","0","0","0","3","36410","1","","1","01","N","N","0","","0","0","2","3","3","N","1245","1","2","0","0","0","0","0","1","0","2","N","","","","","","","","","","","0135","03","03","","N",""
"2005","2","0","0","0","0","0","0","0","0","6","0","","36","04","2021","2021036586","3","40.0342","-76.316","2004","08","0","0","0","0","0","0","0","0","","0","0","0","19","1","0","00","2","40 02:03.102","6","00","76 18:57.474","0","0","0","0","36301","0","0","0","N","0","0","0","2","36301","0","","1","01","N","N","1","","0","0","0","0","0","Y","1959","0","3","0","0","0","0","0","3","0","3","N","","","","","","","","","","","2032","03","03","","Y","N"
"0649","1","0","0","0","0","0","0","0","0","1","0","","36","04","2021","2021036798","2","40.0801","-76.2494","0644","08","0","0","0","0","0","1","0","0","","0","0","0","06","1","0","02","1","40 04:48.439","3","00","76 14:57.661","0","0","0","0","36215","0","0","0","N","0","0","0","2","36215","0","","1","01","N","N","0","","0","0","1","0","0","N","0642","0","2","0","0","0","0","0","1","0","2","N","","","","","","","","","","","0721","04","","","N",""