"ARRIVAL_TM","AUTOMOBILE_COUNT","BELTED_DEATH_COUNT","BELTED_SUSP_SERIOUS_INJ_COUNT","BICYCLE_COUNT","BICYCLE_DEATH_COUNT","BICYCLE_SUSP_SERIOUS_INJ_COUNT","BUS_COUNT","CHLDPAS_DEATH_COUNT","CHLDPAS_SUSP_SERIOUS_INJ_COUNT","COLLISION_TYPE","COMM_VEH_COUNT","CONS_ZONE_SPD_LIM","COUNTY","CRASH_MONTH","CRASH_YEAR","CRN","DAY_OF_WEEK","DEC_LAT","DEC_LONG","DISPATCH_TM","DISTRICT","DRIVER_COUNT_16YR","DRIVER_COUNT_17YR","DRIVER_COUNT_18YR","DRIVER_COUNT_19YR","DRIVER_COUNT_20YR","DRIVER_COUNT_50_64YR","DRIVER_COUNT_65_74YR","DRIVER_COUNT_75PLUS","EST_HRS_CLOSED","FATAL_COUNT","HEAVY_TRUCK_COUNT","HORSE_BUGGY_COUNT","HOUR_OF_DAY","ILLUMINATION","INJURY_COUNT","INTERSECT_TYPE","LANE_CLOSED","LATITUDE","LN_CLOSE_DIR","LOCATION_TYPE","LONGITUDE","MAX_SEVERITY_LEVEL","MCYCLE_DEATH_COUNT","MCYCLE_SUSP_SERIOUS_INJ_COUNT","MOTORCYCLE_COUNT","MUNICIPALITY","NONMOTR_COUNT","NONMOTR_DEATH_COUNT","NONMOTR_SUSP_SERIOUS_INJ_COUNT","NTFY_HIWY_MAINT","PED_COUNT","PED_DEATH_COUNT","PED_SUSP_SERIOUS_INJ_COUNT","PERSON_COUNT","POLICE_AGCY","POSSIBLE_INJ_COUNT","RDWY_SURF_TYPE_CD","RELATION_TO_ROAD","ROAD_CONDITION","SCH_BUS_IND","SCH_ZONE_IND","SMALL_TRUCK_COUNT","SPEC_JURIS_CD","SUSP_MINOR_INJ_COUNT","SUSP_SERIOUS_INJ_COUNT","SUV_COUNT","TCD_FUNC_CD","TCD_TYPE","TFC_DETOUR_IND","TIME_OF_DAY","TOT_INJ_COUNT","TOTAL_UNITS","UNB_DEATH_COUNT","UNB_SUSP_SERIOUS_INJ_COUNT","UNBELTED_OCC_COUNT","UNK_INJ_DEG_COUNT","UNK_INJ_PER_COUNT","URBAN_RURAL","VAN_COUNT","VEHICLE_COUNT","WORK_ZONE_IND","WORK_ZONE_LOC","WORK_ZONE_TYPE","WORKERS_PRES","WZ_CLOSE_DETOUR","WZ_FLAGGER","WZ_LAW_OFFCR_IND","WZ_LN_CLOSURE","WZ_MOVING","WZ_OTHER","WZ_SHLDER_MDN","ROADWAY_CLEARED","WEATHER1","WEATHER2","WZ_WORKERS_INJ_KILLED","SECONDARY_CRASH","INTERSECTION_RELATED"
"1810","3","0","0","0","0","0","0","0","0","4","0","","36","03","2021","2021028058","1","40.0544","-76.2861","1806","08","0","0","0","0","0","0","0","0","","0","0","0","18","1","0","00","0","40 03:15.861","","07","76 17:09.789","0","0","0","0","36101","0","0","0","N","0","0","0","4","36101","0","","1","01","N","N","0","","0","0","0","0","0","","1804","0","3","0","0","0","0","0","3","0","3","N","","","","","","","","","","","","03","03","","N","N"
"0737","0","0","0","0","0","0","0","0","0","7","0","","36","04","2021","2021038401","4","40.0621","-76.3964","0729","08","0","0","0","0","0","0","0","0","","0","0","0","07","1","0","00","0","40 03:43.580","","00","76 23:47.210","0","0","0","0","36214","0","0","0","N","0","0","0","1","36214","0","","5","01","N","N","0","","0","0","1","0","0","","0726","0","1","0","0","0","0","0","3","0","1","N","","","","","","","","","","","","03","03","","N","N"
"1553","0","0","0","0","0","0","0","0","0","7","0","","36","01","2021","2021008725","7","40.0302","-76.293","1551","08","0","0","0","0","0","0","0","0","","0","0","0","15","1","1","01","2","40 01:48.723","6","00","76 17:34.850","3","0","0","0","36301","0","0","0","Y","0","0","0","2","36301","0","","4","01","N","N","1","","1","0","1","3","3","Y","1547","1","2","0","0","0","0","0","3","0","2","N","","","","","","","","","","","0200","03","","","Y",""
"1101","1","0","0","0","0","0","0","0","0","4","0","","36","01","2021","2021007821","7","40.0685","-76.3074","1101","08","0","0","0","0","0","0","0","0","","0","0","0","10","1","0","01","1","40 04:06.605","2","00","76 18:27.559","9","0","0","0","36101","0","0","0","N","0","0","0","4","36101","0","","1","01","N","N","0","","0","0","0","0","0","N","1058","0","2","0","0","0","0","1","3","0","2","N","","","","","","","","","","","1145","03","03","","N","N"
"1607","2","0","0","0","0","0","0","0","0","2","0","","36","01","2021","2021008856","3","40.0591","-76.4629","1601","08","0","0","0","1","0","1","0","0","","0","0","0","15","1","1","03","2","40 03:32.814","7","00","76 27:46.398","3","0","0","0","36239","0","0","0","N","0","0","0","2","36239","0","","1","09","N","N","0","","1","0","0","0","0","Y","1557","1","2","0","0","1","0","0","3","0","2","N","","","","","","","","","","","1637","07","06","","N",""
"0452","1","0","0","0","0","0","0","0","0","7","0","","36","04","2021","2021034453","7","39.9772","-76.4412","0446","08","0","0","0","0","0","0","0","0","","0","0","0","04","2","1","00","2","39 58:37.960","6","00","76 26:28.470","3","0","0","0","36223","0","0","0","N","0","0","0","1","36223","0","","5","09","N","N","0","","1","0","0","0","0","Y","0444","1","1","0","0","0","0","0","1","0","1","N","","","","","","","","","","","0550","07","","","N","N"
"1755","1","0","0","0","0","0","0","0","0","4","0","","36","03","2021","2021024045","5","40.0497","-76.2991","1748","08","0","0","1","0","0","1","0","0","","0","0","0","17","3","2","01","1","40 02:59.085","1","00","76 17:56.659","3","0","0","0","36301","0","0","0","N","0","0","0","2","36301","0","","1","01","N","N","0","","2","0","1","0","0","Y","1748","2","2","0","0","0","0","0","3","0","2","N","","","","","","","","","","","1645","03","","","N",""
"0400","1","0","0","0","0","0","0","0","0","98","0","","36","04","2021","2021035066","1","40.0642","-76.3383","0355","08","0","0","0","0","0","0","0","0","","0","0","0","03","3","1","07","1","40 03:56.211","1","02","76 20:06.230","3","0","0","0","36301","0","0","0","Y","0","0","0","2","36301","0","","1","01","N","N","0","","1","0","0","0","0","Y","0344","1","1","0","0","0","0","0","3","0","1","N","","","","","","","","","","","0529","03","03","","N","N"
"1120","0","0","0","0","0","0","0","0","0","0","0","","36","01","2021","2021016060","1","40.1217","-76.4632","1106","08","0","0","0","1","0","0","0","0","","0","0","0","11","1","1","00","1","40 07:18.123","4","00","76 27:47.592","4","0","0","0","36230","0","0","0","N","0","0","0","1","36410","1","","3","07","N","N","1","","0","0","0","0","0","N","1100","1","1","0","0","0","0","0","1","0","1","N","","","","","","","","","","","1153","10","","","N","N"
"2116","0","0","0","0","0","0","0","0","0","4","0","","36","01","2021","2021006841","2","40.1034","-76.435","2107","08","0","0","0","0","0","0","0","1","","0","0","0","21","2","0","02","2","40 06:12.325","7","00","76 26:05.839","0","0","0","0","36239","0","0","0","N","0","0","0","4","36239","0","","1","01","N","N","0","","0","0","2","3","3","Y","2102","0","2","0","0","0","0","0","3","0","2","N","","","","","","","","","","","2159","03","","","N",""
"0842","0","0","0","0","0","0","0","0","0","7","0","","36","04","2021","2021036166","2","39.8354","-76.0209","0815","08","0","0","0","0","0","0","0","0","","0","0","0","08","1","0","00","0","39 50:07.423","","00","76 01:15.221","0","0","0","0","36205","0","0","0","N","0","0","0","1","68J01","0","","4","01","N","N","0","","0","0","0","0","0","","0813","0","1","0","0","1","0","0","1","1","1","N","","","","","","","","","","","","04","","","N","N"
"2217","0","0","0","0","0","0","0","0","0","98","0","","36","05","2021","2021040721","1","39.9605","-76.4165","2154","08","0","0","0","0","0","0","0","0","","0","0","0","21","2","0","00","0","39 57:37.830","","00","76 24:59.370","0","0","0","0","36223","0","0","0","N","0","0","0","1","36223","0","","1","01","N","N","0","","0","0","1","0","0","","2154","0","1","0","0","0","0","0","1","0","1","N","","","","","","","","","","","","04","","","N","N"
"0714","2","0","0","0","0","0","0","0","0","1","0","","36","01","2021","2021006644","5","40.0176","-76.1681","0705","08","0","0","1","0","0","0","0","0","","0","0","0","07","1","0","00","1","40 01:03.207","3","00","76 10:04.888","0","0","0","0","36215","0","0","0","N","0","0","0","3","36215","0","","1","01","N","N","0","","0","0","0","0","0","N","0702","0","3","0","0","0","0","0","1","1","3","N","","","","","","","","","","","0820","03","","","N","Y"
"1623","2","0","0","0","0","0","0","0","0","4","0","","36","01","2021","2021006922","1","40.0491","-76.3047","1618","08","0","0","0","0","0","0","0","0","","0","0","0","16","1","0","01","1","40 02:56.896","3","00","76 18:16.995","0","0","0","0","36301","0","0","0","N","0","0","0","3","36301","0","","1","01","N","N","0","","0","0","0","3","3","Y","1616","0","2","0","0","0","0","0","3","0","2","N","","","","","","","","","","","1725","03","03","","N",""
"2149","2","0","0","0","0","0","0","0","0","2","0","","36","03","2021","2021021689","5","40.047","-76.3121","2149","08","0","0","0","0","0","0","0","0","","0","0","0","21","3","1","02","1","40 02:49.345","1","00","76 18:43.630","8","0","0","0","36301","0","0","0","N","0","0","0","1","36301","0","","1","01","N","N","0","","0","0","0","0","0","N","2149","1","2","0","0","0","1","0","3","0","2","N","","","","","","","","","","","2240","03","03","","N","N"
"0006","1","0","0","0","0","0","0","0","0","7","0","","36","01","2021","2021011395","7","39.8586","-76.2019","2352","08","0","0","0","0","0","0","0","0","","0","0","0","23","2","0","00","1","39 51:30.816","3","03","76 12:07.009","0","0","0","0","36212","0","0","0","Y","0","0","0","1","68J01","0","","2","01","N","N","0","","0","0","0","0","0","N","2343","0","1","0","0","0","0","0","1","0","1","N","","","","","","","","","","","0039","03","","","N","N"
"1649","1","0","0","0","0","0","0","0","0","98","0","","36","05","2021","2021040498","7","40.2339","-76.3171","1629","08","0","0","0","0","0","0","0","0","","0","0","0","16","1","0","00","0","40 14:02.550","","00","76 18:59.250","0","0","0","0","36217","0","0","0","N","0","0","0","2","68T06","0","","1","01","N","N","0","","0","0","0","0","0","","1629","0","1","0","0","0","0","0","1","0","1","N","","","","","","","","","","","","03","","","N","N"
"1001","1","0","0","0","0","0","0","0","0","4","0","","36","03","2021","2021028825","2","39.9902","-76.2465","0954","08","0","0","0","0","1","0","0","1","","0","0","0","09","1","1","00","2","39 59:24.887","6","07","76 14:47.304","3","0","0","0","36240","0","0","0","N","0","0","0","2","36240","0","","1","01","N","N","0","","1","0","1","0","0","Y","0950","1","2","0","0","0","0","0","1","0","2","N","","","","","","","","","","","1053","03","03","","N","N"
"1851","1","0","0","0","0","0","0","0","0","4","0","","36","05","2021","2021041472","2","40.0591","-76.463","1844","08","0","1","0","0","0","0","0","0","","0","0","0","18","1","0","00","2","40 03:32.647","5","00","76 27:46.770","0","0","0","0","36239","0","0","0","N","0","0","0","3","36239","0","","1","09","N","N","0","","0","0","1","0","0","Y","1842","0","2","0","0","0","0","0","3","0","2","N","","","","","","","","","","","1939","07","","","N","N"
"2002","0","0","0","0","0","0","0","0","0","7","0","","36","02","2021","2021032705","4","39.8846","-76.3365","1935","08","0","0","0","0","0","1","0","0","","0","0","0","19","2","0","03","1","39 53:04.456","6","00","76 20:11.435","0","0","0","0","36224","0","0","0","N","0","0","0","1","68J01","0","","4","01","N","N","0","","0","0","1","0","0","Y","1932","0","1","0","0","0","0","0","1","0","1","N","","","","","","","","","","","2115","99","","","N",""
"1330","0","0","0","0","0","0","0","0","0","7","0","","36","01","2021","2021009363","5","40.0384","-76.3513","1328","08","0","0","0","0","0","0","0","0","","0","0","0","13","1","2","00","0","40 02:18.400","","03","76 21:04.800","3","0","0","0","36214","0","0","0","N","0","0","0","2","36214","0","","4","01","N","N","0","","2","0","1","0","0","","1327","2","1","0","0","0","0","0","3","0","1","N","","","","","","","","","","","","03","03","","N","N"
"2301","1","0","0","0","0","0","0","0","0","4","0","","36","01","2021","2021010263","7","40.0881","-76.3552","2301","08","0","0","0","0","0","0","0","0","","0","0","0","22","2","0","02","0","40 05:17.235","","07","76 21:18.651","0","0","0","0","36214","0","0","0","N","0","0","0","4","36214","0","","1","01","N","N","0","","0","0","1","3","3","","2256","0","2","0","0","0","0","0","3","0","2","N","","","","","","","","","","","","03","","","N",""
"1326","1","0","0","0","0","0","0","0","0","4","0","","36","05","2021","2021041750","6","40.079","-76.35","1320","08","0","1","0","0","0","0","0","0","","0","0","0","13","1","1","00","1","40 04:44.433","4","00","76 21:00.082","3","0","0","0","36101","0","0","0","N","0","0","0","2","36101","0","","1","01","N","N","0","","1","0","1","0","0","N","1318","1","2","0","0","0","0","0","3","0","2","N","","","","","","","","","","","1400","04","04","","N","N"
"2325","1","0","0","0","0","0","0","0","0","7","0","","36","01","2021","2021004591","3","40.1133","-76.4463","2310","08","0","0","0","0","0","1","0","0","","0","0","0","23","2","0","00","0","40 06:47.716","","00","76 26:46.728","0","0","0","0","36230","0","0","0","N","0","0","0","2","36410","0","","1","01","N","N","1","","0","0","0","0","0","","2308","0","2","0","0","0","0","0","1","0","2","N","","","","","","","","","","","","03","03","","N","N"
"1134","3","0","0","0","0","0","0","0","0","4","0","","36","01","2021","2021009734","3","40.0315","-76.3227","1131","08","0","0","0","1","0","1","0","0","","0","0","0","11","1","0","01","0","40 01:53.220","","00","76 19:21.835","0","0","0","0","36301","1","0","0","N","0","0","0","3","36301","0","","1","01","N","N","0","","0","0","1","3","3","","1130","0","4","0","0","0","0","0","3","0","4","N","","","","","","","","","","","","04","","","Y",""
"2345","1","0","0","0","0","0","0","0","0","1","0","","36","01","2021","2021003515","6","40.0388","-76.3311","2334","08","0","0","0","0","0","0","0","0","","0","0","0","23","3","0","00","2","40 02:19.607","3","00","76 19:51.880","0","0","0","0","36220","0","0","0","N","0","0","0","3","36101","0","","1","01","N","N","0","","0","0","1","0","0","N","2331","0","2","0","0","0","0","0","3","0","2","N","","","","","","","","","","","0100","03","","","N","Y"
"0905","0","0","0","0","0","0","0","0","0","1","1","","36","04","2021","2021034020","5","40.0201","-76.1806","0855","08","0","0","0","0","0","0","0","0","","0","1","0","08","1","0","00","1","40 01:12.192","3","00","76 10:50.213","0","0","0","0","36215","0","0","0","N","0","0","0","5","36215","0","","1","01","N","N","0","","0","0","1","0","0","N","0851","0","2","0","0","0","0","0","1","0","2","N","","","","","","","","","","","0952","03","03","","N","N"
"1057","1","0","0","0","0","0","0","0","0","4","0","","36","01","2021","2021006649","3","40.0384","-76.3013","1055","08","0","0","0","0","0","1","0","0","","0","0","0","10","1","1","01","1","40 02:18.358","3","00","76 18:04.767","8","0","0","0","36301","0","0","0","N","0","0","0","2","36301","0","","1","01","N","N","1","","0","0","0","3","2","N","1055","1","2","0","0","0","1","0","3","0","2","N","","","","","","","","","","","1130","03","","","N",""
"1234","1","0","0","0","0","0","0","0","0","6","0","","36","01","2021","2021001323","7","40.2129","-76.2377","1224","08","0","0","0","0","0","1","0","0","","0","0","0","12","1","1","00","2","40 12:46.513","6","00","76 14:15.758","4","0","0","0","36204","0","0","0","N","0","0","0","2","36506","1","","1","01","N","N","1","","0","0","0","0","0","Y","1224","1","2","0","0","0","0","0","1","0","2","N","","","","","","","","","","","0100","03","03","","N","N"
"1625","1","0","0","0","0","0","0","0","0","2","0","","36","04","2021","2021034825","5","40.1312","-76.5638","1619","08","0","0","0","0","0","0","1","0","","0","0","0","16","1","1","01","1","40 07:52.429","7","00","76 33:49.559","3","0","0","0","36225","0","0","0","N","0","0","0","3","36505","0","","1","01","N","N","0","","1","0","1","3","2","Y","1619","1","2","0","0","0","0","0","2","0","2","N","","","","","","","","","","","1656","03","03","","N",""
"1035","1","0","0","0","0","0","0","0","0","1","0","","36","01","2021","2021007504","4","40.0605","-76.3356","1030","08","0","0","0","0","0","0","1","1","","0","0","0","10","1","1","00","0","40 03:37.638","","07","76 20:08.042","4","0","0","0","36301","0","0","0","N","0","0","0","2","36101","1","","1","01","N","N","0","","0","0","1","3","2","","1025","1","2","0","0","0","0","0","3","0","2","N","","","","","","","","","","","","04","04","","N","N"
"1519","0","0","1","0","0","0","0","0","0","7","0","","36","01","2021","2021007824","4","40.14","-76.3541","1516","08","0","0","0","0","0","0","0","1","","0","0","0","15","1","1","00","0","40 08:23.844","","00","76 21:14.887","2","0","0","0","36227","0","0","0","N","0","0","0","1","36506","0","","4","01","N","N","1","","0","1","0","0","0","","1515","1","1","0","0","0","0","0","1","0","1","N","","","","","","","","","","","","03","03","","N","N"
"0720","0","0","0","0","0","0","0","0","0","7","1","","36","05","2021","2021041425","5","39.9448","-76.2158","0710","08","0","0","0","0","0","0","0","0","","0","0","0","07","1","0","00","1","39 56:41.426","1","00","76 12:56.809","0","0","0","0","36233","0","0","0","N","0","0","0","1","68J01","0","","4","01","N","N","1","","0","0","0","0","0","N","0706","0","1","0","0","0","0","0","1","0","1","N","","","","","","","","","","","0835","03","","","N","N"
"1516","1","0","0","0","0","0","0","0","0","4","0","","36","01","2021","2021007914","6","40.2218","-76.0957","1510","08","0","1","0","0","0","1","0","0","","0","0","0","15","1","0","02","0","40 13:18.511","","00","76 05:44.505","0","0","0","0","36210","0","0","0","N","0","0","0","5","36210","0","","1","01","N","N","0","","0","0","1","0","0","","1510","0","2","0","0","0","0","0","1","0","2","N","","","","","","","","","","","","03","","","N","N"
"0059","1","0","0","0","0","0","0","0","0","7","0","","36","03","2021","2021031584","3","40.0349","-76.2947","0057","08","0","0","0","0","0","0","0","0","","0","0","0","00","3","0","00","0","40 02:05.717","","00","76 17:40.775","9","0","0","0","36301","0","0","0","N","0","0","0","1","36301","0","","5","01","N","N","0","","0","0","0","0","0","","0055","0","1","0","0","0","0","1","3","0","1","N","","","","","","","","","","","","03","03","","N","N"
"1542","1","0","0","0","0","0","0","0","0","7","0","","36","01","2021","2021007826","5","40.1587","-76.3253","1542","08","1","0","0","0","0","0","0","0","","0","0","0","15","1","0","00","0","40 09:31.350","","00","76 19:31.190","0","0","0","0","36235","0","0","0","N","0","0","0","1","36506","0","","4","01","N","N","0","","0","0","0","0","0","","1542","0","1","0","0","0","0","0","1","0","1","N","","","","","","","","","","","","03","","","N","N"
"2143","2","0","0","0","0","0","0","0","0","4","0","","36","02","2021","2021020240","6","40.0326","-76.3182","2141","08","0","0","0","0","0","1","0","0","","0","0","0","21","3","0","02","0","40 01:57.313","","00","76 19:05.617","0","0","0","0","36301","0","0","0","N","0","0","0","2","36301","0","","1","09","N","N","0","","0","0","0","3","3","","2138","0","2","0","0","0","0","0","3","0","2","N","","","","","","","","","","","","07","07","","N","N"
"1821","1","0","0","0","0","0","0","0","0","4","0","","36","03","2021","2021022167","7","40.2305","-76.0815","1817","08","0","0","0","0","0","1","1","0","","0","0","0","18","3","0","00","0","40 13:49.914","","07","76 04:53.229","0","0","0","0","36210","0","0","0","N","0","0","0","2","36210","0","","1","01","N","N","1","","0","0","0","0","0","","1817","0","2","0","0","0","0","0","1","0","2","N","","","","","","","","","","","","03","","","N","N"
"1346","3","0","0","0","0","0","0","0","0","1","0","","36","04","2021","2021038629","6","40.038","-76.3208","1342","08","0","0","0","0","0","0","0","0","","0","0","0","13","1","2","00","2","40 02:16.895","6","00","76 19:14.771","3","0","0","0","36301","0","0","0","N","0","0","0","4","36301","1","","1","01","N","N","0","","1","0","1","0","0","Y","1341","2","4","0","0","0","0","0","3","0","4","N","","","","","","","","","","","1421","03","03","","N","N"
"1525","1","0","0","0","0","0","0","0","0","1","0","","36","01","2021","2021010368","1","39.98","-76.3111","1519","08","0","0","0","0","1","0","0","0","","0","0","0","15","1","0","01","0","39 58:48.043","","00","76 18:40.056","0","0","0","0","36228","0","0","0","N","0","0","0","2","36228","0","","1","07","N","N","1","","0","0","0","3","2","","1519","0","2","0","0","0","0","0","1","0","2","N","","","","","","","","","","","","10","","","N",""
"0600","1","0","0","0","0","0","0","0","0","7","0","","36","01","2021","2021005366","5","40.0384","-76.0792","0550","08","0","0","0","1","0","0","0","0","","0","0","0","05","2","0","00","0","40 02:18.262","","00","76 04:45.107","0","0","0","0","36221","0","0","0","N","0","0","0","1","68J01","0","","4","01","N","N","0","","0","0","0","0","0","","0538","0","1","0","0","1","0","0","1","0","1","N","","","","","","","","","","","","03","","","N","N"
"0944","1","0","0","0","0","0","0","0","0","4","0","","36","01","2021","2021004698","6","40.1785","-76.1816","0940","08","0","0","0","0","0","0","0","1","","0","0","0","09","1","0","01","0","40 10:42.639","","00","76 10:53.713","0","0","0","0","36408","0","0","0","N","0","0","0","3","36408","0","","1","01","N","N","0","","0","0","0","3","3","","0940","0","2","0","0","0","0","0","2","1","2","N","","","","","","","","","","","","03","","","N","N"
"2008","1","0","0","0","0","0","0","0","0","98","0","","36","04","2021","2021038272","3","40.0448","-76.4273","1959","08","0","0","0","0","0","0","0","0","","0","0","0","19","4","0","00","0","40 02:41.362","","00","76 25:38.422","0","0","0","0","36239","0","0","0","N","0","0","0","3","36239","0","","1","01","N","N","0","","0","0","0","0","0","","1959","0","1","0","0","0","0","0","3","0","1","N","","","","","","","","","","","","03","03","","N","N"
"1252","0","0","0","0","0","0","0","0","0","4","0","","36","01","2021","2021000663","7","40.0362","-76.363","1350","08","0","0","0","0","0","0","0","0","","0","0","0","12","1","1","02","1","40 02:10.180","1","00","76 21:46.960","8","0","0","0","36223","0","0","0","N","0","0","0","3","36223","0","","1","01","N","N","2","","0","0","0","3","3","N","1248","1","2","0","0","0","1","0","1","0","2","N","","","","","","","","","","","1315","04","","","N",""
"1601","2","0","0","0","0","0","0","0","0","4","0","","36","01","2021","2021001601","2","40.1126","-76.5148","1559","08","0","0","1","0","0","0","0","0","","0","0","0","15","1","0","00","0","40 06:45.315","","07","76 30:53.140","0","0","0","0","36413","0","0","0","N","0","0","0","2","36413","0","","1","01","N","N","0","","0","0","0","0","0","","1559","0","2","0","0","0","0","0","2","0","2","N","","","","","","","","","","","","04","","","N","N"
"0955","0","0","0","0","0","0","0","0","0","1","0","","36","01","2021","2021020886","7","40.1587","-76.2303","0945","08","0","0","0","0","0","0","1","0","","0","0","0","09","1","2","00","2","40 09:31.281","5","00","76 13:49.227","3","0","0","0","36235","0","0","0","N","0","0","0","3","36506","0","","1","09","N","N","0","","2","0","2","0","0","Y","0945","2","2","0","0","0","0","0","1","0","2","N","","","","","","","","","","","0045","04","","","N","N"
"1327","2","0","0","0","0","0","0","0","0","4","0","","36","04","2021","2021036091","3","40.1047","-76.255","1323","08","0","0","0","0","0","0","0","1","","0","0","0","13","1","0","01","1","40 06:17.057","7","00","76 15:17.845","0","0","0","0","36101","0","0","0","N","0","0","0","2","36101","0","","1","01","N","N","0","","0","0","0","3","2","Y","1321","0","2","0","0","0","0","0","3","0","2","N","","","","","","","","","","","1321","03","03","","N",""
"1239","1","0","0","0","0","0","0","0","0","4","0","","36","04","2021","2021039157","6","40.066","-76.3271","1231","08","0","0","0","0","0","0","0","0","","0","0","0","12","1","2","02","1","40 03:57.498","6","00","76 19:37.512","8","0","0","0","36301","0","0","0","N","0","0","0","3","36301","0","","1","01","N","N","1","","0","0","0","3","3","Y","1229","2","2","0","0","0","2","0","3","0","2","N","","","","","","","","","","","1300","03","","","N",""
"1755","1","0","0","0","0","0","0","0","0","1","0","","36","01","2021","2021011112","1","40.0402","-76.5028","1753","08","0","0","0","0","0","1","0","0","","0","0","0","17","2","0","00","1","40 02:24.720","4","00","76 30:10.173","0","0","0","0","36404","0","0","0","N","0","0","0","5","36404","0","","1","07","N","N","0","","0","0","2","0","0","N","1752","0","3","0","0","0","0","0","3","0","3","N","","","","","","","","","","","1915","10","","","N","N"
"2108","0","0","0","0","0","0","0","0","0","7","0","","36","01","2021","2021008870","7","40.1539","-76.1593","2101","08","0","0","0","0","0","0","0","0","","0","0","0","21","2","1","00","1","40 09:14.156","2","00","76 09:33.595","3","0","0","1","36238","0","0","0","N","0","0","0","1","36238","0","","2","01","N","N","0","","1","0","0","0","0","Y","2101","1","1","0","0","0","0","0","3","0","1","N","","","","","","","","","","","2140","03","","","N","N"
"0748","1","0","0","0","0","0","0","0","0","4","0","","36","05","2021","2021040578","7","40.0728","-76.1055","0740","08","0","0","0","0","0","1","0","0","","0","0","0","07","1","0","01","0","40 04:22.067","","00","76 06:19.912","0","0","0","0","36234","0","0","0","N","0","0","0","2","36215","0","","1","01","N","N","0","","0","0","1","3","3","","0739","0","2","0","0","0","0","0","1","0","2","N","","","","","","","","","","","","03","03","","N",""
"1702","1","0","0","0","0","0","0","0","0","7","0","","36","05","2021","2021046232","7","40.2254","-76.3002","1638","08","0","0","0","0","1","0","0","0","","0","0","0","16","1","0","00","0","40 13:31.549","","00","76 18:00.779","0","0","0","0","36217","0","0","0","N","0","0","0","1","68J01","0","","4","01","N","N","0","","0","0","0","0","0","","1635","0","1","0","0","0","0","0","1","0","1","N","","","","","","","","","","","","03","","","N","N"
"1030","2","0","0","0","0","0","0","0","0","2","0","","36","05","2021","2021045038","7","40.1312","-76.5638","1027","08","0","0","0","0","0","1","0","0","","0","0","0","10","1","0","01","1","40 07:52.429","3","00","76 33:49.559","0","0","0","0","36225","0","0","0","N","0","0","0","3","36505","0","","1","01","N","N","0","","0","0","0","3","2","N","1024","0","2","0","0","0","0","0","2","0","2","N","","","","","","","","","","","1107","03","","","N",""
"0851","1","0","0","0","0","0","0","0","0","4","0","","36","04","2021","2021040734","5","40.032","-76.2955","0848","08","0","0","1","0","0","0","0","0","","0","0","0","08","1","0","00","0","40 01:55.147","","00","76 17:43.904","0","0","0","0","36301","0","0","0","N","0","0","0","2","36301","0","","1","01","N","Y","0","","0","0","1","3","3","","0848","0","2","0","0","0","0","0","3","0","2","N","","","","","","","","","","","","03","","","N","N"
"0905","1","0","0","0","0","0","0","0","0","6","0","","36","04","2021","2021037272","2","40.1171","-76.0435","0901","08","0","0","0","0","0","0","0","0","","0","0","0","08","1","2","00","2","40 07:01.568","3","00","76 02:36.490","3","0","0","0","36213","0","0","0","N","0","0","0","2","36213","0","","1","01","N","N","1","","2","0","0","0","0","Y","0856","2","2","0","0","0","0","0","1","0","2","N","","","","","","","","","","","1000","03","03","","N","N"
"0735","1","0","0","0","0","0","0","0","0","1","0","","36","05","2021","2021045035","4","40.1665","-76.5765","0735","08","0","0","0","0","0","0","0","0","","0","0","0","07","1","0","02","0","40 09:59.338","","00","76 34:35.480","0","0","0","0","36225","0","0","0","N","0","0","0","2","36505","0","","1","01","N","N","0","","0","0","1","0","0","","0735","0","2","0","0","0","0","0","2","0","2","N","","","","","","","","","","","","03","03","","N",""
"0303","1","0","0","0","0","0","0","0","0","7","0","","36","02","2021","2021016057","5","40.0351","-76.2536","0252","08","0","0","0","0","0","0","0","0","","0","0","0","02","3","0","02","0","40 02:06.212","","00","76 15:12.983","0","0","0","0","36215","0","0","0","N","0","0","0","1","36215","0","","4","07","N","N","0","","0","0","0","0","0","","0248","0","1","0","0","0","0","0","1","0","1","N","","","","","","","","","","","","10","10","","N",""
"1449","1","0","0","0","0","0","0","0","0","4","0","","36","06","2021","2021051199","3","40.0378","-76.3637","1445","08","0","0","0","0","1","0","0","1","","0","0","0","14","1","0","01","1","40 02:16.155","5","00","76 21:49.258","0","0","0","0","36223","0","0","0","N","0","0","0","3","36223","0","","1","01","N","N","0","","0","0","1","3","3","N","1445","0","2","0","0","0","0","0","1","0","2","N","","","","","","","","","","","1510","03","03","","N",""
"1605","2","0","0","0","0","0","0","0","0","4","0","","36","05","2021","2021042469","2","40.0316","-76.3045","1602","08","0","0","0","0","1","0","0","0","","0","0","0","16","1","1","01","2","40 01:53.832","1","00","76 18:16.263","3","0","0","0","36301","0","0","0","N","0","0","0","2","36301","0","","1","01","N","N","0","","1","0","0","0","0","Y","1600","1","2","0","0","0","0","0","3","0","2","N","","","","","","","","","","","1645","03","03","","N","N"