"ARRIVAL_TM","AUTOMOBILE_COUNT","BELTED_DEATH_COUNT","BELTED_SUSP_SERIOUS_INJ_COUNT","BICYCLE_COUNT","BICYCLE_DEATH_COUNT","BICYCLE_SUSP_SERIOUS_INJ_COUNT","BUS_COUNT","CHLDPAS_DEATH_COUNT","CHLDPAS_SUSP_SERIOUS_INJ_COUNT","COLLISION_TYPE","COMM_VEH_COUNT","CONS_ZONE_SPD_LIM","COUNTY","CRASH_MONTH","CRASH_YEAR","CRN","DAY_OF_WEEK","DEC_LAT","DEC_LONG","DISPATCH_TM","DISTRICT","DRIVER_COUNT_16YR","DRIVER_COUNT_17YR","DRIVER_COUNT_18YR","DRIVER_COUNT_19YR","DRIVER_COUNT_20YR","DRIVER_COUNT_50_64YR","DRIVER_COUNT_65_74YR","DRIVER_COUNT_75PLUS","EST_HRS_CLOSED","FATAL_COUNT","HEAVY_TRUCK_COUNT","HORSE_BUGGY_COUNT","HOUR_OF_DAY","ILLUMINATION","INJURY_COUNT","INTERSECT_TYPE","LANE_CLOSED","LATITUDE","LN_CLOSE_DIR","LOCATION_TYPE","LONGITUDE","MAX_SEVERITY_LEVEL","MCYCLE_DEATH_COUNT","MCYCLE_SUSP_SERIOUS_INJ_COUNT","MOTORCYCLE_COUNT","MUNICIPALITY","NONMOTR_COUNT","NONMOTR_DEATH_COUNT","NONMOTR_SUSP_SERIOUS_INJ_COUNT","NTFY_HIWY_MAINT","PED_COUNT","PED_DEATH_COUNT","PED_SUSP_SERIOUS_INJ_COUNT","PERSON_COUNT","POLICE_AGCY","POSSIBLE_INJ_COUNT","RDWY_SURF_TYPE_CD","RELATION_TO_ROAD","ROAD_CONDITION","SCH_BUS_IND","SCH_ZONE_IND","SMALL_TRUCK_COUNT","SPEC_JURIS_CD","SUSP_MINOR_INJ_COUNT","SUSP_SERIOUS_INJ_COUNT","SUV_COUNT","TCD_FUNC_CD","TCD_TYPE","TFC_DETOUR_IND","TIME_OF_DAY","TOT_INJ_COUNT","TOTAL_UNITS","UNB_DEATH_COUNT","UNB_SUSP_SERIOUS_INJ_COUNT","UNBELTED_OCC_COUNT","UNK_INJ_DEG_COUNT","UNK_INJ_PER_COUNT","URBAN_RURAL","VAN_COUNT","VEHICLE_COUNT","WORK_ZONE_IND","WORK_ZONE_LOC","WORK_ZONE_TYPE","WORKERS_PRES","WZ_CLOSE_DETOUR","WZ_FLAGGER","WZ_LAW_OFFCR_IND","WZ_LN_CLOSURE","WZ_MOVING","WZ_OTHER","WZ_SHLDER_MDN","ROADWAY_CLEARED","WEATHER1","WEATHER2","WZ_WORKERS_INJ_KILLED","SECONDARY_CRASH","INTERSECTION_RELATED"
"1850","1","0","0","0","0","0","0","0","0","1","0","","36","02","2021","2021014120","7","40.1449","-76.1907","1840","08","0","0","0","0","0","0","0","0","","0","0","0","18","2","1","00","2","40 08:41.562","2","00","76 11:26.425","8","0","0","0","36238","0","0","0","N","0","0","0","4","36238","0","","1","01","N","N","1","","0","0","0","0","0","N","1840","1","2","0","0","0","1","0","3","0","2","N","","","","","","","","","","","1940","03","","","N","N"
"0514","2","0","0","0","0","0","0","0","0","1","0","","36","02","2021","2021013675","3","40.0531","-76.3746","0450","08","0","0","0","0","0","0","0","0","","0","0","0","04","2","1","00","1","40 03:11.203","4","00","76 22:28.704","3","0","0","0","36214","0","0","0","N","0","0","0","3","36214","0","","1","01","N","N","1","","1","0","0","0","0","N","0446","1","3","0","0","0","0","0","3","0","3","N","","","","","","","","","","","0610","03","","","N","N"
"0502","2","0","0","0","0","0","0","0","0","4","0","","36","05","2021","2021045030","7","40.1631","-76.3961","0458","08","0","0","0","0","1","0","0","0","","0","0","0","04","3","0","00","0","40 09:47.051","","00","76 23:46.052","0","0","0","0","36410","0","0","0","N","0","0","0","1","36410","0","","6","01","N","N","0","","0","0","0","0","0","","0456","0","2","0","0","0","0","0","2","0","2","N","","","","","","","","","","","","03","","","N","N"
"1246","0","1","1","0","0","0","0","0","0","2","0","","36","04","2021","2021044622","5","39.998","-76.0581","1237","08","0","0","0","0","0","1","0","0","","1","0","0","12","1","2","00","2","39 59:52.944","6","00","76 03:29.367","1","0","0","0","36232","0","0","0","N","0","0","0","3","68J01","0","2","1","01","N","N","1","0","0","1","1","0","0","Y","1234","2","2","0","0","0","1","0","1","0","2","N","","","","","","","","","","","0101","03","03","","N","N"
"0133","1","0","0","0","0","0","0","0","0","4","0","","36","05","2021","2021045581","1","40.0322","-76.3118","0128","08","0","0","0","0","0","0","0","0","","0","0","0","01","3","0","00","2","40 01:55.912","4","00","76 18:42.515","0","0","0","0","36301","0","0","0","N","0","0","0","1","36301","0","","6","01","N","N","1","","0","0","1","0","0","Y","0118","0","3","0","0","0","0","0","3","0","3","N","","","","","","","","","","","0207","03","03","","N","N"
"0400","1","0","0","0","0","0","0","0","0","4","0","","36","04","2021","2021045810","4","40.0834","-76.2312","0353","08","0","0","0","0","0","0","0","0","","0","0","0","03","2","1","00","0","40 05:00.163","","00","76 13:52.440","3","0","0","0","36234","0","0","0","N","0","0","0","2","36215","0","","1","01","N","N","0","","1","0","1","0","0","","0353","1","2","0","0","1","0","0","1","0","2","N","","","","","","","","","","","","03","03","","N","N"
"0743","0","0","0","0","0","0","0","0","0","7","1","","36","05","2021","2021045028","2","40.1097","-76.4389","0735","08","0","0","0","0","0","0","0","0","","0","1","0","07","1","0","00","2","40 06:34.855","3","03","76 26:20.063","0","0","0","0","36230","0","0","0","N","0","0","0","2","36410","0","","2","01","N","N","0","","0","0","1","0","0","N","0733","0","2","0","0","0","0","0","1","0","2","N","","","","","","","","","","","0821","04","","","N","N"
"1950","0","0","0","0","0","0","0","0","0","0","0","","36","05","2021","2021051194","5","40.0444","-76.248","1947","08","0","0","0","0","0","0","0","0","","0","0","0","19","1","1","00","0","40 02:39.858","","00","76 14:52.579","3","0","0","1","36215","0","0","0","N","0","0","0","1","36215","0","","1","01","N","N","0","","1","0","0","0","0","","1945","1","1","0","0","0","0","0","1","0","1","N","","","","","","","","","","","","03","","","N","N"
"1350","0","0","0","0","0","0","0","0","0","1","0","","36","05","2021","2021050380","1","40.0711","-76.336","1340","08","0","0","0","0","0","2","0","0","","0","0","0","13","1","1","00","0","40 04:15.780","","00","76 20:09.490","4","0","0","0","36101","0","0","0","N","0","0","0","3","36101","1","","1","09","N","N","1","","0","0","1","0","0","","1335","1","2","0","0","0","0","0","3","0","2","N","","","","","","","","","","","","07","","","N","N"
"1136","2","0","0","0","0","0","0","0","0","1","0","","36","02","2021","2021021275","2","40.0258","-75.9505","1123","08","0","0","0","1","0","0","0","0","","0","0","0","11","1","0","00","2","40 01:33.005","6","00","75 57:01.767","0","0","0","0","36232","0","0","0","N","0","0","0","2","68J01","0","","1","01","N","N","0","","0","0","0","0","0","Y","1114","0","2","0","0","0","0","0","1","0","2","N","","","","","","","","","","","1230","03","","","N","N"
"2149","2","0","0","0","0","0","0","0","0","5","0","","36","04","2021","2021035412","5","40.1493","-76.5977","2149","08","0","0","0","0","0","0","0","0","","0","0","0","21","3","0","00","2","40 08:57.366","6","00","76 35:51.643","0","0","0","0","36407","0","0","0","N","0","0","0","1","36407","0","","4","01","N","N","0","","0","0","0","0","0","Y","2147","0","2","0","0","1","0","0","2","0","2","N","","","","","","","","","","","0008","03","","","N","N"
"1010","1","0","0","0","0","0","0","0","0","7","0","","36","02","2021","2021019738","4","40.0911","-76.5923","1002","08","0","0","0","1","0","0","0","0","","0","0","0","10","1","0","00","2","40 05:28.087","5","00","76 35:32.283","0","0","0","0","36211","0","0","0","N","0","0","0","1","36504","0","","4","07","N","N","0","","0","0","0","0","0","Y","1002","0","1","0","0","0","0","0","1","0","1","N","","","","","","","","","","","1106","04","02","","N","N"
"2339","0","0","0","0","0","0","0","0","0","7","0","","36","05","2021","2021051288","6","39.9201","-76.2676","2326","08","0","0","0","0","0","0","0","0","","0","0","0","23","2","0","00","1","39 55:12.290","3","00","76 16:03.520","0","0","0","0","36229","0","0","0","N","0","0","0","1","68J01","0","","2","09","N","N","0","","0","0","1","0","0","N","2324","0","1","0","0","0","0","0","1","0","1","N","","","","","","","","","","","0020","07","07","","N","N"
"1720","1","0","0","0","0","0","0","0","0","7","0","","36","05","2021","2021046224","4","39.7318","-76.1532","1704","08","0","0","0","0","0","0","0","0","","0","0","0","17","1","1","00","0","39 43:54.654","","00","76 09:11.549","3","0","0","0","36219","0","0","0","N","0","0","0","1","68J01","0","","4","01","N","N","0","","1","0","0","0","0","","1701","1","1","0","0","0","0","0","1","0","1","N","","","","","","","","","","","","03","","","N","N"
"0908","1","0","0","0","0","0","0","0","0","7","0","","36","05","2021","2021046214","7","40.0521","-76.1029","0903","08","0","0","1","0","0","0","0","0","","0","0","0","06","2","0","00","0","40 03:07.710","","00","76 06:10.560","0","0","0","0","36221","0","0","0","N","0","0","0","2","68J01","0","","4","09","N","N","0","","0","0","0","0","0","","0600","0","1","0","0","0","0","0","1","0","1","N","","","","","","","","","","","","07","","","N","N"
"1800","1","0","0","0","0","0","0","0","0","1","1","","36","03","2021","2021036645","7","40.0385","-76.3154","1749","08","0","0","0","0","0","1","0","0","","0","0","0","17","1","0","00","1","40 02:18.721","4","00","76 18:55.515","0","0","0","0","36301","0","0","0","N","0","0","0","2","36301","0","","1","01","N","N","0","","0","0","0","0","0","N","1749","0","2","0","0","2","0","0","3","1","2","N","","","","","","","","","","","1830","03","","","N","N"
"1715","1","0","0","0","0","0","0","0","0","1","0","","36","02","2021","2021014613","5","40.0521","-76.3088","1708","08","0","0","0","0","0","1","0","0","","0","0","0","17","4","0","00","1","40 03:07.567","3","00","76 18:31.812","0","0","0","0","36301","0","0","0","N","0","0","0","2","36301","0","","1","06","N","N","0","","0","0","1","0","0","N","1708","0","2","0","0","0","0","0","3","0","2","N","","","","","","","","","","","1730","03","03","","N","Y"
"0312","1","0","0","0","0","0","0","0","0","1","0","","36","02","2021","2021015192","7","40.0566","-76.2828","0309","08","0","0","0","0","0","0","0","0","","0","0","0","03","3","0","01","0","40 03:23.671","","00","76 16:58.034","0","0","0","0","36101","0","0","0","N","0","0","0","2","36101","0","","1","01","N","N","1","","0","0","0","3","2","","0307","0","2","0","0","0","0","0","3","0","2","N","","","","","","","","","","","","03","03","","N",""
"1908","0","0","0","0","0","0","0","0","0","7","0","","36","02","2021","2021015150","7","40.1077","-76.6579","1901","08","0","0","0","0","0","0","0","0","","0","0","0","18","2","0","00","2","40 06:27.670","6","00","76 39:28.591","0","0","0","0","36207","0","0","0","N","0","0","0","1","36504","0","","4","01","N","N","0","","0","0","1","0","0","Y","1847","0","1","0","0","0","0","0","1","0","1","N","","","","","","","","","","","2002","03","10","","N","N"
"1725","2","0","0","0","0","0","0","0","0","1","0","","36","05","2021","2021048571","5","40.003","-76.2653","1519","08","0","0","0","0","0","0","0","0","","0","0","0","15","1","0","00","0","40 00:10.891","","00","76 15:55.186","0","0","0","0","36240","0","0","0","N","0","0","0","2","36240","0","","1","01","N","N","0","","0","0","0","0","0","","1515","0","2","0","0","0","0","0","1","0","2","N","","","","","","","","","","","","03","03","","N","N"
"1450","0","0","0","0","0","0","0","0","0","4","0","","36","02","2021","2021013863","7","40.2107","-76.1318","1443","08","0","0","0","0","0","0","0","1","","0","0","0","14","1","0","00","0","40 12:38.595","","00","76 07:54.510","0","0","0","0","36210","0","0","0","N","0","0","0","2","36210","0","","1","01","N","N","1","","0","0","1","0","0","","1443","0","2","0","0","0","0","0","1","0","2","N","","","","","","","","","","","","03","","","N","N"
"0726","0","0","0","0","0","0","0","0","0","4","0","","36","05","2021","2021051253","3","39.8601","-76.3325","0706","08","0","1","0","0","0","0","1","0","","0","0","0","07","1","1","00","2","39 51:36.354","2","00","76 19:56.876","3","0","0","0","36224","0","0","0","N","0","0","0","2","68J01","0","","1","01","N","N","1","","1","0","1","0","0","N","0702","1","2","0","0","0","0","0","1","0","2","N","","","","","","","","","","","0000","03","","","N","N"
"0609","1","0","0","0","0","0","0","0","0","7","0","","36","02","2021","2021015039","7","40.0944","-76.3923","0602","08","0","0","0","0","0","0","0","0","","0","0","0","05","2","2","00","2","40 05:39.858","4","00","76 23:32.159","3","0","0","0","36214","0","0","0","N","0","0","0","2","36214","0","","3","01","N","N","0","","2","0","0","0","0","Y","0559","2","1","0","0","0","0","0","3","0","1","N","","","","","","","","","","","0708","03","03","","N","N"
"0744","1","0","0","0","0","0","0","0","0","1","0","","36","05","2021","2021044813","5","40.0605","-76.4062","0729","08","0","1","0","0","0","1","0","0","","0","0","0","07","1","1","00","1","40 03:37.976","1","00","76 24:22.495","3","0","0","0","36214","0","0","0","N","0","0","0","2","36214","0","","1","01","N","N","1","","1","0","0","0","0","N","0726","1","2","0","0","0","0","0","3","0","2","N","","","","","","","","","","","0818","03","03","","N","N"
"2240","0","0","0","0","0","0","0","0","0","4","0","","36","02","2021","2021013862","4","40.2077","-76.1403","2239","08","0","0","0","0","0","0","0","0","","0","0","0","22","3","0","01","0","40 12:27.845","","00","76 08:25.012","0","0","0","0","36210","0","0","0","N","0","0","0","2","36210","0","","1","01","N","N","1","","0","0","1","3","3","","2238","0","2","0","0","0","0","0","1","0","2","N","","","","","","","","","","","","03","","","Y",""
"2113","0","0","0","0","0","0","0","0","0","4","1","","36","05","2021","2021050863","7","40.1063","-76.3544","2107","08","0","0","0","0","0","0","0","0","","2","1","0","21","3","0","01","2","40 06:22.809","7","00","76 21:16.002","1","0","0","0","36406","0","0","0","N","0","0","0","3","36506","0","2","1","01","N","N","1","0","0","0","0","3","2","Y","2106","0","2","0","0","0","0","0","3","0","2","N","","","","","","","","","","","0300","03","03","","N",""
"1706","0","0","0","0","0","0","0","0","0","4","0","","36","02","2021","2021020943","6","39.9425","-76.0566","1658","08","0","1","0","0","0","0","1","0","","0","0","0","16","1","5","01","1","39 56:33.146","7","00","76 03:23.678","3","0","0","0","36231","0","0","0","N","0","0","0","9","68J01","1","","1","01","N","N","0","","4","0","1","0","0","N","1649","5","2","0","0","0","0","4","1","1","2","N","","","","","","","","","","","1800","03","","","N","N"
"0911","0","0","0","0","0","0","0","0","0","4","0","","36","02","2021","2021011777","5","40.2884","-76.2034","0901","08","0","0","0","0","0","0","0","1","","0","0","0","09","1","2","01","2","40 17:18.254","7","00","76 12:12.309","8","0","0","0","36236","0","0","0","N","0","0","0","4","36408","0","","1","01","N","N","0","","0","0","1","3","3","Y","0900","2","2","0","0","0","2","0","1","1","2","N","","","","","","","","","","","1000","03","03","","N",""
"0725","1","0","0","0","0","0","0","0","0","1","0","","36","02","2021","2021013472","4","40.0254","-76.3631","0723","08","0","0","0","0","0","0","0","0","","0","0","0","07","1","1","02","0","40 01:31.600","","00","76 21:47.119","3","0","0","0","36223","0","0","0","N","0","0","0","3","36223","0","","1","09","N","N","0","","1","0","1","0","0","","0717","1","3","0","0","0","0","0","1","1","3","N","","","","","","","","","","","","03","","","N",""
"0727","2","0","0","0","0","0","0","0","0","4","0","","36","05","2021","2021040747","4","40.043","-76.2879","0719","08","0","0","0","0","0","0","0","0","","0","0","0","07","1","0","00","0","40 02:34.960","","00","76 17:16.322","0","0","0","0","36301","0","0","0","N","0","0","0","5","36301","0","","1","01","N","N","0","","0","0","0","0","0","","0719","0","2","0","0","0","0","0","3","0","2","N","","","","","","","","","","","","03","","","N","N"
"1640","0","0","0","0","0","0","0","0","0","1","1","","36","04","2021","2021050417","4","39.889","-76.1385","1632","08","0","0","0","0","0","0","0","0","","0","0","0","16","1","0","01","0","39 53:20.254","","00","76 08:18.744","0","0","0","0","36216","0","0","0","N","0","0","0","3","68J01","0","","1","01","N","N","2","","0","0","0","0","0","","1630","0","2","0","0","2","0","0","1","0","2","N","","","","","","","","","","","","03","03","","N","N"
"1004","0","0","0","0","0","0","0","0","0","7","0","","36","02","2021","2021013406","1","40.2442","-76.161","0939","08","0","0","0","0","0","1","0","0","","0","0","0","09","1","2","00","1","40 14:28.426","3","03","76 08:31.995","3","0","0","0","36236","0","0","0","N","0","0","0","2","68T06","0","","2","09","N","N","0","","2","0","1","0","0","N","0939","2","1","0","0","0","0","0","1","0","1","N","","","","","","","","","","","0030","10","","","N","N"
"1514","3","0","0","0","0","0","0","0","0","1","0","","36","02","2021","2021013879","4","40.0548","-76.2179","1508","08","0","1","0","0","1","0","0","0","","0","0","0","15","1","0","00","2","40 03:17.181","5","00","76 13:04.374","0","0","0","0","36215","0","0","0","N","0","0","0","3","36215","0","","1","07","N","N","0","","0","0","0","0","0","Y","1505","0","3","0","0","0","0","0","1","0","3","N","","","","","","","","","","","1635","03","","","N","N"
"1845","0","0","0","0","0","0","0","0","0","7","0","","36","05","2021","2021043935","6","40.1468","-76.0619","1835","08","0","0","0","0","0","1","0","0","","0","0","0","18","1","0","00","0","40 08:48.488","","00","76 03:43.000","0","0","0","0","36213","0","0","0","N","0","0","0","1","36213","0","","2","01","N","N","1","","0","0","0","0","0","","1825","0","1","0","0","0","0","0","1","0","1","N","","","","","","","","","","","","03","03","","Y","N"
"2339","2","0","0","0","0","0","0","0","0","4","0","","36","05","2021","2021051193","7","40.088","-76.33","2332","08","0","1","0","0","0","0","0","0","","0","0","0","23","2","1","00","0","40 05:16.880","","00","76 19:47.910","3","0","0","0","36101","0","0","0","N","0","0","0","3","36101","0","","5","01","N","N","0","","1","0","0","0","0","","2330","1","2","0","0","0","0","0","3","0","2","N","","","","","","","","","","","","03","","","N","N"
"1002","1","0","0","0","0","0","0","0","0","1","0","","36","05","2021","2021045032","3","40.1638","-76.3951","0955","08","0","0","0","0","0","1","1","0","","0","0","0","09","1","0","01","1","40 09:49.597","4","00","76 23:42.519","0","0","0","0","36410","0","0","0","N","0","0","0","2","36410","0","","1","01","N","N","1","","0","0","0","0","0","N","0955","0","2","0","0","0","0","0","2","0","2","N","","","","","","","","","","","0030","03","03","","N",""
"1958","1","0","0","0","0","0","0","0","0","4","0","","36","05","2021","2021043922","3","40.1326","-76.347","1943","08","0","0","1","0","0","0","0","0","","0","1","0","19","1","0","01","0","40 07:57.364","","00","76 20:49.148","0","0","0","0","36227","0","0","0","N","0","0","0","2","36506","0","","1","01","N","N","0","","0","0","0","0","0","","1943","0","2","0","0","0","0","0","1","0","2","N","","","","","","","","","","","","03","03","","N",""
"0818","1","0","0","0","0","0","0","0","0","1","0","","36","05","2021","2021049089","3","40.06","-76.2777","0813","08","0","0","0","0","0","0","0","0","","0","0","0","08","1","0","06","0","40 03:34.774","","00","76 16:41.420","0","0","0","0","36101","0","0","0","N","0","0","0","2","36101","0","","1","01","N","N","0","","0","0","1","3","4","","0811","0","2","0","0","1","0","0","3","0","2","N","","","","","","","","","","","","04","","","N","N"
"1849","0","0","0","0","0","0","0","0","0","4","0","","36","02","2021","2021012683","5","39.9264","-76.3066","1823","08","0","0","0","0","0","0","1","0","","0","0","0","18","2","0","02","2","39 55:35.091","5","00","76 18:23.669","0","0","0","0","36224","0","0","0","N","0","0","0","3","68J01","0","","1","01","N","N","1","","0","0","1","0","0","Y","1818","0","3","0","0","0","0","0","1","1","3","N","","","","","","","","","","","1842","03","03","","N","N"
"1332","2","0","0","0","0","0","0","0","0","5","0","","36","05","2021","2021050163","7","40.0279","-76.3044","1325","08","0","0","0","0","0","0","0","0","","0","0","0","13","1","0","00","0","40 01:40.538","","00","76 18:15.768","0","0","0","0","36301","0","0","0","N","0","0","0","1","36301","0","","1","09","N","N","0","","0","0","0","0","0","","1322","0","2","0","0","0","0","0","3","0","2","N","","","","","","","","","","","","07","","","N","N"
"1707","1","0","0","0","0","0","0","0","0","1","0","","36","05","2021","2021044246","6","40.1","-76.3556","1707","08","0","0","0","1","0","0","0","0","","0","0","0","17","1","0","01","0","40 05:59.944","","00","76 21:20.163","0","0","0","0","36406","0","0","0","N","0","0","0","2","36506","0","","1","01","N","N","0","","0","0","1","3","2","","1707","0","2","0","0","0","0","0","3","0","2","N","","","","","","","","","","","","03","03","","N",""
"2316","0","0","0","0","0","0","0","0","0","0","0","","36","02","2021","2021014121","6","40.1066","-76.2005","2306","08","0","0","0","0","0","0","0","0","","0","0","0","23","2","0","00","2","40 06:23.597","6","00","76 12:01.938","0","0","0","0","36238","0","0","0","N","0","0","0","1","36238","0","","5","01","N","N","0","","0","0","2","0","0","Y","2306","0","2","0","0","0","0","0","3","0","2","N","","","","","","","","","","","0014","03","","","N","N"
"2001","1","0","0","0","0","0","0","0","0","1","0","","36","05","2021","2021049582","4","40.0608","-76.2779","1956","08","0","0","0","0","0","1","0","0","","0","0","0","19","1","3","00","2","40 03:38.756","3","00","76 16:40.530","3","0","0","0","36101","0","0","0","N","0","0","0","7","36101","0","","1","09","N","N","0","","3","0","1","0","0","Y","1954","3","2","0","0","1","0","0","3","0","2","N","","","","","","","","","","","2055","07","04","","N","N"
"1356","1","0","0","0","0","0","0","0","0","1","0","","36","05","2021","2021047720","1","40.1968","-76.1691","1351","08","1","0","0","1","0","0","0","1","","0","0","0","13","1","0","00","1","40 11:48.538","2","00","76 10:08.868","0","0","0","0","36218","0","0","0","N","0","0","0","7","36408","0","","1","01","N","N","0","","0","0","3","3","3","N","1349","0","4","0","0","0","0","0","1","0","4","N","","","","","","","","","","","1455","03","03","","Y","Y"
"0840","1","0","0","0","0","0","0","0","0","7","0","","36","04","2021","2021038167","4","40.1611","-76.6057","0840","08","0","0","0","0","1","0","0","0","","0","0","0","08","1","0","00","0","40 09:39.863","","00","76 36:20.525","0","0","0","0","36407","0","0","0","N","0","0","0","2","36407","0","","4","01","N","N","0","","0","0","0","0","0","","0840","0","1","0","0","0","0","0","2","0","1","N","","","","","","","","","","","","03","03","","N","N"
"0601","1","0","0","0","0","0","0","0","0","4","1","","36","05","2021","2021051276","4","40.1729","-75.9488","0550","08","0","0","0","0","0","0","0","0","","0","0","0","05","5","0","00","0","40 10:22.770","","00","75 56:54.442","0","0","0","0","36203","0","0","0","N","0","0","0","2","68T06","0","","1","01","N","N","0","","0","0","0","0","0","","0539","0","2","0","0","0","0","0","1","0","2","N","","","","","","","","","","","","03","","","N","N"
"2048","2","0","0","0","0","0","0","0","0","4","0","","36","02","2021","2021012450","6","40.0626","-76.542","2043","08","0","0","0","0","0","0","0","0","","0","0","0","20","3","0","01","2","40 03:45.412","7","00","76 32:31.057","0","0","0","0","36411","0","0","0","N","0","0","0","2","36504","0","","1","01","N","N","0","","0","0","0","3","2","Y","2040","0","2","0","0","0","0","0","1","0","2","N","","","","","","","","","","","2120","98","98","","N",""
"1034","1","0","0","0","0","0","0","0","0","7","0","","36","05","2021","2021051255","3","40.0061","-76.1113","1026","08","0","0","0","0","0","0","0","0","","0","0","0","10","1","0","00","0","40 00:22.035","","00","76 06:40.626","0","0","0","0","36226","0","0","0","N","0","0","0","1","68J01","0","","2","01","N","N","0","","0","0","0","0","0","","1024","0","1","0","0","0","0","0","1","0","1","N","","","","","","","","","","","","03","","","N","N"
"1900","0","0","0","0","0","0","0","0","0","7","0","","36","05","2021","2021045508","7","40.2016","-75.9892","1837","08","1","0","0","0","0","0","0","0","","0","0","0","18","1","0","00","0","40 12:05.637","","00","75 59:20.948","0","0","0","0","36202","0","0","0","N","0","0","0","1","68J01","0","","5","09","N","N","0","","0","0","1","0","0","","1833","0","1","0","0","0","0","0","1","0","1","N","","","","","","","","","","","","03","","","N","N"
"1128","1","0","0","0","0","0","0","0","0","1","0","","36","02","2021","2021015040","7","40.038","-76.3455","1121","08","0","0","0","0","0","0","0","0","","0","0","0","11","1","0","02","2","40 02:16.834","4","00","76 20:43.907","0","0","0","0","36223","0","0","0","N","0","0","0","2","36214","0","","1","01","N","N","1","","0","0","0","0","0","N","1119","0","2","0","0","0","0","0","1","0","2","N","","","","","","","","","","","1144","03","03","","N",""
"0741","0","0","0","0","0","0","0","0","0","7","0","","36","02","2021","2021018897","1","40.0771","-76.5788","0737","08","0","0","0","0","0","0","0","0","","0","0","0","07","1","0","00","2","40 04:37.600","6","00","76 34:43.800","0","0","0","0","36211","0","0","0","N","0","0","0","3","36504","0","","4","07","N","N","1","","0","0","0","0","0","Y","0736","0","1","0","0","0","0","0","1","0","1","N","","","","","","","","","","","0846","10","10","","N","N"
"1410","2","0","0","0","0","0","0","0","0","4","0","","36","05","2021","2021051012","7","40.072","-76.327","1401","08","0","0","0","0","0","0","1","0","","0","0","0","13","1","2","00","0","40 04:19.042","","00","76 19:37.032","3","0","0","0","36101","0","0","0","N","0","0","0","3","36101","0","","1","09","N","N","0","","2","0","0","0","0","","1355","2","2","0","0","1","0","0","3","0","2","N","","","","","","","","","","","","07","","","N","N"
"0714","1","0","0","0","0","0","0","0","0","4","0","","36","02","2021","2021017211","5","40.1788","-76.6007","0714","08","0","0","0","0","0","1","0","0","","0","0","0","07","1","1","01","0","40 10:43.752","","02","76 36:02.408","8","0","0","0","36225","0","0","0","N","0","0","0","2","36505","0","","1","07","N","N","0","","0","0","1","3","2","","0714","1","2","0","0","0","1","0","2","0","2","N","","","","","","","","","","","","10","10","","N",""
"1704","0","0","0","0","0","0","0","0","0","5","0","","36","02","2021","2021018353","6","40.1195","-76.2141","1657","08","0","0","0","0","0","0","0","0","","0","0","0","16","1","0","00","0","40 07:10.192","","00","76 12:50.736","0","0","0","0","36238","0","0","0","N","0","0","0","2","36238","0","","1","01","N","N","0","","0","0","2","0","0","","1657","0","2","0","0","0","0","0","3","0","2","N","","","","","","","","","","","","03","03","","N","N"
"2315","1","0","0","0","0","0","0","0","0","6","0","","36","02","2021","2021012821","1","40.2785","-76.2031","2310","08","0","0","1","0","0","1","0","0","","0","0","0","23","2","2","00","2","40 16:42.699","5","00","76 12:11.201","4","0","0","0","36236","0","0","0","N","0","0","0","3","36408","2","","1","01","N","N","0","","0","0","1","0","0","Y","2308","2","2","0","0","0","0","0","1","0","2","N","","","","","","","","","","","0024","03","03","","N","N"
"1424","1","0","0","0","0","0","0","0","0","4","0","","36","05","2021","2021049353","7","40.0675","-76.4132","1420","08","0","0","0","1","0","0","0","0","","0","0","0","14","1","0","01","1","40 04:03.061","1","00","76 24:47.404","0","0","0","0","36214","0","0","0","N","0","0","0","2","36214","0","","1","01","N","N","0","","0","0","1","0","0","N","1419","0","2","0","0","0","0","0","3","0","2","N","","","","","","","","","","","0045","04","","","N",""
"1310","1","0","0","0","0","0","0","0","0","1","0","","36","05","2021","2021049883","4","40.0568","-76.2825","1256","08","0","0","0","0","1","1","0","0","","0","0","0","12","1","0","00","0","40 03:24.452","","00","76 16:56.850","0","0","0","0","36101","0","0","0","N","0","0","0","2","36101","0","","1","01","N","N","0","","0","0","1","3","2","","1254","0","2","0","0","0","0","0","3","0","2","N","","","","","","","","","","","","03","03","","N","N"
"1048","0","0","0","0","0","0","0","0","0","4","0","","36","05","2021","2021051251","2","39.9684","-76.0701","1036","08","0","0","0","0","0","1","0","0","","0","0","0","10","1","2","01","2","39 58:06.243","6","00","76 04:12.385","3","0","0","0","36231","0","0","0","N","0","0","0","2","68J01","0","","1","01","N","N","2","","2","0","0","3","3","Y","1034","2","2","0","0","0","0","0","1","0","2","N","","","","","","","","","","","1130","03","03","","N","N"
"1830","0","0","0","0","0","0","0","0","0","4","0","","36","02","2021","2021013674","3","40.088","-76.329","1805","08","0","0","0","0","0","0","0","0","","0","0","0","18","3","0","01","1","40 05:16.970","7","00","76 19:44.246","0","0","0","0","36101","0","0","0","N","0","0","0","2","36101","0","","1","01","N","N","0","","0","0","2","3","2","N","1805","0","2","0","0","0","0","0","3","0","2","N","","","","","","","","","","","1900","03","","","N",""