"ARRIVAL_TM","AUTOMOBILE_COUNT","BELTED_DEATH_COUNT","BELTED_SUSP_SERIOUS_INJ_COUNT","BICYCLE_COUNT","BICYCLE_DEATH_COUNT","BICYCLE_SUSP_SERIOUS_INJ_COUNT","BUS_COUNT","CHLDPAS_DEATH_COUNT","CHLDPAS_SUSP_SERIOUS_INJ_COUNT","COLLISION_TYPE","COMM_VEH_COUNT","CONS_ZONE_SPD_LIM","COUNTY","CRASH_MONTH","CRASH_YEAR","CRN","DAY_OF_WEEK","DEC_LAT","DEC_LONG","DISPATCH_TM","DISTRICT","DRIVER_COUNT_16YR","DRIVER_COUNT_17YR","DRIVER_COUNT_18YR","DRIVER_COUNT_19YR","DRIVER_COUNT_20YR","DRIVER_COUNT_50_64YR","DRIVER_COUNT_65_74YR","DRIVER_COUNT_75PLUS","EST_HRS_CLOSED","FATAL_COUNT","HEAVY_TRUCK_COUNT","HORSE_BUGGY_COUNT","HOUR_OF_DAY","ILLUMINATION","INJURY_COUNT","INTERSECT_TYPE","LANE_CLOSED","LATITUDE","LN_CLOSE_DIR","LOCATION_TYPE","LONGITUDE","MAX_SEVERITY_LEVEL","MCYCLE_DEATH_COUNT","MCYCLE_SUSP_SERIOUS_INJ_COUNT","MOTORCYCLE_COUNT","MUNICIPALITY","NONMOTR_COUNT","NONMOTR_DEATH_COUNT","NONMOTR_SUSP_SERIOUS_INJ_COUNT","NTFY_HIWY_MAINT","PED_COUNT","PED_DEATH_COUNT","PED_SUSP_SERIOUS_INJ_COUNT","PERSON_COUNT","POLICE_AGCY","POSSIBLE_INJ_COUNT","RDWY_SURF_TYPE_CD","RELATION_TO_ROAD","ROAD_CONDITION","SCH_BUS_IND","SCH_ZONE_IND","SMALL_TRUCK_COUNT","SPEC_JURIS_CD","SUSP_MINOR_INJ_COUNT","SUSP_SERIOUS_INJ_COUNT","SUV_COUNT","TCD_FUNC_CD","TCD_TYPE","TFC_DETOUR_IND","TIME_OF_DAY","TOT_INJ_COUNT","TOTAL_UNITS","UNB_DEATH_COUNT","UNB_SUSP_SERIOUS_INJ_COUNT","UNBELTED_OCC_COUNT","UNK_INJ_DEG_COUNT","UNK_INJ_PER_COUNT","URBAN_RURAL","VAN_COUNT","VEHICLE_COUNT","WORK_ZONE_IND","WORK_ZONE_LOC","WORK_ZONE_TYPE","WORKERS_PRES","WZ_CLOSE_DETOUR","WZ_FLAGGER","WZ_LAW_OFFCR_IND","WZ_LN_CLOSURE","WZ_MOVING","WZ_OTHER","WZ_SHLDER_MDN","ROADWAY_CLEARED","WEATHER1","WEATHER2","WZ_WORKERS_INJ_KILLED","SECONDARY_CRASH","INTERSECTION_RELATED"
"0654","1","0","0","0","0","0","0","0","0","4","0","","36","02","2021","2021013865","4","40.2137","-76.1264","0649","08","0","0","0","0","0","0","0","0","","0","0","0","06","5","1","01","0","40 12:49.356","","00","76 07:35.127","4","0","0","0","36210","0","0","0","N","0","0","0","2","36210","1","","1","01","N","N","0","","0","0","1","3","2","","0649","1","2","0","0","0","0","0","1","0","2","N","","","","","","","","","","","","04","","","N","N"
"1522","1","0","0","0","0","0","0","0","0","1","0","","36","06","2021","2021050152","3","40.0652","-76.4456","1516","08","0","1","0","0","0","0","1","0","","0","0","0","15","1","1","00","1","40 03:54.653","6","00","76 26:44.196","4","0","0","0","36239","0","0","0","N","0","0","0","3","36239","1","","1","01","N","N","0","","0","0","1","0","0","Y","1514","1","2","0","0","0","0","0","3","0","2","N","","","","","","","","","","","1630","03","","","N","N"
"0538","0","0","0","0","0","0","0","0","0","7","0","","36","02","2021","2021016079","5","40.1628","-76.236","0538","08","0","0","0","0","0","0","0","0","","0","0","0","05","3","0","00","0","40 09:46.099","","00","76 14:09.563","0","0","0","0","36235","0","0","0","N","0","0","0","1","36506","0","","4","07","N","N","1","","0","0","0","0","0","","0538","0","1","0","0","0","0","0","1","0","1","N","","","","","","","","","","","","10","10","","N","N"
"1906","2","0","0","0","0","0","0","0","0","4","0","","36","02","2021","2021013477","6","40.1669","-76.6069","1904","08","0","0","0","0","1","1","0","0","","0","0","0","19","2","2","00","2","40 10:00.804","5","07","76 36:24.915","3","0","0","0","36225","0","0","0","N","0","0","0","3","36505","0","","1","01","N","N","0","","2","0","0","0","0","N","1900","2","2","0","0","0","0","0","2","0","2","N","","","","","","","","","","","1935","03","","","N","N"
"1122","1","0","0","0","0","0","0","0","0","7","0","","36","04","2021","2021034868","7","40.1472","-76.605","1121","08","0","0","0","0","0","1","0","0","","0","0","0","11","1","2","00","0","40 08:49.956","","00","76 36:17.911","3","0","0","0","36407","0","0","0","N","0","0","0","2","36407","0","","5","01","N","N","0","","2","0","0","0","0","","1118","2","1","0","0","1","0","0","2","0","1","N","","","","","","","","","","","","03","03","","N","N"
"1550","1","0","0","0","0","0","0","0","0","4","0","","36","02","2021","2021012351","6","40.052","-76.3102","1543","08","0","0","0","0","0","1","0","0","","0","0","0","15","1","0","01","0","40 03:07.058","","00","76 18:36.898","9","0","0","0","36301","0","0","0","N","0","0","0","2","36301","0","","1","01","N","N","0","","0","0","1","3","2","","1540","0","2","0","0","0","0","1","3","0","2","N","","","","","","","","","","","","03","03","","N",""
"1506","3","0","0","0","0","0","0","0","0","1","0","","36","05","2021","2021050378","7","40.0674","-76.3317","1456","08","0","0","2","0","1","0","0","0","","0","0","0","14","1","0","06","1","40 04:03.187","4","00","76 19:53.510","0","0","0","0","36101","0","0","0","N","0","0","0","3","36101","0","","1","09","N","N","0","","0","0","0","0","0","N","1454","0","3","0","0","0","0","0","3","0","3","N","","","","","","","","","","","1611","07","07","","N",""
"0833","0","0","0","0","0","0","0","0","0","1","1","","36","06","2021","2021050383","4","40.0916","-76.1295","0829","08","0","0","0","0","0","1","0","0","","0","1","0","08","1","0","02","1","40 05:29.605","6","00","76 07:46.311","0","0","0","0","36209","0","0","0","N","0","0","0","4","36415","0","","1","01","N","N","1","","0","0","0","0","0","Y","0825","0","2","0","0","0","0","0","1","0","2","N","","","","","","","","","","","0845","03","","","N",""
"1716","2","0","0","0","0","0","0","0","0","1","0","","36","05","2021","2021045813","4","40.0135","-76.3765","1712","08","0","0","0","0","0","0","1","0","","0","0","0","17","1","1","02","1","40 00:48.708","2","00","76 22:35.295","3","0","0","0","36223","0","0","0","N","0","0","0","2","36223","0","","1","01","N","N","0","","1","0","0","0","0","Y","1712","1","2","0","0","0","0","0","1","0","2","N","","","","","","","","","","","1750","03","","","N",""
"1245","2","0","0","0","0","0","0","0","0","2","0","","36","05","2021","2021046158","2","40.0528","-76.3111","1237","08","0","0","0","0","0","0","0","0","","0","0","0","12","1","0","00","0","40 03:10.060","","00","76 18:39.920","0","0","0","0","36101","0","0","0","N","0","0","0","1","36101","0","","1","01","N","N","0","","0","0","0","0","0","","1230","0","2","0","0","0","0","0","3","0","2","N","","","","","","","","","","","","03","","","N","N"
"2211","0","0","0","0","0","0","0","0","0","7","0","","36","02","2021","2021017213","7","40.1798","-76.3583","2211","08","0","0","0","0","0","1","0","0","","0","0","0","22","2","0","00","1","40 10:47.120","6","00","76 21:29.856","0","0","0","0","36227","0","0","0","N","0","0","0","1","36506","0","","4","01","N","N","0","","0","0","0","0","0","Y","2211","0","1","0","0","0","0","0","1","1","1","N","","","","","","","","","","","2211","03","","","N","N"
"1723","2","0","0","0","0","0","0","0","0","4","0","","36","02","2021","2021014506","3","40.1354","-76.3038","1719","08","1","0","0","0","0","0","0","0","","0","0","0","17","4","0","02","2","40 08:07.503","1","00","76 18:13.762","0","0","0","0","36235","0","0","0","N","0","0","0","3","36506","0","","1","01","N","N","0","","0","0","0","3","3","N","1715","0","2","0","0","0","0","0","1","0","2","N","","","","","","","","","","","1821","03","","","N",""
"1356","2","0","0","0","0","0","0","0","0","1","0","","36","02","2021","2021016080","7","40.1534","-76.3736","1356","08","0","0","0","0","0","1","0","0","","0","0","0","13","1","0","03","1","40 09:12.275","1","00","76 22:24.998","0","0","0","0","36227","0","0","0","N","0","0","0","3","36506","0","","1","01","N","N","0","","0","0","0","0","0","N","1356","0","2","0","0","0","0","0","1","0","2","N","","","","","","","","","","","1425","03","","","N",""
"1746","0","0","0","0","0","0","0","0","0","7","0","","36","02","2021","2021012964","4","40.2403","-76.0567","1733","08","0","0","0","0","0","0","0","0","","0","0","0","17","3","0","00","1","40 14:24.958","4","00","76 03:24.143","0","0","0","0","36401","0","0","0","N","0","0","0","2","36408","0","","4","07","N","N","1","","0","0","0","0","0","N","1728","0","1","0","0","0","0","0","1","0","1","N","","","","","","","","","","","1825","03","03","","N","N"
"1656","1","0","0","0","0","0","0","0","0","4","0","","36","02","2021","2021014286","4","40.077","-76.5541","1653","08","0","0","0","0","0","1","1","0","","0","0","0","16","4","0","01","1","40 04:37.275","5","00","76 33:14.778","0","0","0","0","36211","0","0","0","N","0","0","0","2","36504","0","","1","01","N","N","1","","0","0","0","3","3","N","1650","0","2","0","0","0","0","0","1","0","2","N","","","","","","","","","","","1735","99","98","","N",""
"1735","1","0","0","0","0","0","0","0","0","4","0","","36","05","2021","2021045242","3","40.0392","-76.3533","1723","08","0","0","0","0","0","1","0","0","","0","0","0","17","1","0","01","1","40 02:20.991","3","00","76 21:12.034","0","0","0","0","36214","0","0","0","N","0","0","0","2","36214","0","","1","01","N","N","0","","0","0","1","3","3","N","1720","0","2","0","0","0","0","0","3","0","2","N","","","","","","","","","","","1755","03","03","","N",""
"1451","1","0","0","0","0","0","0","0","0","4","0","","36","02","2021","2021021277","3","39.9037","-76.2419","1435","08","0","0","0","0","0","2","0","0","","0","0","0","14","1","4","02","2","39 54:13.186","1","00","76 14:30.682","3","0","0","0","36229","0","0","0","N","0","0","0","4","68J01","1","","1","01","Y","N","0","","3","0","0","0","0","N","1433","4","2","0","0","0","0","0","1","1","2","N","","","","","","","","","","","1547","03","03","","N","N"
"1310","0","0","0","0","0","0","0","0","0","1","2","","36","05","2021","2021050729","2","40.0379","-76.1058","1255","08","0","0","0","0","0","0","0","0","","0","2","0","12","1","0","00","2","40 02:16.478","6","00","76 06:20.754","0","0","0","0","36221","0","0","0","N","0","0","0","2","68J01","0","","1","01","N","N","0","","0","0","0","0","0","Y","1255","0","2","0","0","0","0","0","1","0","2","N","","","","","","","","","","","0100","03","","","N","N"
"0230","2","0","0","0","0","0","0","0","0","4","0","","36","05","2021","2021048582","2","40.0377","-76.3085","0222","08","0","0","0","1","0","0","0","0","","0","0","0","02","3","0","01","1","40 02:15.572","2","00","76 18:30.512","9","0","0","0","36301","0","0","0","N","0","0","0","3","36301","0","","1","01","N","N","0","","0","0","0","3","2","Y","0221","0","2","0","0","0","0","1","3","0","2","N","","","","","","","","","","","0320","03","03","","N",""
"0730","1","0","0","0","0","0","0","0","0","7","0","","36","05","2021","2021049354","1","40.0683","-76.412","0723","08","0","0","0","1","0","0","0","0","","0","0","0","07","1","0","00","2","40 04:06.013","1","00","76 24:43.063","0","0","0","0","36214","0","0","0","N","0","0","0","1","36214","0","","5","09","N","N","0","","0","0","0","0","0","N","0717","0","1","0","0","0","0","0","3","0","1","N","","","","","","","","","","","0813","07","04","","N","N"
"0252","0","0","0","0","0","0","0","0","0","7","0","","36","05","2021","2021049476","7","40.0624","-76.3531","0245","08","0","0","0","0","0","0","0","0","","0","0","0","02","2","0","02","0","40 03:44.492","","00","76 21:11.066","9","0","0","0","36214","0","0","0","N","0","0","0","1","36214","0","","4","09","N","N","0","","0","0","1","0","0","","0240","0","1","0","0","0","0","1","3","0","1","N","","","","","","","","","","","","07","07","","N",""
"1344","2","0","0","0","0","0","0","0","0","4","0","","36","02","2021","2021016015","6","40.228","-76.0877","1338","08","0","0","0","0","0","1","0","1","","0","0","0","13","1","1","00","1","40 13:40.898","1","07","76 05:15.812","3","0","0","0","36210","0","0","0","N","0","0","0","2","36210","0","","1","01","N","N","0","","1","0","0","3","3","N","1338","1","2","0","0","0","0","0","1","0","2","N","","","","","","","","","","","1425","03","","","N","Y"
"2201","2","0","0","0","0","0","0","0","0","1","0","","36","02","2021","2021012810","7","40.0273","-76.3037","2158","08","0","0","0","0","0","0","0","0","","0","0","0","21","3","1","02","0","40 01:38.209","","00","76 18:13.347","3","0","0","0","36301","0","0","0","N","0","0","0","3","36301","0","","1","02","N","N","0","","1","0","0","3","2","","2156","1","2","0","0","0","0","0","3","0","2","N","","","","","","","","","","","","03","","","N",""
"1155","0","0","0","0","0","0","0","0","0","2","0","","36","05","2021","2021047571","7","40.2045","-76.166","1153","08","0","0","0","0","0","1","0","0","","0","0","0","11","1","1","00","2","40 12:16.270","5","00","76 09:57.541","4","0","0","0","36218","0","0","0","N","0","0","0","3","36408","1","","1","01","N","N","0","","0","0","2","0","0","Y","1151","1","2","0","0","0","0","0","1","0","2","N","","","","","","","","","","","1245","03","03","","N","N"
"1606","1","0","0","0","0","0","0","0","0","7","0","","36","05","2021","2021046227","5","39.917","-76.2553","1534","08","0","0","0","0","0","1","0","0","","0","0","0","15","1","0","00","2","39 55:01.220","5","00","76 15:19.010","9","0","0","0","36229","0","0","0","N","0","0","0","1","68J01","0","","5","01","N","N","0","","0","0","0","0","0","N","1526","0","1","0","0","0","0","1","1","0","1","N","","","","","","","","","","","0005","03","","","N","N"
"1512","0","0","0","0","0","0","0","0","0","1","0","","36","05","2021","2021046159","2","40.081","-76.3276","1505","08","0","0","1","0","0","0","0","0","","0","0","0","15","1","0","00","1","40 04:51.666","1","00","76 19:39.234","0","0","0","0","36101","0","0","0","N","0","0","0","2","36101","0","","1","01","N","N","1","","0","0","1","0","0","N","1503","0","2","0","0","0","0","0","3","0","2","N","","","","","","","","","","","0050","03","","","N","N"
"1700","2","0","0","0","0","0","0","0","0","1","0","","36","02","2021","2021015556","6","40.1065","-76.2005","1658","08","0","0","0","0","0","0","0","0","","0","0","0","16","1","0","00","1","40 06:23.502","1","00","76 12:01.900","0","0","0","0","36238","0","0","0","N","0","0","0","2","36301","0","","2","01","N","N","0","","0","0","0","0","0","N","1658","0","2","0","0","0","0","0","3","0","2","N","","","","","","","","","","","1740","03","","","N","Y"
"1705","1","0","0","0","0","0","0","0","0","1","0","","36","02","2021","2021016078","3","40.1298","-76.3048","1655","08","0","0","0","0","0","1","0","0","","0","0","0","16","1","0","00","0","40 07:47.133","","00","76 18:17.233","0","0","0","0","36235","0","0","0","N","0","0","0","2","36506","0","","1","01","N","N","0","","0","0","1","3","2","","1654","0","2","0","0","0","0","0","1","0","2","N","","","","","","","","","","","","03","03","","N","Y"
"0728","2","0","0","0","0","0","0","0","0","4","0","","36","02","2021","2021013303","3","40.0369","-76.322","0722","08","0","0","0","1","0","1","0","0","","0","0","0","07","1","0","01","1","40 02:12.818","3","00","76 19:19.192","0","0","0","0","36301","0","0","0","N","0","0","0","4","36301","0","","1","01","N","N","0","","0","0","0","0","0","Y","0722","0","2","0","0","0","0","0","3","0","2","N","","","","","","","","","","","0910","03","","","N","N"
"0658","1","0","0","0","0","0","0","0","0","6","0","","36","04","2021","2021041717","3","40.17","-76.0504","0645","08","0","0","0","0","0","0","0","0","","0","0","0","06","1","1","00","2","40 10:12.014","5","00","76 03:01.320","3","0","0","0","36213","0","0","0","N","0","0","0","3","36213","0","","1","01","N","N","0","","1","0","1","0","0","Y","0640","1","2","0","0","1","0","0","1","0","2","N","","","","","","","","","","","0735","03","03","","N","N"
"1117","0","0","0","0","0","0","0","0","0","1","0","","36","05","2021","2021045441","7","40.0298","-76.3828","1116","08","0","0","0","0","0","0","0","1","","0","0","0","11","1","5","02","2","40 01:47.107","1","00","76 22:58.195","8","0","0","0","36223","0","0","0","N","0","0","0","5","36223","0","","1","01","N","N","0","","0","0","2","0","0","Y","1113","5","2","0","0","0","5","0","1","0","2","N","","","","","","","","","","","1205","03","","","N",""
"1316","0","0","0","0","0","0","0","0","0","1","1","","36","05","2021","2021045496","4","40.0048","-76.1046","1301","08","0","0","0","0","1","0","0","0","","0","1","0","12","1","1","00","1","40 00:17.104","3","00","76 06:16.504","3","0","0","0","36226","0","0","0","N","0","0","0","2","68J01","0","","1","01","N","N","0","","1","0","1","0","0","N","1255","1","2","0","0","1","0","0","1","0","2","N","","","","","","","","","","","1358","03","","","N","N"
"0350","2","0","0","0","0","0","0","0","0","5","0","","36","05","2021","2021044307","7","40.0372","-76.3162","0344","08","0","0","0","0","0","0","0","0","","0","0","0","03","3","0","00","1","40 02:14.013","3","00","76 18:58.247","0","0","0","0","36301","0","0","0","N","0","0","0","1","36301","0","","1","01","N","N","0","","0","0","0","0","0","Y","0340","0","2","0","0","0","0","0","3","0","2","N","","","","","","","","","","","0421","03","03","","N","N"
"1815","0","0","0","0","0","0","0","0","0","7","0","","36","05","2021","2021051271","2","40.1719","-75.976","1800","08","0","0","0","0","0","0","0","0","","0","0","0","18","1","0","00","1","40 10:18.998","4","00","75 58:32.554","0","0","0","0","36202","0","0","0","N","0","0","0","1","68T06","0","","4","01","N","N","0","","0","0","1","0","0","N","1800","0","1","0","0","1","0","0","1","0","1","N","","","","","","","","","","","1835","03","","","N","N"
"0201","1","0","0","0","0","0","0","0","0","4","0","","36","02","2021","2021011969","6","39.9901","-76.2399","0201","08","0","0","0","0","0","0","1","0","","0","0","0","02","3","1","01","0","39 59:24.433","","00","76 14:23.626","8","0","0","0","36240","0","0","0","N","0","0","0","4","36240","0","","1","09","N","N","0","","0","0","0","3","2","N","0201","1","2","0","0","0","1","0","1","1","2","N","","","","","","","","","","","","07","","","N",""
"0007","0","0","0","0","0","0","0","0","0","1","0","","36","02","2021","2021015421","7","40.0287","-76.3146","0001","08","0","0","0","0","0","0","0","0","","0","0","0","23","3","0","00","2","40 01:43.464","2","00","76 18:52.675","0","0","0","0","36301","0","0","0","N","0","0","0","2","36301","0","","6","01","N","N","0","","0","0","2","0","0","Y","2359","0","2","0","0","0","0","0","3","0","2","N","","","","","","","","","","","0057","03","03","","N","N"
"0314","3","0","0","0","0","0","0","0","0","6","0","","36","02","2021","2021013473","5","39.9977","-76.3677","0306","08","0","0","0","0","0","0","0","0","","0","0","0","03","3","1","00","2","39 59:51.740","5","00","76 22:03.550","3","0","0","0","36223","0","0","0","N","0","0","0","1","36223","0","","6","01","N","N","0","","1","0","2","0","0","Y","0305","1","5","0","0","0","0","0","1","0","5","N","","","","","","","","","","","0417","03","03","","N","N"
"1009","1","0","0","0","0","0","0","0","0","2","0","","36","05","2021","2021049090","6","40.0378","-76.3637","1005","08","0","0","0","0","0","1","0","0","","0","0","0","10","1","0","01","2","40 02:16.155","6","00","76 21:49.258","0","0","0","0","36223","0","0","0","N","0","0","0","2","36223","0","","1","01","N","N","1","","0","0","0","3","3","Y","1000","0","2","0","0","0","0","0","1","0","2","N","","","","","","","","","","","1100","03","03","","N",""
"0604","1","0","0","0","0","0","0","0","0","7","0","","36","05","2021","2021044815","1","40.1501","-76.3072","0602","08","0","0","1","0","0","0","0","0","","0","0","0","06","1","0","00","2","40 09:00.419","6","00","76 18:26.078","9","0","0","0","36409","0","0","0","N","0","0","0","1","36409","0","","5","01","N","N","0","","0","0","0","0","0","Y","0601","0","1","0","0","0","0","1","3","0","1","N","","","","","","","","","","","0655","03","03","","N","N"
"0719","1","0","0","0","0","0","0","0","0","1","0","","36","04","2021","2021044899","6","40.1645","-76.2007","0716","08","0","0","0","0","0","0","0","0","","0","0","0","07","1","1","00","0","40 09:52.136","","00","76 12:02.631","4","0","0","0","36218","0","0","0","N","0","0","0","2","36408","1","","1","01","N","N","0","","0","0","1","0","0","","0716","1","2","0","0","0","0","0","1","0","2","N","","","","","","","","","","","","03","","","N","N"
"1455","1","0","0","0","0","0","0","0","0","4","0","","36","05","2021","2021041875","6","40.1873","-76.1844","1451","08","0","0","0","0","0","1","0","0","","0","0","0","14","1","0","01","0","40 11:14.331","","00","76 11:03.790","0","0","0","0","36408","0","0","0","N","0","0","0","2","36408","0","","1","01","N","N","1","","0","0","0","3","2","","1451","0","2","0","0","0","0","0","2","0","2","N","","","","","","","","","","","","03","","","N","N"
"1956","1","0","0","0","0","0","0","0","0","7","0","","36","05","2021","2021044814","2","40.0532","-76.3912","1946","08","0","0","0","0","0","0","0","0","","0","0","0","19","4","1","00","1","40 03:11.471","3","00","76 23:28.432","3","0","0","0","36214","0","0","0","N","0","0","0","1","36214","0","","5","01","N","N","0","","1","0","0","0","0","N","1940","1","1","0","0","0","0","0","3","0","1","N","","","","","","","","","","","2015","03","03","","N","N"
"0509","1","0","0","0","0","0","0","0","0","5","0","","36","05","2021","2021045241","3","40.0514","-76.3948","0502","08","0","0","0","0","0","2","0","0","","0","0","0","05","3","1","07","0","40 03:05.041","","02","76 23:41.408","3","0","0","1","36214","0","0","0","N","0","0","0","2","36214","0","","1","01","N","N","0","","1","0","0","0","0","","0500","1","2","0","0","0","0","0","3","0","2","N","","","","","","","","","","","","03","","","N",""
"1435","1","0","0","0","0","0","0","0","0","2","0","","36","04","2021","2021032918","1","40.2432","-76.1899","1432","08","0","1","0","0","0","0","0","0","","0","0","0","14","1","0","00","2","40 14:35.431","6","00","76 11:23.476","0","0","0","0","36236","0","0","0","N","0","0","0","2","36408","0","","1","09","N","N","0","","0","0","1","0","0","Y","1432","0","2","0","0","0","0","0","1","0","2","N","","","","","","","","","","","1500","07","","","N","N"
"1756","0","0","0","0","0","0","0","0","0","7","0","","36","01","2021","2021007206","5","40.0997","-76.4139","1745","08","0","1","0","0","0","0","0","0","","0","0","0","17","2","0","00","1","40 05:58.939","4","00","76 24:49.947","0","0","0","0","36214","0","0","0","N","0","0","0","1","36214","0","","4","01","N","N","0","","0","0","1","0","0","N","1743","0","1","0","0","0","0","0","3","0","1","N","","","","","","","","","","","0645","03","03","","N","N"
"1107","1","0","0","0","0","0","0","0","0","7","0","","36","05","2021","2021040173","2","40.0587","-76.3545","1107","08","0","0","0","0","1","0","0","0","","0","0","0","11","1","0","00","1","40 03:31.230","2","00","76 21:16.210","0","0","0","0","36214","0","0","0","N","0","0","0","1","36214","0","","2","09","N","N","0","","0","0","0","0","0","N","1100","0","1","0","0","0","0","0","3","0","1","N","","","","","","","","","","","1130","04","07","","N","N"
"2214","1","0","0","0","0","0","0","0","0","7","0","","36","01","2021","2021010931","1","40.0141","-76.3131","2212","08","0","0","0","0","0","0","0","0","","0","0","0","22","3","1","00","1","40 00:50.640","2","07","76 18:47.240","4","0","0","0","36220","0","0","0","N","0","0","0","1","36101","1","","4","01","N","N","0","","0","0","0","0","0","N","2212","1","1","0","0","1","0","0","3","0","1","N","","","","","","","","","","","2330","03","03","","N","N"
"0511","2","0","0","0","0","0","0","0","0","4","0","","36","04","2021","2021041929","6","40.0545","-76.2892","0507","08","0","0","0","0","0","1","0","0","","0","0","0","04","3","0","00","0","40 03:16.070","","00","76 17:21.020","0","0","0","0","36101","0","0","0","N","0","0","0","1","36101","0","","2","01","N","N","0","","0","0","1","0","0","","0430","0","3","0","0","0","0","0","3","0","3","N","","","","","","","","","","","","03","","","N","N"
"1634","1","0","0","0","0","0","0","0","0","4","0","","36","01","2021","2021007822","6","40.1559","-76.3435","1632","08","0","0","0","1","0","1","0","0","","0","0","0","16","1","1","01","2","40 09:21.372","6","00","76 20:36.769","8","0","0","0","36227","0","0","0","N","0","0","0","3","36506","0","","1","01","N","N","0","","0","0","1","3","3","Y","1625","1","2","0","0","0","1","0","1","0","2","N","","","","","","","","","","","1725","04","","","N",""
"2331","1","0","0","0","0","0","0","0","0","1","0","","36","01","2021","2021004066","1","40.0413","-76.4265","2331","08","0","0","0","0","0","0","1","0","","0","0","0","23","3","0","05","1","40 02:28.660","1","00","76 25:35.429","0","0","0","0","36414","0","0","0","N","0","0","0","1","36239","0","","1","01","N","N","0","","0","0","0","0","0","N","2331","0","2","0","0","0","0","0","3","1","2","N","","","","","","","","","","","0000","03","03","","N",""
"0720","1","0","0","0","0","0","0","0","0","4","0","","36","04","2021","2021038270","1","40.0574","-76.4043","0715","08","0","0","0","1","0","0","0","0","","0","0","0","07","1","0","00","2","40 03:26.623","1","00","76 24:15.479","0","0","0","0","36239","0","0","0","N","0","0","0","2","36239","0","","1","09","N","N","0","","0","0","1","0","0","N","0715","0","2","0","0","1","0","0","3","0","2","N","","","","","","","","","","","0800","07","","","N","N"
"1735","0","0","0","0","0","0","0","0","0","4","0","","36","02","2021","2021016314","1","40.0351","-76.3149","1730","08","0","0","0","0","0","1","0","0","","0","0","0","17","1","0","02","1","40 02:06.362","5","07","76 18:53.715","0","0","0","0","36301","0","0","0","N","0","0","0","2","36301","0","","1","01","N","N","0","","0","0","1","0","0","N","1726","0","2","0","0","0","0","0","3","1","2","N","","","","","","","","","","","1832","04","","","N","N"
"0834","0","0","0","0","0","0","0","0","0","7","0","","36","04","2021","2021034421","7","40.255","-76.0871","0830","08","0","0","0","0","0","0","0","0","","0","0","0","08","1","0","00","2","40 15:18.091","6","00","76 05:13.637","0","0","0","0","36210","0","0","0","N","0","0","0","1","36210","0","","5","01","N","N","1","","0","0","0","0","0","Y","0830","0","1","0","0","0","0","0","1","0","1","N","","","","","","","","","","","1030","04","","","N","N"
"1405","0","0","0","0","0","0","0","0","0","5","0","","36","01","2021","2021006650","3","40.156","-76.3072","1405","08","0","0","0","0","0","1","1","0","","0","0","0","14","1","0","00","0","40 09:21.553","","00","76 18:26.075","0","0","0","0","36409","0","0","0","N","0","0","0","4","36409","0","","1","01","N","N","0","","0","0","1","0","0","","1405","0","2","0","0","0","0","0","3","1","2","N","","","","","","","","","","","","03","","","N","N"
"1418","1","0","0","0","0","0","0","0","0","7","0","","36","05","2021","2021044654","2","39.9687","-76.1767","1410","08","0","0","0","0","0","0","0","0","","0","0","0","13","1","1","00","2","39 58:07.348","1","00","76 10:36.241","3","0","0","0","36233","0","0","0","N","0","0","0","1","68J01","0","","4","09","N","N","0","","1","0","0","0","0","N","1359","1","1","0","0","0","0","0","1","0","1","N","","","","","","","","","","","1500","07","","","N","N"
"0903","1","0","0","0","0","0","0","0","0","4","1","90","36","05","2021","2021043251","3","40.033","-76.3068","0859","08","0","0","0","0","0","0","0","0","","0","1","0","08","1","0","01","0","40 01:58.902","","00","76 18:24.637","9","0","0","0","36301","0","0","0","N","0","0","0","1","36301","0","","1","01","N","N","0","","0","0","0","0","0","","0837","0","2","0","0","0","0","1","3","0","2","Y","4","1","Y","","Y","N","Y","","","Y","","04","","N","N",""
"1646","1","0","0","0","0","0","0","0","0","7","0","","36","05","2021","2021044243","6","40.0406","-76.2744","1629","08","0","1","0","0","0","0","0","0","","0","0","0","16","1","1","00","0","40 02:26.100","","00","76 16:27.930","4","0","0","0","36220","0","0","0","N","0","0","0","1","36101","1","","5","01","N","N","0","","0","0","0","0","0","","1627","1","1","0","0","0","0","0","3","0","1","N","","","","","","","","","","","","03","03","","N","N"
"2021","1","0","0","0","0","0","0","0","0","7","0","","36","05","2021","2021044562","7","40.0339","-76.43","2014","08","0","0","0","0","0","0","0","0","","0","0","0","20","4","0","00","2","40 02:02.036","5","00","76 25:48.048","0","0","0","0","36239","0","0","0","N","0","0","0","1","36239","0","","5","01","N","N","0","","0","0","0","0","0","Y","2014","0","1","0","0","0","0","0","3","0","1","N","","","","","","","","","","","2100","03","","","N","N"
"0707","2","0","0","0","0","0","0","0","0","2","0","","36","05","2021","2021045034","4","40.1729","-76.5475","0704","08","0","0","0","0","0","1","0","0","","0","0","0","07","1","2","00","2","40 10:22.360","7","00","76 32:51.030","3","0","0","0","36225","0","0","0","N","0","0","0","2","36505","0","","1","01","N","N","0","","2","0","0","0","0","N","0704","2","2","0","0","0","0","0","2","0","2","N","","","","","","","","","","","0800","03","03","","N","N"