"ARRIVAL_TM","AUTOMOBILE_COUNT","BELTED_DEATH_COUNT","BELTED_SUSP_SERIOUS_INJ_COUNT","BICYCLE_COUNT","BICYCLE_DEATH_COUNT","BICYCLE_SUSP_SERIOUS_INJ_COUNT","BUS_COUNT","CHLDPAS_DEATH_COUNT","CHLDPAS_SUSP_SERIOUS_INJ_COUNT","COLLISION_TYPE","COMM_VEH_COUNT","CONS_ZONE_SPD_LIM","COUNTY","CRASH_MONTH","CRASH_YEAR","CRN","DAY_OF_WEEK","DEC_LAT","DEC_LONG","DISPATCH_TM","DISTRICT","DRIVER_COUNT_16YR","DRIVER_COUNT_17YR","DRIVER_COUNT_18YR","DRIVER_COUNT_19YR","DRIVER_COUNT_20YR","DRIVER_COUNT_50_64YR","DRIVER_COUNT_65_74YR","DRIVER_COUNT_75PLUS","EST_HRS_CLOSED","FATAL_COUNT","HEAVY_TRUCK_COUNT","HORSE_BUGGY_COUNT","HOUR_OF_DAY","ILLUMINATION","INJURY_COUNT","INTERSECT_TYPE","LANE_CLOSED","LATITUDE","LN_CLOSE_DIR","LOCATION_TYPE","LONGITUDE","MAX_SEVERITY_LEVEL","MCYCLE_DEATH_COUNT","MCYCLE_SUSP_SERIOUS_INJ_COUNT","MOTORCYCLE_COUNT","MUNICIPALITY","NONMOTR_COUNT","NONMOTR_DEATH_COUNT","NONMOTR_SUSP_SERIOUS_INJ_COUNT","NTFY_HIWY_MAINT","PED_COUNT","PED_DEATH_COUNT","PED_SUSP_SERIOUS_INJ_COUNT","PERSON_COUNT","POLICE_AGCY","POSSIBLE_INJ_COUNT","RDWY_SURF_TYPE_CD","RELATION_TO_ROAD","ROAD_CONDITION","SCH_BUS_IND","SCH_ZONE_IND","SMALL_TRUCK_COUNT","SPEC_JURIS_CD","SUSP_MINOR_INJ_COUNT","SUSP_SERIOUS_INJ_COUNT","SUV_COUNT","TCD_FUNC_CD","TCD_TYPE","TFC_DETOUR_IND","TIME_OF_DAY","TOT_INJ_COUNT","TOTAL_UNITS","UNB_DEATH_COUNT","UNB_SUSP_SERIOUS_INJ_COUNT","UNBELTED_OCC_COUNT","UNK_INJ_DEG_COUNT","UNK_INJ_PER_COUNT","URBAN_RURAL","VAN_COUNT","VEHICLE_COUNT","WORK_ZONE_IND","WORK_ZONE_LOC","WORK_ZONE_TYPE","WORKERS_PRES","WZ_CLOSE_DETOUR","WZ_FLAGGER","WZ_LAW_OFFCR_IND","WZ_LN_CLOSURE","WZ_MOVING","WZ_OTHER","WZ_SHLDER_MDN","ROADWAY_CLEARED","WEATHER1","WEATHER2","WZ_WORKERS_INJ_KILLED","SECONDARY_CRASH","INTERSECTION_RELATED"
"0641","0","0","0","0","0","0","0","0","0","7","0","","36","01","2021","2021006221","2","40.1218","-76.1293","0631","08","0","0","0","0","0","0","0","0","","0","0","0","06","2","0","00","1","40 07:18.500","5","00","76 07:45.500","0","0","0","0","36209","0","0","0","N","0","0","0","1","36415","0","","4","02","N","N","1","","0","0","0","0","0","N","0626","0","1","0","0","0","0","0","1","0","1","N","","","","","","","","","","","0800","06","","","N","N"
"1945","0","0","0","0","0","0","0","0","0","7","0","","36","05","2021","2021046217","2","39.8806","-76.2448","1923","08","0","0","0","0","0","0","0","0","","0","0","0","19","1","1","00","0","39 52:50.301","","00","76 14:41.211","3","0","0","0","36229","0","0","0","N","0","0","0","1","68J01","0","","5","01","N","N","1","","1","0","0","0","0","","1909","1","1","0","0","0","0","0","1","0","1","N","","","","","","","","","","","","03","","","N","N"
"0353","1","0","0","0","0","0","0","0","0","7","0","","36","05","2021","2021044651","1","39.7819","-76.0884","0239","08","0","0","0","0","0","0","0","0","","0","0","0","02","2","0","00","1","39 46:54.894","6","00","76 05:18.251","9","0","0","0","36222","0","0","0","N","0","0","0","1","68J01","0","","4","01","N","N","0","","0","0","0","0","0","N","0237","0","1","0","0","0","0","1","1","0","1","N","","","","","","","","","","","0100","03","","","N","N"
"1100","1","0","0","0","0","0","0","0","0","7","0","","36","01","2021","2021010476","1","40.1299","-76.5263","1048","08","0","0","0","0","0","0","0","0","","0","0","0","10","1","0","00","0","40 07:47.563","","00","76 31:34.799","0","0","0","0","36225","0","0","0","N","0","0","0","1","36505","0","","5","02","N","N","0","","0","0","0","0","0","","1048","0","1","0","0","0","0","0","2","0","1","N","","","","","","","","","","","","10","10","","N","N"
"1648","2","0","0","0","0","0","0","0","0","4","0","","36","01","2021","2021005298","6","40.0388","-76.3129","1643","08","0","0","0","0","0","0","0","0","","0","0","0","16","4","1","01","0","40 02:19.654","","00","76 18:46.345","8","0","0","0","36301","0","0","0","N","0","0","0","3","36301","0","","1","01","N","N","0","","0","0","0","3","2","","1639","1","2","0","0","0","1","0","3","0","2","N","","","","","","","","","","","","04","","","N",""
"2139","1","0","0","0","0","0","0","0","0","7","0","","36","03","2021","2021031949","6","40.1279","-76.2208","2136","08","0","0","0","0","0","1","0","0","","0","0","0","21","2","0","00","9","40 07:40.426","2","07","76 13:14.852","0","0","0","0","36238","0","0","0","N","0","0","0","1","36238","0","","4","01","N","N","0","","0","0","0","0","0","N","2136","0","1","0","0","0","0","0","3","0","1","N","","","","","","","","","","","2200","03","","","N","N"
"1847","2","0","0","0","0","0","0","0","0","4","0","","36","04","2021","2021033028","1","40.2911","-76.1482","1829","08","0","0","0","0","1","0","0","0","","0","0","0","18","1","1","01","2","40 17:27.813","7","00","76 08:53.468","8","0","0","0","36236","0","0","0","N","0","0","0","3","36408","0","","1","01","N","N","0","","0","0","0","3","3","Y","1825","1","2","0","0","0","1","0","1","0","2","N","","","","","","","","","","","1923","03","03","","N","N"
"1823","2","0","0","0","0","0","0","0","0","1","0","","36","04","2021","2021036799","4","40.0627","-76.4281","1820","08","1","0","0","0","0","0","0","0","","0","0","0","18","1","1","02","1","40 03:45.557","3","00","76 25:41.192","3","0","0","0","36239","0","0","0","N","0","0","0","3","36239","0","","1","01","N","N","0","","1","0","0","0","0","N","1819","1","2","0","0","0","0","0","3","0","2","N","","","","","","","","","","","1908","04","04","","N",""
"0957","2","0","0","0","0","0","0","0","0","1","0","","36","01","2021","2021003065","3","40.0746","-76.3365","0944","08","0","0","0","0","0","0","0","0","","0","0","0","09","1","0","06","1","40 04:27.533","2","02","76 20:10.879","0","0","0","0","36101","0","0","0","N","0","0","0","2","36101","0","","7","01","N","N","0","","0","0","0","3","4","N","0942","0","2","0","0","0","0","0","3","0","2","N","","","","","","","","","","","1051","03","04","","N",""
"1515","2","0","0","0","0","0","0","0","0","4","0","","36","01","2021","2021005349","6","40.0361","-76.3075","1508","08","0","0","0","0","0","1","0","0","","0","0","0","15","1","0","01","0","40 02:10.049","","00","76 18:26.872","0","0","0","0","36301","0","0","0","N","0","0","0","2","36301","0","","1","01","N","N","0","","0","0","0","3","2","","1503","0","2","0","0","0","0","0","3","0","2","N","","","","","","","","","","","","04","","","N",""
"0044","1","0","0","0","0","0","0","0","0","0","0","35","36","04","2021","2021036797","1","40.0858","-76.2064","0041","08","0","0","0","0","0","0","0","0","","0","0","0","00","3","0","00","0","40 05:08.896","","00","76 12:23.120","0","0","0","0","36234","0","0","0","N","0","0","0","1","36215","0","","1","01","N","N","0","","0","0","0","0","0","","0005","0","1","0","0","0","0","0","1","0","1","Y","4","1","N","N","N","N","N","N","N","Y","","04","","N","N","N"
"0658","1","0","0","0","0","0","0","0","0","7","0","","36","05","2021","2021042092","7","40.002","-76.4227","0652","08","0","0","0","0","0","0","0","0","","0","0","0","06","1","1","00","1","40 00:07.245","1","00","76 25:21.680","3","0","0","0","36223","0","0","0","N","0","0","0","1","36223","0","","5","01","N","N","0","","1","0","0","0","0","N","0651","1","1","0","0","0","0","0","1","0","1","N","","","","","","","","","","","0108","04","98","","N","N"
"0800","0","0","0","0","0","0","0","0","0","1","0","","36","05","2021","2021043548","3","40.0485","-76.2941","0749","08","0","0","0","0","0","0","0","0","","0","0","0","07","1","1","01","1","40 02:54.467","1","00","76 17:38.677","8","0","0","0","36301","0","0","0","N","0","0","0","2","36301","0","","1","01","N","N","0","","0","0","2","3","2","N","0748","1","2","0","0","0","1","0","3","0","2","N","","","","","","","","","","","0841","03","","","N",""
"1554","0","0","0","0","0","0","0","0","0","4","0","","36","03","2021","2021028292","2","40.1798","-76.1709","1551","08","0","0","0","0","0","0","0","0","","0","0","0","15","1","0","01","0","40 10:47.157","","00","76 10:15.380","0","0","0","0","36408","0","0","0","N","0","0","0","2","36408","0","","1","01","N","N","0","","0","0","2","3","3","","1551","0","2","0","0","0","0","0","2","0","2","N","","","","","","","","","","","","03","03","","N",""
"1530","1","0","0","0","0","0","0","0","0","7","0","","36","01","2021","2021011337","1","40.0838","-76.2731","1517","08","0","0","0","0","0","0","0","0","","0","0","0","15","1","0","00","1","40 05:01.732","2","00","76 16:23.039","0","0","0","0","36101","0","0","0","N","0","0","0","1","36101","0","","4","07","N","N","0","","0","0","0","0","0","N","1515","0","1","0","0","0","0","0","3","0","1","N","","","","","","","","","","","1600","10","","","N","N"
"1156","2","0","0","0","0","0","0","0","0","4","0","","36","02","2021","2021020884","5","40.1943","-76.5499","1141","08","0","0","0","0","0","0","1","0","","0","0","0","11","1","1","00","1","40 11:39.400","4","07","76 32:59.700","3","0","0","0","36225","0","0","0","N","0","0","0","2","36505","0","","1","01","N","N","0","","1","0","0","0","0","N","1138","1","2","0","0","0","0","0","2","0","2","N","","","","","","","","","","","1230","03","03","","N","N"
"2331","1","0","0","0","0","0","0","0","0","7","0","","36","01","2021","2021001772","3","40.2041","-76.1182","2322","08","0","0","0","0","0","0","0","0","","0","0","0","23","2","0","00","0","40 12:14.651","","00","76 07:05.693","0","0","0","0","36210","0","0","0","N","0","0","0","1","36210","0","","2","01","N","N","0","","0","0","0","0","0","","2322","0","1","0","0","0","0","0","1","0","1","N","","","","","","","","","","","","03","","","N","N"
"1343","1","0","0","0","0","0","0","0","0","7","0","","36","01","2021","2021009378","3","40.041","-76.2916","1332","08","0","0","0","0","0","0","0","0","","0","0","0","13","1","0","01","0","40 02:27.689","","00","76 17:29.630","0","0","0","0","36301","0","0","0","N","0","0","0","1","36301","0","","4","01","N","N","0","","0","0","0","3","2","","1330","0","1","0","0","0","0","0","3","0","1","N","","","","","","","","","","","","04","","","N",""
"1818","1","0","0","0","0","0","0","0","0","4","0","","36","01","2021","2021014748","6","39.8389","-76.3072","1807","08","0","0","0","0","0","1","1","0","","0","0","0","18","2","0","01","0","39 50:19.997","","00","76 18:25.872","0","0","0","0","36224","0","0","0","N","0","0","0","2","68J01","0","","1","01","N","N","1","","0","0","0","3","3","","1803","0","2","0","0","0","0","0","1","0","2","N","","","","","","","","","","","","03","03","","N","N"
"2125","0","0","0","0","0","0","0","0","0","4","0","","36","01","2021","2021002415","4","40.0403","-76.3769","2121","08","0","0","0","0","0","1","0","1","","0","0","0","21","3","0","00","1","40 02:24.975","4","07","76 22:36.799","0","0","0","0","36223","0","0","0","N","0","0","0","3","36214","0","","1","01","N","N","0","","0","0","1","0","0","N","2117","0","2","0","0","0","0","0","1","1","2","N","","","","","","","","","","","2200","03","","","N","N"
"1717","0","0","0","0","0","0","0","0","0","8","0","","36","04","2021","2021045024","5","40.1636","-76.3955","1715","08","0","0","0","0","0","0","0","0","","0","0","0","17","1","1","00","2","40 09:49.105","4","00","76 23:43.951","2","0","0","0","36410","1","0","1","N","1","0","1","2","36410","0","","1","01","N","N","0","","0","1","1","0","0","Y","1715","1","2","0","0","0","0","0","2","0","1","N","","","","","","","","","","","1745","03","03","","N","N"
"1654","1","0","0","0","0","0","0","0","0","4","0","","36","04","2021","2021040748","1","40.0346","-76.3072","1653","08","0","0","0","0","0","0","0","0","","0","0","0","16","1","1","01","1","40 02:04.495","2","00","76 18:25.758","3","0","0","1","36301","0","0","0","N","0","0","0","2","36301","0","","1","01","N","N","0","","1","0","0","3","3","N","1648","1","2","0","0","0","0","0","3","0","2","N","","","","","","","","","","","1748","03","03","","N",""
"1143","0","0","0","0","0","0","0","0","0","1","0","","36","01","2021","2021009838","7","40.0258","-76.3628","1134","08","0","0","0","0","0","0","1","1","","0","0","0","11","1","1","02","0","40 01:32.856","","00","76 21:46.109","4","0","0","0","36223","0","0","0","N","0","0","0","2","36223","1","","1","01","N","N","1","","0","0","1","0","0","","1114","1","2","0","0","0","0","0","1","0","2","N","","","","","","","","","","","","04","03","","N",""
"1709","3","0","0","0","0","0","0","0","0","4","0","","36","04","2021","2021039380","7","40.0251","-76.3039","1705","08","0","0","0","0","1","0","0","0","","0","0","0","17","1","0","01","0","40 01:30.378","","00","76 18:14.198","0","0","0","0","36301","0","0","0","N","0","0","0","3","36301","0","","1","01","N","N","0","","0","0","0","3","3","N","1705","0","3","0","0","0","0","0","3","0","3","N","","","","","","","","","","","","03","03","","N",""
"1354","0","0","0","0","0","0","0","0","0","4","0","","36","03","2021","2021043594","3","39.975","-76.0418","1336","08","0","0","0","0","0","1","1","0","","1","0","0","13","1","0","02","2","39 58:29.967","6","00","76 02:30.317","1","1","0","1","36231","0","0","0","N","0","0","0","2","68J01","0","2","1","01","N","N","0","0","0","0","0","3","3","Y","1333","0","2","0","0","0","0","0","1","1","2","N","","","","","","","","","","","1725","03","03","","N","N"
"0716","0","0","0","0","0","0","0","0","0","1","0","","36","05","2021","2021040172","3","40.0707","-76.3009","0703","08","0","0","0","0","0","0","0","0","","0","0","0","06","1","0","00","0","40 04:14.484","","00","76 18:03.382","0","0","0","0","36101","0","0","0","N","0","0","0","2","36101","0","","1","01","N","N","0","","0","0","2","0","0","","0659","0","2","0","0","0","0","0","3","0","2","N","","","","","","","","","","","","05","04","","N","N"
"1637","0","0","0","0","0","0","0","0","0","4","0","","36","05","2021","2021045020","5","40.0378","-76.3637","1634","08","0","0","0","0","0","1","0","0","","0","0","0","16","1","2","01","1","40 02:16.155","7","00","76 21:49.258","8","0","0","0","36223","0","0","0","N","0","0","0","2","36223","0","","1","01","N","N","0","","0","0","2","3","3","Y","1632","2","2","0","0","0","2","0","1","0","2","N","","","","","","","","","","","1719","04","04","","N",""
"1700","1","0","0","0","0","0","0","0","0","98","0","","36","04","2021","2021045026","6","40.193","-76.4583","1651","08","0","0","0","0","0","0","0","0","","0","0","0","16","1","0","00","2","40 11:34.850","5","00","76 27:29.840","0","0","0","0","36230","0","0","0","N","0","0","0","1","36410","0","","1","01","N","N","0","","0","0","0","0","0","Y","1646","0","1","0","0","0","0","0","1","0","1","N","","","","","","","","","","","1800","03","08","","N","N"
"2206","1","0","0","0","0","0","0","0","0","7","0","","36","05","2021","2021045504","6","39.9253","-76.3648","2145","08","0","0","0","0","0","1","0","0","","0","0","0","21","2","0","00","1","39 55:31.180","3","00","76 21:53.450","0","0","0","0","36206","0","0","0","N","0","0","0","1","68J01","0","","2","09","N","N","0","","0","0","0","0","0","Y","2141","0","1","0","0","0","0","0","1","0","1","N","","","","","","","","","","","2245","07","","","N","N"
"2321","0","0","0","0","0","0","0","0","0","6","0","","36","01","2021","2021017615","3","40.2836","-76.1537","2317","08","0","0","0","0","0","0","1","0","","0","0","0","23","2","1","00","2","40 17:00.876","6","00","76 09:13.408","8","0","0","0","36236","0","0","0","N","0","0","0","2","36408","0","","1","09","N","N","1","","0","0","1","0","0","Y","2315","1","2","0","0","0","1","0","1","0","2","N","","","","","","","","","","","0015","07","05","","N","N"
"1647","1","0","0","0","0","0","0","0","0","7","0","","36","04","2021","2021035809","6","40.2254","-76.0165","1635","08","0","0","1","0","0","0","0","0","","0","0","0","16","1","0","00","0","40 13:31.298","","00","76 00:59.315","0","0","0","0","36202","0","0","0","N","0","0","0","1","68J01","0","","4","01","N","N","0","","0","0","0","0","0","","1632","0","1","0","0","0","0","0","1","0","1","N","","","","","","","","","","","","03","03","","N","N"
"0839","2","0","0","0","0","0","0","0","0","4","0","","36","01","2021","2021006536","3","40.052","-76.3063","0839","08","0","0","0","0","0","0","0","0","","0","0","0","08","1","0","00","1","40 03:07.300","2","07","76 18:22.647","0","0","0","0","36301","0","0","0","N","0","0","0","1","36301","0","","1","01","N","N","0","","0","0","0","0","0","N","0839","0","2","0","0","0","0","0","3","0","2","N","","","","","","","","","","","0925","03","03","","N","N"
"1906","2","0","0","0","0","0","0","0","0","3","0","","36","01","2021","2021002889","3","40.0348","-76.3156","1904","08","0","0","0","0","0","0","0","0","","0","0","0","19","3","0","00","2","40 02:05.400","2","07","76 18:56.000","0","0","0","0","36301","0","0","0","N","0","0","0","1","36301","0","","6","01","N","N","0","","0","0","1","0","0","Y","1901","0","3","0","0","0","0","0","3","0","3","N","","","","","","","","","","","1940","03","03","","N","N"
"2231","2","0","0","0","0","0","0","0","0","5","0","","36","04","2021","2021040106","5","40.1878","-76.1668","2224","08","0","0","0","0","1","0","0","0","","0","0","0","22","3","0","00","2","40 11:16.083","6","00","76 10:00.489","0","0","0","0","36218","0","0","0","N","0","0","0","1","36408","0","","2","01","N","N","0","","0","0","0","0","0","Y","2220","0","2","0","0","0","0","0","1","0","2","N","","","","","","","","","","","2301","03","03","","N","N"
"1522","1","0","1","0","0","0","0","0","0","7","0","","36","01","2021","2021010659","1","40.2238","-76.0836","1518","08","0","1","0","0","0","0","0","0","","0","0","0","15","1","1","00","0","40 13:25.762","","00","76 05:01.062","2","0","0","0","36210","0","0","0","N","0","0","0","1","36210","0","","4","07","N","N","0","","0","1","0","0","0","","1516","1","1","0","0","0","0","0","1","0","1","N","","","","","","","","","","","","10","","","N","N"
"1333","1","0","0","0","0","0","0","0","0","2","1","","36","05","2021","2021041898","1","40.0681","-76.3018","1333","08","0","0","0","0","0","1","0","0","","0","1","0","13","1","0","00","0","40 04:05.327","","00","76 18:06.398","0","0","0","0","36101","0","0","0","N","0","0","0","2","36101","0","","1","09","N","N","0","","0","0","0","0","0","","1333","0","2","0","0","0","0","0","3","0","2","N","","","","","","","","","","","","04","","","N","N"
"0852","2","0","0","0","0","0","0","0","0","4","0","","36","01","2021","2021005177","7","40.0427","-76.2912","0848","08","0","0","0","0","0","0","1","0","","0","0","0","08","1","0","00","1","40 02:33.600","3","07","76 17:28.200","0","0","0","0","36301","0","0","0","N","0","0","0","2","36301","0","","1","01","N","N","0","","0","0","2","0","0","N","0846","0","4","0","0","0","0","0","3","0","4","N","","","","","","","","","","","1006","03","04","","Y","N"
"1725","0","0","0","0","0","0","0","0","0","4","0","","36","01","2021","2021006645","7","40.0377","-76.2718","1722","08","0","1","0","0","0","1","0","0","","0","0","0","17","3","0","01","1","40 02:15.641","4","00","76 16:18.534","0","0","0","0","36240","0","0","0","N","0","0","0","6","36215","0","","1","01","N","N","0","","0","0","1","3","2","N","1719","0","2","0","0","0","0","0","1","1","2","N","","","","","","","","","","","1745","03","","","N",""
"0734","1","0","0","0","0","0","0","0","0","7","0","","36","05","2021","2021044563","6","40.0642","-76.437","0732","08","1","0","0","0","0","0","0","0","","0","0","0","07","1","0","02","2","40 03:51.234","4","00","76 26:13.100","0","0","0","0","36239","0","0","0","N","0","0","0","1","36239","0","","5","01","N","N","0","","0","0","0","0","0","N","0732","0","1","0","0","0","0","0","3","0","1","N","","","","","","","","","","","0809","03","03","","N",""
"1108","1","0","0","0","0","0","0","0","0","7","0","","36","04","2021","2021040174","4","40.0225","-76.1934","1106","08","0","0","0","0","0","0","0","0","","0","0","0","11","1","0","00","1","40 01:21.011","4","00","76 11:36.389","0","0","0","0","36215","0","0","0","N","0","0","0","0","36215","0","","4","01","N","N","0","","0","0","1","0","0","N","1104","0","2","0","0","0","0","0","1","0","2","N","","","","","","","","","","","1259","04","04","","N","N"
"0453","1","0","0","0","0","0","0","0","0","1","0","","36","01","2021","2021004745","2","40.0723","-76.2681","0446","08","0","0","0","0","0","0","0","0","","0","0","0","04","3","1","02","0","40 04:20.400","","00","76 16:05.210","4","0","0","0","36101","0","0","0","N","0","0","0","3","36101","1","","1","01","N","N","0","","0","0","0","0","0","","0444","1","2","0","0","0","0","0","3","1","2","N","","","","","","","","","","","","03","03","","N",""
"1007","0","0","0","0","0","0","0","0","0","1","0","","36","01","2021","2021002916","4","40.1","-76.3541","1005","08","0","0","0","0","1","0","0","0","","0","0","0","10","1","0","00","1","40 05:59.927","1","00","76 21:14.875","0","0","0","0","36406","0","0","0","N","0","0","0","2","36506","0","","1","01","N","N","0","","0","0","2","3","2","Y","1005","0","2","0","0","0","0","0","3","0","2","N","","","","","","","","","","","0030","04","","","N","Y"
"1441","2","0","0","0","0","0","0","0","0","4","0","","36","04","2021","2021036095","7","40.1628","-76.2762","1441","08","0","1","0","0","0","0","0","0","","0","0","0","14","1","0","01","1","40 09:46.015","7","00","76 16:34.301","0","0","0","0","36235","0","0","0","N","0","0","0","2","36506","0","","1","01","N","N","0","","0","0","0","3","2","N","1440","0","2","0","0","0","0","0","1","0","2","N","","","","","","","","","","","1510","04","","","N",""
"1859","1","0","0","0","0","0","0","0","0","7","0","","36","01","2021","2021010122","1","40.1218","-76.029","1859","08","0","0","0","0","0","0","0","0","","0","0","0","18","3","0","03","0","40 07:18.494","","00","76 01:44.569","0","0","0","0","36213","0","0","0","N","0","0","0","2","36213","0","","4","07","N","N","0","","0","0","0","0","0","","1859","0","1","0","0","0","0","0","1","0","1","N","","","","","","","","","","","","02","10","","N",""
"1719","1","0","0","0","0","0","0","0","0","0","0","","36","05","2021","2021045812","1","40.025","-76.2059","1716","08","0","0","0","1","0","0","0","0","","0","0","0","17","1","0","02","1","40 01:30.123","3","00","76 12:21.078","0","0","0","0","36215","0","0","0","N","0","0","0","2","36215","0","","1","01","N","N","0","","0","0","0","0","0","N","1715","0","1","0","0","0","0","0","1","0","1","N","","","","","","","","","","","1755","03","03","","N","N"
"1444","1","0","0","0","0","0","0","0","0","1","0","","36","04","2021","2021040405","6","40.0522","-76.3084","1440","08","0","0","0","0","0","1","0","0","","0","0","0","14","1","1","01","0","40 03:07.752","","00","76 18:30.128","4","0","0","0","36301","0","0","0","N","0","0","0","2","36301","1","","1","01","N","N","0","","0","0","1","3","2","","1426","1","2","0","0","0","0","0","3","0","2","N","","","","","","","","","","","","03","","","N","N"
"1647","1","0","0","0","0","0","0","0","0","7","0","","36","04","2021","2021034601","3","40.0217","-76.305","1642","08","0","0","0","1","0","0","0","0","","0","0","0","16","1","0","00","0","40 01:18.159","","00","76 18:17.920","0","0","0","0","36220","0","0","0","N","0","0","0","1","36101","0","","5","01","N","N","0","","0","0","0","0","0","","1636","0","1","0","0","0","0","0","3","0","1","N","","","","","","","","","","","","03","03","","N","N"
"1847","1","0","0","0","0","0","0","0","0","1","0","","36","01","2021","2021009936","7","40.069","-76.3108","1843","08","0","0","0","0","1","0","0","1","","0","0","0","18","3","0","00","0","40 04:08.547","","00","76 18:39.033","0","0","0","0","36101","0","0","0","N","0","0","0","2","36101","0","","1","01","N","N","0","","0","0","0","0","0","","1837","0","2","0","0","0","0","0","3","1","2","N","","","","","","","","","","","","03","","","N","N"
"0718","0","0","0","0","0","0","0","0","0","7","0","","36","01","2021","2021001965","2","39.8084","-76.1573","0653","08","0","0","0","0","0","0","0","0","","0","0","0","06","2","0","00","1","39 48:30.245","1","00","76 09:26.425","0","0","0","0","36219","0","0","0","N","0","0","0","1","68J01","0","","4","02","N","N","1","","0","0","0","0","0","N","0649","0","1","0","0","0","0","0","1","0","1","N","","","","","","","","","","","0755","03","03","","N","N"
"0314","1","0","0","0","0","0","0","0","0","7","0","","36","04","2021","2021036094","7","40.2252","-76.1995","0258","08","0","0","0","0","0","0","0","0","","0","0","0","02","2","0","00","0","40 13:30.870","","00","76 11:58.020","0","0","0","0","36204","0","0","0","N","0","0","0","1","36506","0","","4","09","N","N","0","","0","0","0","0","0","","0250","0","1","0","0","0","0","0","1","0","1","N","","","","","","","","","","","","05","","","N","N"
"1447","1","0","0","0","0","0","0","0","0","4","0","","36","01","2021","2021017255","1","39.8657","-76.1103","1423","08","0","0","1","1","0","0","0","0","","0","0","0","14","1","0","02","0","39 51:56.503","","00","76 06:37.020","0","0","0","0","36205","0","0","0","N","0","0","0","2","68J01","0","","4","07","N","N","0","","0","0","1","0","0","","1419","0","2","0","0","0","0","0","1","0","2","N","","","","","","","","","","","","10","02","","N","N"
"1610","1","0","0","0","0","0","0","0","0","1","0","","36","04","2021","2021036485","2","40.2327","-76.4341","1603","08","0","0","0","0","0","0","0","0","","0","0","0","16","1","1","00","0","40 13:57.560","","00","76 26:02.742","3","0","0","0","36230","0","0","0","N","0","0","0","2","36410","0","","1","01","N","N","1","","1","0","0","0","0","","1603","1","2","0","0","0","0","0","1","0","2","N","","","","","","","","","","","","03","03","","N","N"
"1519","1","0","0","0","0","0","0","0","0","8","0","","36","05","2021","2021044245","6","40.0094","-76.3917","1514","08","0","0","0","0","0","0","0","1","","0","0","0","15","1","1","02","0","40 00:33.688","","00","76 23:30.133","3","0","0","0","36223","1","0","0","N","1","0","0","2","36223","0","","2","01","N","N","0","","1","0","0","0","0","","1513","1","2","0","0","0","0","0","1","0","1","N","","","","","","","","","","","","03","04","","N",""
"1816","1","0","0","0","0","0","0","0","0","1","0","","36","05","2021","2021043817","6","40.0709","-76.318","1809","08","0","0","1","0","0","0","0","0","","0","0","0","18","1","3","00","0","40 04:15.241","","00","76 19:04.646","3","0","0","0","36101","0","0","0","N","0","0","0","5","36101","0","","1","01","N","N","0","","3","0","1","3","4","","1805","3","2","0","0","0","0","0","3","0","2","N","","","","","","","","","","","","03","03","","N","N"
"0723","1","0","0","0","0","0","0","0","0","4","0","","36","05","2021","2021045438","4","40.1155","-76.2427","0715","08","0","0","0","0","0","1","1","0","","0","0","0","07","1","1","02","1","40 06:55.751","4","00","76 14:33.696","4","0","0","0","36101","0","0","0","N","0","0","0","2","36101","1","","1","01","N","N","1","","0","0","0","0","0","Y","0712","1","2","0","0","0","0","0","3","0","2","N","","","","","","","","","","","0856","03","03","","N",""
"1022","0","0","0","0","0","0","0","0","0","4","0","","36","01","2021","2021008841","2","39.9828","-76.1783","1017","08","0","0","0","0","0","1","1","0","","0","0","0","10","1","2","01","1","39 58:58.162","6","00","76 10:41.847","8","0","0","0","36417","0","0","0","N","0","0","0","5","36417","0","","1","01","N","N","0","","0","0","3","3","2","N","1017","2","3","0","0","0","2","0","1","0","3","N","","","","","","","","","","","1055","03","03","","N","N"
"1132","2","0","0","0","0","0","0","0","0","4","0","","36","04","2021","2021035105","1","40.04","-76.3177","1127","08","0","0","0","0","0","0","0","0","","0","0","0","11","1","0","01","0","40 02:23.823","","00","76 19:03.806","0","0","0","0","36301","0","0","0","N","0","0","0","4","36301","0","","1","01","N","N","0","","0","0","0","3","3","","1127","0","2","0","0","0","0","0","3","0","2","N","","","","","","","","","","","","03","03","","N",""
"0725","0","0","0","0","0","0","0","0","0","4","0","","36","04","2021","2021040433","4","40.0653","-76.611","0720","08","0","0","0","0","0","1","1","0","","0","1","0","07","1","1","05","2","40 03:54.971","7","00","76 36:39.773","3","0","0","0","36211","0","0","0","N","0","0","0","2","36504","0","","1","01","N","N","1","","1","0","0","2","3","Y","0716","1","2","0","0","0","0","0","1","0","2","N","","","","","","","","","","","0812","03","","","N","N"
"1215","2","0","0","0","0","0","0","0","0","4","0","","36","01","2021","2021016061","1","40.1778","-76.4591","1211","08","0","0","0","1","0","0","0","0","","0","0","0","12","1","0","02","0","40 10:40.191","","00","76 27:32.821","0","0","0","0","36230","0","0","0","N","0","0","0","2","36410","0","","1","07","N","N","0","","0","0","0","3","3","","1210","0","2","0","0","1","0","0","1","0","2","N","","","","","","","","","","","","10","","","N",""
"2039","1","0","0","0","0","0","0","0","0","7","0","","36","01","2021","2021005058","1","40.0624","-76.3531","2028","08","0","0","0","0","0","0","0","0","","0","0","0","20","2","0","02","1","40 03:44.492","1","00","76 21:11.066","0","0","0","0","36214","0","0","0","N","0","0","0","1","36214","0","","2","09","N","N","0","","0","0","0","3","3","N","2020","0","1","0","0","0","0","0","3","0","1","N","","","","","","","","","","","0100","07","07","","N",""