"ARRIVAL_TM","AUTOMOBILE_COUNT","BELTED_DEATH_COUNT","BELTED_SUSP_SERIOUS_INJ_COUNT","BICYCLE_COUNT","BICYCLE_DEATH_COUNT","BICYCLE_SUSP_SERIOUS_INJ_COUNT","BUS_COUNT","CHLDPAS_DEATH_COUNT","CHLDPAS_SUSP_SERIOUS_INJ_COUNT","COLLISION_TYPE","COMM_VEH_COUNT","CONS_ZONE_SPD_LIM","COUNTY","CRASH_MONTH","CRASH_YEAR","CRN","DAY_OF_WEEK","DEC_LAT","DEC_LONG","DISPATCH_TM","DISTRICT","DRIVER_COUNT_16YR","DRIVER_COUNT_17YR","DRIVER_COUNT_18YR","DRIVER_COUNT_19YR","DRIVER_COUNT_20YR","DRIVER_COUNT_50_64YR","DRIVER_COUNT_65_74YR","DRIVER_COUNT_75PLUS","EST_HRS_CLOSED","FATAL_COUNT","HEAVY_TRUCK_COUNT","HORSE_BUGGY_COUNT","HOUR_OF_DAY","ILLUMINATION","INJURY_COUNT","INTERSECT_TYPE","LANE_CLOSED","LATITUDE","LN_CLOSE_DIR","LOCATION_TYPE","LONGITUDE","MAX_SEVERITY_LEVEL","MCYCLE_DEATH_COUNT","MCYCLE_SUSP_SERIOUS_INJ_COUNT","MOTORCYCLE_COUNT","MUNICIPALITY","NONMOTR_COUNT","NONMOTR_DEATH_COUNT","NONMOTR_SUSP_SERIOUS_INJ_COUNT","NTFY_HIWY_MAINT","PED_COUNT","PED_DEATH_COUNT","PED_SUSP_SERIOUS_INJ_COUNT","PERSON_COUNT","POLICE_AGCY","POSSIBLE_INJ_COUNT","RDWY_SURF_TYPE_CD","RELATION_TO_ROAD","ROAD_CONDITION","SCH_BUS_IND","SCH_ZONE_IND","SMALL_TRUCK_COUNT","SPEC_JURIS_CD","SUSP_MINOR_INJ_COUNT","SUSP_SERIOUS_INJ_COUNT","SUV_COUNT","TCD_FUNC_CD","TCD_TYPE","TFC_DETOUR_IND","TIME_OF_DAY","TOT_INJ_COUNT","TOTAL_UNITS","UNB_DEATH_COUNT","UNB_SUSP_SERIOUS_INJ_COUNT","UNBELTED_OCC_COUNT","UNK_INJ_DEG_COUNT","UNK_INJ_PER_COUNT","URBAN_RURAL","VAN_COUNT","VEHICLE_COUNT","WORK_ZONE_IND","WORK_ZONE_LOC","WORK_ZONE_TYPE","WORKERS_PRES","WZ_CLOSE_DETOUR","WZ_FLAGGER","WZ_LAW_OFFCR_IND","WZ_LN_CLOSURE","WZ_MOVING","WZ_OTHER","WZ_SHLDER_MDN","ROADWAY_CLEARED","WEATHER1","WEATHER2","WZ_WORKERS_INJ_KILLED","SECONDARY_CRASH","INTERSECTION_RELATED"
"1207","2","0","0","0","0","0","0","0","0","1","0","","36","04","2021","2021037063","7","40.0232","-76.2794","1205","08","0","0","0","0","0","0","0","0","","0","0","0","12","1","0","02","1","40 01:23.555","4","00","76 16:45.844","0","0","0","0","36240","0","0","0","N","0","0","0","2","36240","0","","1","01","N","N","0","","0","0","0","3","3","N","1201","0","2","0","0","0","0","0","1","0","2","N","","","","","","","","","","","1323","03","03","","N","N"
"1725","0","0","0","0","0","0","0","0","0","7","0","","36","05","2021","2021044655","2","39.9174","-76.1285","1714","08","0","0","0","0","0","0","1","0","","0","0","0","17","1","1","00","0","39 55:02.511","","00","76 07:42.750","8","0","0","0","36216","0","0","0","N","0","0","0","1","68J01","0","","4","01","N","N","0","","0","0","1","0","0","","1703","1","1","0","0","0","1","0","1","0","1","N","","","","","","","","","","","","03","03","","N","N"
"0608","0","0","0","0","0","0","0","0","0","4","0","","36","04","2021","2021046201","6","40.0006","-76.1035","0557","08","0","0","0","0","0","0","0","0","","0","0","0","05","1","0","00","1","40 00:02.193","1","00","76 06:12.658","0","0","0","0","36226","0","0","0","N","0","0","0","5","68J01","0","","1","01","N","N","2","","0","0","0","0","0","N","0555","0","2","0","0","0","0","0","1","0","2","N","","","","","","","","","","","0015","03","03","","N","N"
"1121","0","0","0","0","0","0","0","0","0","4","0","","36","01","2021","2021009566","6","40.1502","-76.3069","1120","08","0","0","0","0","0","0","0","1","","0","0","0","11","1","1","01","2","40 09:00.621","2","00","76 18:24.730","8","0","0","0","36409","0","0","0","N","0","0","0","2","36409","0","","1","01","N","N","1","","0","0","0","3","2","Y","1118","1","2","0","0","1","1","0","3","1","2","N","","","","","","","","","","","1207","03","","","N",""
"1450","1","0","0","0","0","0","0","0","0","7","0","","36","01","2021","2021010938","1","40.0551","-76.5139","1443","08","0","0","0","0","0","0","0","0","","0","0","0","14","1","0","03","1","40 03:18.284","3","00","76 30:49.867","0","0","0","0","36239","0","0","0","N","0","0","0","1","36239","0","","4","07","N","N","0","","0","0","0","0","0","Y","1428","0","1","0","0","0","0","0","3","0","1","N","","","","","","","","","","","1514","10","04","","N",""
"2048","0","0","0","0","0","0","0","0","0","4","1","","36","04","2021","2021039504","3","40.0186","-76.0638","2039","08","0","0","0","0","1","0","1","0","","0","1","0","20","2","0","02","2","40 01:07.075","7","00","76 03:49.914","0","0","0","0","36221","0","0","0","N","0","0","0","2","68J01","0","","1","01","N","N","1","","0","0","0","3","3","Y","2038","0","2","0","0","0","0","0","1","0","2","N","","","","","","","","","","","2125","03","","","N","N"
"1016","2","0","0","0","0","0","0","0","0","4","0","","36","03","2021","2021027255","5","40.2024","-76.2078","1011","08","0","0","0","0","0","1","0","0","","0","0","0","10","1","0","00","0","40 12:08.800","","07","76 12:27.900","0","0","0","0","36218","0","0","0","N","0","0","0","3","36408","0","","1","09","N","N","0","","0","0","0","0","0","","1009","0","2","0","0","0","0","0","1","0","2","N","","","","","","","","","","","","07","07","","N","N"
"1622","1","0","0","0","0","0","0","0","0","7","0","","36","05","2021","2021044244","6","40.0529","-76.3968","1619","08","0","0","0","0","0","0","0","0","","0","0","0","16","1","1","02","1","40 03:10.407","5","00","76 23:48.321","3","0","0","0","36214","0","0","0","N","0","0","0","1","36214","0","","2","01","N","N","0","","1","0","0","3","2","N","1617","1","1","0","0","1","0","0","3","0","1","N","","","","","","","","","","","1724","03","03","","N",""
"1548","1","0","0","0","0","0","0","0","0","1","0","","36","05","2021","2021044400","5","40.0633","-76.5187","1539","08","0","0","0","0","0","1","1","0","","0","0","0","15","1","0","00","1","40 03:47.912","6","00","76 31:07.379","0","0","0","0","36211","0","0","0","N","0","0","0","2","36504","0","","1","01","N","N","0","","0","0","1","0","0","Y","1539","0","2","0","0","0","0","0","1","0","2","N","","","","","","","","","","","1617","99","98","","N","Y"
"0109","1","0","0","0","0","0","0","0","0","0","0","","36","04","2021","2021034149","2","40.0744","-76.5516","0106","08","0","0","0","0","0","0","0","0","","0","0","0","01","2","1","00","1","40 04:27.740","2","00","76 33:05.891","4","0","0","0","36211","0","0","0","N","0","0","0","1","36504","1","","5","09","N","N","0","","0","0","0","0","0","N","0100","1","1","0","0","0","0","0","1","0","1","N","","","","","","","","","","","0203","07","04","","N","N"
"0825","1","0","0","0","0","0","0","0","0","7","0","","36","04","2021","2021038696","1","40.1943","-76.0503","0809","08","1","0","0","0","0","0","0","0","","0","0","0","08","1","0","00","0","40 11:39.521","","00","76 03:01.043","0","0","0","0","36202","0","0","0","N","0","0","0","3","68J01","0","","2","09","N","N","0","","0","0","0","0","0","","0801","0","1","0","0","0","0","0","1","0","1","N","","","","","","","","","","","","03","","","N","N"
"0807","2","0","0","0","0","0","0","0","0","4","0","","36","01","2021","2021001576","3","40.1115","-76.356","0801","08","0","0","0","0","0","1","0","1","","0","0","0","08","1","0","02","0","40 06:41.494","","00","76 21:21.712","0","0","0","0","36214","0","0","0","N","0","0","0","2","36214","0","","1","01","N","N","0","","0","0","0","3","3","","0801","0","2","0","0","0","0","0","3","0","2","N","","","","","","","","","","","","04","","","N",""
"1548","1","0","0","0","0","0","0","0","0","1","0","","36","04","2021","2021035913","4","40.0378","-76.3637","1546","08","0","0","0","0","0","0","1","0","","0","0","0","15","1","1","02","0","40 02:16.155","","00","76 21:49.258","3","0","0","0","36223","0","0","0","N","0","0","0","2","36223","0","","1","01","N","N","1","","1","0","0","3","3","","1543","1","3","0","0","0","0","0","1","0","2","N","","","","","","","","","","","","04","","","N",""
"1537","0","0","0","0","0","0","0","0","0","1","1","","36","04","2021","2021040170","5","40.0608","-76.2787","1525","08","0","0","1","0","0","0","0","0","","0","1","0","15","1","0","00","1","40 03:38.859","3","02","76 16:43.387","0","0","0","0","36101","0","0","0","N","0","0","0","2","36101","0","","1","09","N","N","0","","0","0","1","0","0","N","1519","0","2","0","0","0","0","0","3","0","2","N","","","","","","","","","","","1635","04","07","","N","Y"
"1251","1","1","0","0","0","0","0","0","0","7","0","","36","02","2021","2021032165","1","40.248","-76.3433","1232","08","0","0","0","0","1","0","0","0","","1","0","0","12","1","2","00","1","40 14:52.882","3","00","76 20:35.998","1","0","0","0","36217","0","0","0","Y","0","0","0","3","68J01","0","2","4","09","N","N","0","0","2","0","1","0","0","N","1228","2","2","0","0","0","0","0","1","0","2","N","","","","","","","","","","","1547","07","","","N","N"
"1712","0","0","0","0","0","0","0","0","0","4","1","","36","05","2021","2021045497","4","39.9918","-76.0189","1647","08","0","0","0","0","0","1","0","0","","0","1","0","16","1","0","00","0","39 59:30.644","","07","76 01:08.909","0","0","0","0","36232","0","0","0","N","0","0","0","2","68J01","0","","1","01","N","N","0","","0","0","1","3","2","","1643","0","2","0","0","0","0","0","1","0","2","N","","","","","","","","","","","","03","03","","N","N"
"1929","1","0","0","0","0","0","0","0","0","0","0","","36","04","2021","2021035404","1","40.0013","-76.2342","1929","08","0","0","0","1","0","0","0","0","","0","0","0","19","1","0","02","2","40 00:04.856","7","00","76 14:03.227","0","0","0","0","36240","0","0","0","N","0","0","0","1","36240","0","","1","01","N","N","0","","0","0","0","0","0","Y","1924","0","1","0","0","0","0","0","1","0","1","N","","","","","","","","","","","2011","04","","","N","N"
"1033","1","0","0","0","0","0","0","0","0","1","0","","36","01","2021","2021003890","2","40.2074","-76.1136","1150","08","0","0","0","0","0","1","1","0","","0","0","0","10","1","1","00","0","40 12:26.491","","00","76 06:49.101","3","0","0","0","36210","0","0","0","N","0","0","0","3","36210","0","","1","01","N","N","0","","1","0","1","0","0","","1022","1","2","0","0","0","0","0","1","0","2","N","","","","","","","","","","","","03","","","Y","N"
"1455","2","0","0","0","0","0","0","0","0","4","0","","36","01","2021","2021003072","7","40.1084","-76.5031","1451","08","0","0","0","0","0","0","1","0","","0","0","0","14","1","0","03","1","40 06:30.096","1","00","76 30:11.083","0","0","0","0","36413","0","0","0","N","0","0","0","2","36413","0","","1","01","N","N","0","","0","0","0","9","3","N","1451","0","2","0","0","0","0","0","2","0","2","N","","","","","","","","","","","1525","03","","","N","N"
"2222","1","0","0","0","0","0","0","0","0","7","0","","36","01","2021","2021014373","1","40.1049","-75.9637","2204","08","0","0","0","0","0","0","0","0","","0","0","0","22","2","0","00","0","40 06:17.600","","00","75 57:49.400","0","0","0","0","36203","0","0","0","N","0","0","0","1","68J01","0","","4","07","N","N","0","","0","0","0","0","0","","2200","0","1","0","0","0","0","0","1","0","1","N","","","","","","","","","","","","10","","","N","N"
"0634","1","0","0","0","0","0","0","0","0","4","0","","36","04","2021","2021030420","6","40.1694","-76.1985","0626","08","0","0","0","0","0","0","0","0","","0","0","0","06","1","0","00","0","40 10:09.744","","07","76 11:54.608","0","0","0","0","36218","0","0","0","N","0","0","0","2","36408","0","","1","01","N","N","0","","0","0","1","3","8","","0624","0","2","0","0","0","0","0","1","0","2","N","","","","","","","","","","","","03","","","N","N"
"0537","2","0","0","0","0","0","0","0","0","1","0","","36","01","2021","2021006647","7","40.0257","-76.2092","0536","08","0","0","0","0","0","0","0","0","","0","0","0","05","3","0","00","1","40 01:32.489","3","07","76 12:32.956","0","0","0","0","36215","0","0","0","N","0","0","0","3","36215","0","","1","09","N","N","0","","0","0","1","3","2","N","0533","0","3","0","0","0","0","0","1","0","3","N","","","","","","","","","","","0628","04","","","N","N"
"1502","1","0","0","0","0","0","0","0","0","1","0","","36","04","2021","2021046196","6","40.0081","-76.1207","1456","08","0","0","0","1","0","0","0","0","","0","0","0","14","1","5","00","2","40 00:29.200","3","00","76 07:14.184","3","0","0","0","36226","0","0","0","N","0","0","0","5","68J01","2","","1","01","N","N","0","","3","0","2","0","0","N","1454","5","3","0","0","0","0","0","1","0","3","N","","","","","","","","","","","1545","03","03","","N","N"
"1036","1","0","0","0","0","0","0","0","0","4","0","","36","01","2021","2021009447","1","39.9748","-76.2795","1032","08","0","0","0","0","0","1","0","0","","0","0","0","10","1","2","01","1","39 58:29.119","2","00","76 16:46.355","3","0","0","0","36228","0","0","0","N","0","0","0","3","36228","0","","1","01","N","N","0","","1","0","1","0","0","N","1032","2","2","0","0","0","1","0","1","0","2","N","","","","","","","","","","","1130","03","","","N","N"
"0051","1","0","0","0","0","0","0","0","0","7","0","","36","05","2021","2021045993","7","40.0702","-76.3165","0044","08","0","0","0","0","0","0","0","0","","0","0","0","00","3","1","00","0","40 04:12.725","","06","76 18:59.552","3","0","0","0","36101","0","0","0","N","0","0","0","1","36101","0","","2","01","N","N","0","","1","0","0","0","0","","0041","1","1","0","0","0","0","0","3","0","1","N","","","","","","","","","","","","03","03","","N","N"
"0653","0","0","0","0","0","0","0","0","0","0","1","","36","04","2021","2021034828","3","40.1665","-76.5249","0649","08","0","0","0","0","0","1","0","0","","0","1","0","06","1","0","00","1","40 09:59.500","4","07","76 31:29.700","0","0","0","0","36225","0","0","0","N","0","0","0","1","36505","0","","1","01","N","N","0","","0","0","0","0","0","N","0648","0","1","0","0","0","0","0","2","0","1","N","","","","","","","","","","","0915","04","04","","N","N"
"0350","0","0","0","0","0","0","0","0","0","0","0","","36","01","2021","2021018541","7","40.1707","-76.51","0350","08","0","0","0","0","0","1","0","0","","0","1","0","03","2","4","00","2","40 10:14.670","6","00","76 30:35.840","2","0","0","0","36230","0","0","0","N","0","0","0","4","36410","0","","4","01","N","N","0","","1","2","0","0","0","Y","0347","4","1","0","2","3","1","0","1","0","1","N","","","","","","","","","","","0941","03","03","","N","N"
"0105","3","0","0","0","0","0","0","0","0","5","0","","36","04","2021","2021040713","3","40.0437","-76.292","0101","08","0","0","0","0","0","0","0","0","","0","0","0","01","3","1","00","1","40 02:37.227","1","00","76 17:31.254","4","0","0","0","36301","0","0","0","N","0","0","0","1","36301","1","","2","01","N","N","0","","0","0","0","0","0","N","0100","1","3","0","0","0","0","0","3","0","3","N","","","","","","","","","","","0232","03","","","Y","N"
"1647","0","0","0","1","0","0","0","0","0","4","0","","36","04","2021","2021039123","6","40.0292","-76.3051","1643","08","0","0","0","0","0","1","0","0","","0","0","0","16","1","1","00","0","40 01:45.004","","00","76 18:18.404","3","0","0","1","36301","1","0","0","N","0","0","0","2","36301","0","","1","01","N","N","0","","1","0","0","0","0","","1638","1","2","0","0","0","0","0","3","0","1","N","","","","","","","","","","","","03","","","N","N"
"1708","0","0","0","0","0","0","0","0","0","4","0","","36","01","2021","2021010282","7","40.1648","-76.2153","1656","08","0","0","0","0","0","1","0","0","","0","0","0","16","4","1","01","1","40 09:53.158","3","00","76 12:54.966","4","0","0","0","36218","0","0","0","N","0","0","0","3","36238","1","","1","01","N","N","0","","0","0","0","3","2","N","1656","1","2","0","0","0","0","0","1","2","2","N","","","","","","","","","","","1754","03","03","","N","N"
"2259","1","0","0","0","0","0","0","0","0","8","0","","36","02","2021","2021016249","2","40.0387","-76.2993","2256","08","0","0","0","0","0","0","0","0","","0","0","0","22","3","1","01","0","40 02:19.148","","00","76 17:57.346","3","0","0","0","36301","1","0","0","N","1","0","0","2","36301","0","","1","09","N","N","0","","1","0","0","0","0","","2255","1","2","0","0","0","0","0","3","0","1","N","","","","","","","","","","","","07","07","","N","N"
"2119","0","0","0","0","0","0","0","0","0","7","0","","36","02","2021","2021016487","3","40.0386","-76.3282","2115","08","0","0","0","0","0","0","0","0","","0","0","0","21","3","1","00","0","40 02:19.013","","00","76 19:41.419","4","0","0","0","36220","0","0","0","N","0","0","0","1","36101","1","","4","01","N","N","0","","0","0","1","0","0","","2111","1","1","0","0","0","0","0","3","0","1","N","","","","","","","","","","","","03","","","N","N"
"0747","0","0","0","0","0","0","0","0","0","0","0","","36","02","2021","2021017294","5","40.0661","-76.018","0719","08","0","0","0","1","0","0","0","0","","0","0","0","07","1","0","00","2","40 03:57.895","5","00","76 01:04.710","0","0","0","0","36232","0","0","0","Y","0","0","0","3","68J01","0","","1","02","N","N","1","","0","0","1","0","0","Y","0713","0","2","0","0","0","0","0","1","0","2","N","","","","","","","","","","","0900","10","09","","N","N"
"1339","1","0","0","0","0","0","0","0","0","7","0","","36","05","2021","2021050746","1","39.8185","-76.0432","1255","08","0","1","0","0","0","0","0","0","","0","0","0","12","1","0","02","0","39 49:06.653","","00","76 02:35.453","0","0","0","0","36205","0","0","0","N","0","0","0","1","68J01","0","","4","01","N","N","0","","0","0","0","0","0","","1252","0","1","0","0","0","0","0","1","0","1","N","","","","","","","","","","","","03","","","N","N"
"1730","1","0","0","0","0","0","0","0","0","1","0","","36","05","2021","2021053838","4","40.0388","-76.1445","1722","08","0","0","0","0","1","0","0","0","","0","0","0","17","1","0","00","2","40 02:19.544","3","00","76 08:40.339","0","0","0","0","36221","0","0","0","N","0","0","0","2","68J01","0","","1","09","N","N","0","","0","0","0","0","0","Y","1721","0","2","0","0","0","0","0","1","1","2","N","","","","","","","","","","","1804","07","04","","N","Y"
"1525","2","0","0","0","0","0","0","0","0","4","0","","36","02","2021","2021017505","6","40.1093","-76.5074","1522","08","0","1","0","0","0","0","0","1","","0","0","0","15","1","0","01","0","40 06:33.316","","00","76 30:26.472","0","0","0","0","36413","1","0","0","N","0","0","0","5","36413","0","","1","09","N","N","0","","0","0","1","3","3","","1522","0","3","0","0","0","0","0","2","0","3","N","","","","","","","","","","","","03","","","N","N"
"0849","1","0","0","0","0","0","0","0","0","7","0","","36","02","2021","2021017410","6","40.0703","-76.5776","0843","08","0","0","1","0","0","0","0","0","","0","0","0","08","1","0","00","0","40 04:12.907","","00","76 34:39.268","0","0","0","0","36211","0","0","0","N","0","0","0","1","36504","0","","4","02","N","N","0","","0","0","0","0","0","","0841","0","1","0","0","0","0","0","1","0","1","N","","","","","","","","","","","","09","09","","N","N"
"1822","0","0","0","0","0","0","0","0","0","0","0","","36","05","2021","2021046542","6","40.0625","-76.5231","1813","08","0","0","0","0","0","1","0","0","","0","0","0","18","1","1","00","2","40 03:44.995","6","00","76 31:23.148","8","0","0","1","36211","0","0","0","N","0","0","0","1","36504","0","","1","01","N","N","0","","0","0","0","0","0","Y","1810","1","1","0","0","0","1","0","1","0","1","N","","","","","","","","","","","1836","03","","","N","N"
"1636","0","0","0","0","0","0","0","0","0","4","0","","36","02","2021","2021018089","4","40.0731","-76.3083","1626","08","0","0","0","0","0","0","1","0","","0","0","0","16","1","0","01","0","40 04:23.119","","00","76 18:29.940","0","0","0","0","36101","0","0","0","N","0","0","0","4","36101","0","","1","01","N","N","1","","0","0","1","3","3","","1624","0","2","0","0","0","0","0","3","0","2","N","","","","","","","","","","","","03","","","N",""
"1435","0","0","0","0","0","0","0","0","0","5","0","","36","04","2021","2021035223","2","40.1603","-76.5866","1435","08","0","0","0","0","0","0","0","1","","0","0","0","14","1","1","02","1","40 09:36.962","4","00","76 35:11.628","3","0","0","0","36407","0","0","0","N","0","0","0","1","36407","0","","5","01","N","Y","0","","1","0","1","3","1","Y","1435","1","1","0","0","0","0","0","2","0","1","N","","","","","","","","","","","1500","03","03","","N",""
"1435","2","0","0","0","0","0","0","0","0","4","0","","36","05","2021","2021049737","7","40.0381","-76.32","1433","08","0","0","0","0","0","1","0","0","","0","0","0","14","1","1","03","2","40 02:16.985","4","00","76 19:12.054","8","0","0","0","36301","0","0","0","N","0","0","0","4","36301","0","","1","09","N","N","0","","0","0","0","3","3","Y","1433","1","2","0","0","0","1","0","3","0","2","N","","","","","","","","","","","1530","07","","","N","N"
"1847","2","0","0","0","0","0","0","0","0","4","0","","36","05","2021","2021048915","5","40.047","-76.3121","1843","08","0","0","1","0","0","0","0","0","","0","0","0","18","1","0","02","1","40 02:49.253","7","00","76 18:43.447","0","0","0","0","36301","0","0","0","N","0","0","0","4","36301","0","","1","01","N","N","0","","0","0","0","3","2","Y","1841","0","2","0","0","0","0","0","3","0","2","N","","","","","","","","","","","1944","03","03","","N","N"
"1750","1","0","0","0","0","0","0","0","0","1","0","","36","06","2021","2021051602","3","40.0612","-76.3363","1747","08","0","0","0","0","0","0","2","0","","0","0","0","17","1","1","00","1","40 03:40.146","3","00","76 20:10.536","4","0","0","0","36101","0","0","0","N","0","0","0","3","36101","1","","1","01","N","N","1","","0","0","1","0","0","N","1731","1","3","0","0","0","0","1","3","0","3","N","","","","","","","","","","","0040","04","","","N","N"
"1943","1","0","0","0","0","0","0","0","0","4","0","","36","02","2021","2021017048","5","40.1044","-76.3098","1942","08","0","0","0","0","0","0","0","0","","0","0","0","19","3","4","03","1","40 06:15.705","7","00","76 18:35.349","3","0","0","0","36101","0","0","0","N","0","0","0","7","36101","0","","1","06","N","N","0","","4","0","1","0","0","N","1940","4","2","0","0","0","0","0","3","0","2","N","","","","","","","","","","","2049","10","10","","N",""
"1528","0","0","0","0","0","0","0","0","0","7","0","","36","06","2021","2021052920","3","40.0599","-76.383","1525","08","1","0","0","0","0","0","0","0","","0","0","0","15","1","1","00","2","40 03:35.720","5","00","76 22:58.820","8","0","0","0","36214","0","0","0","N","0","0","0","1","36214","0","","4","01","N","N","0","","0","0","1","0","0","N","1522","1","1","0","0","0","1","0","3","0","1","N","","","","","","","","","","","0030","04","","","N","N"
"1524","0","0","0","0","0","0","0","0","0","2","0","","36","02","2021","2021022281","3","40.2486","-76.3054","1506","08","0","0","0","0","0","1","1","0","","0","0","0","15","1","0","00","1","40 14:54.868","1","00","76 18:19.435","0","0","0","0","36217","0","0","0","N","0","0","0","2","68J01","0","","1","01","N","N","1","","0","0","1","0","0","N","1504","0","2","0","0","0","0","0","1","0","2","N","","","","","","","","","","","1556","03","","","N","N"
"0804","2","0","0","0","0","0","0","0","0","4","0","","36","02","2021","2021012711","1","40.042","-76.2977","0800","08","0","0","0","0","0","0","0","0","","0","0","0","07","5","2","01","2","40 02:31.214","3","00","76 17:51.648","3","0","0","0","36301","0","0","0","N","0","0","0","3","36301","0","","1","09","N","N","0","","2","0","0","3","2","Y","0758","2","2","0","0","0","0","0","3","0","2","N","","","","","","","","","","","0858","10","10","","N","N"
"1914","2","0","0","0","0","0","0","0","0","1","0","","36","02","2021","2021022629","4","40.1063","-75.9513","1838","08","0","0","0","0","0","0","0","0","","0","0","0","18","3","1","03","1","40 06:22.766","4","00","75 57:04.755","4","0","0","0","36232","0","0","0","N","0","0","0","3","68J01","1","","1","01","N","N","0","","0","0","0","0","0","N","1832","1","2","0","0","0","0","0","1","0","2","N","","","","","","","","","","","2001","03","","","N","N"
"1926","1","0","0","0","0","0","0","0","0","7","0","","36","05","2021","2021052095","6","40.1593","-76.6294","1926","08","0","0","0","0","0","0","0","0","","0","0","0","19","1","1","00","2","40 09:33.580","6","00","76 37:45.800","2","0","0","0","36237","0","0","0","N","0","0","0","1","36505","0","","5","09","N","N","0","","0","1","0","0","0","Y","1925","1","1","0","0","0","0","0","1","0","1","N","","","","","","","","","","","2030","07","","","N","N"
"1045","1","0","0","0","0","0","0","0","0","7","0","","36","02","2021","2021017623","7","40.1238","-76.1736","1045","08","0","1","0","0","0","0","0","0","","0","0","0","10","1","0","00","0","40 07:25.694","","00","76 10:24.850","0","0","0","0","36238","0","0","0","N","0","0","0","1","36238","0","","4","02","N","N","0","","0","0","0","0","0","","1045","0","1","0","0","0","0","0","3","0","1","N","","","","","","","","","","","","02","","","N","N"
"1145","1","0","0","0","0","0","0","0","0","7","0","","36","05","2021","2021053364","1","40.0733","-76.4213","1142","08","0","0","0","0","0","0","0","0","","0","0","0","11","1","0","00","0","40 04:23.870","","00","76 25:16.690","0","0","0","0","36239","0","0","0","N","0","0","0","1","36239","0","","5","09","N","N","0","","0","0","0","0","0","","1142","0","1","0","0","0","0","0","3","0","1","N","","","","","","","","","","","","07","","","N","N"
"1050","1","0","0","0","0","0","0","0","0","4","0","","36","06","2021","2021051664","7","40.0515","-76.2901","1050","08","0","0","1","0","0","0","0","0","","0","0","0","10","1","0","01","0","40 03:05.238","","00","76 17:24.192","0","0","0","0","36301","0","0","0","N","0","0","0","3","36301","0","","1","01","N","N","0","","0","0","1","3","2","","1048","0","2","0","0","0","0","0","3","0","2","N","","","","","","","","","","","","03","03","","N",""
"0708","0","0","0","0","0","0","0","0","0","0","0","","36","02","2021","2021018542","5","40.0938","-76.497","0652","08","0","0","0","0","0","0","0","0","","0","0","0","06","1","0","00","2","40 05:37.581","5","00","76 29:49.262","0","0","0","0","36230","0","0","0","N","0","0","0","1","36410","0","","5","07","N","N","1","","0","0","0","0","0","N","0649","0","1","0","0","0","0","0","1","0","1","N","","","","","","","","","","","0815","10","","","N","N"
"1729","1","0","0","0","0","0","0","0","0","4","0","","36","05","2021","2021050025","4","39.9306","-76.253","1712","08","0","0","0","0","0","0","0","0","","0","0","0","17","1","0","00","0","39 55:50.074","","00","76 15:10.848","0","0","0","0","36229","0","0","0","N","0","0","0","2","68J01","0","","1","09","N","N","1","","0","0","0","0","0","","1711","0","2","0","0","0","0","0","1","0","2","N","","","","","","","","","","","","07","","","N","N"
"1153","0","0","0","0","0","0","0","0","0","4","1","","36","05","2021","2021047402","3","40.052","-76.2593","1144","08","0","0","0","0","1","0","0","0","","0","1","0","11","1","0","00","0","40 03:07.105","","07","76 15:33.524","0","0","0","0","36301","0","0","0","N","0","0","0","2","36301","0","","1","01","N","N","1","","0","0","0","3","2","","1142","0","2","0","0","0","0","0","3","0","2","N","","","","","","","","","","","","04","04","","N","N"
"1135","1","0","0","0","0","0","0","0","0","4","0","","36","06","2021","2021053096","4","40.0432","-76.4212","1124","08","0","0","0","0","0","1","0","0","","0","0","0","11","1","0","00","0","40 02:35.400","","07","76 25:16.420","0","0","0","0","36239","0","0","0","N","0","0","0","2","36239","0","","4","01","N","N","0","","0","0","1","0","0","","1121","0","2","0","0","0","0","0","3","0","2","N","","","","","","","","","","","","03","","","N","N"
"1948","1","0","0","0","0","0","0","0","0","7","0","","36","02","2021","2021017209","5","40.104","-76.1125","1944","08","0","0","0","0","0","0","0","0","","0","0","0","19","2","0","02","2","40 06:14.533","5","00","76 06:45.154","0","0","0","0","36209","0","0","0","N","0","0","0","2","36415","0","","4","02","N","N","1","","0","0","0","0","0","N","1941","0","2","0","0","0","0","0","1","0","2","N","","","","","","","","","","","2030","10","06","","Y",""
"1953","1","0","0","0","0","0","0","0","0","4","0","","36","02","2021","2021018307","5","40.0561","-76.3056","1945","08","0","0","0","0","0","0","1","0","","0","0","0","19","3","2","01","2","40 03:21.862","6","00","76 18:20.114","3","0","0","0","36101","0","0","0","N","0","0","0","3","36101","0","","1","09","N","N","1","","2","0","0","3","2","N","1940","2","2","0","0","0","0","0","3","0","2","N","","","","","","","","","","","2021","06","10","","N",""
"0557","0","0","0","0","0","0","0","0","0","0","1","","36","06","2021","2021051013","4","40.0658","-76.2905","0556","08","0","0","0","0","0","0","0","0","","0","1","0","05","5","1","00","2","40 03:56.895","1","02","76 17:25.635","3","0","0","0","36101","0","0","0","N","0","0","0","1","36101","0","","1","01","N","N","0","","1","0","0","0","0","Y","0552","1","1","0","0","0","0","0","3","0","1","N","","","","","","","","","","","1125","04","04","","N","N"