"ARRIVAL_TM","AUTOMOBILE_COUNT","BELTED_DEATH_COUNT","BELTED_SUSP_SERIOUS_INJ_COUNT","BICYCLE_COUNT","BICYCLE_DEATH_COUNT","BICYCLE_SUSP_SERIOUS_INJ_COUNT","BUS_COUNT","CHLDPAS_DEATH_COUNT","CHLDPAS_SUSP_SERIOUS_INJ_COUNT","COLLISION_TYPE","COMM_VEH_COUNT","CONS_ZONE_SPD_LIM","COUNTY","CRASH_MONTH","CRASH_YEAR","CRN","DAY_OF_WEEK","DEC_LAT","DEC_LONG","DISPATCH_TM","DISTRICT","DRIVER_COUNT_16YR","DRIVER_COUNT_17YR","DRIVER_COUNT_18YR","DRIVER_COUNT_19YR","DRIVER_COUNT_20YR","DRIVER_COUNT_50_64YR","DRIVER_COUNT_65_74YR","DRIVER_COUNT_75PLUS","EST_HRS_CLOSED","FATAL_COUNT","HEAVY_TRUCK_COUNT","HORSE_BUGGY_COUNT","HOUR_OF_DAY","ILLUMINATION","INJURY_COUNT","INTERSECT_TYPE","LANE_CLOSED","LATITUDE","LN_CLOSE_DIR","LOCATION_TYPE","LONGITUDE","MAX_SEVERITY_LEVEL","MCYCLE_DEATH_COUNT","MCYCLE_SUSP_SERIOUS_INJ_COUNT","MOTORCYCLE_COUNT","MUNICIPALITY","NONMOTR_COUNT","NONMOTR_DEATH_COUNT","NONMOTR_SUSP_SERIOUS_INJ_COUNT","NTFY_HIWY_MAINT","PED_COUNT","PED_DEATH_COUNT","PED_SUSP_SERIOUS_INJ_COUNT","PERSON_COUNT","POLICE_AGCY","POSSIBLE_INJ_COUNT","RDWY_SURF_TYPE_CD","RELATION_TO_ROAD","ROAD_CONDITION","SCH_BUS_IND","SCH_ZONE_IND","SMALL_TRUCK_COUNT","SPEC_JURIS_CD","SUSP_MINOR_INJ_COUNT","SUSP_SERIOUS_INJ_COUNT","SUV_COUNT","TCD_FUNC_CD","TCD_TYPE","TFC_DETOUR_IND","TIME_OF_DAY","TOT_INJ_COUNT","TOTAL_UNITS","UNB_DEATH_COUNT","UNB_SUSP_SERIOUS_INJ_COUNT","UNBELTED_OCC_COUNT","UNK_INJ_DEG_COUNT","UNK_INJ_PER_COUNT","URBAN_RURAL","VAN_COUNT","VEHICLE_COUNT","WORK_ZONE_IND","WORK_ZONE_LOC","WORK_ZONE_TYPE","WORKERS_PRES","WZ_CLOSE_DETOUR","WZ_FLAGGER","WZ_LAW_OFFCR_IND","WZ_LN_CLOSURE","WZ_MOVING","WZ_OTHER","WZ_SHLDER_MDN","ROADWAY_CLEARED","WEATHER1","WEATHER2","WZ_WORKERS_INJ_KILLED","SECONDARY_CRASH","INTERSECTION_RELATED"
"2330","0","0","0","0","0","0","0","0","0","6","0","","36","02","2021","2021018945","4","40.0636","-76.2578","2320","08","0","0","1","0","0","0","0","0","","0","0","0","23","2","0","00","2","40 03:49.090","5","00","76 15:28.050","0","0","0","0","36215","0","0","0","N","0","0","0","2","36215","0","","1","07","N","N","1","","0","0","1","0","0","Y","2319","0","2","0","0","0","0","0","1","0","2","N","","","","","","","","","","","0100","10","","","N","N"
"0852","1","0","0","0","0","0","0","0","0","7","0","","36","02","2021","2021017276","1","39.9849","-76.0509","0852","08","0","0","0","0","1","0","0","0","","0","0","0","08","1","0","02","2","39 59:05.798","6","00","76 03:03.261","0","0","0","0","36232","0","0","0","N","0","0","0","1","68J01","0","","4","02","N","N","0","","0","0","0","0","0","Y","0852","0","1","0","0","0","0","0","1","0","1","N","","","","","","","","","","","0100","06","","","N",""
"1524","1","0","0","0","0","0","0","0","0","7","0","","36","06","2021","2021052918","7","40.0777","-76.3379","1518","08","0","0","0","0","0","0","0","0","","0","0","0","15","1","0","00","0","40 04:39.851","","07","76 20:16.485","0","0","0","0","36101","0","0","0","N","0","0","0","1","36101","0","","2","01","N","N","0","","0","0","0","0","0","","1514","0","1","0","0","0","0","0","3","0","1","N","","","","","","","","","","","","03","","","N","N"
"0656","2","0","0","0","0","0","0","0","0","4","0","","36","02","2021","2021015555","2","40.0097","-76.2987","0643","08","0","0","0","0","0","0","0","0","","0","0","0","06","1","0","02","0","40 00:34.819","","00","76 17:55.403","0","0","0","0","36240","0","0","0","N","0","0","0","2","36240","0","","1","01","N","N","0","","0","0","0","3","3","N","0642","0","2","0","0","0","0","0","1","0","2","N","","","","","","","","","","","","03","03","","N",""
"1730","0","0","0","0","0","0","0","0","0","7","0","","36","02","2021","2021017212","5","40.1886","-76.5825","1714","08","0","0","0","0","0","0","0","0","","0","0","0","17","1","0","00","1","40 11:18.845","4","00","76 34:57.067","0","0","0","0","36225","0","0","0","N","0","0","0","1","36505","0","","4","02","N","N","1","","0","0","0","0","0","N","1710","0","1","0","0","0","0","0","2","0","1","N","","","","","","","","","","","1805","06","06","","N","N"
"1145","1","0","0","0","0","0","0","0","0","7","0","","36","06","2021","2021051878","6","39.9773","-76.4034","1140","08","0","1","0","0","0","0","0","0","","0","0","0","11","1","0","00","1","39 58:38.149","2","00","76 24:12.128","0","0","0","0","36223","0","0","0","N","0","0","0","1","36223","0","","4","01","N","N","0","","0","0","0","0","0","N","1136","0","1","0","0","0","0","0","1","0","1","N","","","","","","","","","","","1216","03","","","N","N"
"0806","0","0","0","0","0","0","1","0","0","1","1","","36","06","2021","2021051198","6","40.0188","-76.1745","0801","08","0","0","0","0","0","0","0","0","","0","0","0","07","1","0","00","0","40 01:07.761","","00","76 10:27.842","0","0","0","0","36215","0","0","0","N","0","0","0","4","36215","0","","1","01","Y","N","0","","0","0","1","0","0","","0757","0","2","0","0","0","0","0","1","0","2","N","","","","","","","","","","","","03","03","","N","Y"
"0556","0","0","0","0","0","0","0","0","0","7","0","","36","02","2021","2021011479","4","40.0178","-76.1101","0543","08","0","0","1","0","0","0","0","0","","0","0","0","05","2","0","02","1","40 01:04.184","2","00","76 06:36.270","0","0","0","0","36221","0","0","0","N","0","0","0","1","68J01","0","","4","02","N","N","1","","0","0","0","0","0","Y","0538","0","1","0","0","0","0","0","1","0","1","N","","","","","","","","","","","0630","03","03","","N",""
"0545","1","0","0","0","0","0","0","0","0","7","0","","36","02","2021","2021016077","4","40.154","-76.6592","0534","08","0","0","0","0","0","0","0","0","","0","0","0","05","2","1","00","0","40 09:14.510","","00","76 39:33.180","4","0","0","0","36237","0","0","0","N","0","0","0","1","36505","1","","4","02","N","N","0","","0","0","0","0","0","","0531","1","1","0","0","0","0","0","1","0","1","N","","","","","","","","","","","","03","03","","N","N"
"0956","1","0","0","0","0","0","0","0","0","1","0","","36","02","2021","2021017210","2","40.1603","-76.578","0944","08","0","0","0","0","0","0","2","0","","0","0","0","09","1","0","00","0","40 09:36.926","","00","76 34:40.826","0","0","0","0","36225","0","0","0","N","0","0","0","2","36505","0","","1","01","N","N","0","","0","0","1","0","0","","0940","0","2","0","0","0","0","0","2","0","2","N","","","","","","","","","","","","03","","","N","N"
"1730","1","0","0","0","0","0","0","0","0","7","0","","36","02","2021","2021016064","3","40.1292","-76.5002","1717","08","0","0","0","0","1","0","0","0","","0","0","0","17","4","0","00","0","40 07:45.260","","00","76 30:00.652","0","0","0","0","36225","0","0","0","N","0","0","0","1","36410","0","","1","09","N","N","0","","0","0","0","0","0","","1717","0","1","0","0","0","0","0","2","0","1","N","","","","","","","","","","","","03","02","","N","N"
"0633","0","0","0","0","0","0","0","0","0","4","0","","36","02","2021","2021015625","2","40.0394","-76.5109","0630","08","0","0","0","0","0","1","0","0","","0","0","0","06","1","0","03","1","40 02:21.855","1","02","76 30:39.225","0","0","0","0","36239","0","0","0","N","0","0","0","2","36404","0","","1","01","N","N","0","","0","0","2","3","4","N","0626","0","2","0","0","0","0","0","3","0","2","N","","","","","","","","","","","0658","03","","","N","N"
"2316","1","0","0","0","0","0","0","0","0","7","0","","36","06","2021","2021051822","6","40.1699","-76.1921","2311","08","0","0","0","1","0","0","0","0","","0","0","0","23","3","0","02","0","40 10:11.607","","00","76 11:31.725","0","0","0","0","36218","0","0","0","N","0","0","0","1","36408","0","","5","01","N","N","0","","0","0","0","0","0","","2309","0","1","0","0","0","0","0","1","0","1","N","","","","","","","","","","","","03","03","","N",""
"1406","3","0","0","0","0","0","0","0","0","1","0","","36","02","2021","2021017479","7","40.1677","-76.1658","1400","08","0","0","0","1","0","0","0","0","","0","0","0","14","1","0","00","1","40 10:03.752","3","00","76 09:56.820","0","0","0","0","36408","0","0","0","N","0","0","0","4","36408","0","","1","01","N","N","0","","0","0","0","0","0","N","1400","0","3","0","0","0","0","0","2","0","3","N","","","","","","","","","","","1454","03","","","Y","N"
"1616","2","0","0","0","0","0","0","0","0","1","0","","36","02","2021","2021018951","2","40.0986","-76.3554","0816","08","0","0","0","0","1","1","0","0","","0","0","0","08","1","0","00","0","40 05:54.830","","00","76 21:19.480","0","0","0","0","36406","0","0","0","N","0","0","0","2","36506","0","","1","01","N","N","0","","0","0","0","0","0","","0816","0","2","0","0","0","0","0","3","0","2","N","","","","","","","","","","","","03","03","","N","N"
"1552","0","0","0","0","0","0","0","0","0","7","0","","36","02","2021","2021018540","1","40.0156","-76.1581","1547","08","0","0","0","0","1","0","0","0","","0","0","0","15","1","0","00","1","40 00:56.100","4","00","76 09:28.911","0","0","0","0","36215","0","0","0","N","0","0","0","1","36215","0","","4","09","N","N","0","","0","0","1","0","0","N","1545","0","1","0","0","0","0","0","1","0","1","N","","","","","","","","","","","1645","03","03","","N","N"
"1015","2","0","0","0","0","0","0","0","0","6","0","","36","04","2021","2021051389","7","40.103","-76.0483","1010","08","0","1","0","0","0","1","0","0","","0","0","0","10","1","0","00","0","40 06:10.900","","00","76 02:53.816","0","0","0","0","36213","0","0","0","N","0","0","0","6","36213","0","","1","01","N","N","0","","0","0","0","0","0","","1005","0","2","0","0","0","0","0","1","0","2","N","","","","","","","","","","","","03","03","","N","N"
"0643","1","0","0","0","0","0","0","0","0","4","0","","36","02","2021","2021024362","5","40.0157","-76.3496","0628","08","0","0","0","0","0","0","1","0","","0","0","0","06","1","0","01","0","40 00:56.470","","00","76 20:58.524","0","0","0","0","36412","0","0","0","N","0","0","0","2","36412","0","","1","07","N","N","0","","0","0","1","3","2","","0628","0","2","0","0","0","0","0","3","0","2","N","","","","","","","","","","","","10","","","N","N"
"0920","1","0","0","0","0","0","0","0","0","7","0","","36","05","2021","2021051991","7","40.2283","-76.362","0850","08","0","0","0","0","0","0","0","0","","0","0","0","08","1","0","00","0","40 13:41.917","","00","76 21:45.508","0","0","0","0","36217","0","0","0","Y","0","0","0","1","68T06","0","","5","09","N","N","0","","0","0","0","0","0","","0848","0","1","0","0","0","0","0","1","0","1","N","","","","","","","","","","","","07","","","N","N"
"1530","0","0","0","0","0","0","0","0","0","4","0","","36","02","2021","2021015346","7","40.1084","-76.2406","1520","08","0","0","0","0","0","0","1","1","","0","0","0","15","1","0","00","2","40 06:30.178","2","07","76 14:26.244","0","0","0","0","36101","0","0","0","N","0","0","0","2","36101","0","","1","01","N","N","1","","0","0","0","0","0","N","1519","0","2","0","0","0","0","0","3","1","2","N","","","","","","","","","","","1553","03","03","","N","N"
"0916","1","0","0","0","0","0","0","0","0","7","0","","36","02","2021","2021014145","4","40.1436","-76.5958","0915","08","0","0","0","1","0","0","0","0","","0","0","0","09","1","1","00","0","40 08:36.900","","00","76 35:44.700","8","0","0","0","36407","0","0","0","N","0","0","0","1","36407","0","","4","01","N","N","0","","0","0","0","0","0","","0915","1","1","0","0","0","1","0","2","0","1","N","","","","","","","","","","","","03","","","N","N"
"1919","1","0","0","0","0","0","0","0","0","4","0","","36","02","2021","2021015493","7","40.0635","-76.3589","1914","08","1","0","0","0","0","0","0","0","","0","0","0","19","3","1","01","2","40 03:48.686","2","00","76 21:32.100","3","0","0","0","36214","0","0","0","N","0","0","0","6","36214","0","","1","01","N","N","0","","1","0","1","3","2","Y","1910","1","2","0","0","0","0","0","3","0","2","N","","","","","","","","","","","2016","04","","","N",""
"2003","1","0","0","0","0","0","0","0","0","5","0","","36","02","2021","2021016076","2","40.1407","-76.5522","1957","08","0","0","0","0","0","1","1","0","","0","0","0","19","3","1","00","1","40 08:26.544","3","00","76 33:07.895","4","0","0","0","36225","0","0","0","N","0","0","0","2","36505","1","","1","01","N","N","0","","0","0","1","0","0","Y","1954","1","3","0","0","0","0","0","2","0","2","N","","","","","","","","","","","2015","03","03","","N","N"
"1232","2","0","0","0","0","0","0","0","0","6","0","","36","06","2021","2021052917","7","40.077","-76.3088","1215","08","0","0","0","0","0","0","0","0","","0","0","0","12","1","0","00","0","40 04:37.332","","00","76 18:31.712","0","0","0","0","36101","0","0","0","N","0","0","0","3","36101","0","","1","01","N","N","0","","0","0","0","3","2","","1212","0","2","0","0","0","0","0","3","0","2","N","","","","","","","","","","","","03","","","N","N"
"0745","1","0","0","0","0","0","0","0","0","7","0","","36","02","2021","2021017215","5","40.18","-76.2748","0745","08","0","0","0","0","0","0","0","0","","0","0","0","07","1","0","00","0","40 10:48.170","","00","76 16:29.130","0","0","0","0","36235","0","0","0","N","0","0","0","1","36506","0","","4","07","N","N","0","","0","0","0","0","0","","0721","0","1","0","0","0","0","0","1","0","1","N","","","","","","","","","","","","10","","","N","N"
"0838","1","0","0","0","0","0","0","0","0","7","0","","36","02","2021","2021020879","1","40.1314","-76.5868","0834","08","0","0","0","0","0","0","0","0","","0","0","0","08","1","0","00","0","40 07:53.176","","00","76 35:12.318","0","0","0","0","36237","0","0","0","N","0","0","0","1","36505","0","","2","02","N","N","0","","0","0","0","0","0","","0831","0","1","0","0","0","0","0","1","0","1","N","","","","","","","","","","","","03","03","","N","N"
"1808","1","0","0","0","0","0","0","0","0","7","0","","36","02","2021","2021017428","3","40.1083","-76.0504","1805","08","0","0","0","0","0","0","0","0","","0","0","0","18","2","0","00","0","40 06:29.700","","00","76 03:01.500","0","0","0","0","36213","0","0","0","N","0","0","0","1","36213","0","","4","07","N","N","0","","0","0","0","0","0","","1800","0","1","0","0","0","0","0","1","0","1","N","","","","","","","","","","","","10","10","","N","N"
"1252","1","0","0","0","0","0","0","0","0","7","0","","36","06","2021","2021052097","5","40.1885","-76.5827","1250","08","0","0","1","0","0","0","0","0","","0","0","0","12","1","1","00","2","40 11:18.577","5","00","76 34:57.639","3","0","0","0","36225","0","0","0","N","0","0","0","1","36505","0","","2","01","N","N","0","","1","0","0","0","0","Y","1250","1","1","0","0","0","0","0","2","0","1","N","","","","","","","","","","","1400","03","03","","N","N"
"0811","1","0","0","0","0","0","0","0","0","7","0","","36","05","2021","2021050862","1","40.0682","-76.2876","0758","08","0","0","0","0","0","0","0","0","","0","0","0","07","1","0","00","0","40 04:05.686","","02","76 17:15.435","0","0","0","0","36101","0","0","0","N","0","0","0","1","36101","0","","5","09","N","N","0","","0","0","0","0","0","","0756","0","1","0","0","0","0","0","3","0","1","N","","","","","","","","","","","","04","04","","N","N"
"0744","1","0","0","0","0","0","0","0","0","6","0","","36","02","2021","2021013878","4","40.0578","-76.2155","0740","08","0","0","1","0","0","0","0","0","","0","0","0","07","1","0","00","1","40 03:27.960","1","00","76 12:55.650","0","0","0","0","36215","0","0","0","N","0","0","0","2","36215","0","","1","07","N","N","1","","0","0","0","0","0","N","0735","0","2","0","0","0","0","0","1","0","2","N","","","","","","","","","","","0829","03","","","N","N"
"0954","1","0","0","0","0","0","0","0","0","7","0","","36","02","2021","2021016769","4","40.0567","-76.2998","0949","08","0","0","0","0","0","0","0","1","","0","0","0","09","1","1","00","0","40 03:24.000","","00","76 17:59.400","8","0","0","0","36301","0","0","0","N","0","0","0","1","36301","0","","4","01","N","N","0","","0","0","0","0","0","","0947","1","1","0","0","0","1","0","3","0","1","N","","","","","","","","","","","","03","","","N","N"
"1713","0","0","0","0","0","0","0","0","0","4","1","","36","05","2021","2021051527","2","39.9887","-75.9846","1701","08","0","0","0","0","0","0","0","0","","0","1","1","17","1","2","02","1","39 59:19.233","6","07","75 59:04.464","2","0","0","0","36232","2","0","2","N","0","0","0","3","68J01","0","","1","09","N","N","0","","0","2","0","3","3","N","1701","2","2","0","0","0","0","0","1","0","1","N","","","","","","","","","","","1756","04","","","N",""
"0809","1","0","0","0","0","0","0","0","0","5","1","","36","05","2021","2021049702","5","40.0409","-76.3083","0809","08","0","0","0","0","0","1","0","0","","0","1","0","08","1","0","01","2","40 02:27.264","2","00","76 18:29.981","0","0","0","0","36301","0","0","0","N","0","0","0","2","36301","0","","1","01","N","N","0","","0","0","0","3","2","Y","0809","0","2","0","0","0","0","0","3","0","2","N","","","","","","","","","","","0844","03","03","","N",""
"1440","1","0","1","0","0","0","0","0","0","2","0","","36","02","2021","2021021869","5","40.1382","-76.5617","1440","08","0","0","0","0","1","0","0","0","","0","0","0","14","1","2","00","2","40 08:17.606","5","00","76 33:42.266","2","0","0","0","36225","0","0","0","N","0","0","0","2","36505","0","","1","06","N","N","0","","1","1","1","0","0","Y","1439","2","2","0","0","0","0","0","2","0","2","N","","","","","","","","","","","1528","07","","","N","N"
"0536","1","0","0","0","0","0","0","0","0","7","0","","36","02","2021","2021017029","5","39.9951","-76.2044","0524","08","0","0","0","0","0","1","0","0","","0","0","0","05","6","0","00","0","39 59:42.195","","03","76 12:16.006","0","0","0","0","36233","0","0","0","Y","0","0","0","1","36240","0","","2","07","N","N","0","","0","0","0","0","0","N","0520","0","1","0","0","0","0","0","1","0","1","N","","","","","","","","","","","","02","10","","N","N"
"0834","1","0","0","0","0","0","0","0","0","6","0","","36","02","2021","2021010934","3","40.0975","-76.2822","0831","08","0","0","0","0","0","0","0","0","","0","0","0","08","1","0","00","1","40 05:51.100","1","00","76 16:55.870","0","0","0","0","36101","0","0","0","N","0","0","0","2","36101","0","","1","07","N","N","1","","0","0","0","0","0","N","0828","0","2","0","0","0","0","0","3","0","2","N","","","","","","","","","","","0925","10","10","","N","N"
"1248","1","0","0","0","0","0","0","0","0","1","0","","36","06","2021","2021051014","5","40.0507","-76.3253","1246","08","0","0","0","0","0","0","0","1","","0","0","0","12","1","2","00","1","40 03:02.430","4","00","76 19:31.200","3","0","0","0","36101","0","0","0","N","0","0","0","3","36101","0","","1","01","N","N","0","","2","0","1","0","0","N","1232","2","2","0","0","0","0","0","3","0","2","N","","","","","","","","","","","1300","04","04","","N","N"
"1317","2","0","0","0","0","0","0","0","0","4","0","","36","02","2021","2021012586","6","40.1436","-76.3048","1317","08","0","0","0","0","0","0","2","0","","0","0","0","13","1","2","01","2","40 08:36.966","2","00","76 18:17.243","3","0","0","0","36409","0","0","0","N","0","0","0","2","36409","0","","1","01","N","N","0","","2","0","0","3","2","N","1317","2","2","0","0","0","0","0","3","0","2","N","","","","","","","","","","","1357","03","","","Y",""
"1805","1","0","1","0","0","0","0","0","0","7","0","","36","05","2021","2021046300","6","40.2545","-76.1512","1803","08","0","0","0","0","0","0","0","0","","0","0","0","18","1","1","00","2","40 15:16.154","5","00","76 09:04.312","2","0","0","0","36236","0","0","0","N","0","0","0","1","36408","0","","4","01","N","N","0","","0","1","0","0","0","Y","1801","1","1","0","0","0","0","0","1","0","1","N","","","","","","","","","","","1844","03","03","","N","N"
"1949","0","0","0","0","0","0","0","0","0","1","0","","36","05","2021","2021053827","7","39.8813","-76.2313","1853","08","0","0","0","0","0","0","1","0","","0","0","0","18","1","0","00","0","39 52:52.597","","00","76 13:52.855","0","0","0","0","36212","0","0","0","N","0","0","0","2","68J01","0","","1","01","N","N","0","","0","0","2","0","0","","1851","0","2","0","0","0","0","0","1","0","2","N","","","","","","","","","","","","03","03","","N","N"
"0744","2","0","0","0","0","0","0","0","0","5","0","","36","02","2021","2021018091","1","40.0395","-76.3067","0736","08","0","0","0","0","0","0","0","0","","0","0","0","07","5","0","00","0","40 02:22.050","","00","76 18:24.146","0","0","0","0","36301","0","0","0","N","0","0","0","1","36301","0","","6","01","N","N","0","","0","0","0","0","0","","0734","0","2","0","0","0","0","0","3","0","2","N","","","","","","","","","","","","03","03","","Y","N"
"0302","0","0","0","0","0","0","0","0","0","7","0","","36","02","2021","2021017217","6","40.1511","-76.2398","0252","08","0","0","0","0","0","0","0","0","","0","0","0","02","3","0","00","9","40 09:03.861","","00","76 14:23.336","0","0","0","0","36235","0","0","0","N","0","0","0","1","36506","0","","4","02","N","N","0","","0","0","1","0","0","","0249","0","1","0","0","0","0","0","1","0","1","N","","","","","","","","","","","","06","10","","N","N"
"1625","1","0","0","0","0","0","0","0","0","4","0","","36","02","2021","2021012486","6","40.0146","-76.3261","1620","08","0","0","0","0","0","0","0","1","","0","0","0","16","1","1","02","0","40 00:52.712","","00","76 19:33.907","3","0","0","0","36220","0","0","0","N","0","0","0","3","36101","0","","1","01","N","N","0","","1","0","1","3","3","","1618","1","2","0","0","0","0","0","3","0","2","N","","","","","","","","","","","","03","","","N",""
"0831","0","0","0","0","0","0","0","0","0","1","1","","36","04","2021","2021049555","4","40.1154","-76.0558","0826","08","0","0","0","0","0","0","0","0","","0","1","0","08","1","1","02","0","40 06:55.287","","00","76 03:21.025","3","0","0","0","36213","0","0","0","N","0","0","0","3","36213","0","","1","01","N","N","0","","1","0","0","3","3","","0821","1","2","0","0","2","0","0","1","1","2","N","","","","","","","","","","","","03","03","","N",""
"0957","1","0","0","0","0","0","0","0","0","7","0","","36","02","2021","2021018745","5","40.0594","-76.3115","0943","08","0","0","0","0","0","0","0","0","","0","0","0","09","1","0","00","0","40 03:33.730","","00","76 18:41.570","0","0","0","0","36101","0","0","0","N","0","0","0","1","36101","0","","2","07","N","N","0","","0","0","0","0","0","","0937","0","1","0","0","0","0","0","3","0","1","N","","","","","","","","","","","","10","10","","N","N"
"0809","1","0","0","0","0","0","0","0","0","7","0","","36","02","2021","2021018449","5","40.2095","-76.0262","0809","08","0","0","0","0","1","0","0","0","","0","0","0","08","1","0","00","0","40 12:34.094","","00","76 01:33.205","0","0","0","0","36202","0","0","0","N","0","0","0","2","68T06","0","","2","07","N","N","0","","0","0","0","0","0","","0808","0","1","0","0","0","0","0","1","0","1","N","","","","","","","","","","","","10","","","N","N"
"1006","0","0","0","0","0","0","0","0","0","7","0","","36","02","2021","2021018364","5","40.1784","-76.1671","1002","08","0","0","0","0","0","0","1","0","","0","0","0","10","1","0","02","0","40 10:42.070","","00","76 10:01.516","0","0","0","0","36408","0","0","0","Y","0","0","0","1","36408","0","","4","06","N","N","0","","0","0","1","0","0","","1002","0","1","0","0","0","0","0","2","0","1","N","","","","","","","","","","","","10","09","","N","N"
"0005","1","0","0","0","0","0","0","0","0","98","0","","36","06","2021","2021053418","4","39.9086","-76.1852","0005","08","0","0","0","0","0","0","1","0","","0","0","0","00","2","0","00","0","39 54:30.943","","00","76 11:06.633","0","0","0","0","36229","0","0","0","N","0","0","0","1","68J01","0","","1","01","N","N","0","","0","0","0","0","0","","0003","0","1","0","0","0","0","0","1","0","1","N","","","","","","","","","","","","03","","","N","N"
"0926","0","0","0","0","0","0","0","0","0","1","0","","36","02","2021","2021016360","4","40.0408","-76.2875","0920","08","0","0","0","0","0","0","1","0","","0","0","0","09","1","1","00","1","40 02:26.700","1","00","76 17:15.000","3","0","0","0","36301","0","0","0","N","0","0","0","5","36301","0","","1","01","N","N","0","","1","0","1","0","0","N","0917","1","2","0","0","0","0","0","3","1","2","N","","","","","","","","","","","1008","04","","","N","N"
"1731","0","0","0","0","0","0","0","0","0","7","0","","36","02","2021","2021020947","6","39.8169","-76.1327","1722","08","0","0","0","0","0","0","0","0","","0","0","0","17","2","0","00","2","39 49:00.721","5","00","76 07:57.560","0","0","0","0","36222","0","0","0","Y","0","0","0","1","68J01","0","","4","01","N","N","0","","0","0","1","0","0","Y","1719","0","1","0","0","0","0","0","1","0","1","N","","","","","","","","","","","1834","03","","","N","N"
"1713","1","0","0","0","0","0","0","0","0","1","0","","36","06","2021","2021053362","4","40.0975","-76.2687","1710","08","0","0","0","0","0","2","0","0","","0","0","0","17","1","0","00","1","40 05:50.909","1","00","76 16:07.192","0","0","0","0","36101","0","0","0","N","0","0","0","3","36101","0","","1","01","N","N","0","","0","0","2","0","0","N","1708","0","3","0","0","0","0","0","3","0","3","N","","","","","","","","","","","1745","03","03","","N","N"
"1929","0","0","0","0","0","0","0","0","0","4","0","","36","02","2021","2021018887","5","40.0422","-76.2957","1949","08","0","0","0","0","0","1","0","0","","0","0","0","19","2","0","01","1","40 02:32.089","3","00","76 17:44.343","0","0","0","0","36301","0","0","0","N","0","0","0","2","36301","0","","1","06","N","N","1","","0","0","1","3","3","N","1929","0","2","0","0","0","0","0","3","0","2","N","","","","","","","","","","","2105","10","","","N","N"
"1217","0","0","0","0","0","0","0","0","0","4","0","","36","06","2021","2021052084","6","40.0685","-76.3074","1214","08","0","0","0","0","0","1","0","0","","0","0","0","12","1","1","01","1","40 04:06.527","1","00","76 18:26.750","4","0","0","0","36101","0","0","0","N","0","0","0","3","36101","1","","1","01","N","N","1","","0","0","1","3","2","N","1212","1","2","0","0","0","0","0","3","0","2","N","","","","","","","","","","","1245","03","","","N",""
"1717","0","0","0","0","0","0","0","0","0","0","0","","36","06","2021","2021053425","7","40.1619","-76.0479","1701","08","0","0","0","0","0","0","0","0","","0","0","0","16","1","1","00","0","40 09:42.910","","00","76 02:52.580","3","0","0","1","36418","0","0","0","N","0","0","0","1","68J01","0","","1","01","N","N","0","","1","0","0","0","0","","1654","1","1","0","0","0","0","0","1","0","1","N","","","","","","","","","","","","03","","","N","N"
"0547","0","0","0","0","0","0","0","0","0","7","0","","36","02","2021","2021026813","2","40.2179","-76.0171","0527","08","0","0","0","0","0","0","0","0","","0","0","0","05","2","0","00","1","40 13:04.301","1","00","76 01:01.661","0","0","0","0","36202","0","0","0","N","0","0","0","1","68J01","0","","4","01","N","N","0","","0","0","1","0","0","N","0517","0","1","0","0","0","0","0","1","0","1","N","","","","","","","","","","","0630","03","03","","N","N"
"0125","1","0","0","0","0","0","0","0","0","7","0","","36","05","2021","2021052092","4","40.1287","-76.6252","0112","08","0","0","0","0","0","0","0","0","","0","0","0","01","2","0","00","0","40 07:43.280","","00","76 37:30.587","0","0","0","0","36237","0","0","0","N","0","0","0","1","36505","0","","4","01","N","N","0","","0","0","0","0","0","","0107","0","1","0","0","0","0","0","1","0","1","N","","","","","","","","","","","","03","03","","N","N"
"0603","1","0","0","0","0","0","0","0","0","4","0","","36","05","2021","2021049696","6","40.0399","-76.3659","0552","08","0","0","0","0","1","0","0","0","","0","0","0","05","1","0","02","0","40 02:23.570","","00","76 21:57.088","0","0","0","0","36223","0","0","0","N","0","0","0","2","36223","0","","1","01","N","N","0","","0","0","1","3","3","","0549","0","2","0","0","0","0","0","1","0","2","N","","","","","","","","","","","","03","03","","N",""
"1302","0","0","0","0","0","0","0","0","0","4","0","","36","02","2021","2021014719","3","40.0361","-76.2571","1257","08","0","0","0","0","0","1","0","0","","0","0","0","12","1","0","01","1","40 02:09.984","3","00","76 15:25.380","0","0","0","0","36215","0","0","0","N","0","0","0","2","36215","0","","1","01","N","N","0","","0","0","2","3","3","Y","1257","0","2","0","0","0","0","0","1","0","2","N","","","","","","","","","","","0030","03","03","","N",""
"0741","0","0","0","0","0","0","0","0","0","7","0","","36","02","2021","2021014130","5","40.1448","-76.6808","0712","08","0","0","0","0","0","0","0","0","","0","0","0","07","1","0","00","2","40 08:41.200","6","00","76 40:50.700","0","0","0","0","36207","0","0","0","N","0","0","0","1","36504","0","","4","07","N","N","1","","0","0","0","0","0","N","0709","0","1","0","0","1","0","0","1","0","1","N","","","","","","","","","","","0826","10","","","N","N"