"ARRIVAL_TM","AUTOMOBILE_COUNT","BELTED_DEATH_COUNT","BELTED_SUSP_SERIOUS_INJ_COUNT","BICYCLE_COUNT","BICYCLE_DEATH_COUNT","BICYCLE_SUSP_SERIOUS_INJ_COUNT","BUS_COUNT","CHLDPAS_DEATH_COUNT","CHLDPAS_SUSP_SERIOUS_INJ_COUNT","COLLISION_TYPE","COMM_VEH_COUNT","CONS_ZONE_SPD_LIM","COUNTY","CRASH_MONTH","CRASH_YEAR","CRN","DAY_OF_WEEK","DEC_LAT","DEC_LONG","DISPATCH_TM","DISTRICT","DRIVER_COUNT_16YR","DRIVER_COUNT_17YR","DRIVER_COUNT_18YR","DRIVER_COUNT_19YR","DRIVER_COUNT_20YR","DRIVER_COUNT_50_64YR","DRIVER_COUNT_65_74YR","DRIVER_COUNT_75PLUS","EST_HRS_CLOSED","FATAL_COUNT","HEAVY_TRUCK_COUNT","HORSE_BUGGY_COUNT","HOUR_OF_DAY","ILLUMINATION","INJURY_COUNT","INTERSECT_TYPE","LANE_CLOSED","LATITUDE","LN_CLOSE_DIR","LOCATION_TYPE","LONGITUDE","MAX_SEVERITY_LEVEL","MCYCLE_DEATH_COUNT","MCYCLE_SUSP_SERIOUS_INJ_COUNT","MOTORCYCLE_COUNT","MUNICIPALITY","NONMOTR_COUNT","NONMOTR_DEATH_COUNT","NONMOTR_SUSP_SERIOUS_INJ_COUNT","NTFY_HIWY_MAINT","PED_COUNT","PED_DEATH_COUNT","PED_SUSP_SERIOUS_INJ_COUNT","PERSON_COUNT","POLICE_AGCY","POSSIBLE_INJ_COUNT","RDWY_SURF_TYPE_CD","RELATION_TO_ROAD","ROAD_CONDITION","SCH_BUS_IND","SCH_ZONE_IND","SMALL_TRUCK_COUNT","SPEC_JURIS_CD","SUSP_MINOR_INJ_COUNT","SUSP_SERIOUS_INJ_COUNT","SUV_COUNT","TCD_FUNC_CD","TCD_TYPE","TFC_DETOUR_IND","TIME_OF_DAY","TOT_INJ_COUNT","TOTAL_UNITS","UNB_DEATH_COUNT","UNB_SUSP_SERIOUS_INJ_COUNT","UNBELTED_OCC_COUNT","UNK_INJ_DEG_COUNT","UNK_INJ_PER_COUNT","URBAN_RURAL","VAN_COUNT","VEHICLE_COUNT","WORK_ZONE_IND","WORK_ZONE_LOC","WORK_ZONE_TYPE","WORKERS_PRES","WZ_CLOSE_DETOUR","WZ_FLAGGER","WZ_LAW_OFFCR_IND","WZ_LN_CLOSURE","WZ_MOVING","WZ_OTHER","WZ_SHLDER_MDN","ROADWAY_CLEARED","WEATHER1","WEATHER2","WZ_WORKERS_INJ_KILLED","SECONDARY_CRASH","INTERSECTION_RELATED"
"0919","1","0","0","0","0","0","0","0","0","7","0","","36","02","2021","2021015193","7","40.0334","-76.4054","0912","08","1","0","0","0","0","0","0","0","","0","0","0","09","1","1","00","2","40 02:00.377","5","00","76 24:19.261","3","0","0","0","36223","0","0","0","N","0","0","0","1","36223","0","","4","01","N","N","0","","1","0","0","0","0","Y","0911","1","1","0","0","1","0","0","1","0","1","N","","","","","","","","","","","0959","04","","","N","N"
"2301","0","0","0","0","0","0","0","0","0","7","0","","36","05","2021","2021052986","6","39.8852","-76.3366","2254","08","0","0","0","0","0","0","0","0","","0","0","0","22","2","0","00","0","39 53:06.596","","00","76 20:11.821","0","0","0","0","36224","0","0","0","Y","0","0","0","1","68J01","0","","4","01","N","N","0","","0","0","1","0","0","","2250","0","1","0","0","0","0","0","1","0","1","N","","","","","","","","","","","","03","","","N","N"
"2222","3","0","0","0","0","0","0","0","0","5","0","","36","05","2021","2021050972","7","40.037","-76.3156","2218","08","0","0","0","0","0","0","0","0","","0","0","0","22","3","0","00","1","40 02:13.361","3","00","76 18:56.132","0","0","0","0","36301","0","0","0","N","0","0","0","1","36301","0","","2","09","N","N","0","","0","0","0","0","0","N","2216","0","3","0","0","0","0","0","3","0","3","N","","","","","","","","","","","2240","03","03","","N","N"
"0745","1","0","0","0","0","0","0","0","0","1","0","","36","06","2021","2021053790","6","40.0926","-76.1187","0744","08","0","0","0","0","0","1","0","0","","0","0","0","07","1","1","00","1","40 05:33.421","4","00","76 07:07.144","3","0","0","0","36209","0","0","0","N","0","0","0","2","36415","0","","1","01","N","N","1","","1","0","0","0","0","N","0742","1","2","0","0","0","0","0","1","0","2","N","","","","","","","","","","","0800","04","","","N","N"
"1827","0","0","0","0","0","0","0","0","0","1","0","","36","02","2021","2021016298","2","40.0709","-76.3176","1818","08","0","0","0","0","0","1","0","0","","0","0","0","18","3","1","01","0","40 04:15.221","","00","76 19:03.325","4","0","0","0","36101","0","0","0","N","0","0","0","3","36101","1","","1","09","N","N","0","","0","0","1","0","0","","1809","1","2","0","0","0","0","0","3","1","2","N","","","","","","","","","","","","07","06","","N","N"
"1530","0","0","0","0","0","0","0","0","0","4","0","","36","02","2021","2021012186","4","40.1015","-76.0919","1525","08","0","0","0","0","0","0","0","0","","0","0","0","15","1","0","01","0","40 06:05.302","","00","76 05:30.717","0","0","0","0","36415","0","0","0","N","0","0","0","2","36415","0","","1","09","N","N","0","","0","0","2","3","2","","1525","0","2","0","0","2","0","0","1","0","2","N","","","","","","","","","","","","03","03","","N",""
"1424","0","0","0","0","0","0","0","0","0","7","0","","36","02","2021","2021015348","6","40.0279","-76.3826","1424","08","0","0","0","0","0","0","1","0","","0","0","0","14","1","0","00","0","40 01:40.300","","00","76 22:57.500","0","0","0","0","36223","0","0","0","N","0","0","0","1","36223","0","","5","01","N","N","1","","0","0","0","0","0","","1420","0","1","0","0","0","0","0","1","0","1","N","","","","","","","","","","","","04","","","N","N"
"1250","2","0","0","0","0","0","0","0","0","4","0","","36","05","2021","2021049885","2","40.0635","-76.3589","1245","08","0","0","0","0","0","0","0","0","","0","0","0","12","1","1","00","0","40 03:48.686","","07","76 21:32.100","3","0","0","0","36214","0","0","0","N","0","0","0","2","36214","0","","1","01","N","N","0","","1","0","0","0","0","","1243","1","2","0","0","0","0","0","3","0","2","N","","","","","","","","","","","","03","03","","N","N"
"0716","1","0","0","0","0","0","0","0","0","7","0","","36","02","2021","2021020880","5","40.1578","-76.6644","0704","08","0","0","0","0","0","0","0","0","","0","0","0","07","5","0","03","0","40 09:28.249","","00","76 39:51.732","0","0","0","0","36237","0","0","0","N","0","0","0","1","36505","0","","4","07","N","N","0","","0","0","0","0","0","","0701","0","1","0","0","0","0","0","1","0","1","N","","","","","","","","","","","","10","04","","N",""
"2118","1","0","0","0","0","0","0","0","0","7","0","","36","06","2021","2021051362","4","40.0116","-76.2257","2115","08","0","0","0","0","0","0","0","0","","0","0","0","21","2","2","00","2","40 00:41.914","5","00","76 13:32.496","3","0","0","0","36240","0","0","0","N","0","0","0","2","36240","0","","5","01","N","N","0","","1","0","0","0","0","Y","2110","2","1","0","0","0","1","0","1","0","1","N","","","","","","","","","","","2315","03","03","","N","N"
"1200","0","0","0","0","0","0","0","0","0","1","0","","36","06","2021","2021053690","4","40.1213","-76.0388","1156","08","0","0","0","0","0","0","1","0","","0","0","0","11","1","0","02","0","40 07:16.519","","00","76 02:19.591","0","0","0","0","36213","0","0","0","N","0","0","0","2","36213","0","","1","01","N","N","1","","0","0","1","3","2","","1153","0","2","0","0","0","0","0","1","0","2","N","","","","","","","","","","","","03","03","","N",""
"2105","0","0","0","0","0","0","0","0","0","7","0","","36","02","2021","2021017049","5","40.0692","-76.3085","2055","08","0","0","0","0","1","0","0","0","","0","0","0","20","2","0","00","1","40 04:09.265","3","00","76 18:30.420","0","0","0","0","36101","0","0","0","N","0","0","0","2","36101","0","","3","09","N","N","0","","0","0","1","0","0","N","2050","0","1","0","0","0","0","0","3","0","1","N","","","","","","","","","","","2144","06","","","N","N"
"1151","0","0","0","0","0","0","0","0","0","4","0","","36","05","2021","2021040843","4","40.0615","-76.5586","1147","08","0","0","0","0","0","0","0","0","","0","0","0","11","1","1","01","2","40 03:41.533","5","00","76 33:30.806","3","0","0","0","36211","0","0","0","N","0","0","0","2","36504","0","","1","09","N","N","0","","1","0","2","0","0","Y","1140","1","2","0","0","0","0","0","1","0","2","N","","","","","","","","","","","1248","03","03","","N",""
"0600","1","0","0","0","0","0","0","0","0","2","0","","36","02","2021","2021016719","5","40.1582","-76.6085","0550","08","0","0","0","0","0","2","0","0","","0","0","0","05","2","1","02","0","40 09:29.386","","00","76 36:30.602","8","0","0","0","36407","0","0","0","N","0","0","0","3","36407","0","","1","07","N","N","0","","0","0","2","0","0","","0550","1","3","0","0","0","1","0","2","0","3","N","","","","","","","","","","","","10","02","","Y",""
"0837","2","0","0","0","0","0","0","0","0","1","0","","36","05","2021","2021050636","6","40.0382","-76.3036","0827","08","0","0","0","0","0","1","0","0","","0","0","0","08","1","1","01","0","40 02:17.489","","00","76 18:12.922","4","0","0","0","36301","0","0","0","N","0","0","0","2","36301","1","","1","01","N","N","0","","0","0","0","3","2","","0823","1","2","0","0","0","0","0","3","0","2","N","","","","","","","","","","","","03","03","","N",""
"1050","0","0","0","0","0","0","0","0","0","7","0","","36","05","2021","2021048358","7","40.0731","-76.524","1045","08","0","0","0","0","0","0","0","0","","0","0","0","10","1","0","00","0","40 04:23.126","","00","76 31:26.513","0","0","0","0","36211","0","0","0","N","0","0","0","3","36504","0","","5","01","N","N","0","","0","0","1","0","0","N","1043","0","1","0","0","0","0","0","1","0","1","N","","","","","","","","","","","","04","","","N","N"
"1803","2","0","0","0","0","0","0","0","0","4","0","","36","06","2021","2021050619","4","40.1687","-76.3871","1753","08","0","1","0","0","0","0","0","0","","0","0","0","17","1","0","00","0","40 10:07.421","","00","76 23:13.483","0","0","0","0","36227","0","0","0","N","0","0","0","2","36506","0","","1","01","N","N","0","","0","0","0","0","0","","1753","0","2","0","0","0","0","0","1","0","2","N","","","","","","","","","","","","04","","","N","N"
"1053","1","0","0","0","0","0","0","0","0","3","0","","36","02","2021","2021012594","6","40.0341","-76.5025","1043","08","0","0","0","0","0","1","0","0","","0","0","0","10","1","0","00","1","40 02:02.900","2","00","76 30:09.100","0","0","0","0","36404","0","0","0","N","0","0","0","2","36404","0","","1","01","N","N","0","","0","0","0","0","0","N","1043","0","2","0","0","0","0","0","3","1","2","N","","","","","","","","","","","0020","03","","","N","N"
"0723","0","0","0","0","0","0","0","0","0","7","0","","36","05","2021","2021053847","7","40.0348","-75.9937","0706","08","0","0","0","0","0","1","0","0","","0","0","0","06","1","1","00","0","40 02:05.215","","00","75 59:37.436","3","0","0","0","36232","0","0","0","N","0","0","0","1","68J01","0","","2","09","N","N","0","","1","0","1","0","0","","0659","1","1","0","0","0","0","0","1","0","1","N","","","","","","","","","","","","07","","","N","N"
"1007","0","0","0","0","0","0","0","0","0","7","0","","36","02","2021","2021018283","5","40.1641","-76.1539","1005","08","0","0","0","0","0","1","0","0","","0","0","0","10","1","0","00","0","40 09:50.746","","07","76 09:14.014","0","0","0","0","36218","0","0","0","N","0","0","0","1","36408","0","","4","07","N","N","0","","0","0","1","3","2","","1003","0","1","0","0","0","0","0","1","0","1","N","","","","","","","","","","","","10","","","N","N"
"0256","0","0","0","0","0","0","0","0","0","7","0","","36","02","2021","2021016696","1","39.981","-76.2772","0251","08","0","0","0","0","0","0","0","0","","0","0","0","02","3","0","00","2","39 58:51.670","1","00","76 16:37.851","0","0","0","0","36240","0","0","0","N","0","0","0","1","36240","0","","5","01","N","N","0","","0","0","1","0","0","Y","0250","0","1","0","0","0","0","0","1","0","1","N","","","","","","","","","","","0500","04","","","N","N"
"1359","1","0","0","0","0","0","0","0","0","4","1","","36","06","2021","2021051416","6","40.042","-76.2977","1354","08","0","1","0","0","0","1","0","0","","0","1","0","13","1","1","01","0","40 02:31.214","","00","76 17:51.648","3","0","0","0","36301","0","0","0","N","0","0","0","2","36301","0","","1","01","N","N","0","","1","0","0","3","2","","1353","1","2","0","0","0","0","0","3","0","2","N","","","","","","","","","","","","03","","","N","N"
"1326","1","0","0","0","0","0","0","0","0","4","0","","36","02","2021","2021018311","1","40.0388","-76.3584","1322","08","0","0","1","0","0","0","0","0","","0","0","0","13","1","0","02","1","40 02:19.705","3","00","76 21:30.332","0","0","0","0","36223","0","0","0","N","0","0","0","2","36223","0","","1","01","N","N","0","","0","0","1","3","3","Y","1320","0","2","0","0","0","0","0","1","0","2","N","","","","","","","","","","","1405","03","03","","N",""
"1310","1","0","0","0","0","0","0","0","0","4","0","","36","02","2021","2021018323","4","40.1543","-76.6078","1310","08","0","0","0","0","0","0","0","1","","0","0","0","13","1","3","01","1","40 09:15.572","1","00","76 36:28.184","3","0","0","0","36407","0","0","0","N","0","0","0","3","36407","1","","1","01","N","N","0","","2","0","1","3","2","N","1308","3","2","0","0","0","0","0","2","0","2","N","","","","","","","","","","","1346","03","","","N","N"
"2235","3","0","0","0","0","0","0","0","0","4","0","","36","05","2021","2021049695","4","40.0656","-76.297","2231","08","0","0","0","0","0","0","0","0","","0","0","0","22","2","0","00","0","40 03:56.230","","00","76 17:49.080","0","0","0","0","36101","0","0","0","N","0","0","0","1","36101","0","","4","09","N","N","0","","0","0","0","0","0","","2230","0","3","0","0","0","0","0","3","0","3","N","","","","","","","","","","","","03","03","","N","N"
"1448","1","0","0","0","0","0","0","0","0","7","0","","36","05","2021","2021050720","4","39.998","-76.0578","1435","08","0","0","0","0","0","1","0","0","","0","0","0","14","1","1","00","2","39 59:52.813","4","00","76 03:28.341","3","0","0","0","36232","0","0","0","N","0","0","0","1","68J01","0","","4","01","N","N","0","","1","0","0","0","0","N","1433","1","1","0","0","0","0","0","1","0","1","N","","","","","","","","","","","0025","03","03","","N","N"
"1633","1","0","0","0","0","0","0","0","0","1","0","","36","05","2021","2021046296","6","40.245","-76.0465","1624","08","0","0","0","0","0","2","0","0","","0","0","0","16","1","0","01","1","40 14:41.925","2","00","76 02:47.244","0","0","0","0","36401","0","0","0","N","0","0","0","3","36408","0","","1","01","N","N","0","","0","0","1","0","0","N","1622","0","2","0","0","0","0","0","1","0","2","N","","","","","","","","","","","1720","03","03","","N",""
"1325","1","0","0","0","0","0","0","0","0","7","0","","36","02","2021","2021016867","5","40.1662","-76.0482","1319","08","0","1","0","0","0","0","0","0","","0","0","0","13","1","0","00","0","40 09:58.400","","00","76 02:53.600","0","0","0","0","36213","0","0","0","N","0","0","0","1","36213","0","","5","06","N","N","0","","0","0","0","0","0","","1300","0","1","0","0","0","0","0","1","0","1","N","","","","","","","","","","","","10","","","N","N"
"0858","1","0","0","0","0","0","0","0","0","1","0","","36","02","2021","2021020099","6","40.0367","-76.386","0749","08","0","0","0","0","0","1","0","1","","0","0","0","07","1","0","00","0","40 02:12.290","","00","76 23:09.740","0","0","0","0","36223","0","0","0","N","0","0","0","3","36223","0","","1","01","N","N","1","","0","0","0","0","0","","0742","0","2","0","0","1","0","0","1","0","2","N","","","","","","","","","","","","03","03","","N","N"
"1507","1","0","0","0","0","0","0","0","0","7","0","","36","02","2021","2021021238","5","40.0355","-76.5244","1458","08","0","0","0","0","0","1","0","0","","0","0","0","14","1","0","00","1","40 02:07.902","4","03","76 31:28.050","0","0","0","0","36239","0","0","0","N","0","0","0","2","36239","0","","2","01","N","N","0","","0","0","1","0","0","N","1458","0","2","0","0","0","0","0","3","0","2","N","","","","","","","","","","","1540","03","","","N","N"
"1635","2","0","0","0","0","0","0","0","0","4","0","","36","05","2021","2021055266","1","40.1679","-76.3994","1633","08","0","0","0","1","0","1","0","0","","0","0","0","16","1","0","01","0","40 10:04.413","","00","76 23:57.777","0","0","0","0","36410","0","0","0","N","0","0","0","5","36410","0","","1","01","N","N","0","","0","0","0","3","3","","1632","0","2","0","0","0","0","0","2","0","2","N","","","","","","","","","","","","04","","","N",""
"1830","0","0","0","0","0","0","0","0","0","1","0","","36","02","2021","2021018310","2","40.0706","-76.3547","1820","08","0","0","0","0","0","0","0","0","","0","0","0","18","2","2","00","1","40 04:14.167","2","00","76 21:16.894","4","0","0","0","36214","0","0","0","N","0","0","0","3","36214","2","","2","09","N","N","0","","0","0","2","0","0","N","1815","2","2","0","0","2","0","0","3","0","2","N","","","","","","","","","","","1930","07","06","","N","N"
"1135","0","0","0","0","0","0","0","0","0","8","0","","36","02","2021","2021019141","4","40.0382","-76.3036","1128","08","0","0","0","0","0","0","0","0","","0","0","0","11","1","1","01","0","40 02:17.489","","00","76 18:12.922","3","0","0","0","36301","1","0","0","N","1","0","0","2","36301","0","","1","01","N","N","0","","1","0","0","3","2","","1128","1","2","0","0","0","0","0","3","1","1","N","","","","","","","","","","","","03","","","N","N"
"1457","0","0","0","0","0","0","0","0","0","1","0","","36","06","2021","2021056440","5","39.9186","-76.1885","1444","08","0","0","0","0","0","0","0","0","","0","0","0","14","1","2","02","2","39 55:06.845","2","00","76 11:18.680","3","0","0","0","36229","0","0","0","N","0","0","0","3","68J01","0","","1","01","N","N","0","","2","0","2","0","0","N","1436","2","2","0","0","1","0","0","1","0","2","N","","","","","","","","","","","1545","03","","","N","N"
"1247","1","0","0","0","0","0","0","0","0","7","0","","36","05","2021","2021054514","1","40.0622","-76.3372","1239","08","0","0","0","0","0","0","0","0","","0","0","0","12","1","0","00","1","40 03:43.969","2","00","76 20:14.097","0","0","0","0","36101","0","0","0","N","0","0","0","1","36101","0","","5","09","N","N","0","","0","0","0","3","2","N","1236","0","1","0","0","0","0","0","3","0","1","N","","","","","","","","","","","1320","07","07","","N","N"
"1837","1","0","0","0","0","0","0","0","0","1","1","","36","06","2021","2021055710","6","40.2402","-76.1369","1826","08","0","0","1","0","0","0","0","0","","0","1","0","18","1","0","00","0","40 14:24.971","","00","76 08:13.402","0","0","0","0","36405","0","0","0","N","0","0","0","2","68T06","0","","1","01","N","N","0","","0","0","0","0","0","","1826","0","2","0","0","0","0","0","1","0","2","N","","","","","","","","","","","","03","","","N","N"
"1908","1","0","0","0","0","0","0","0","0","7","0","","36","05","2021","2021056430","6","40.2386","-76.0432","1850","08","0","0","0","0","0","0","0","0","","0","0","0","18","1","0","00","0","40 14:18.909","","00","76 02:35.475","0","0","0","0","36202","0","0","0","Y","0","0","0","2","68J01","0","","5","09","N","N","0","","0","0","0","0","0","","1848","0","1","0","0","0","0","0","1","0","1","N","","","","","","","","","","","","07","","","N","N"
"1346","2","0","0","0","0","0","0","0","0","4","0","","36","02","2021","2021019461","5","40.0432","-76.3285","1342","08","0","0","0","0","0","0","0","0","","0","0","0","13","1","0","01","1","40 02:35.402","6","00","76 19:42.489","0","0","0","0","36220","0","0","0","N","0","0","0","2","36101","0","","1","01","N","N","0","","0","0","0","3","2","N","1341","0","2","0","0","0","0","0","3","0","2","N","","","","","","","","","","","1414","03","03","","N",""
"1836","1","0","0","0","0","0","0","0","0","7","0","","36","05","2021","2021056429","6","39.9972","-76.0513","1836","08","0","0","0","1","0","0","0","0","","0","0","0","18","2","0","00","1","39 59:49.871","4","00","76 03:04.778","0","0","0","0","36232","0","0","0","Y","0","0","0","2","68J01","0","","4","09","N","N","0","","0","0","0","0","0","N","1836","0","1","0","0","0","0","0","1","0","1","N","","","","","","","","","","","0020","07","","","N","N"
"1004","0","0","0","0","0","0","0","0","0","7","0","","36","02","2021","2021020872","2","40.0838","-76.2298","1004","08","0","0","0","0","0","0","0","0","","0","0","0","09","1","0","00","0","40 05:01.753","","00","76 13:47.178","0","0","0","0","36234","0","0","0","N","0","0","0","1","36215","0","","5","07","N","N","0","","0","0","0","0","0","","0955","0","2","0","0","0","0","0","1","1","1","N","","","","","","","","","","","","10","03","","N","N"
"1100","1","0","0","0","0","0","0","0","0","7","0","","36","02","2021","2021020463","2","40.1028","-76.0775","1100","08","0","0","0","0","0","1","0","0","","0","0","0","11","1","0","01","0","40 06:09.921","","00","76 04:39.151","0","0","0","0","36415","0","0","0","N","0","0","0","1","36415","0","","4","07","N","N","0","","0","0","0","3","3","","1100","0","1","0","0","0","0","0","1","0","1","N","","","","","","","","","","","","10","06","","N",""
"1508","1","0","0","0","0","0","0","0","0","4","0","","36","06","2021","2021054189","6","39.9298","-76.0547","1443","08","0","0","0","0","0","0","0","0","","0","0","0","14","1","0","01","1","39 55:47.339","4","00","76 03:17.057","0","0","0","0","36201","0","0","0","N","0","0","0","3","68J01","0","","1","09","N","N","0","","0","0","1","3","3","N","1425","0","2","0","0","0","0","0","1","0","2","N","","","","","","","","","","","1632","07","","","N","N"
"2239","0","0","0","0","0","0","0","0","0","8","0","","36","04","2021","2021053788","3","40.0299","-76.2307","2235","08","0","0","0","0","0","0","0","0","","1","0","0","22","3","0","02","2","40 01:47.856","7","00","76 13:50.355","1","0","0","0","36215","1","1","0","N","1","1","0","8","36215","0","2","1","01","N","N","0","0","0","0","1","3","2","Y","2233","0","2","0","0","0","0","0","1","0","1","N","","","","","","","","","","","0200","03","","","N","N"
"1656","2","0","0","0","0","0","0","0","0","4","0","","36","02","2021","2021020662","4","40.0959","-76.4104","1659","08","1","0","0","0","0","1","0","0","","0","0","0","16","1","0","00","0","40 05:45.085","","07","76 24:37.486","0","0","0","0","36214","0","0","0","N","0","0","0","4","36214","0","","1","01","N","N","0","","0","0","0","0","0","","1645","0","2","0","0","0","0","0","3","0","2","N","","","","","","","","","","","","03","03","","N","N"
"2045","0","0","0","0","0","0","0","0","0","7","0","","36","05","2021","2021055264","6","40.2146","-76.4317","2035","08","0","0","0","0","0","1","0","0","","0","0","0","20","2","1","00","0","40 12:52.484","","00","76 25:54.011","2","0","1","1","36230","0","0","0","N","0","0","0","1","36410","0","","5","01","N","N","0","","0","1","0","0","0","","2035","1","1","0","0","0","0","0","1","0","1","N","","","","","","","","","","","","03","","","N","N"
"0335","1","0","0","0","0","0","0","0","0","2","0","","36","05","2021","2021055125","7","40.009","-76.1249","0327","08","0","0","0","0","0","0","0","0","","0","0","0","03","3","0","00","2","40 00:32.405","6","00","76 07:29.462","9","0","0","0","36226","0","0","0","N","0","0","0","2","68J01","0","","1","01","N","N","0","","0","0","1","0","0","N","0325","0","2","0","0","0","0","1","1","0","2","N","","","","","","","","","","","0444","03","03","","N","N"
"1101","1","0","0","0","0","0","0","0","0","4","0","","36","02","2021","2021020292","4","40.0334","-76.5063","1055","08","0","0","1","0","0","1","0","0","","0","0","0","10","1","3","02","2","40 02:00.394","5","00","76 30:22.842","8","0","0","0","36404","0","0","0","N","0","0","0","5","36404","0","","1","01","N","N","0","","0","0","1","3","3","N","1055","3","2","0","0","0","3","0","3","0","2","N","","","","","","","","","","","0030","03","03","","N","N"
"1350","1","0","0","0","0","0","0","0","0","4","0","","36","06","2021","2021054384","7","40.1047","-76.4324","1344","08","0","0","0","0","0","0","0","0","","0","0","0","13","1","1","01","2","40 06:16.849","7","00","76 25:56.554","2","0","1","1","36214","0","0","0","N","0","0","0","4","36214","0","","1","01","N","N","0","","0","1","0","3","3","Y","1343","1","2","0","0","0","0","0","3","0","2","N","","","","","","","","","","","1450","03","03","","N",""
"1118","1","0","1","0","0","0","0","0","0","2","0","","36","02","2021","2021021234","2","40.0399","-76.4276","1114","08","0","0","0","0","0","0","0","1","","0","0","0","11","1","2","00","2","40 02:23.527","6","00","76 25:39.383","2","0","0","0","36414","0","0","0","N","0","0","0","3","36239","1","","1","06","N","N","0","","0","1","1","0","0","Y","1111","2","2","0","0","0","0","0","3","0","2","N","","","","","","","","","","","1202","10","","","N","N"
"1650","1","0","0","0","0","0","0","0","0","4","0","","36","06","2021","2021054568","5","40.0264","-76.3055","1645","08","0","0","0","0","0","0","0","0","","0","0","0","16","1","0","02","1","40 01:35.078","1","00","76 18:19.941","0","0","0","0","36301","0","0","0","N","0","0","0","2","36301","0","","1","01","N","N","1","","0","0","0","0","0","Y","1603","0","2","0","0","0","0","0","3","0","2","N","","","","","","","","","","","1733","04","","","N","N"
"1253","1","0","0","0","0","0","0","0","0","7","0","","36","06","2021","2021055216","3","40.0698","-76.5389","1249","08","0","0","1","0","0","0","0","0","","0","0","0","12","1","0","00","2","40 04:11.153","5","00","76 32:19.916","0","0","0","0","36211","0","0","0","N","0","0","0","1","36504","0","","5","01","N","N","0","","0","0","0","0","0","Y","1248","0","1","0","0","0","0","0","1","0","1","N","","","","","","","","","","","1409","03","","","N","N"
"0732","1","0","0","0","0","0","0","0","0","4","0","","36","02","2021","2021020001","7","40.0339","-76.4996","0728","08","0","0","0","0","0","0","1","0","","0","0","0","07","1","1","01","2","40 02:01.965","7","00","76 29:58.569","3","0","0","0","36404","0","0","0","N","0","0","0","2","36404","0","","1","09","N","N","1","","1","0","0","3","2","Y","0725","1","2","0","0","0","0","0","3","0","2","N","","","","","","","","","","","0820","07","","","N",""
"1324","0","0","0","0","0","0","0","0","0","4","1","","36","06","2021","2021055267","5","40.1604","-76.3915","1320","08","0","0","0","0","0","0","1","0","","0","1","0","13","1","0","00","0","40 09:37.567","","00","76 23:29.429","0","0","0","0","36410","1","0","0","N","0","0","0","2","36410","0","","1","01","N","N","1","","0","0","0","0","0","","1318","0","2","0","0","0","0","0","2","0","2","N","","","","","","","","","","","","04","04","","N","N"
"0902","1","0","0","0","0","0","0","0","0","4","0","","36","06","2021","2021051707","6","40.0503","-76.3037","0856","08","0","0","0","0","0","2","0","0","","0","0","0","08","1","0","01","0","40 03:01.234","","00","76 18:13.154","0","0","0","0","36301","0","0","0","N","0","0","0","3","36301","0","","1","01","N","N","0","","0","0","1","3","2","","0855","0","2","0","0","0","0","0","3","0","2","N","","","","","","","","","","","","03","03","","N",""
"1231","0","0","0","0","0","0","0","0","0","1","0","","36","02","2021","2021023265","4","40.0129","-76.1891","1225","08","0","0","0","0","0","1","0","1","","0","0","0","12","1","1","02","2","40 00:46.451","1","00","76 11:20.766","3","0","0","0","36215","0","0","0","N","0","0","0","4","36215","0","","1","01","N","N","1","","1","0","1","0","0","N","1224","1","3","0","0","0","0","0","1","1","3","N","","","","","","","","","","","1255","03","03","","N",""
"1602","2","0","0","0","0","0","0","0","0","4","0","","36","05","2021","2021049648","5","40.1611","-76.6057","1602","08","0","0","0","0","0","1","0","0","","0","0","0","16","1","0","01","0","40 09:39.812","","00","76 36:20.656","0","0","0","0","36407","0","0","0","N","0","0","0","8","36407","0","","1","01","Y","N","0","","0","0","0","3","3","","1602","0","2","0","0","6","0","0","2","0","2","N","","","","","","","","","","","","03","","","N","N"
"1221","2","0","1","0","0","0","0","0","0","5","0","","36","02","2021","2021018544","2","40.1503","-76.5651","1212","08","0","0","0","0","0","1","0","0","","0","0","0","12","1","2","00","1","40 09:01.172","3","00","76 33:54.482","2","0","0","0","36225","0","0","0","N","0","0","0","3","36410","0","","1","07","N","N","0","","1","1","0","0","0","N","1212","2","2","0","0","0","0","0","2","0","2","N","","","","","","","","","","","0040","10","10","","N","N"
"0611","1","0","0","0","0","0","0","0","0","0","0","","36","02","2021","2021023622","6","39.9608","-76.0902","0602","08","0","0","0","1","0","0","0","0","","0","0","0","05","2","1","00","0","39 57:38.829","","00","76 05:24.693","3","0","0","0","36201","0","0","0","N","0","0","0","1","68J01","0","","4","02","N","N","0","","1","0","0","0","0","","0553","1","1","0","0","1","0","0","1","0","1","N","","","","","","","","","","","","03","03","","N","N"
"2204","1","0","0","0","0","0","0","0","0","7","0","","36","05","2021","2021053499","4","40.0456","-76.4231","2159","08","0","0","0","0","0","0","0","0","","0","0","0","21","2","1","00","1","40 02:44.081","4","00","76 25:23.080","4","0","0","0","36239","0","0","0","N","0","0","0","1","36239","1","","3","09","N","N","0","","0","0","0","0","0","N","2155","1","1","0","0","0","0","0","3","0","1","N","","","","","","","","","","","2239","07","","","N","N"