"ARRIVAL_TM","AUTOMOBILE_COUNT","BELTED_DEATH_COUNT","BELTED_SUSP_SERIOUS_INJ_COUNT","BICYCLE_COUNT","BICYCLE_DEATH_COUNT","BICYCLE_SUSP_SERIOUS_INJ_COUNT","BUS_COUNT","CHLDPAS_DEATH_COUNT","CHLDPAS_SUSP_SERIOUS_INJ_COUNT","COLLISION_TYPE","COMM_VEH_COUNT","CONS_ZONE_SPD_LIM","COUNTY","CRASH_MONTH","CRASH_YEAR","CRN","DAY_OF_WEEK","DEC_LAT","DEC_LONG","DISPATCH_TM","DISTRICT","DRIVER_COUNT_16YR","DRIVER_COUNT_17YR","DRIVER_COUNT_18YR","DRIVER_COUNT_19YR","DRIVER_COUNT_20YR","DRIVER_COUNT_50_64YR","DRIVER_COUNT_65_74YR","DRIVER_COUNT_75PLUS","EST_HRS_CLOSED","FATAL_COUNT","HEAVY_TRUCK_COUNT","HORSE_BUGGY_COUNT","HOUR_OF_DAY","ILLUMINATION","INJURY_COUNT","INTERSECT_TYPE","LANE_CLOSED","LATITUDE","LN_CLOSE_DIR","LOCATION_TYPE","LONGITUDE","MAX_SEVERITY_LEVEL","MCYCLE_DEATH_COUNT","MCYCLE_SUSP_SERIOUS_INJ_COUNT","MOTORCYCLE_COUNT","MUNICIPALITY","NONMOTR_COUNT","NONMOTR_DEATH_COUNT","NONMOTR_SUSP_SERIOUS_INJ_COUNT","NTFY_HIWY_MAINT","PED_COUNT","PED_DEATH_COUNT","PED_SUSP_SERIOUS_INJ_COUNT","PERSON_COUNT","POLICE_AGCY","POSSIBLE_INJ_COUNT","RDWY_SURF_TYPE_CD","RELATION_TO_ROAD","ROAD_CONDITION","SCH_BUS_IND","SCH_ZONE_IND","SMALL_TRUCK_COUNT","SPEC_JURIS_CD","SUSP_MINOR_INJ_COUNT","SUSP_SERIOUS_INJ_COUNT","SUV_COUNT","TCD_FUNC_CD","TCD_TYPE","TFC_DETOUR_IND","TIME_OF_DAY","TOT_INJ_COUNT","TOTAL_UNITS","UNB_DEATH_COUNT","UNB_SUSP_SERIOUS_INJ_COUNT","UNBELTED_OCC_COUNT","UNK_INJ_DEG_COUNT","UNK_INJ_PER_COUNT","URBAN_RURAL","VAN_COUNT","VEHICLE_COUNT","WORK_ZONE_IND","WORK_ZONE_LOC","WORK_ZONE_TYPE","WORKERS_PRES","WZ_CLOSE_DETOUR","WZ_FLAGGER","WZ_LAW_OFFCR_IND","WZ_LN_CLOSURE","WZ_MOVING","WZ_OTHER","WZ_SHLDER_MDN","ROADWAY_CLEARED","WEATHER1","WEATHER2","WZ_WORKERS_INJ_KILLED","SECONDARY_CRASH","INTERSECTION_RELATED"
"1108","1","0","0","0","0","0","0","0","0","7","0","","36","06","2021","2021053419","5","40.0125","-76.1319","1101","08","0","0","0","0","1","0","0","0","","0","0","0","10","1","1","00","2","40 00:44.960","5","03","76 07:54.930","3","0","0","0","36226","0","0","0","N","0","0","0","1","68J01","0","","2","01","N","N","0","","1","0","0","0","0","Y","1058","1","1","0","0","0","0","0","1","0","1","N","","","","","","","","","","","1158","03","","","N","N"
"1628","0","0","0","0","0","0","0","0","0","1","0","","36","02","2021","2021020876","6","40.022","-76.1903","1621","08","0","0","0","0","0","0","0","0","","0","0","0","16","1","1","00","1","40 01:19.020","4","00","76 11:25.149","4","0","0","0","36215","0","0","0","N","0","0","0","3","36215","1","","1","01","N","N","2","","0","0","1","0","0","N","1621","1","3","0","0","0","0","0","1","0","3","N","","","","","","","","","","","1712","03","","","N","N"
"0050","1","0","0","0","0","0","0","0","0","7","0","","36","06","2021","2021055268","7","40.1186","-76.4935","0048","08","0","0","0","0","0","0","0","0","","0","0","0","00","2","1","00","2","40 07:07.013","6","00","76 29:36.482","4","0","0","0","36230","0","0","0","N","0","0","0","1","36410","1","","4","09","N","N","0","","0","0","0","0","0","Y","0043","1","1","0","0","1","0","0","1","0","1","N","","","","","","","","","","","0000","07","07","","N","N"
"1440","2","0","0","0","0","0","0","0","0","98","0","","36","06","2021","2021055207","1","40.0629","-76.5693","1431","08","0","0","0","0","0","1","0","0","","0","0","0","14","1","2","00","2","40 03:46.421","5","00","76 34:09.520","3","0","0","0","36211","0","0","0","N","0","0","0","3","36504","0","","1","01","N","N","0","","2","0","0","0","0","Y","1430","2","2","0","0","0","0","0","1","0","2","N","","","","","","","","","","","1547","03","","","N","N"
"0930","1","0","0","0","0","0","0","0","0","1","1","","36","02","2021","2021020461","2","40.0986","-76.1012","0930","08","0","0","0","0","0","1","0","0","","0","1","0","09","1","0","01","0","40 05:55.117","","00","76 06:04.352","9","0","0","0","36415","0","0","0","N","0","0","0","2","36415","0","","1","07","N","N","0","","0","0","0","3","2","","0928","0","2","0","0","0","0","1","1","0","2","N","","","","","","","","","","","","10","06","","N",""
"0640","0","0","0","0","0","0","0","0","0","7","0","","36","02","2021","2021020893","7","40.2699","-76.2468","0627","08","0","1","0","0","0","0","0","0","","0","0","0","06","5","0","00","0","40 16:11.517","","00","76 14:48.647","0","0","0","0","36204","0","0","0","N","0","0","0","1","36506","0","","4","06","N","N","0","","0","0","1","0","0","","0621","0","1","0","0","0","0","0","1","0","1","N","","","","","","","","","","","","07","","","N","N"
"1118","0","0","0","0","0","0","0","0","0","1","2","","36","05","2021","2021053966","3","40.0276","-76.2218","1115","08","0","0","0","0","0","1","0","0","","0","2","0","11","1","0","00","2","40 01:39.266","4","07","76 13:18.343","0","0","0","0","36215","0","0","0","N","0","0","0","2","36215","0","","1","01","N","N","0","","0","0","0","3","2","N","1112","0","2","0","0","0","0","0","1","0","2","N","","","","","","","","","","","1237","03","","","N","N"
"0628","1","0","0","0","0","0","0","0","0","5","0","","36","02","2021","2021018184","5","39.9834","-76.1681","0611","08","0","0","0","0","0","1","0","0","","0","0","0","06","2","0","00","0","39 59:00.160","","00","76 10:05.240","0","0","0","0","36233","0","0","0","N","0","0","0","2","68J01","0","","1","07","N","N","1","","0","0","0","0","0","","0609","0","2","0","0","0","0","0","1","0","2","N","","","","","","","","","","","","10","","","N","N"
"1340","1","0","0","0","0","0","0","0","0","7","0","","36","06","2021","2021059209","6","40.0386","-76.0915","1326","08","0","0","0","0","0","0","1","0","","0","0","0","13","1","1","01","1","40 02:18.992","6","00","76 05:29.438","3","0","0","0","36221","0","0","0","N","0","0","0","1","68J01","0","","4","01","N","N","0","","1","0","0","0","0","Y","1325","1","1","0","0","0","0","0","1","0","1","N","","","","","","","","","","","1355","03","","","N","N"
"0104","0","0","0","0","0","0","0","0","0","7","1","","36","06","2021","2021059465","2","40.2229","-76.4166","0046","08","0","0","0","0","0","1","0","0","","0","1","0","00","2","0","00","2","40 13:22.686","4","00","76 25:02.585","0","0","0","0","36230","0","0","0","N","0","0","0","1","68T06","0","","4","01","N","N","0","","0","0","0","0","0","N","0045","0","1","0","0","0","0","0","1","0","1","N","","","","","","","","","","","0235","03","","","N","N"
"1324","1","0","0","0","0","0","0","0","0","4","0","","36","06","2021","2021055007","5","40.1093","-76.2501","1316","08","0","0","0","0","0","1","0","0","","0","0","0","13","1","0","01","0","40 06:33.403","","00","76 15:00.444","0","0","0","0","36101","0","0","0","N","0","0","0","2","36101","0","","1","09","N","N","0","","0","0","1","3","3","","1313","0","2","0","0","0","0","0","3","0","2","N","","","","","","","","","","","","04","","","N",""
"1823","2","0","0","0","0","0","0","0","0","1","0","","36","06","2021","2021054750","6","40.1398","-76.5894","1812","08","0","0","0","0","0","1","0","0","","0","0","0","18","1","0","01","0","40 08:23.253","","00","76 35:21.980","0","0","0","0","36237","0","0","0","N","0","0","0","2","36505","0","","1","09","N","N","0","","0","0","0","3","2","","1808","0","2","0","0","0","0","0","1","0","2","N","","","","","","","","","","","","07","","","N",""
"1816","1","0","0","0","0","0","0","0","0","7","0","","36","02","2021","2021018230","7","40.1477","-75.9658","1806","08","0","0","0","0","0","0","0","0","","0","0","0","17","2","0","00","0","40 08:51.880","","00","75 57:56.860","0","0","0","0","36203","0","0","0","N","0","0","0","1","68J01","0","","4","07","N","N","0","","0","0","0","0","0","","1736","0","1","0","0","0","0","0","1","0","1","N","","","","","","","","","","","","10","","","N","N"
"2024","1","0","0","0","0","0","0","0","0","7","0","","36","05","2021","2021055009","5","39.9515","-76.4326","2024","08","0","1","0","0","0","0","0","0","","0","0","0","20","4","0","00","1","39 57:05.248","2","00","76 25:57.368","0","0","0","0","36223","0","0","0","N","0","0","0","1","36223","0","","2","01","N","N","0","","0","0","0","0","0","N","2020","0","1","0","0","0","0","0","1","0","1","N","","","","","","","","","","","2123","04","04","","N","N"
"2303","1","0","0","0","0","0","0","0","0","1","0","","36","02","2021","2021020891","3","40.2152","-76.2448","2303","08","0","0","0","1","0","0","0","0","","0","0","0","23","2","1","00","0","40 12:54.673","","00","76 14:41.200","3","0","0","0","36204","0","0","0","N","0","0","0","4","36506","0","","1","01","N","N","1","","1","0","0","0","0","","2303","1","2","0","0","0","0","0","1","0","2","N","","","","","","","","","","","","03","","","N","N"
"1146","0","0","0","0","0","0","0","0","0","7","0","","36","02","2021","2021017625","7","40.041","-76.3911","1141","08","0","0","0","0","0","0","0","0","","0","0","0","11","1","0","00","1","40 02:27.742","4","00","76 23:27.792","0","0","0","0","36214","0","0","0","N","0","0","0","1","36214","0","","4","01","N","N","0","","0","0","0","0","0","Y","1138","0","1","0","0","0","0","0","3","1","1","N","","","","","","","","","","","1230","03","03","","N","N"
"1729","0","0","0","0","0","0","0","0","0","4","0","","36","02","2021","2021019724","6","40.0579","-76.2808","1722","08","0","0","0","0","0","0","1","0","","0","0","0","17","1","0","01","1","40 03:28.276","6","00","76 16:50.908","0","0","0","0","36101","0","0","0","N","0","0","0","3","36101","0","","1","01","N","N","1","","0","0","2","3","2","N","1720","0","3","0","0","0","0","0","3","0","3","N","","","","","","","","","","","1825","03","","","N",""
"2235","0","0","0","0","0","0","0","0","0","7","0","","36","02","2021","2021020100","6","40.0377","-76.3438","2233","08","0","0","1","0","0","0","0","0","","0","0","0","22","2","1","00","1","40 02:15.800","2","00","76 20:37.700","3","0","0","0","36223","0","0","0","N","0","0","0","1","36223","0","","2","09","N","N","0","","1","0","1","0","0","Y","2233","1","1","0","0","0","0","0","1","0","1","N","","","","","","","","","","","0030","07","","","N","N"
"1727","0","0","0","0","0","0","0","0","0","1","0","","36","02","2021","2021015804","2","40.1432","-76.5962","1726","08","0","0","0","0","0","0","0","0","","0","0","0","17","4","0","02","0","40 08:35.370","","00","76 35:46.214","0","0","0","0","36407","0","0","0","N","0","0","0","2","36407","0","","1","09","N","N","1","","0","0","1","3","2","","1720","0","2","0","0","0","0","0","2","0","2","N","","","","","","","","","","","","07","","","N",""
"1005","1","0","0","0","0","0","0","0","0","1","0","","36","02","2021","2021018760","2","40.0396","-76.3057","1002","08","0","0","0","0","0","0","0","0","","0","0","0","10","1","0","00","0","40 02:22.429","","00","76 18:20.549","0","0","0","0","36301","0","0","0","N","0","0","0","2","36301","0","","1","07","N","N","0","","0","0","0","0","0","","1002","0","2","0","0","0","0","0","3","1","2","N","","","","","","","","","","","","10","06","","N","N"
"1622","3","0","0","0","0","0","0","0","0","1","0","","36","02","2021","2021020883","3","40.1584","-76.6151","1618","08","0","0","0","0","0","1","0","0","","0","0","0","16","1","0","00","1","40 09:30.172","2","00","76 36:54.410","0","0","0","0","36237","0","0","0","N","0","0","0","4","36505","0","","1","01","N","N","0","","0","0","1","0","0","Y","1615","0","4","0","0","0","0","0","1","0","4","N","","","","","","","","","","","1700","03","03","","N","N"
"1446","0","0","0","0","0","0","0","0","0","1","0","","36","02","2021","2021036516","7","39.996","-76.0465","1440","08","0","0","0","0","0","0","0","0","","0","0","0","14","1","2","00","2","39 59:45.537","3","00","76 02:47.487","4","0","0","0","36232","0","0","0","N","0","0","0","6","68J01","2","","1","01","N","N","0","","0","0","2","3","2","N","1438","2","2","0","0","0","0","2","1","0","2","N","","","","","","","","","","","1503","04","04","","N","Y"
"1407","1","0","0","0","0","0","0","0","0","1","0","","36","02","2021","2021017758","7","","-76.3154","1404","08","0","0","0","0","0","0","1","1","","0","0","0","14","1","1","00","2","40 04:05.70","4","00","76 18:55.400","8","0","0","0","36101","0","0","0","N","0","0","0","4","36101","0","","1","01","N","N","0","","0","0","1","3","2","N","1401","1","2","0","0","0","1","0","3","0","2","N","","","","","","","","","","","1435","03","","","N","Y"
"2210","2","0","0","0","0","0","0","0","0","4","0","","36","06","2021","2021059533","1","40.0485","-76.2941","2157","08","0","0","0","0","0","0","0","0","","0","0","0","21","3","5","01","0","40 02:54.502","","00","76 17:38.631","3","0","0","0","36301","0","0","0","N","0","0","0","5","36301","0","","1","01","N","N","0","","5","0","0","3","2","","2156","5","2","0","0","0","0","0","3","0","2","N","","","","","","","","","","","","03","03","","N",""
"0905","1","0","0","0","0","0","0","0","0","1","0","","36","03","2021","2021023434","3","40.058","-76.2733","0855","08","0","0","0","0","1","0","0","0","","0","0","0","08","1","1","00","1","40 03:28.733","4","03","76 16:23.740","4","0","0","0","36101","0","0","0","N","0","0","0","2","36101","1","","1","01","N","N","0","","0","0","1","0","0","N","0854","1","2","0","0","0","0","0","3","0","2","N","","","","","","","","","","","0945","03","","","Y","N"
"0845","1","0","0","0","0","0","0","0","0","4","0","","36","02","2021","2021019128","4","40.0606","-76.2768","0835","08","0","0","0","0","0","0","0","1","","0","0","0","08","1","1","01","0","40 03:38.398","","08","76 16:37.304","3","0","0","0","36101","0","0","0","N","0","0","0","3","36101","0","","1","01","N","N","1","","1","0","0","3","2","","0826","1","2","0","0","0","0","0","3","0","2","N","","","","","","","","","","","","03","","","N",""
"0723","0","0","0","0","0","0","0","0","0","4","0","","36","02","2021","2021017760","1","40.051","-76.3535","0722","08","0","0","0","0","0","1","0","1","","0","0","0","07","1","0","01","1","40 03:03.679","3","00","76 21:12.543","0","0","0","0","36214","0","0","0","N","0","0","0","3","36214","0","","1","01","N","N","0","","0","0","2","3","2","N","0719","0","2","0","0","0","0","0","3","0","2","N","","","","","","","","","","","0810","03","","","N",""
"1305","0","0","0","0","0","0","0","0","0","7","1","","36","06","2021","2021055281","3","40.2109","-76.1148","1301","08","0","0","0","0","0","0","0","0","","0","1","0","13","1","1","03","0","40 12:39.142","","00","76 06:53.440","3","0","0","0","36210","0","0","0","N","0","0","0","1","36210","0","","4","01","N","N","0","","1","0","0","0","0","","1301","1","1","0","0","0","0","0","1","0","1","N","","","","","","","","","","","","03","","","N","N"
"0103","0","0","0","0","0","0","0","0","0","7","0","","36","06","2021","2021056433","3","39.9643","-76.1122","0048","08","0","0","0","0","0","0","0","0","","0","0","0","00","2","3","00","2","39 57:51.541","5","00","76 06:43.992","3","0","0","0","36226","0","0","0","N","0","0","0","3","68J01","1","","4","01","N","N","0","","2","0","1","0","0","N","0047","3","1","0","0","1","0","0","1","0","1","N","","","","","","","","","","","0103","03","03","","N","N"
"1448","0","0","0","0","0","0","0","0","0","7","0","","36","02","2021","2021017047","5","40.0695","-76.3076","1448","08","0","0","0","0","0","0","0","0","","0","0","0","14","1","0","01","1","40 04:10.226","2","00","76 18:28.241","0","0","0","0","36101","0","0","0","N","0","0","0","3","36101","0","","2","07","N","N","0","","0","0","1","3","2","N","1442","0","1","0","0","0","0","0","3","0","1","N","","","","","","","","","","","1545","07","","","N",""
"1730","1","0","0","0","0","0","0","0","0","1","0","","36","02","2021","2021017378","6","40.0587","-76.2921","1721","08","0","0","0","1","0","0","0","0","","0","0","0","17","4","0","00","0","40 03:31.380","","00","76 17:31.380","0","0","0","0","36101","0","0","0","N","0","0","0","2","36101","0","","1","09","N","N","0","","0","0","1","0","0","","1718","0","2","0","0","0","0","0","3","0","2","N","","","","","","","","","","","","04","04","","N","N"
"1739","1","0","0","0","0","0","0","0","0","4","0","","36","02","2021","2021018228","7","40.2018","-76.3439","1708","08","0","0","0","0","0","0","0","0","","0","0","0","17","1","0","03","0","40 12:06.324","","00","76 20:37.885","0","0","0","0","36217","0","0","0","N","0","0","0","2","68J01","0","","1","01","N","N","1","","0","0","0","3","3","","1700","0","2","0","0","0","0","0","1","0","2","N","","","","","","","","","","","","03","03","","N","N"
"1120","0","0","0","0","0","0","0","0","0","7","0","","36","02","2021","2021020462","2","40.1315","-76.1119","1052","08","0","0","0","0","0","1","0","0","","0","0","0","10","1","0","00","0","40 07:53.520","","00","76 06:42.827","0","0","0","0","36209","0","0","0","N","0","0","0","1","36415","0","","4","07","N","N","1","","0","0","0","0","0","","1049","0","1","0","0","0","0","0","1","0","1","N","","","","","","","","","","","","10","06","","N","N"
"1233","1","0","0","0","0","0","0","0","0","7","0","","36","02","2021","2021020885","1","40.128","-76.512","1226","08","0","0","0","0","0","0","0","0","","0","0","0","12","1","0","00","0","40 07:40.847","","00","76 30:43.154","0","0","0","0","36225","0","0","0","N","0","0","0","1","36505","0","","3","09","N","N","0","","0","0","0","0","0","","1226","0","1","0","0","0","0","0","2","0","1","N","","","","","","","","","","","","07","07","","N","N"
"0057","1","0","0","0","0","0","0","0","0","0","0","","36","06","2021","2021054502","2","40.0633","-76.5198","0056","08","0","0","0","0","0","0","0","0","","0","0","0","00","2","0","01","0","40 03:47.762","","00","76 31:11.325","0","0","0","0","36211","0","0","0","N","0","0","0","1","36504","0","","5","01","N","N","0","","0","0","0","3","3","","0050","0","1","0","0","0","0","0","1","0","1","N","","","","","","","","","","","","03","","","N",""
"2336","4","0","0","0","0","0","0","0","0","0","0","","36","02","2021","2021020418","6","40.0398","-76.2906","2336","08","0","0","0","0","0","0","0","0","","0","0","0","23","3","1","00","2","40 02:23.308","3","00","76 17:26.310","3","0","0","0","36301","1","0","0","Y","0","0","0","3","36301","0","","1","09","N","N","0","","1","0","0","0","0","Y","2336","1","4","0","0","0","0","0","3","0","4","N","","","","","","","","","","","0251","07","04","","Y","N"
"1735","2","0","0","0","0","0","0","0","0","4","0","","36","02","2021","2021019463","5","40.1008","-76.096","1732","08","1","0","0","0","0","0","0","0","","0","0","0","17","1","0","01","0","40 06:03.031","","00","76 05:45.673","0","0","0","0","36415","0","0","0","N","0","0","0","2","36415","0","","1","01","N","N","0","","0","0","0","3","2","","1732","0","2","0","0","0","0","0","1","0","2","N","","","","","","","","","","","","03","03","","N",""
"1220","2","0","0","0","0","0","0","0","0","4","0","","36","02","2021","2021019617","6","40.1128","-76.3965","1204","08","0","0","0","0","0","0","2","0","","0","0","0","11","1","0","01","1","40 06:45.982","4","00","76 23:47.576","0","0","0","0","36214","0","0","0","N","0","0","0","4","36214","0","","1","01","N","N","0","","0","0","0","3","3","N","1159","0","2","0","0","0","0","0","3","0","2","N","","","","","","","","","","","1300","03","","","N",""
"0623","1","0","0","0","0","0","0","0","0","1","1","","36","06","2021","2021053500","7","40.0392","-76.4536","0618","08","0","0","0","0","0","0","1","0","","0","1","0","06","1","2","00","2","40 02:21.513","4","00","76 27:11.358","4","0","0","0","36239","0","0","0","N","0","0","0","3","36239","2","","1","01","N","N","0","","0","0","0","0","0","Y","0616","2","2","0","0","0","0","0","3","0","2","N","","","","","","","","","","","0715","03","","","N","N"
"2226","1","0","0","0","0","0","0","0","0","5","0","","36","05","2021","2021055302","5","39.9835","-76.1268","2207","08","0","1","1","0","0","0","0","0","","0","0","0","22","2","1","00","0","39 59:00.720","","00","76 07:36.451","4","0","0","0","36226","0","0","0","N","0","0","0","3","68J01","1","","1","01","N","N","1","","0","0","0","0","0","","2205","1","2","0","0","0","0","0","1","0","2","N","","","","","","","","","","","","03","","","N","N"
"1123","0","0","0","0","0","0","0","0","0","2","0","","36","02","2021","2021020888","2","40.1413","-76.2232","1116","08","0","0","0","1","0","0","0","0","","0","0","0","11","1","2","00","2","40 08:28.691","6","00","76 13:23.574","8","0","0","0","36235","0","0","0","N","0","0","0","3","36506","0","","1","07","N","N","0","","0","0","1","0","0","Y","1110","2","2","0","0","0","2","0","1","1","2","N","","","","","","","","","","","1202","10","","","N","N"
"1234","0","0","0","0","0","0","0","0","0","6","0","","36","02","2021","2021021305","2","39.9228","-76.1974","1218","08","0","0","0","0","0","1","0","0","","0","0","0","12","1","0","00","0","39 55:22.030","","00","76 11:50.610","0","0","0","0","36229","0","0","0","N","0","0","0","2","68J01","0","","1","07","N","N","1","","0","0","1","0","0","","1216","0","2","0","0","0","0","0","1","0","2","N","","","","","","","","","","","","10","09","","N","N"
"1740","0","0","0","0","0","0","0","0","0","4","1","","36","06","2021","2021054515","6","40.0707","-76.3199","1739","08","0","0","0","0","1","2","0","0","","0","1","0","17","1","1","00","1","40 04:14.694","4","00","76 19:11.773","3","0","0","0","36101","0","0","0","N","0","0","0","6","36101","0","","1","01","N","N","1","","1","0","1","0","0","N","1720","1","3","0","0","0","0","0","3","0","3","N","","","","","","","","","","","1840","04","04","","N","N"
"1626","0","0","0","0","0","0","0","0","0","1","0","","36","02","2021","2021019284","5","40.1867","-76.1262","1614","08","0","0","0","0","0","0","1","0","","0","0","0","16","1","0","00","0","40 11:12.275","","00","76 07:34.236","0","0","0","0","36210","0","0","0","N","0","0","0","2","36408","0","","1","01","N","N","0","","0","0","2","0","0","","1600","0","2","0","0","0","0","0","1","0","2","N","","","","","","","","","","","","03","","","N","N"
"0911","1","0","0","0","0","0","0","0","0","4","0","","36","06","2021","2021054747","2","40.1843","-76.6009","0903","08","0","0","0","0","0","0","0","0","","0","0","0","09","1","3","01","0","40 11:03.464","","00","76 36:03.165","3","0","0","0","36225","0","0","0","N","0","0","0","3","36505","2","","1","01","N","N","1","","1","0","0","3","3","","0902","3","2","0","0","0","0","0","2","0","2","N","","","","","","","","","","","","03","03","","N",""
"1010","1","0","0","0","0","0","0","0","0","4","0","","36","02","2021","2021019725","6","40.1233","-76.3753","1005","08","0","0","0","0","0","0","1","0","","0","0","0","10","1","1","01","0","40 07:23.702","","00","76 22:31.147","3","0","0","0","36214","0","0","0","N","0","0","0","3","36214","0","","1","01","N","N","0","","1","0","1","3","3","","1000","1","2","0","0","0","0","0","3","0","2","N","","","","","","","","","","","","03","03","","N",""
"0418","1","0","0","0","0","0","0","0","0","98","0","","36","05","2021","2021055265","4","40.1946","-76.417","0411","08","0","0","0","0","0","0","0","0","","0","0","0","04","2","0","00","0","40 11:40.446","","00","76 25:01.045","0","0","0","0","36230","0","0","0","N","0","0","0","1","36410","0","","1","01","N","N","0","","0","0","0","0","0","","0411","0","1","0","0","0","0","0","1","0","1","N","","","","","","","","","","","","03","03","","N","N"
"2015","1","0","0","0","0","0","0","0","0","7","0","","36","06","2021","2021056207","5","40.0444","-76.363","2012","08","0","0","0","0","0","0","1","0","","0","0","0","20","1","0","00","0","40 02:39.880","","00","76 21:46.810","0","0","0","0","36214","0","0","0","N","0","0","0","1","36214","0","","5","01","N","N","0","","0","0","0","0","0","","2012","0","1","0","0","0","0","0","3","0","1","N","","","","","","","","","","","","03","","","N","N"
"1407","1","0","0","0","0","0","0","0","0","5","1","","36","06","2021","2021059462","1","40.1743","-75.9617","1405","08","0","0","0","0","0","0","2","0","","0","1","0","14","1","0","00","0","40 10:26.953","","00","75 57:39.978","0","0","0","0","36203","0","0","0","N","0","0","0","4","68T06","0","","1","01","N","N","0","","0","0","1","0","0","","1405","0","3","0","0","0","0","0","1","0","3","N","","","","","","","","","","","","03","","","N","N"
"1606","1","0","0","0","0","0","0","0","0","1","0","","36","06","2021","2021060414","2","40.0036","-76.4139","1550","08","0","0","1","0","0","1","0","0","","0","0","0","15","1","1","02","1","40 00:12.964","6","00","76 24:50.073","8","0","0","0","36223","0","0","0","N","0","0","0","2","36223","0","","1","01","N","N","1","","0","0","0","0","0","N","1548","1","2","0","0","0","1","0","1","0","2","N","","","","","","","","","","","0050","03","","","N",""
"1717","1","0","0","0","0","0","0","0","0","4","0","","36","02","2021","2021019948","3","40.0393","-76.3081","1710","08","0","0","0","0","0","0","1","0","","0","0","0","17","1","0","01","0","40 02:21.538","","00","76 18:29.063","0","0","0","0","36301","0","0","0","N","0","0","0","2","36301","0","","1","01","N","N","0","","0","0","1","3","1","","1708","0","2","0","0","0","0","0","3","0","2","N","","","","","","","","","","","","03","03","","N","N"
"1630","0","0","0","0","0","0","0","0","0","7","0","","36","06","2021","2021054894","7","39.9147","-76.2444","1617","08","0","0","0","0","0","1","0","0","","0","0","0","16","1","0","00","2","39 54:52.810","5","00","76 14:39.718","0","0","0","0","36229","0","0","0","N","0","0","0","1","68J01","0","","5","01","N","N","1","","0","0","0","0","0","Y","1610","0","1","0","0","0","0","0","1","0","1","N","","","","","","","","","","","1719","03","","","N","N"
"1055","1","0","0","0","0","0","0","0","0","4","0","","36","02","2021","2021021535","2","40.1145","-76.5136","1051","08","0","0","0","0","0","0","1","0","","0","0","0","10","1","0","01","1","40 06:52.293","7","00","76 30:48.952","0","0","0","0","36413","0","0","0","N","0","0","0","3","36413","0","","1","07","N","N","0","","0","0","1","3","3","N","1051","0","2","0","0","0","0","0","2","0","2","N","","","","","","","","","","","1125","10","","","N","N"
"0935","3","0","0","0","0","0","0","0","0","1","0","","36","02","2021","2021025668","7","40.1488","-76.0299","0923","08","0","2","0","0","1","0","0","0","","0","0","0","09","1","0","00","2","40 08:55.679","1","00","76 01:47.669","0","0","0","0","36213","0","0","0","N","0","0","0","8","36213","0","","1","01","N","N","0","","0","0","0","0","0","Y","0920","0","3","0","0","0","0","0","1","0","3","N","","","","","","","","","","","1015","03","03","","N","N"
"0720","1","0","0","0","0","0","0","0","0","7","0","","36","06","2021","2021054748","3","40.1963","-76.5272","0717","08","0","1","0","0","0","0","0","0","","0","0","0","07","1","1","00","2","40 11:46.520","5","00","76 31:37.830","3","0","0","0","36225","0","0","0","N","0","0","0","1","36505","0","","2","01","N","N","0","","1","0","0","0","0","Y","0717","1","1","0","0","0","0","0","2","0","1","N","","","","","","","","","","","0745","03","03","","N","N"
"0631","1","0","0","0","0","0","0","0","0","4","0","","36","05","2021","2021054048","3","40.0819","-75.9448","0613","08","0","0","0","0","0","0","1","0","","0","1","0","06","1","1","01","1","40 04:54.958","7","00","75 56:41.272","3","0","0","0","36232","0","0","0","N","0","0","0","3","68J01","0","","1","01","N","N","0","","1","0","0","3","3","N","0610","1","2","0","0","0","0","0","1","0","2","N","","","","","","","","","","","0100","03","","","N","N"
"1039","0","0","0","0","0","0","0","0","0","7","0","","36","02","2021","2021019055","2","40.2324","-76.1272","1025","08","0","0","0","0","0","1","0","0","","0","0","0","10","1","0","00","0","40 13:55.161","","00","76 07:36.001","0","0","0","0","36210","0","0","0","N","0","0","0","1","68T06","0","","3","07","N","N","0","","0","0","1","0","0","","1025","0","1","0","0","0","0","0","1","0","1","N","","","","","","","","","","","","10","04","","N","N"
"2213","1","0","0","0","0","0","0","0","0","1","0","","36","02","2021","2021020878","1","40.0566","-76.215","2209","08","0","1","0","0","0","1","0","0","","0","0","0","22","3","0","01","2","40 03:23.868","1","00","76 12:53.887","0","0","0","0","36215","0","0","0","N","0","0","0","3","36215","0","","1","09","N","N","1","","0","0","0","3","2","N","2208","0","2","0","0","0","0","0","1","0","2","N","","","","","","","","","","","2244","07","","","N",""
"1554","0","0","0","0","0","0","0","0","0","0","1","","36","06","2021","2021055716","1","40.2456","-76.1875","1547","08","0","0","0","0","0","0","0","0","","0","1","0","15","1","1","00","1","40 14:44.038","3","00","76 11:13.274","3","0","0","0","36236","0","0","0","N","0","0","0","1","68T06","0","","4","01","N","N","0","","1","0","0","0","0","N","1546","1","1","0","0","0","0","0","1","0","1","N","","","","","","","","","","","1855","03","","","N","N"
"1409","1","0","0","0","0","0","0","0","0","6","0","","36","06","2021","2021054744","6","40.0591","-76.4629","1401","08","0","0","0","0","0","0","0","0","","0","0","0","14","1","2","03","0","40 03:32.814","","00","76 27:46.398","8","0","0","0","36239","0","0","0","N","0","0","0","4","36239","0","","1","09","N","N","1","","0","0","0","0","0","","1401","2","2","0","0","0","2","0","3","0","2","N","","","","","","","","","","","","07","07","","N",""