"ARRIVAL_TM","AUTOMOBILE_COUNT","BELTED_DEATH_COUNT","BELTED_SUSP_SERIOUS_INJ_COUNT","BICYCLE_COUNT","BICYCLE_DEATH_COUNT","BICYCLE_SUSP_SERIOUS_INJ_COUNT","BUS_COUNT","CHLDPAS_DEATH_COUNT","CHLDPAS_SUSP_SERIOUS_INJ_COUNT","COLLISION_TYPE","COMM_VEH_COUNT","CONS_ZONE_SPD_LIM","COUNTY","CRASH_MONTH","CRASH_YEAR","CRN","DAY_OF_WEEK","DEC_LAT","DEC_LONG","DISPATCH_TM","DISTRICT","DRIVER_COUNT_16YR","DRIVER_COUNT_17YR","DRIVER_COUNT_18YR","DRIVER_COUNT_19YR","DRIVER_COUNT_20YR","DRIVER_COUNT_50_64YR","DRIVER_COUNT_65_74YR","DRIVER_COUNT_75PLUS","EST_HRS_CLOSED","FATAL_COUNT","HEAVY_TRUCK_COUNT","HORSE_BUGGY_COUNT","HOUR_OF_DAY","ILLUMINATION","INJURY_COUNT","INTERSECT_TYPE","LANE_CLOSED","LATITUDE","LN_CLOSE_DIR","LOCATION_TYPE","LONGITUDE","MAX_SEVERITY_LEVEL","MCYCLE_DEATH_COUNT","MCYCLE_SUSP_SERIOUS_INJ_COUNT","MOTORCYCLE_COUNT","MUNICIPALITY","NONMOTR_COUNT","NONMOTR_DEATH_COUNT","NONMOTR_SUSP_SERIOUS_INJ_COUNT","NTFY_HIWY_MAINT","PED_COUNT","PED_DEATH_COUNT","PED_SUSP_SERIOUS_INJ_COUNT","PERSON_COUNT","POLICE_AGCY","POSSIBLE_INJ_COUNT","RDWY_SURF_TYPE_CD","RELATION_TO_ROAD","ROAD_CONDITION","SCH_BUS_IND","SCH_ZONE_IND","SMALL_TRUCK_COUNT","SPEC_JURIS_CD","SUSP_MINOR_INJ_COUNT","SUSP_SERIOUS_INJ_COUNT","SUV_COUNT","TCD_FUNC_CD","TCD_TYPE","TFC_DETOUR_IND","TIME_OF_DAY","TOT_INJ_COUNT","TOTAL_UNITS","UNB_DEATH_COUNT","UNB_SUSP_SERIOUS_INJ_COUNT","UNBELTED_OCC_COUNT","UNK_INJ_DEG_COUNT","UNK_INJ_PER_COUNT","URBAN_RURAL","VAN_COUNT","VEHICLE_COUNT","WORK_ZONE_IND","WORK_ZONE_LOC","WORK_ZONE_TYPE","WORKERS_PRES","WZ_CLOSE_DETOUR","WZ_FLAGGER","WZ_LAW_OFFCR_IND","WZ_LN_CLOSURE","WZ_MOVING","WZ_OTHER","WZ_SHLDER_MDN","ROADWAY_CLEARED","WEATHER1","WEATHER2","WZ_WORKERS_INJ_KILLED","SECONDARY_CRASH","INTERSECTION_RELATED"
"2207","0","0","0","0","0","0","0","0","0","7","0","","36","02","2021","2021021579","5","40.156","-76.4175","2203","08","0","0","0","0","0","0","0","0","","0","0","0","22","6","0","00","0","40 09:21.609","","00","76 25:02.995","0","0","0","0","36230","0","0","0","N","0","0","0","3","36410","0","","4","01","N","N","0","","0","0","1","0","0","","2201","0","1","0","0","0","0","0","1","0","1","N","","","","","","","","","","","","03","03","","N","N"
"1726","1","0","0","0","0","0","0","0","0","2","0","","36","06","2021","2021055541","2","39.9135","-76.0453","1711","08","0","1","0","0","0","0","1","0","","0","0","0","17","1","0","00","0","39 54:48.573","","00","76 02:42.942","0","0","0","0","36201","0","0","0","N","0","0","0","2","68J01","0","","1","01","N","N","1","","0","0","0","3","3","","1709","0","2","0","0","0","0","0","1","0","2","N","","","","","","","","","","","","03","","","N","Y"
"0144","1","0","0","0","0","0","0","0","0","7","0","","36","02","2021","2021024831","7","40.1389","-76.2223","0140","08","0","0","0","0","0","0","0","0","","0","0","0","01","2","0","01","0","40 08:20.182","","00","76 13:20.414","0","0","0","0","36238","0","0","0","N","0","0","0","1","36238","0","","2","09","N","N","0","","0","0","0","0","0","","0140","0","1","0","0","0","0","0","3","0","1","N","","","","","","","","","","","","10","03","","N","N"
"1815","0","0","0","0","0","0","0","0","0","1","0","","36","04","2021","2021035910","2","40.0768","-76.3375","1803","08","0","0","0","0","0","1","0","0","","0","0","0","17","1","1","06","0","40 04:36.566","","02","76 20:15.423","8","0","0","0","36101","0","0","0","N","0","0","0","3","36101","0","","1","01","N","N","0","","0","0","2","3","4","","1740","1","2","0","0","0","1","0","3","0","2","N","","","","","","","","","","","","03","03","","N",""
"1226","0","0","0","0","0","0","0","0","0","1","0","","36","02","2021","2021019815","7","40.0434","-76.2996","1221","08","0","0","0","0","0","0","0","0","","0","0","0","12","1","0","00","0","40 02:36.300","","00","76 17:58.700","0","0","0","0","36301","0","0","0","N","0","0","0","2","36301","0","","6","01","N","N","0","","0","0","2","0","0","","1218","0","2","0","0","0","0","0","3","0","2","N","","","","","","","","","","","","04","","","N","N"
"0756","1","0","0","0","0","0","0","0","0","4","1","","36","06","2021","2021055430","2","40.0579","-76.2808","0749","08","0","0","0","0","0","0","1","0","","0","1","0","07","1","0","01","0","40 03:28.276","","00","76 16:50.908","0","0","0","0","36101","0","0","0","N","0","0","0","5","36101","0","","1","01","N","N","0","","0","0","0","3","2","","0740","0","2","0","0","0","0","0","3","0","2","N","","","","","","","","","","","","03","","","N",""
"1347","0","0","0","0","0","0","0","0","0","3","0","","36","06","2021","2021054551","7","40.0342","-76.2716","1339","08","0","0","0","1","0","1","0","0","","0","0","0","13","1","0","00","0","40 02:03.085","","07","76 16:17.744","0","0","0","0","36240","0","0","0","N","0","0","0","4","36240","0","","1","01","N","N","0","","0","0","2","0","0","","1338","0","2","0","0","0","0","0","1","0","2","N","","","","","","","","","","","","03","03","","N","N"
"0859","0","0","0","0","0","0","0","0","0","4","1","","36","05","2021","2021058332","3","40.0329","-76.5037","0858","08","0","0","0","0","0","0","0","0","","0","1","0","08","1","3","01","2","40 01:58.364","7","00","76 30:13.291","3","0","0","0","36404","0","0","0","N","0","0","0","4","36404","0","","1","01","N","N","0","","3","0","1","3","3","Y","0856","3","2","0","0","0","0","0","3","0","2","N","","","","","","","","","","","0937","03","03","","N",""
"1829","1","0","0","0","0","0","0","0","0","4","0","","36","05","2021","2021053969","2","40.0332","-76.197","1829","08","0","0","0","0","0","1","0","0","","0","0","0","18","1","0","00","1","40 01:59.456","2","00","76 11:49.329","0","0","0","0","36215","0","0","0","N","0","0","0","2","36215","0","","1","01","N","N","0","","0","0","1","0","0","N","1828","0","2","0","0","0","0","0","1","0","2","N","","","","","","","","","","","1930","03","","","N","N"
"1222","1","0","0","0","0","0","0","0","0","7","0","","36","02","2021","2021027067","1","40.2273","-76.381","1203","08","0","0","0","0","0","0","0","0","","0","0","0","12","1","0","00","0","40 13:41.934","","00","76 21:45.198","0","0","0","0","36217","0","0","0","N","0","0","0","1","68T06","0","","4","09","N","N","0","","0","0","0","0","0","","1200","0","1","0","0","0","0","0","1","0","1","N","","","","","","","","","","","","03","","","N","N"
"1106","1","0","0","0","0","0","0","0","0","4","0","","36","06","2021","2021054743","5","40.0453","-76.4245","1106","08","0","0","0","0","0","1","1","0","","0","0","0","11","1","0","01","0","40 02:43.009","","02","76 25:28.283","0","0","0","0","36239","0","0","0","N","0","0","0","2","36239","0","","1","01","N","N","0","","0","0","1","3","2","","1106","0","2","0","0","0","0","0","3","0","2","N","","","","","","","","","","","","03","","","N",""
"1706","0","0","0","0","0","0","0","0","0","7","0","","36","06","2021","2021055512","4","39.9135","-76.0453","1700","08","0","0","0","0","0","0","0","0","","0","0","0","16","1","0","01","0","39 54:48.553","","00","76 02:42.913","0","0","0","0","36201","0","0","0","Y","0","0","0","1","68J01","0","","5","01","N","N","1","","0","0","0","3","3","","1655","0","2","0","0","0","0","0","1","0","1","N","","","","","","","","","","","","03","","","N",""
"0800","1","0","0","0","0","0","0","0","0","7","0","","36","02","2021","2021023266","5","40.015","-76.1551","0752","08","0","0","0","0","0","0","0","0","","0","0","0","07","1","0","01","2","40 00:54.040","1","00","76 09:18.357","0","0","0","0","36215","0","0","0","N","0","0","0","1","36215","0","","2","01","N","N","0","","0","0","0","0","0","Y","0749","0","1","0","0","0","0","0","1","0","1","N","","","","","","","","","","","0830","03","03","","N",""
"1557","1","0","0","0","0","0","0","0","0","5","1","","36","06","2021","2021053508","3","40.0563","-76.2704","1552","08","0","0","0","0","1","0","1","0","","0","1","0","15","1","0","00","0","40 03:22.792","","00","76 16:13.613","0","0","0","0","36215","0","0","0","N","0","0","0","3","36301","0","","1","01","N","N","0","","0","0","0","0","0","","1551","0","2","0","0","0","0","0","1","0","2","N","","","","","","","","","","","","03","03","","N","N"
"1257","1","0","0","0","0","0","0","0","0","1","1","","36","06","2021","2021056395","3","40.0299","-76.2307","1253","08","0","0","0","0","0","2","0","0","","0","1","0","12","1","1","01","1","40 01:47.486","3","00","76 13:50.340","3","0","0","0","36215","0","0","0","N","0","0","0","6","36215","0","","1","01","N","N","0","","1","0","1","3","2","N","1251","1","3","0","0","2","0","0","1","0","3","N","","","","","","","","","","","0030","04","","","N",""
"0219","2","0","0","0","0","0","0","0","0","5","0","","36","06","2021","2021053351","2","40.0345","-76.3224","0216","08","0","0","0","0","0","0","0","0","","0","0","0","02","2","0","00","0","40 02:04.161","","00","76 19:20.519","0","0","0","0","36301","0","0","0","N","0","0","0","1","36301","0","","6","01","N","N","0","","0","0","0","0","0","","0215","0","3","0","0","0","0","0","3","1","3","N","","","","","","","","","","","","03","03","","Y","N"
"2149","1","0","0","0","0","0","0","0","0","4","0","","36","06","2021","2021056394","4","40.0404","-76.2463","2147","08","0","0","0","0","0","0","0","0","","0","0","0","21","3","2","06","2","40 02:25.423","4","00","76 14:46.653","4","0","0","0","36215","0","0","0","N","0","0","0","2","36215","1","","1","01","N","N","1","","0","0","0","3","2","N","2145","2","2","0","0","0","1","0","1","0","2","N","","","","","","","","","","","2242","04","","","N",""
"1128","0","0","0","0","0","0","0","0","0","7","0","","36","02","2021","2021021578","4","40.1301","-76.4814","1121","08","0","0","0","0","0","0","0","0","","0","0","0","11","1","0","00","1","40 07:48.341","4","00","76 28:53.027","0","0","0","0","36230","0","0","0","N","0","0","0","3","36410","0","","2","01","N","N","0","","0","0","1","0","0","N","1121","0","1","0","0","0","0","0","1","0","1","N","","","","","","","","","","","1155","03","03","","N","N"
"1530","1","0","0","0","0","0","0","0","0","5","0","","36","02","2021","2021019616","3","40.0621","-76.3434","1526","08","0","0","0","0","0","0","0","0","","0","0","0","15","1","0","00","1","40 03:43.894","3","00","76 20:34.880","0","0","0","0","36214","0","0","0","N","0","0","0","2","36101","0","","1","01","N","N","0","","0","0","0","0","0","N","1522","0","2","0","0","0","0","0","3","1","2","N","","","","","","","","","","","1603","03","","","N","N"
"0301","1","0","0","0","0","0","0","0","0","2","0","","36","02","2021","2021021442","1","40.0388","-76.3303","0301","08","0","0","0","0","0","0","0","0","","0","0","0","03","3","1","02","1","40 02:19.591","3","00","76 19:49.247","3","0","0","0","36220","0","0","0","N","0","0","0","1","36101","0","","2","01","N","N","0","","1","0","1","3","2","N","0301","1","3","0","0","1","0","0","3","1","3","N","","","","","","","","","","","0345","03","03","","N",""
"2311","2","0","0","0","0","0","0","0","0","1","0","","36","06","2021","2021054492","7","40.0423","-76.3107","2307","08","0","0","0","0","0","0","0","0","","0","0","0","23","3","0","00","1","40 02:32.321","4","00","76 18:38.431","0","0","0","0","36301","1","0","0","N","0","0","0","2","36301","0","","1","01","","","0","","0","0","0","0","0","N","2304","0","2","0","0","0","0","0","3","0","2","N","","","","","","","","","","","0009","03","03","","N","Y"
"0409","1","0","0","0","0","0","0","0","0","7","0","","36","02","2021","2021020226","3","40.054","-76.3233","0403","08","0","0","0","0","1","0","0","0","","0","0","0","03","3","0","00","1","40 03:14.273","1","00","76 19:23.727","0","0","0","0","36301","0","0","0","N","0","0","0","1","36301","0","","4","02","N","N","0","","0","0","0","0","0","N","0337","0","1","0","0","0","0","0","3","0","1","N","","","","","","","","","","","0449","03","","","N","N"
"1938","0","0","0","0","0","0","0","0","0","7","0","","36","02","2021","2021017626","7","40.1127","-76.3983","1935","08","0","1","0","0","0","0","0","0","","0","0","0","19","2","0","00","2","40 06:45.600","6","00","76 23:54.000","0","0","0","0","36214","0","0","0","N","0","0","0","1","36214","0","","4","02","N","N","0","","0","0","1","0","0","Y","1931","0","1","0","0","0","0","0","3","0","1","N","","","","","","","","","","","2028","03","02","","N","N"
"0955","0","0","0","0","0","0","0","0","0","7","0","","36","02","2021","2021018950","2","40.1446","-76.1167","0945","08","0","0","0","0","0","0","0","0","","0","0","0","09","1","0","00","0","40 08:40.491","","00","76 07:00.041","0","0","0","0","36209","0","0","0","N","0","0","0","1","36415","0","","5","07","N","N","0","","0","0","1","0","0","","0940","0","1","0","0","0","0","0","1","0","1","N","","","","","","","","","","","","10","","","N","N"
"1218","3","0","0","0","0","0","0","0","0","4","0","","36","02","2021","2021018944","4","40.0579","-76.2808","1211","08","0","0","0","0","0","0","1","1","","0","0","0","11","1","1","01","1","40 03:28.276","1","00","76 16:50.908","3","0","0","0","36101","0","0","0","N","0","0","0","4","36101","0","","1","01","N","N","0","","1","0","0","3","2","N","1158","1","3","0","0","0","0","0","3","0","3","N","","","","","","","","","","","1300","03","03","","N",""
"1849","1","0","0","0","0","0","0","0","0","7","0","","36","06","2021","2021055008","5","40.007","-76.3222","1835","08","0","0","0","0","0","1","0","0","","0","0","0","18","1","0","00","0","40 00:25.170","","00","76 19:19.990","0","0","0","0","36220","0","0","0","N","0","0","0","2","36101","0","","4","01","N","N","1","","0","0","0","0","0","","1832","0","3","0","0","0","0","0","3","0","3","N","","","","","","","","","","","","03","","","N","N"
"2021","2","0","0","0","0","0","0","0","0","5","0","","36","03","2021","2021022117","2","40.0417","-76.2846","2020","08","0","0","0","0","0","0","0","0","","0","0","0","20","3","0","00","0","40 02:30.221","","00","76 17:04.713","9","0","0","0","36220","0","0","0","N","0","0","0","1","36101","0","","1","01","N","N","0","","0","0","2","0","0","","2018","0","4","0","0","0","0","1","3","0","4","N","","","","","","","","","","","","03","","","N","N"
"1426","0","0","0","0","0","0","0","0","0","2","0","","36","06","2021","2021060622","1","40.1401","-76.3879","1424","08","0","1","0","0","0","0","0","0","","1","0","0","14","1","0","00","2","40 08:24.500","7","00","76 23:16.400","1","1","0","1","36227","0","0","0","N","0","0","0","2","36506","0","2","1","01","N","N","1","0","0","0","0","0","0","Y","1423","0","2","0","0","0","0","0","1","0","2","N","","","","","","","","","","","1700","03","","","N","N"
"1228","2","0","0","0","0","0","0","0","0","6","0","","36","06","2021","2021059573","1","40.1828","-76.2823","1225","08","0","0","1","0","0","0","0","0","","0","0","0","12","1","0","00","1","40 10:58.250","6","07","76 16:56.210","0","0","0","0","36235","0","0","0","N","0","0","0","2","36506","0","","1","01","N","N","0","","0","0","0","0","0","N","1223","0","2","0","0","0","0","0","1","0","2","N","","","","","","","","","","","1320","03","","","N","N"
"0148","0","0","0","0","0","0","0","0","0","4","0","","36","06","2021","2021056765","7","40.038","-76.3057","0148","08","0","0","0","0","0","0","0","0","","0","0","0","01","3","1","01","1","40 02:16.664","3","00","76 18:20.416","3","0","0","0","36301","1","0","0","N","0","0","0","2","36301","0","","4","01","N","N","1","","1","0","0","3","2","N","0148","1","2","0","0","0","0","0","3","0","2","N","","","","","","","","","","","0303","03","","","N","N"
"1010","0","0","0","0","0","0","0","0","0","1","1","","36","06","2021","2021060271","2","40.0606","-75.9457","0958","08","0","0","0","0","0","1","0","0","","0","1","0","09","1","0","00","0","40 03:38.310","","00","75 56:44.420","0","0","0","0","36232","0","0","0","N","0","0","0","2","68J01","0","","1","01","N","N","0","","0","0","1","0","0","","0957","0","2","0","0","0","0","0","1","0","2","N","","","","","","","","","","","","03","","","N","N"
"0918","1","0","0","0","0","0","0","0","0","7","0","","36","06","2021","2021059668","7","40.2296","-76.4321","0914","08","0","0","0","0","0","0","0","0","","0","0","0","09","1","1","00","1","40 13:46.505","3","00","76 25:54.748","8","0","0","0","36230","0","0","0","N","0","0","0","1","68T06","0","","4","01","N","N","0","","0","0","0","0","0","N","0914","1","1","0","0","0","1","0","1","0","1","N","","","","","","","","","","","1020","03","","","N","N"
"2123","1","0","0","0","0","0","0","0","0","7","0","","36","05","2021","2021041300","6","40.1763","-76.1859","2120","08","1","0","0","0","0","0","0","0","","0","0","0","21","3","0","01","0","40 10:34.579","","00","76 11:09.293","0","0","0","0","36408","0","0","0","N","0","0","0","2","36408","0","","4","09","N","N","0","","0","0","0","0","0","","2117","0","1","0","0","0","0","0","2","0","1","N","","","","","","","","","","","","07","","","N",""
"1821","1","0","0","0","0","0","0","0","0","7","0","","36","05","2021","2021042426","5","40.1708","-76.206","1813","08","0","0","0","0","0","0","0","0","","0","0","0","18","1","0","00","0","40 10:14.780","","00","76 12:21.610","0","0","0","0","36218","0","0","0","N","0","0","0","1","36408","0","","1","01","N","N","0","","0","0","0","0","0","","1810","0","1","0","0","0","0","0","1","0","1","N","","","","","","","","","","","","03","","","N","N"
"1955","3","0","0","0","0","0","0","0","0","1","0","","36","05","2021","2021041544","7","40.0414","-76.3199","1948","08","0","0","0","0","0","0","0","0","","0","0","0","19","1","0","00","1","40 02:29.160","4","00","76 19:11.781","0","0","0","0","36301","0","0","0","N","0","0","0","1","36301","0","","2","09","N","N","0","","0","0","0","0","0","N","1946","0","3","0","0","0","0","0","3","0","3","N","","","","","","","","","","","2057","07","04","","N","N"
"0758","1","0","1","0","0","0","0","0","0","4","1","","36","04","2021","2021043407","5","39.8559","-76.0765","0731","08","0","1","0","0","0","1","0","0","","0","1","0","07","1","1","00","2","39 51:21.337","5","07","76 04:35.545","2","0","0","0","36205","0","0","0","N","0","0","0","2","68J01","0","","1","09","N","N","0","","0","1","0","0","0","Y","0729","1","2","0","0","0","0","0","1","0","2","N","","","","","","","","","","","0830","03","","","N","N"
"0919","1","0","0","0","0","0","0","0","0","7","0","","36","02","2021","2021011343","2","40.0591","-76.4629","0916","08","0","0","0","0","0","0","0","0","","0","0","0","09","1","0","03","2","40 03:32.814","6","00","76 27:46.398","0","0","0","0","36239","0","0","0","Y","0","0","0","2","36239","0","","4","06","N","N","0","","0","0","0","0","0","N","0914","0","1","0","0","0","0","0","3","0","1","N","","","","","","","","","","","1009","09","10","","N",""
"0735","1","0","0","0","0","0","0","0","0","5","0","","36","06","2021","2021056236","6","40.1486","-76.5991","0735","08","0","0","0","0","0","0","0","0","","0","0","0","07","1","0","00","1","40 08:54.984","3","00","76 35:56.761","0","0","0","0","36407","0","0","0","N","0","0","0","1","36407","0","","2","01","N","N","0","","0","0","1","0","0","Y","0735","0","2","0","0","0","0","0","2","0","2","N","","","","","","","","","","","0745","03","03","","N","N"
"1341","0","0","0","0","0","0","0","0","0","4","0","","36","03","2021","2021022896","4","40.1233","-76.3753","1335","08","0","0","0","0","0","0","0","1","","0","0","0","13","1","1","01","0","40 07:23.702","","00","76 22:31.147","3","0","0","0","36214","0","0","0","N","0","0","0","3","36214","0","","1","01","N","N","0","","1","0","2","3","3","","1333","1","2","0","0","0","0","0","3","0","2","N","","","","","","","","","","","","03","03","","N",""
"1434","2","0","0","0","0","0","0","0","0","1","0","","36","06","2021","2021060208","6","40.0401","-76.2326","1428","08","0","0","0","0","0","0","0","0","","0","0","0","14","1","0","00","0","40 02:24.287","","00","76 13:57.353","0","0","0","0","36215","0","0","0","N","0","0","0","2","36215","0","","1","01","N","N","0","","0","0","0","0","0","","1426","0","2","0","0","0","0","0","1","0","2","N","","","","","","","","","","","","03","","","N","Y"
"2310","1","0","0","0","0","0","0","0","0","5","0","","36","06","2021","2021059724","7","40.1507","-76.3005","2304","08","0","0","0","0","0","0","0","0","","0","0","0","23","3","0","00","0","40 09:02.360","","00","76 18:01.620","0","0","0","0","36409","0","0","0","N","0","0","0","1","36409","0","","6","01","N","N","0","","0","0","1","0","0","","2302","0","2","0","0","0","0","0","3","0","2","N","","","","","","","","","","","","03","","","N","N"
"1525","0","0","0","0","0","0","0","0","0","1","0","","36","03","2021","2021023570","3","40.1301","-76.4418","1511","08","0","0","0","0","0","1","0","0","","0","0","0","15","1","0","03","0","40 07:48.281","","00","76 26:30.351","0","0","0","0","36230","0","0","0","N","0","0","0","2","36410","0","","1","01","N","N","1","","0","0","1","0","0","","1505","0","2","0","0","0","0","0","1","0","2","N","","","","","","","","","","","","03","","","N",""
"2144","2","0","0","0","0","0","0","0","0","4","0","","36","04","2021","2021040691","6","40.0251","-76.3177","2140","08","0","0","0","1","0","0","0","0","","0","0","0","21","3","0","01","1","40 01:30.485","1","00","76 19:03.655","0","0","0","0","36301","0","0","0","N","0","0","0","5","36301","0","","1","01","N","N","0","","0","0","0","3","3","N","2138","0","2","0","0","0","0","0","3","0","2","N","","","","","","","","","","","2236","03","","","N","N"
"1707","0","0","0","0","0","0","0","0","0","1","0","","36","05","2021","2021042957","5","40.0761","-76.2032","1701","08","0","0","0","0","0","2","0","0","","0","0","0","16","1","3","01","2","40 04:33.868","7","00","76 12:11.547","3","0","0","0","36234","0","0","0","N","0","0","0","4","36215","0","","1","01","N","N","1","","3","0","1","3","3","Y","1659","3","2","0","0","0","0","0","1","0","2","N","","","","","","","","","","","1741","03","","","N",""
"1058","0","0","0","0","0","0","0","0","0","1","0","","36","05","2021","2021043355","4","40.0994","-76.3053","1056","08","0","1","0","0","0","0","0","1","","0","0","0","10","1","1","00","0","40 05:58.011","","00","76 18:19.057","4","0","0","0","36101","0","0","0","N","0","0","0","2","36101","1","","1","01","N","N","1","","0","0","1","0","0","","1054","1","2","0","0","0","0","0","3","0","2","N","","","","","","","","","","","","03","03","","N","N"
"1958","0","0","0","0","0","0","0","0","0","4","0","","36","07","2021","2021061142","5","39.9858","-76.2836","1956","08","0","0","0","0","0","1","0","0","","0","0","0","19","1","0","02","0","39 59:08.888","","00","76 17:01.092","0","0","0","0","36240","0","0","0","N","0","0","0","2","36240","0","","1","09","N","N","0","","0","0","2","3","2","","1955","0","2","0","0","0","0","0","1","0","2","N","","","","","","","","","","","","07","","","N",""
"0846","1","0","0","0","0","0","0","0","0","7","0","","36","04","2021","2021042424","3","40.1682","-76.1235","0840","08","0","0","0","0","0","0","0","0","","0","0","0","08","1","1","00","2","40 10:05.690","6","00","76 07:24.740","8","0","0","0","36218","0","0","0","N","0","0","0","1","36408","0","","5","01","N","N","0","","0","0","0","0","0","Y","0830","1","1","0","0","1","1","0","1","0","1","N","","","","","","","","","","","1900","03","","","N","N"
"0144","1","0","0","0","0","0","0","0","0","98","0","","36","04","2021","2021043404","3","40.2245","-76.0638","0137","08","0","0","0","0","0","1","0","0","","0","0","0","01","2","0","00","0","40 13:28.290","","00","76 03:49.747","0","0","0","0","36202","0","0","0","N","0","0","0","1","68J01","0","","1","01","N","N","0","","0","0","0","0","0","","0132","0","1","0","0","0","0","0","1","0","1","N","","","","","","","","","","","","03","","","N","N"
"1845","1","0","0","0","0","0","0","0","0","1","0","","36","05","2021","2021043138","3","40.0329","-76.308","1843","08","0","0","0","0","0","1","0","0","","0","0","0","18","1","1","00","1","40 01:58.332","4","00","76 18:28.759","3","0","0","1","36301","0","0","0","N","0","0","0","1","36301","0","","6","01","N","N","0","","1","0","0","0","0","N","1842","1","2","0","0","0","0","0","3","0","2","N","","","","","","","","","","","1920","03","03","","N","N"
"2107","1","0","0","0","0","0","0","0","0","7","0","","36","02","2021","2021013475","2","40.1435","-76.556","2055","08","0","0","0","0","0","0","0","0","","0","0","0","20","3","0","00","0","40 08:36.737","","03","76 33:21.655","0","0","0","0","36225","0","0","0","N","0","0","0","1","36505","0","","2","07","N","N","0","","0","0","0","0","0","","2055","0","1","0","0","0","0","0","2","0","1","N","","","","","","","","","","","","10","09","","N","N"
"0959","0","0","0","0","0","0","0","0","0","4","0","","36","06","2021","2021061437","3","39.9436","-76.2105","0948","08","0","0","0","0","0","1","0","0","","0","0","0","09","1","0","00","0","39 56:36.853","","00","76 12:37.759","0","0","0","0","36233","0","0","0","N","0","0","0","3","68J01","0","","1","01","N","N","1","","0","0","1","3","3","","0945","0","2","0","0","0","0","0","1","0","2","N","","","","","","","","","","","","03","","","N","Y"
"1412","2","0","0","0","0","0","0","0","0","1","0","","36","06","2021","2021059720","6","40.0698","-76.3135","1401","08","0","0","0","0","0","0","0","0","","0","0","0","13","1","0","00","0","40 04:11.164","","00","76 18:48.709","0","0","0","0","36101","0","0","0","N","0","0","0","2","36101","0","","1","01","N","N","0","","0","0","0","0","0","","1358","0","2","0","0","0","0","0","3","0","2","N","","","","","","","","","","","","03","","","N","N"
"1744","1","0","1","0","0","0","0","0","0","1","0","","36","05","2021","2021043296","3","40.2141","-76.0635","1733","08","0","0","0","0","0","1","0","0","","0","0","0","17","1","3","00","1","40 12:50.688","3","00","76 03:48.635","2","0","0","0","36202","0","0","0","N","0","0","0","3","68T06","0","","1","01","N","N","1","","2","1","0","0","0","N","1733","3","2","0","0","0","0","0","1","0","2","N","","","","","","","","","","","1830","03","","","N","N"
"0608","0","0","0","0","0","0","0","0","0","4","0","","36","05","2021","2021043356","5","40.1031","-76.3083","0605","08","0","0","0","0","0","0","0","0","","0","0","0","06","5","0","00","2","40 06:11.021","7","00","76 18:29.863","0","0","0","0","36101","0","0","0","N","0","0","0","1","36101","0","","2","01","N","N","2","","0","0","0","0","0","N","0603","0","2","0","0","0","0","0","3","0","2","N","","","","","","","","","","","0757","03","","","N","N"
"2250","1","0","0","0","0","0","0","0","0","4","0","","36","05","2021","2021041281","6","40.0421","-76.302","2247","08","0","0","0","0","0","0","0","0","","0","0","0","22","3","0","00","1","40 02:31.547","1","00","76 18:07.348","9","0","0","0","36301","0","0","0","N","0","0","0","1","36301","0","","2","09","N","N","1","","0","0","0","0","0","N","2247","0","2","0","0","0","0","1","3","0","2","N","","","","","","","","","","","2315","07","","","N","N"
"1847","0","0","0","0","0","0","0","0","0","7","0","","36","02","2021","2021011344","2","40.0975","-76.6123","1823","08","0","0","0","0","0","0","0","0","","0","0","0","18","2","1","02","0","40 05:50.920","","00","76 36:44.319","8","0","0","0","36237","0","0","0","N","0","0","0","1","36505","0","","5","07","N","N","1","","0","0","0","0","0","","1820","1","1","0","0","0","1","0","1","0","1","N","","","","","","","","","","","","10","10","","N",""
"1335","1","0","0","0","0","0","0","0","0","4","0","","36","05","2021","2021042779","2","40.0905","-76.4097","1332","08","0","0","0","0","1","0","1","0","","0","0","0","13","1","0","02","0","40 05:25.896","","00","76 24:34.986","0","0","0","0","36214","0","0","0","N","0","0","0","4","36214","0","","1","01","N","N","0","","0","0","1","3","2","","1300","0","2","0","0","0","0","0","3","0","2","N","","","","","","","","","","","","03","","","N",""
"1419","1","0","0","0","0","0","0","0","0","1","0","","36","05","2021","2021042950","6","40.0709","-76.3174","1411","08","0","0","0","0","0","2","0","0","","0","0","0","14","1","1","00","1","40 04:15.180","4","00","76 19:02.735","4","0","0","0","36101","0","0","0","N","0","0","0","3","36101","1","","1","01","N","N","1","","0","0","1","0","0","N","1406","1","3","0","0","0","0","0","3","0","3","N","","","","","","","","","","","1420","03","03","","N","N"
"1441","1","0","0","0","0","0","0","0","0","7","0","","36","05","2021","2021043352","7","40.0665","-76.298","1436","08","0","0","0","0","0","0","0","0","","0","0","0","14","1","0","00","0","40 03:59.530","","00","76 17:52.870","0","0","0","0","36101","0","0","0","N","0","0","0","1","36101","0","","5","01","N","N","0","","0","0","0","0","0","","1436","0","1","0","0","0","0","0","3","0","1","N","","","","","","","","","","","","03","","","N","N"