"ARRIVAL_TM","AUTOMOBILE_COUNT","BELTED_DEATH_COUNT","BELTED_SUSP_SERIOUS_INJ_COUNT","BICYCLE_COUNT","BICYCLE_DEATH_COUNT","BICYCLE_SUSP_SERIOUS_INJ_COUNT","BUS_COUNT","CHLDPAS_DEATH_COUNT","CHLDPAS_SUSP_SERIOUS_INJ_COUNT","COLLISION_TYPE","COMM_VEH_COUNT","CONS_ZONE_SPD_LIM","COUNTY","CRASH_MONTH","CRASH_YEAR","CRN","DAY_OF_WEEK","DEC_LAT","DEC_LONG","DISPATCH_TM","DISTRICT","DRIVER_COUNT_16YR","DRIVER_COUNT_17YR","DRIVER_COUNT_18YR","DRIVER_COUNT_19YR","DRIVER_COUNT_20YR","DRIVER_COUNT_50_64YR","DRIVER_COUNT_65_74YR","DRIVER_COUNT_75PLUS","EST_HRS_CLOSED","FATAL_COUNT","HEAVY_TRUCK_COUNT","HORSE_BUGGY_COUNT","HOUR_OF_DAY","ILLUMINATION","INJURY_COUNT","INTERSECT_TYPE","LANE_CLOSED","LATITUDE","LN_CLOSE_DIR","LOCATION_TYPE","LONGITUDE","MAX_SEVERITY_LEVEL","MCYCLE_DEATH_COUNT","MCYCLE_SUSP_SERIOUS_INJ_COUNT","MOTORCYCLE_COUNT","MUNICIPALITY","NONMOTR_COUNT","NONMOTR_DEATH_COUNT","NONMOTR_SUSP_SERIOUS_INJ_COUNT","NTFY_HIWY_MAINT","PED_COUNT","PED_DEATH_COUNT","PED_SUSP_SERIOUS_INJ_COUNT","PERSON_COUNT","POLICE_AGCY","POSSIBLE_INJ_COUNT","RDWY_SURF_TYPE_CD","RELATION_TO_ROAD","ROAD_CONDITION","SCH_BUS_IND","SCH_ZONE_IND","SMALL_TRUCK_COUNT","SPEC_JURIS_CD","SUSP_MINOR_INJ_COUNT","SUSP_SERIOUS_INJ_COUNT","SUV_COUNT","TCD_FUNC_CD","TCD_TYPE","TFC_DETOUR_IND","TIME_OF_DAY","TOT_INJ_COUNT","TOTAL_UNITS","UNB_DEATH_COUNT","UNB_SUSP_SERIOUS_INJ_COUNT","UNBELTED_OCC_COUNT","UNK_INJ_DEG_COUNT","UNK_INJ_PER_COUNT","URBAN_RURAL","VAN_COUNT","VEHICLE_COUNT","WORK_ZONE_IND","WORK_ZONE_LOC","WORK_ZONE_TYPE","WORKERS_PRES","WZ_CLOSE_DETOUR","WZ_FLAGGER","WZ_LAW_OFFCR_IND","WZ_LN_CLOSURE","WZ_MOVING","WZ_OTHER","WZ_SHLDER_MDN","ROADWAY_CLEARED","WEATHER1","WEATHER2","WZ_WORKERS_INJ_KILLED","SECONDARY_CRASH","INTERSECTION_RELATED"
"1118","2","0","0","0","0","0","0","0","0","4","0","","36","04","2021","2021043038","7","39.9803","-76.163","1058","08","1","0","0","0","1","0","0","0","","0","0","0","10","1","0","01","2","39 58:49.236","6","00","76 09:46.621","0","0","0","0","36233","0","0","0","N","0","0","0","4","68J01","0","","1","01","N","N","0","","0","0","0","3","3","Y","1054","0","2","0","0","0","0","0","1","0","2","N","","","","","","","","","","","1200","03","","","N","N"
"0917","1","0","0","0","0","0","0","0","0","8","0","","36","06","2021","2021058699","4","40.0411","-76.3063","0915","08","0","0","0","0","0","0","1","0","","0","0","0","09","1","1","01","0","40 02:27.991","","00","76 18:22.594","4","0","0","0","36301","1","0","0","N","1","0","0","2","36301","1","","1","01","N","N","0","","0","0","0","3","2","","0913","1","2","0","0","0","0","0","3","0","1","N","","","","","","","","","","","","03","03","","N",""
"1251","0","0","0","0","0","0","0","0","0","8","0","","36","05","2021","2021041980","2","40.0668","-76.3437","1243","08","0","0","0","0","0","0","0","0","","0","0","0","12","1","1","00","0","40 04:00.607","","07","76 20:37.148","8","0","0","0","36301","1","0","0","N","1","0","0","2","36301","0","","6","01","N","N","0","","0","0","1","0","0","","1242","1","2","0","0","0","1","0","3","0","1","N","","","","","","","","","","","","03","","","N","Y"
"1243","2","0","0","0","0","0","0","0","0","6","0","","36","05","2021","2021043663","2","40.0898","-76.2814","1239","08","0","0","0","0","0","0","0","1","","0","0","0","12","1","0","00","2","40 05:23.449","5","07","76 16:53.036","0","0","0","0","36101","0","0","0","N","0","0","0","2","36101","0","","1","01","N","N","0","","0","0","0","0","0","N","1232","0","3","0","0","0","0","0","3","0","3","N","","","","","","","","","","","1240","03","03","","N","N"
"1919","2","0","0","0","0","0","0","0","0","4","0","","36","05","2021","2021043714","7","39.9892","-75.9912","1846","08","0","0","0","0","0","0","0","1","","0","0","0","18","1","0","02","0","39 59:21.223","","00","75 59:28.497","0","0","0","0","36232","0","0","0","N","0","0","0","4","68J01","0","","1","01","N","N","0","","0","0","0","3","3","","1842","0","2","0","0","0","0","0","1","0","2","N","","","","","","","","","","","","03","","","N","N"
"0207","1","0","0","0","0","0","0","0","0","7","0","","36","02","2021","2021012185","2","40.1578","-76.0899","0155","08","0","0","0","0","1","0","0","0","","0","0","0","01","2","0","00","2","40 09:28.100","5","03","76 05:23.730","0","0","0","0","36209","0","0","0","N","0","0","0","1","36415","0","","2","07","N","N","0","","0","0","0","0","0","N","0150","0","1","0","0","0","0","0","1","0","1","N","","","","","","","","","","","0240","10","06","","N","N"
"1821","0","0","0","0","0","0","0","0","0","1","0","","36","04","2021","2021042672","6","39.8174","-76.0416","1758","08","0","0","0","0","0","0","0","0","","0","0","0","17","3","1","00","1","39 49:02.787","2","07","76 02:29.927","4","0","0","0","36205","0","0","0","N","0","0","0","5","68J01","1","","1","01","N","N","0","","0","0","2","0","0","N","1757","1","2","0","0","0","0","0","1","0","2","N","","","","","","","","","","","1844","03","","","N","N"
"0920","1","0","0","0","0","0","0","0","0","4","0","","36","05","2021","2021042952","4","40.1139","-76.3863","0917","08","0","0","0","0","0","2","0","0","","0","0","0","09","1","0","01","1","40 06:50.151","1","00","76 23:10.518","0","0","0","0","36214","0","0","0","N","0","0","0","2","36214","0","","1","01","N","N","1","","0","0","0","3","3","N","0916","0","2","0","0","0","0","0","3","0","2","N","","","","","","","","","","","1000","03","","","N",""
"2322","2","0","0","0","0","0","0","0","0","4","0","","36","06","2021","2021059555","1","40.0425","-76.3086","2318","08","0","0","1","0","1","0","0","0","","0","0","0","23","3","0","01","0","40 02:33.169","","00","76 18:31.085","0","0","0","0","36301","0","0","0","N","0","0","0","2","36301","0","","1","01","N","N","0","","0","0","0","3","2","","2318","0","2","0","0","0","0","0","3","0","2","N","","","","","","","","","","","","03","03","","N",""
"0919","2","0","0","0","0","0","0","0","0","1","1","","36","05","2021","2021042780","3","40.0904","-76.3838","0913","08","0","0","0","0","0","1","0","0","","0","1","0","09","1","0","00","1","40 05:25.565","4","00","76 23:01.630","0","0","0","0","36214","0","0","0","N","0","0","0","3","36214","0","","1","01","N","N","0","","0","0","0","0","0","N","0907","0","3","0","0","0","0","0","3","0","3","N","","","","","","","","","","","1000","03","03","","N","N"
"0720","2","0","0","0","0","0","0","0","0","4","0","","36","05","2021","2021041718","1","40.0488","-76.3077","0717","08","0","0","0","0","0","0","0","0","","0","0","0","07","1","1","01","2","40 02:55.795","1","00","76 18:27.890","3","0","0","0","36301","0","0","0","N","0","0","0","3","36301","0","","1","01","N","N","0","","1","0","1","3","3","Y","0717","1","3","0","0","0","0","0","3","0","3","N","","","","","","","","","","","0830","03","03","","N",""
"1102","1","0","0","0","0","0","0","0","0","1","0","","36","05","2021","2021042958","7","40.0385","-76.1777","1057","08","0","0","0","0","0","2","0","0","","0","0","0","10","1","1","00","0","40 02:18.622","","00","76 10:39.631","3","0","0","0","36215","0","0","0","N","0","0","0","2","36215","0","","1","01","N","N","0","","1","0","1","0","0","","1056","1","2","0","0","0","0","0","1","0","2","N","","","","","","","","","","","","03","03","","N","N"
"1731","0","0","0","0","0","0","0","0","0","4","0","","36","04","2021","2021043710","5","40.0289","-76.1323","1720","08","0","0","0","1","0","0","0","0","","0","0","0","17","1","0","01","1","40 01:44.148","2","00","76 07:56.168","0","0","0","0","36221","0","0","0","N","0","0","0","2","68J01","0","","1","09","N","N","2","","0","0","0","3","3","Y","1712","0","2","0","0","0","0","0","1","0","2","N","","","","","","","","","","","0030","07","07","","N","N"
"1604","1","0","0","0","0","0","0","0","0","1","0","","36","03","2021","2021023268","3","40.0842","-76.2256","1555","08","0","1","0","0","0","0","0","0","","0","0","0","15","1","1","00","1","40 05:03.090","3","00","76 13:32.143","3","0","0","0","36234","0","0","0","N","0","0","0","3","36215","0","","1","01","N","N","1","","1","0","0","0","0","N","1555","1","2","0","0","0","0","0","1","0","2","N","","","","","","","","","","","1627","03","03","","N","N"
"1531","1","0","0","0","0","0","0","0","0","1","0","","36","03","2021","2021021868","4","40.0532","-76.3738","1525","08","0","1","0","0","0","1","0","0","","0","0","0","15","1","1","00","2","40 03:11.536","3","00","76 22:25.830","3","0","0","0","36214","0","0","0","N","0","0","0","3","36214","0","","1","01","N","N","1","","1","0","0","0","0","N","1524","1","2","0","0","0","0","0","3","0","2","N","","","","","","","","","","","0045","03","","","N","N"
"2024","0","0","0","0","0","0","0","0","0","7","0","","36","06","2021","2021059463","1","40.2091","-76.0244","2017","08","0","0","0","0","0","0","0","0","","0","0","0","20","1","0","00","0","40 12:33.374","","00","76 01:30.068","0","0","0","0","36202","0","0","0","N","0","0","0","1","68T06","0","","2","01","N","N","0","","0","0","1","0","0","","2017","0","1","0","0","0","0","0","1","0","1","N","","","","","","","","","","","","03","03","","N","N"
"1429","1","0","0","0","0","0","0","0","0","1","0","","36","07","2021","2021061361","5","40.0315","-76.3608","1426","08","0","0","0","0","0","0","0","0","","0","0","0","14","1","0","02","0","40 01:53.274","","00","76 21:38.852","0","0","0","0","36223","0","0","0","N","0","0","0","3","36223","0","","1","09","N","N","0","","0","0","1","0","0","","1420","0","2","0","0","0","0","0","1","0","2","N","","","","","","","","","","","","07","","","N",""
"1630","1","0","1","0","0","0","0","0","0","2","0","","36","06","2021","2021059572","6","40.0324","-76.3613","1627","08","0","0","0","0","0","0","0","0","","0","0","0","16","1","2","00","2","40 01:56.592","5","00","76 21:40.754","2","0","0","0","36223","0","0","0","N","0","0","0","3","36223","0","","1","01","N","N","1","","1","1","0","0","0","Y","1626","2","2","0","0","0","0","0","1","0","2","N","","","","","","","","","","","1805","03","03","","N","N"
"1211","0","0","0","0","0","0","0","0","0","7","0","","36","02","2021","2021011038","2","39.9445","-76.2179","1154","08","0","0","0","0","0","0","0","0","","0","0","0","11","1","0","00","0","39 56:40.225","","00","76 13:04.594","0","0","0","0","36233","0","0","0","Y","0","0","0","3","68J01","0","","4","02","N","N","0","","0","0","1","0","0","","1152","0","1","0","0","1","0","0","1","0","1","N","","","","","","","","","","","","02","06","","N","N"
"1539","0","0","0","0","0","0","0","0","0","1","1","","36","05","2021","2021042781","2","40.04","-76.3721","1533","08","0","0","0","0","0","1","0","0","","0","1","0","15","1","1","00","0","40 02:23.884","","00","76 22:19.565","4","0","0","0","36223","0","0","0","N","0","0","0","2","36223","1","","1","01","N","N","0","","0","0","1","0","0","","1531","1","2","0","0","0","0","0","1","0","2","N","","","","","","","","","","","","04","03","","N","Y"
"1535","1","0","0","0","0","0","0","0","0","7","0","","36","04","2021","2021042425","5","40.1888","-76.1347","1530","08","0","1","0","0","0","0","0","0","","0","0","0","15","1","1","02","1","40 11:19.551","2","00","76 08:05.090","4","0","0","0","36218","0","0","0","N","0","0","0","1","36408","1","","4","01","N","N","0","","0","0","0","0","0","N","1530","1","1","0","0","0","0","0","1","0","1","N","","","","","","","","","","","1550","03","","","N","N"
"1745","1","0","0","0","0","0","0","0","0","4","0","","36","01","2021","2021008110","2","40.0403","-76.245","1743","08","0","0","0","0","0","1","0","0","","0","0","0","17","3","0","02","0","40 02:25.231","","02","76 14:41.992","0","0","0","0","36215","0","0","0","N","0","0","0","2","36215","0","","1","01","N","N","1","","0","0","0","0","0","","1740","0","2","0","0","0","0","0","1","0","2","N","","","","","","","","","","","","03","03","","N","N"
"1713","0","0","0","0","0","0","0","0","0","1","0","","36","03","2021","2021021450","4","40.0396","-76.3231","1709","08","0","0","0","0","0","1","0","0","","0","0","0","17","1","1","02","0","40 02:22.725","","00","76 19:23.332","3","0","0","0","36301","0","0","0","N","0","0","0","2","36301","0","","1","01","N","N","1","","1","0","1","0","0","","1706","1","2","0","0","0","0","0","3","0","2","N","","","","","","","","","","","","03","","","N","N"
"1837","1","0","0","0","0","0","0","0","0","8","0","","36","04","2021","2021038394","2","40.0334","-76.3135","1834","08","0","0","0","1","0","0","0","0","","0","0","0","18","1","1","01","1","40 02:00.124","2","00","76 18:48.650","3","0","0","0","36301","1","0","0","N","1","0","0","2","36301","0","","1","01","N","N","0","","1","0","0","3","3","Y","1833","1","2","0","0","0","0","0","3","0","1","N","","","","","","","","","","","1845","04","04","","N",""
"1755","1","0","0","0","0","0","0","0","0","1","0","","36","04","2021","2021043041","7","40.0084","-76.1219","1747","08","0","0","0","0","0","1","0","0","","0","0","0","17","1","2","00","1","40 00:30.153","3","00","76 07:18.635","3","0","0","0","36226","0","0","0","N","0","0","0","2","68J01","1","","1","01","N","N","0","","1","0","1","0","0","N","1745","2","2","0","0","0","0","0","1","0","2","N","","","","","","","","","","","1830","03","03","","N","N"
"0810","1","0","0","0","0","0","0","0","0","5","0","","36","03","2021","2021021714","2","40.0359","-76.2965","0802","08","0","0","0","0","0","0","0","0","","0","0","0","07","1","0","00","2","40 02:09.139","3","00","76 17:47.547","9","0","0","0","36301","0","0","0","N","0","0","0","2","36301","0","","6","01","N","N","1","","0","0","3","0","0","Y","0759","0","5","0","0","0","0","2","3","0","5","N","","","","","","","","","","","0950","03","03","","Y","N"
"1503","1","0","0","0","0","0","0","0","0","4","0","","36","06","2021","2021060618","3","40.0422","-76.2466","1501","08","0","1","0","0","0","1","0","0","","0","0","0","14","1","0","00","0","40 02:32.130","","00","76 14:47.871","0","0","0","0","36215","0","0","0","N","0","0","0","2","36215","0","","1","01","N","N","1","","0","0","0","0","0","","1458","0","2","0","0","0","0","0","1","0","2","N","","","","","","","","","","","","03","","","N","N"
"1800","1","0","0","0","0","0","0","0","0","0","0","","36","05","2021","2021043127","1","40.2381","-76.1756","1753","08","0","0","0","0","0","1","0","0","","0","0","0","17","1","0","00","0","40 14:17.235","","00","76 10:32.306","0","0","0","0","36236","0","0","0","N","0","0","0","1","36408","0","","1","01","N","N","0","","0","0","0","0","0","","1753","0","1","0","0","0","0","0","1","0","1","N","","","","","","","","","","","","03","03","","N","N"
"0300","1","0","0","0","0","0","0","0","0","7","0","","36","04","2021","2021043036","7","40.0035","-76.0725","0257","08","0","0","0","0","0","0","0","0","","0","0","0","02","2","0","00","0","40 00:12.760","","00","76 04:21.150","0","0","0","0","36226","0","0","0","N","0","0","0","2","68J01","0","","4","01","N","N","0","","0","0","0","0","0","","0250","0","1","0","0","0","0","0","1","0","1","N","","","","","","","","","","","","03","","","N","N"
"1429","0","0","0","0","0","0","0","0","0","7","0","","36","02","2021","2021012369","2","40.0408","-76.5007","1429","08","0","0","0","0","0","0","0","0","","0","0","0","14","1","0","00","0","40 02:26.712","","00","76 30:02.660","0","0","0","0","36404","0","0","0","N","0","0","0","1","36404","0","","2","07","N","N","0","","0","0","1","0","0","","1429","0","1","0","0","0","0","0","3","0","1","N","","","","","","","","","","","","10","02","","N","N"
"1259","1","0","0","0","0","0","0","0","0","1","0","","36","05","2021","2021042951","1","40.0787","-76.3002","1259","08","0","0","0","0","1","0","0","0","","0","0","0","12","1","1","02","2","40 04:43.291","4","00","76 18:00.831","3","0","0","0","36101","0","0","0","N","0","0","0","5","36101","0","","1","09","N","N","0","","1","0","1","0","0","Y","1259","1","2","0","0","0","0","0","3","0","2","N","","","","","","","","","","","1340","07","07","","N",""
"1518","0","0","1","0","0","0","0","0","0","7","0","","36","04","2021","2021043409","5","40.005","-76.1056","1503","08","0","0","0","0","0","0","0","0","","0","0","0","14","1","1","00","0","40 00:17.857","","00","76 06:20.228","2","0","0","0","36226","0","0","0","N","0","0","0","2","68J01","0","","4","01","N","N","0","","0","1","1","3","2","","1459","1","1","0","0","0","0","0","1","0","1","N","","","","","","","","","","","","04","","","N","N"
"1504","1","0","0","0","0","0","0","0","0","7","0","","36","04","2021","2021043040","7","39.9999","-76.0729","1452","08","0","0","0","0","0","0","0","0","","0","0","0","14","1","0","00","1","39 59:59.604","4","00","76 04:22.186","9","0","0","0","36226","0","0","0","N","0","0","0","1","68J01","0","","4","01","N","N","0","","0","0","0","0","0","N","1450","0","1","0","0","0","0","1","1","0","1","N","","","","","","","","","","","1520","03","03","","N","N"
"1104","1","0","0","0","0","0","0","0","0","4","0","","36","05","2021","2021042096","3","40.1895","-76.31","1057","08","0","0","0","0","0","0","0","1","","0","1","0","10","1","1","01","1","40 11:22.225","7","00","76 18:36.138","3","0","0","0","36217","0","0","0","N","0","0","0","2","36506","0","","1","01","N","N","0","","1","0","0","3","3","N","1056","1","2","0","0","0","0","0","1","0","2","N","","","","","","","","","","","1124","03","03","","N",""
"1242","0","0","0","0","0","0","0","0","0","4","0","","36","06","2021","2021060207","6","40.0437","-76.3913","1236","08","0","0","0","0","0","0","0","1","","0","0","0","12","1","0","02","0","40 02:37.464","","00","76 23:28.546","0","0","0","0","36214","0","0","0","N","0","0","0","4","36214","0","","1","01","N","N","0","","0","0","2","3","2","","1235","0","2","0","0","0","0","0","3","0","2","N","","","","","","","","","","","","03","","","N",""
"1838","3","0","0","0","0","0","0","0","0","1","0","","36","06","2021","2021061201","1","40.1249","-76.3052","1838","08","0","0","0","0","0","1","0","0","","0","0","0","18","1","0","00","0","40 07:29.576","","00","76 18:18.662","0","0","0","0","36101","0","0","0","N","0","0","0","5","36101","0","","1","01","N","N","0","","0","0","0","0","0","","1806","0","3","0","0","0","0","0","3","0","3","N","","","","","","","","","","","","03","03","","N","N"
"1559","0","0","0","0","0","0","0","0","0","4","0","","36","06","2021","2021060209","7","40.0168","-76.1642","1554","08","0","0","0","0","0","1","0","0","","0","1","0","15","1","1","00","1","40 01:00.415","4","00","76 09:50.939","8","0","0","1","36215","0","0","0","N","0","0","0","2","36215","0","","2","01","N","N","0","","0","0","0","0","0","N","1554","1","2","0","0","0","1","0","1","0","2","N","","","","","","","","","","","1625","03","","","N","N"
"1449","2","0","0","0","0","0","0","0","0","4","1","","36","06","2021","2021060007","2","40.0673","-76.3285","1439","08","0","0","0","0","0","2","0","0","","0","1","0","14","1","0","02","1","40 04:02.130","1","00","76 19:42.718","0","0","0","0","36301","0","0","0","N","0","0","0","3","36301","0","","1","01","N","N","0","","0","0","0","3","3","N","1433","0","3","0","0","0","0","0","3","0","3","N","","","","","","","","","","","1530","03","03","","N",""
"2209","1","0","0","0","0","0","0","0","0","2","0","","36","07","2021","2021061360","5","40.0378","-76.2707","2202","08","0","0","0","0","0","0","0","0","","0","0","0","22","3","1","02","2","40 02:16.133","3","00","76 16:14.672","3","0","0","0","36215","0","0","0","N","0","0","0","2","36215","0","","1","09","N","N","0","","1","0","1","3","2","N","2200","1","2","0","0","0","0","0","1","0","2","N","","","","","","","","","","","2253","07","07","","N",""
"1440","1","0","0","0","0","0","0","0","0","4","0","","36","05","2021","2021046460","6","40.0519","-76.4157","1434","08","0","0","0","0","0","0","0","0","","0","0","0","14","1","0","02","1","40 03:06.716","1","00","76 24:56.346","0","0","0","0","36239","0","0","0","N","0","0","0","2","36239","0","","1","01","N","N","1","","0","0","0","3","3","N","1434","0","2","0","0","0","0","0","3","0","2","N","","","","","","","","","","","1515","03","","","N",""
"2145","2","0","0","0","0","0","0","0","0","1","0","","36","05","2021","2021046161","1","40.0604","-76.3612","2128","08","0","0","0","0","0","0","0","0","","1","0","0","21","3","0","00","2","40 03:37.851","4","00","76 21:39.708","1","0","0","0","36214","0","0","0","N","0","0","0","1","36214","0","1","2","01","N","N","0","0","0","0","0","0","0","Y","2126","0","2","1","0","1","0","0","3","0","2","N","","","","","","","","","","","0245","04","","","N","N"
"1747","1","0","0","0","0","0","0","0","0","1","0","","36","05","2021","2021048607","5","40.0792","-76.3467","1739","08","0","0","0","0","0","1","0","0","","0","0","0","17","1","1","02","0","40 04:44.962","","00","76 20:48.119","4","0","0","0","36101","0","0","0","N","0","0","0","3","36101","1","","1","01","N","N","0","","0","0","1","3","3","","1737","1","2","0","0","0","0","0","3","0","2","N","","","","","","","","","","","","03","","","N",""
"2025","1","0","0","0","0","0","0","0","0","2","0","","36","04","2021","2021048384","6","40.0774","-76.2623","2020","08","0","0","0","0","0","0","0","0","","1","0","0","20","3","2","00","2","40 04:38.605","6","00","76 15:44.101","1","0","0","0","36101","0","0","0","N","0","0","0","3","36101","0","2","1","01","N","N","0","0","2","0","1","0","0","Y","2018","2","2","1","0","1","0","0","3","0","2","N","","","","","","","","","","","2342","03","","","N","N"
"1404","2","0","0","0","0","0","0","0","0","1","0","","36","05","2021","2021045638","7","40.0406","-76.309","1401","08","0","0","0","0","0","0","0","0","","0","0","0","13","1","0","00","0","40 02:26.262","","00","76 18:32.410","0","0","0","0","36301","0","0","0","N","0","0","0","2","36301","0","","1","01","N","N","0","","0","0","0","0","0","","1329","0","2","0","0","0","0","0","3","0","2","N","","","","","","","","","","","","03","","","N","N"
"1727","1","0","0","0","0","0","0","0","0","8","0","","36","05","2021","2021047311","2","40.1022","-76.0899","1724","08","0","0","0","0","0","0","1","0","","0","0","0","17","1","1","00","1","40 06:07.774","4","00","76 05:23.702","3","0","0","0","36415","1","0","0","N","1","0","0","2","36415","0","","1","01","N","N","0","","1","0","0","0","0","Y","1724","1","2","0","0","0","0","0","1","0","1","N","","","","","","","","","","","1740","04","04","","N","N"
"1755","4","0","0","0","0","0","0","0","0","1","0","","36","02","2021","2021016679","4","40.057","-76.3946","1747","08","0","0","1","0","0","3","0","0","","0","0","0","17","2","0","02","1","40 03:25.160","6","00","76 23:40.634","0","0","0","0","36214","0","0","0","N","0","0","0","5","36214","0","","1","01","N","N","0","","0","0","0","0","0","Y","1746","0","4","0","0","0","0","0","3","0","4","N","","","","","","","","","","","0030","03","","","N",""
"1026","1","0","0","0","0","0","0","0","0","1","0","","36","03","2021","2021029570","6","40.0495","-76.2544","1022","08","0","0","0","0","0","0","2","0","","0","0","0","10","1","1","00","0","40 02:58.272","","00","76 15:16.007","3","0","0","0","36215","0","0","0","N","0","0","0","2","36215","0","","1","01","N","N","0","","1","0","1","0","0","","1020","1","2","0","0","0","0","0","1","0","2","N","","","","","","","","","","","","04","","","N","N"
"1226","1","0","0","0","0","0","0","0","0","5","0","","36","05","2021","2021046704","7","40.0618","-76.3459","1210","08","0","0","0","0","0","1","0","0","","0","0","0","12","1","0","00","0","40 03:42.514","","00","76 20:43.915","0","0","0","0","36214","0","0","0","N","0","0","0","2","36214","0","","1","01","N","N","1","","0","0","0","0","0","","1200","0","2","0","0","0","0","0","3","0","2","N","","","","","","","","","","","","03","03","","N","N"
"1515","0","0","0","0","0","0","0","0","0","4","0","","36","02","2021","2021015307","1","40.0497","-76.2956","1512","08","0","0","0","0","0","1","0","0","","0","0","0","15","1","0","01","0","40 02:58.862","","00","76 17:44.113","0","0","0","0","36301","0","0","0","N","0","0","0","3","36301","0","","1","01","N","N","0","","0","0","2","3","3","","1510","0","2","0","0","0","0","0","3","0","2","N","","","","","","","","","","","","04","","","N",""
"0621","2","0","0","0","0","0","0","0","0","1","0","","36","03","2021","2021026494","3","40.1633","-76.1511","0609","08","0","0","0","0","0","0","0","0","","0","0","0","06","3","3","01","0","40 09:46.140","","02","76 08:59.472","3","0","0","0","36238","0","0","0","N","0","0","0","4","36238","1","","1","01","N","N","0","","2","0","1","3","2","","0609","3","3","0","0","0","0","0","3","0","3","N","","","","","","","","","","","","03","","","N","N"
"0753","1","0","0","0","0","0","0","0","0","4","1","","36","05","2021","2021048608","5","40.0823","-76.3976","0749","08","0","0","0","0","0","0","0","0","","0","0","0","07","1","0","01","0","40 04:56.251","","00","76 23:51.349","0","0","0","0","36214","0","0","0","N","0","0","0","3","36214","0","","1","01","N","N","1","","0","0","0","0","0","","0747","0","2","0","0","0","0","0","3","0","2","N","","","","","","","","","","","","03","03","","N",""
"0602","2","0","0","0","0","0","0","0","0","2","0","","36","05","2021","2021045963","2","40.0522","-76.3084","0557","08","0","0","0","0","1","0","0","0","","0","0","0","05","1","1","01","2","40 03:07.752","1","00","76 18:30.128","8","0","0","0","36301","0","0","0","N","0","0","0","2","36301","0","","1","01","N","N","0","","0","0","0","3","2","Y","0557","1","2","0","0","0","1","0","3","0","2","N","","","","","","","","","","","0639","03","03","","N","N"
"0526","1","0","0","0","0","0","0","0","0","7","0","","36","05","2021","2021053402","6","39.9064","-76.1654","0511","08","0","0","0","0","0","0","0","0","","0","0","0","05","2","0","00","0","39 54:23.142","","00","76 09:55.494","9","0","0","0","36216","0","0","0","N","0","0","0","1","68J01","0","","4","01","N","N","0","","0","0","0","0","0","","0505","0","1","0","0","1","0","1","1","0","1","N","","","","","","","","","","","","03","03","","N","N"
"1633","0","0","0","0","0","0","0","0","0","1","0","","36","03","2021","2021028696","7","40.0638","-76.3405","1627","08","0","0","0","0","0","0","0","0","","0","0","0","16","1","0","01","1","40 03:49.546","3","02","76 20:25.898","0","0","0","0","36101","0","0","0","N","0","0","0","2","36101","0","","1","01","N","N","1","","0","0","1","3","2","N","1624","0","2","0","0","0","0","0","3","0","2","N","","","","","","","","","","","1645","04","","","N",""
"1900","1","0","0","0","0","0","0","0","0","7","0","","36","05","2021","2021047759","3","40.0242","-76.3311","1857","08","0","0","0","0","1","0","0","0","","0","0","0","18","1","0","00","1","40 01:27.251","4","00","76 19:52.138","0","0","0","0","36220","0","0","0","N","0","0","0","1","36101","0","","5","01","N","N","0","","0","0","0","0","0","N","1855","0","1","0","0","0","0","0","3","0","1","N","","","","","","","","","","","1944","03","","","N","N"
"0716","0","0","0","0","0","0","0","0","0","4","0","","36","02","2021","2021017425","6","40.0629","-76.5801","0715","08","0","0","0","0","1","0","0","0","","0","0","0","07","1","0","00","0","40 03:46.432","","07","76 34:48.319","0","0","0","0","36211","0","0","0","N","0","0","0","2","36504","0","","1","02","N","N","1","","0","0","1","0","0","","0702","0","2","0","0","0","0","0","1","0","2","N","","","","","","","","","","","","06","06","","N","N"
"1417","1","0","0","0","0","0","0","0","0","7","0","","36","05","2021","2021052085","5","40.078","-76.2561","1413","08","0","0","0","0","0","0","0","1","","0","0","0","14","1","0","00","1","40 04:40.671","3","00","76 15:21.902","0","0","0","0","36215","0","0","0","N","0","0","0","1","36215","0","","2","01","N","N","0","","0","0","0","0","0","N","1412","0","1","0","0","0","0","0","1","0","1","N","","","","","","","","","","","1516","03","03","","N","N"
"0822","0","0","0","0","0","0","0","0","0","7","1","","36","05","2021","2021047162","6","39.7751","-76.1588","0755","08","0","0","0","0","1","0","0","0","","0","1","0","07","1","0","00","2","39 46:30.242","6","00","76 09:31.850","0","0","0","0","36219","0","0","0","N","0","0","0","1","68J01","0","","4","01","N","N","0","","0","0","0","0","0","Y","0754","0","1","0","0","0","0","0","1","0","1","N","","","","","","","","","","","1115","03","03","","N","N"
"1722","1","0","0","0","0","0","0","0","0","5","0","","36","05","2021","2021046467","7","40.1895","-76.1886","1721","08","0","0","0","0","0","1","0","0","","0","0","0","17","1","2","01","2","40 11:22.354","5","00","76 11:18.852","2","0","2","1","36408","0","0","0","N","0","0","0","4","36408","0","","1","01","N","N","0","","0","2","0","0","0","Y","1720","2","2","0","0","1","0","0","2","0","2","N","","","","","","","","","","","1745","03","03","","N",""