"ARRIVAL_TM","AUTOMOBILE_COUNT","BELTED_DEATH_COUNT","BELTED_SUSP_SERIOUS_INJ_COUNT","BICYCLE_COUNT","BICYCLE_DEATH_COUNT","BICYCLE_SUSP_SERIOUS_INJ_COUNT","BUS_COUNT","CHLDPAS_DEATH_COUNT","CHLDPAS_SUSP_SERIOUS_INJ_COUNT","COLLISION_TYPE","COMM_VEH_COUNT","CONS_ZONE_SPD_LIM","COUNTY","CRASH_MONTH","CRASH_YEAR","CRN","DAY_OF_WEEK","DEC_LAT","DEC_LONG","DISPATCH_TM","DISTRICT","DRIVER_COUNT_16YR","DRIVER_COUNT_17YR","DRIVER_COUNT_18YR","DRIVER_COUNT_19YR","DRIVER_COUNT_20YR","DRIVER_COUNT_50_64YR","DRIVER_COUNT_65_74YR","DRIVER_COUNT_75PLUS","EST_HRS_CLOSED","FATAL_COUNT","HEAVY_TRUCK_COUNT","HORSE_BUGGY_COUNT","HOUR_OF_DAY","ILLUMINATION","INJURY_COUNT","INTERSECT_TYPE","LANE_CLOSED","LATITUDE","LN_CLOSE_DIR","LOCATION_TYPE","LONGITUDE","MAX_SEVERITY_LEVEL","MCYCLE_DEATH_COUNT","MCYCLE_SUSP_SERIOUS_INJ_COUNT","MOTORCYCLE_COUNT","MUNICIPALITY","NONMOTR_COUNT","NONMOTR_DEATH_COUNT","NONMOTR_SUSP_SERIOUS_INJ_COUNT","NTFY_HIWY_MAINT","PED_COUNT","PED_DEATH_COUNT","PED_SUSP_SERIOUS_INJ_COUNT","PERSON_COUNT","POLICE_AGCY","POSSIBLE_INJ_COUNT","RDWY_SURF_TYPE_CD","RELATION_TO_ROAD","ROAD_CONDITION","SCH_BUS_IND","SCH_ZONE_IND","SMALL_TRUCK_COUNT","SPEC_JURIS_CD","SUSP_MINOR_INJ_COUNT","SUSP_SERIOUS_INJ_COUNT","SUV_COUNT","TCD_FUNC_CD","TCD_TYPE","TFC_DETOUR_IND","TIME_OF_DAY","TOT_INJ_COUNT","TOTAL_UNITS","UNB_DEATH_COUNT","UNB_SUSP_SERIOUS_INJ_COUNT","UNBELTED_OCC_COUNT","UNK_INJ_DEG_COUNT","UNK_INJ_PER_COUNT","URBAN_RURAL","VAN_COUNT","VEHICLE_COUNT","WORK_ZONE_IND","WORK_ZONE_LOC","WORK_ZONE_TYPE","WORKERS_PRES","WZ_CLOSE_DETOUR","WZ_FLAGGER","WZ_LAW_OFFCR_IND","WZ_LN_CLOSURE","WZ_MOVING","WZ_OTHER","WZ_SHLDER_MDN","ROADWAY_CLEARED","WEATHER1","WEATHER2","WZ_WORKERS_INJ_KILLED","SECONDARY_CRASH","INTERSECTION_RELATED"
"1816","0","0","0","0","0","0","0","0","0","4","1","","36","05","2021","2021046238","2","39.8288","-76.3103","1810","08","0","0","0","0","0","0","0","0","","0","1","0","18","1","1","01","1","39 49:43.579","4","00","76 18:36.908","3","0","0","1","36224","0","0","0","N","0","0","0","2","68J01","0","","1","01","N","N","0","","1","0","0","3","3","N","1808","1","2","0","0","0","0","0","1","0","2","N","","","","","","","","","","","1857","03","","","N","N"
"1633","0","0","0","0","0","0","0","0","0","1","0","","36","05","2021","2021046824","1","40.0504","-76.362","1629","08","0","1","0","0","0","1","0","0","","0","0","0","16","1","1","00","0","40 03:01.526","","00","76 21:43.040","3","0","0","0","36214","0","0","0","N","0","0","0","3","36214","0","","1","01","N","N","0","","1","0","2","0","0","","1626","1","2","0","0","0","0","0","3","0","2","N","","","","","","","","","","","","03","03","","N","N"
"1005","1","0","0","0","0","0","0","0","0","4","0","","36","05","2021","2021047855","4","40.1297","-76.7137","1003","08","0","0","0","0","1","0","0","0","","0","0","0","10","1","0","01","1","40 07:46.797","7","00","76 42:49.338","0","0","0","0","36207","0","0","0","N","0","0","0","2","36504","0","","1","01","N","N","0","","0","0","1","2","3","N","1000","0","2","0","0","0","0","0","1","0","2","N","","","","","","","","","","","1020","03","","","N",""
"0700","0","0","0","0","0","0","0","0","0","2","0","","36","02","2021","2021017214","5","40.2111","-76.1979","0650","08","0","0","0","0","0","1","0","0","","0","0","0","06","1","1","02","1","40 12:39.812","1","00","76 11:52.587","3","0","0","0","36204","0","0","0","N","0","0","0","2","36506","0","","1","07","N","N","0","","1","0","2","0","0","Y","0650","1","2","0","0","0","0","0","1","0","2","N","","","","","","","","","","","0045","10","10","","N",""
"2249","0","0","0","0","0","0","0","0","0","7","0","","36","06","2021","2021051452","5","39.8399","-76.1463","2230","08","0","0","0","0","0","0","0","0","","0","0","0","22","2","0","00","0","39 50:23.510","","00","76 08:46.710","0","0","0","0","36212","0","0","0","N","0","0","0","1","68J01","0","","4","09","N","N","1","","0","0","0","0","0","","2201","0","1","0","0","0","0","0","1","0","1","N","","","","","","","","","","","","07","","","N","N"
"0708","1","0","0","0","0","0","0","0","0","5","1","","36","05","2021","2021048385","4","40.0701","-76.3158","0658","08","0","0","0","0","0","1","0","0","","0","1","0","06","1","1","00","2","40 04:12.325","3","00","76 18:56.762","3","0","0","0","36101","0","0","0","N","0","0","0","2","36101","0","","1","01","N","N","0","","1","0","0","0","0","Y","0658","1","2","0","0","1","0","0","3","0","2","N","","","","","","","","","","","0930","04","04","","N","N"
"1047","0","0","0","0","0","0","0","0","0","1","0","70","36","05","2021","2021046641","2","40.2406","-76.1387","1027","08","0","0","0","0","0","1","0","0","","0","1","0","10","1","2","00","2","40 14:26.156","3","00","76 08:19.771","3","0","0","0","36236","0","0","0","N","0","0","0","2","68T06","0","","1","09","N","N","0","","2","0","0","3","8","N","1020","2","2","0","0","0","0","0","1","1","2","Y","3","2","Y","N","N","N","N","Y","N","N","1144","07","","Y","N","N"
"1705","1","0","0","0","0","0","0","0","0","7","0","","36","04","2021","2021040873","3","40.0179","-76.3299","1657","08","0","0","0","0","0","0","0","0","","0","0","0","16","1","1","00","0","40 01:04.480","","00","76 19:47.710","8","0","0","0","36220","0","0","0","N","0","0","0","1","36101","0","","5","01","N","N","0","","0","0","0","0","0","","1641","1","1","0","0","0","1","0","3","0","1","N","","","","","","","","","","","","03","","","N","N"
"1710","1","0","0","0","0","0","0","0","0","5","0","","36","05","2021","2021052094","4","40.1246","-76.5615","1703","08","0","0","0","0","0","0","0","0","","0","0","0","17","1","1","00","0","40 07:28.410","","00","76 33:41.350","3","0","0","0","36237","0","0","0","N","0","0","0","1","36505","0","","1","01","N","N","0","","1","0","1","0","0","","1703","1","2","0","0","0","0","0","1","0","2","N","","","","","","","","","","","","03","03","","N","N"
"1044","0","0","0","0","0","0","0","0","0","4","0","","36","05","2021","2021047072","7","40.1027","-76.4328","1037","08","0","0","0","0","0","1","0","0","","0","0","0","10","1","0","01","0","40 06:09.698","","00","76 25:58.025","0","0","0","0","36239","0","0","0","N","0","0","0","2","36239","0","","1","01","N","N","0","","0","0","2","3","3","","1032","0","2","0","0","0","0","0","3","0","2","N","","","","","","","","","","","","03","","","N",""
"1234","0","0","0","0","0","0","0","0","0","1","0","","36","01","2021","2021006420","2","40.1465","-76.3016","1228","08","0","0","0","0","0","1","0","0","","0","0","0","12","1","0","00","0","40 08:47.350","","00","76 18:05.650","0","0","0","0","36409","0","0","0","N","0","0","0","1","36409","0","","6","01","N","N","0","","0","0","1","0","0","","1227","0","2","0","0","0","0","0","3","1","2","N","","","","","","","","","","","","03","03","","N","N"
"0718","0","0","0","0","0","0","0","0","0","1","0","","36","01","2021","2021006223","4","40.1577","-76.1357","0714","08","0","0","0","0","0","1","0","0","","0","0","0","06","1","1","00","2","40 09:27.608","6","00","76 08:08.472","4","0","0","0","36209","0","0","0","N","0","0","0","3","36415","1","","1","01","N","N","0","","0","0","2","0","0","Y","0658","1","3","0","0","0","0","0","1","1","3","N","","","","","","","","","","","0806","04","","","N","N"
"0758","0","0","0","0","0","0","0","0","0","1","1","","36","04","2021","2021037624","2","40.0322","-76.5082","0740","08","0","0","0","0","0","1","1","0","","0","1","0","07","1","0","02","0","40 01:55.903","","00","76 30:29.448","0","0","0","0","36404","0","0","0","N","0","0","0","2","36404","0","","1","01","N","N","0","","0","0","1","3","3","","0740","0","2","0","0","0","0","0","3","0","2","N","","","","","","","","","","","","03","","","N",""
"1849","1","0","0","1","0","0","0","0","0","4","0","","36","05","2021","2021045978","5","40.2355","-76.0752","1838","08","0","0","0","0","0","0","1","0","","0","0","0","18","1","1","00","2","40 14:07.937","5","00","76 04:30.594","3","0","0","0","36401","1","0","0","N","0","0","0","3","36408","0","","1","01","N","N","0","","1","0","0","0","0","Y","1837","1","2","0","0","0","0","0","1","0","1","N","","","","","","","","","","","1903","03","","","N","N"
"1228","1","0","0","0","0","0","0","0","0","4","0","","36","05","2021","2021046703","3","40.0444","-76.3634","1222","08","0","0","0","0","1","1","0","0","","0","0","0","12","1","0","01","1","40 02:39.964","3","00","76 21:48.087","0","0","0","0","36214","0","0","0","N","0","0","0","2","36214","0","","1","01","N","N","0","","0","0","1","3","3","N","1218","0","2","0","0","0","0","0","3","0","2","N","","","","","","","","","","","1247","03","03","","N",""
"1801","1","0","0","0","0","0","0","0","0","7","0","","36","01","2021","2021005059","5","40.0201","-76.3958","1753","08","0","0","0","0","0","0","0","0","","0","0","0","17","2","1","00","2","40 01:12.395","5","00","76 23:44.707","3","0","0","0","36223","0","0","0","N","0","0","0","1","36223","0","","2","01","N","N","0","","1","0","0","0","0","Y","1750","1","1","0","0","0","0","0","1","0","1","N","","","","","","","","","","","0030","03","03","","N","N"
"1609","2","0","0","0","0","0","0","0","0","4","0","","36","02","2021","2021016445","6","39.896","-76.1753","1602","08","0","0","1","0","0","0","0","0","","0","0","0","16","1","0","00","0","39 53:45.568","","07","76 10:31.081","0","0","0","0","36212","0","0","0","N","0","0","0","2","36416","0","","1","01","N","N","0","","0","0","0","0","0","","1602","0","2","0","0","0","0","0","1","0","2","N","","","","","","","","","","","","04","","","N","N"
"0243","0","0","0","0","0","0","0","0","0","7","0","","36","01","2021","2021007403","1","40.2053","-76.1513","0241","08","0","0","0","0","0","0","0","0","","0","0","0","02","3","0","00","0","40 12:19.092","","00","76 09:04.701","0","0","0","0","36210","0","0","0","N","0","0","0","1","36210","0","","4","01","N","N","0","","0","0","1","0","0","","0241","0","1","0","0","0","0","0","1","0","1","N","","","","","","","","","","","","03","","","N","N"
"1352","2","0","0","0","0","0","0","0","0","4","0","","36","04","2021","2021034602","5","40.0232","-76.197","1341","08","0","0","1","0","0","0","0","0","","0","0","0","13","1","0","01","0","40 01:23.698","","00","76 11:49.071","0","0","0","0","36215","0","0","0","N","0","0","0","2","36215","0","","1","01","N","N","0","","0","0","0","3","2","","1341","0","2","0","0","0","0","0","1","0","2","N","","","","","","","","","","","","03","03","","N",""
"1315","2","0","0","0","0","0","0","0","0","4","0","","36","05","2021","2021047076","5","40.2","-76.421","1311","08","1","0","0","0","0","1","0","0","","0","0","0","13","1","0","01","2","40 11:59.848","4","00","76 25:15.755","0","0","0","0","36230","0","0","0","N","0","0","0","3","36410","0","","1","01","N","N","0","","0","0","0","3","3","Y","1310","0","2","0","0","0","0","0","1","0","2","N","","","","","","","","","","","1406","03","","","N",""
"1903","1","0","0","0","0","0","0","0","0","7","0","","36","05","2021","2021040347","3","40.1522","-76.6064","1903","08","0","0","0","0","0","0","0","1","","0","0","0","19","1","0","01","0","40 09:07.846","","00","76 36:23.114","0","0","0","0","36407","0","0","0","N","0","0","0","2","36407","0","","2","01","N","N","0","","0","0","0","0","0","","1901","0","1","0","0","0","0","0","2","0","1","N","","","","","","","","","","","","03","","","N","N"
"1707","0","0","1","0","0","0","0","0","0","4","0","","36","05","2021","2021048389","3","40.037","-76.2097","1703","08","0","0","0","0","0","0","1","0","","0","0","0","17","1","1","02","0","40 02:13.236","","00","76 12:34.970","2","0","0","0","36215","0","0","0","N","0","0","0","2","36215","0","","1","01","N","N","0","","0","1","2","3","3","","1703","1","2","0","0","0","0","0","1","0","2","N","","","","","","","","","","","","03","03","","N",""
"0124","0","0","0","0","0","0","0","0","0","0","0","","36","03","2021","2021047305","3","40.1528","-76.0783","0123","08","0","0","0","0","0","0","0","0","","0","0","0","01","2","0","00","0","40 09:09.951","","00","76 04:41.829","0","0","0","0","36209","0","0","0","N","0","0","0","1","36415","0","","5","01","N","N","1","","0","0","0","0","0","","0122","0","1","0","0","1","0","0","1","0","1","N","","","","","","","","","","","","03","03","","N","N"
"1727","2","0","0","0","0","0","0","0","0","4","0","","36","05","2021","2021047300","2","40.0791","-76.3465","1722","08","0","0","0","0","0","0","0","0","","0","0","0","17","4","1","01","2","40 04:44.596","3","02","76 20:47.282","4","0","0","0","36101","0","0","0","N","0","0","0","2","36101","1","","1","09","N","N","0","","0","0","0","3","3","Y","1715","1","2","0","0","0","0","0","3","0","2","N","","","","","","","","","","","1755","04","04","","N",""
"2103","1","0","0","0","0","0","0","0","0","1","0","","36","04","2021","2021039748","1","40.0388","-76.3306","2058","08","0","0","0","0","0","1","0","0","","0","0","0","20","3","1","00","1","40 02:19.605","3","00","76 19:50.210","3","0","0","0","36220","0","0","0","N","0","0","0","5","36101","0","","1","01","N","N","0","","1","0","1","3","2","N","2054","1","2","0","0","0","0","0","3","0","2","N","","","","","","","","","","","2145","03","03","","N","N"
"1606","0","0","0","0","0","0","0","0","0","4","0","","36","04","2021","2021037980","2","40.0703","-76.3013","1601","08","0","0","0","0","0","0","0","1","","0","0","0","15","1","0","01","0","40 04:12.969","","00","76 18:04.751","0","0","0","0","36101","0","0","0","N","0","0","0","3","36101","0","","1","01","N","N","1","","0","0","1","3","2","","1559","0","2","0","0","0","0","0","3","0","2","N","","","","","","","","","","","","03","03","","N",""
"1517","0","0","0","0","0","0","0","0","0","4","0","","36","05","2021","2021048390","5","40.0403","-76.245","1513","08","0","0","0","0","0","1","0","0","","0","1","0","15","1","0","02","0","40 02:25.231","","02","76 14:41.992","0","0","0","0","36215","0","0","0","N","0","0","0","2","36215","0","","1","01","N","N","0","","0","0","0","0","0","","1509","0","2","0","0","0","0","0","1","1","2","N","","","","","","","","","","","","03","03","","N",""
"0727","1","0","0","0","0","0","0","0","0","6","0","","36","05","2021","2021047075","4","40.173","-76.4974","0719","08","0","0","0","1","0","0","0","0","","0","0","0","07","1","0","01","0","40 10:22.674","","00","76 29:50.540","0","0","0","0","36230","0","0","0","N","0","0","0","2","36410","0","","1","01","N","N","0","","0","0","1","3","3","","0717","0","2","0","0","0","0","0","1","0","2","N","","","","","","","","","","","","03","03","","N",""
"0750","0","0","0","0","0","0","0","0","0","1","0","","36","05","2021","2021047304","2","40.0795","-76.4078","0745","08","0","1","0","0","0","2","0","0","","0","0","0","07","1","0","00","0","40 04:46.104","","00","76 24:28.237","0","0","0","0","36214","0","0","0","N","0","0","0","3","36214","0","","1","01","N","N","1","","0","0","2","0","0","","0745","0","3","0","0","0","0","0","3","0","3","N","","","","","","","","","","","","03","","","N","N"
"1935","1","0","0","0","0","0","0","0","0","1","0","","36","05","2021","2021047218","7","39.8899","-76.1864","1918","08","0","0","0","0","0","0","1","0","","0","0","0","19","1","2","00","1","39 53:23.787","4","00","76 11:10.957","3","0","0","0","36212","0","0","0","N","0","0","0","3","68J01","0","","1","01","N","N","0","","2","0","1","0","0","N","1914","2","2","0","0","0","0","0","1","0","2","N","","","","","","","","","","","0801","03","","","N","N"
"1830","2","0","0","0","0","0","0","0","0","4","0","","36","01","2021","2021007205","5","40.0606","-76.2768","1824","08","0","0","1","0","0","0","0","0","","0","0","0","18","3","1","01","2","40 03:38.263","6","08","76 16:36.564","3","0","0","0","36101","0","0","0","N","0","0","0","3","36101","0","","1","01","N","N","0","","1","0","0","3","2","Y","1824","1","2","0","0","0","0","0","3","0","2","N","","","","","","","","","","","1900","03","03","","N",""
"1430","1","0","0","0","0","0","0","0","0","4","0","","36","03","2021","2021031661","3","40.0257","-76.3124","1426","08","0","0","0","0","0","1","0","0","","0","0","0","14","1","1","01","0","40 01:32.372","","00","76 18:44.575","3","0","0","0","36301","0","0","0","N","0","0","0","3","36301","0","","1","01","N","N","0","","1","0","0","0","0","N","1419","1","2","0","0","0","0","1","3","0","2","N","","","","","","","","","","","","03","03","","N","N"
"2238","0","0","0","0","0","0","0","0","0","7","0","","36","04","2021","2021038102","7","40.1538","-76.2863","2235","08","0","1","0","0","0","0","0","0","","0","0","0","22","2","0","00","1","40 09:13.780","6","03","76 17:10.830","0","0","0","0","36235","0","0","0","N","0","0","0","2","36506","0","","5","09","N","N","0","","0","0","1","0","0","Y","2232","0","1","0","0","0","0","0","1","0","1","N","","","","","","","","","","","2315","04","","","N","N"
"1729","0","0","0","0","0","0","0","0","0","7","0","","36","04","2021","2021034343","5","40.0761","-76.6444","1725","08","0","0","0","0","0","0","0","0","","0","0","0","17","1","1","00","0","40 04:34.032","","00","76 38:39.862","8","0","0","0","36207","0","0","0","N","0","0","0","1","36504","0","","5","01","N","N","1","","0","0","0","0","0","","1722","1","1","0","0","0","1","0","1","0","1","N","","","","","","","","","","","","03","03","","N","N"
"0020","0","0","0","0","0","0","0","0","0","7","0","","36","05","2021","2021047545","5","40.0949","-76.3261","0017","08","0","0","0","0","0","1","0","0","","0","0","0","00","2","1","00","1","40 05:41.700","4","00","76 19:34.010","3","0","0","0","36101","0","0","0","N","0","0","0","1","36101","0","","5","01","N","N","0","","1","0","1","0","0","N","0013","1","1","0","0","0","0","0","3","0","1","N","","","","","","","","","","","0220","03","03","","N","N"
"1406","0","0","0","0","0","0","0","0","0","4","1","","36","04","2021","2021047546","6","40.0428","-76.238","1403","08","0","0","0","0","0","1","1","0","","0","1","0","14","1","0","03","1","40 02:33.930","4","00","76 14:16.852","0","0","0","0","36215","0","0","0","N","0","0","0","3","36215","0","","1","01","N","N","0","","0","0","1","0","0","N","1401","0","2","0","0","0","0","0","1","0","2","N","","","","","","","","","","","1519","03","03","","N",""
"1134","0","0","0","0","0","0","0","0","0","2","0","","36","05","2021","2021048522","4","40.2261","-76.3024","1116","08","0","0","0","0","0","0","2","0","","0","0","0","11","1","1","01","1","40 13:34.012","3","00","76 18:08.758","3","0","0","0","36217","0","0","0","N","0","0","0","3","68J01","0","","1","01","N","N","1","","1","0","1","0","0","N","1114","1","2","0","0","0","0","0","1","0","2","N","","","","","","","","","","","1204","03","","","N","N"
"0008","0","0","0","0","0","0","0","0","0","1","1","","36","05","2021","2021048392","2","40.0868","-76.195","0008","08","0","0","0","0","0","0","1","0","","0","1","0","00","3","0","02","0","40 05:12.440","","00","76 11:42.014","0","0","0","0","36234","0","0","0","N","0","0","0","2","36215","0","","1","01","N","N","0","","0","0","1","0","0","","0008","0","2","0","0","0","0","0","1","0","2","N","","","","","","","","","","","","03","03","","N",""
"1600","2","0","0","0","0","0","0","0","0","4","0","","36","05","2021","2021047302","4","40.0494","-76.3982","1548","08","0","0","0","0","0","0","0","0","","0","0","0","15","1","1","00","1","40 02:57.950","3","00","76 23:53.500","4","0","0","0","36214","0","0","0","N","0","0","0","2","36214","1","","1","01","N","N","0","","0","0","0","3","8","N","1548","1","2","0","0","0","0","0","3","0","2","N","","","","","","","","","","","1645","03","","","N","N"
"0007","1","0","0","0","0","0","0","0","0","7","0","","36","05","2021","2021047144","4","39.9141","-76.3008","0006","08","0","0","0","1","0","0","0","0","","0","0","0","00","2","0","00","2","39 54:50.640","6","00","76 18:02.990","0","0","0","0","36224","0","0","0","N","0","0","0","1","68J01","0","","4","01","N","N","0","","0","0","0","0","0","Y","0005","0","1","0","0","0","0","0","1","0","1","N","","","","","","","","","","","0100","03","03","","N","N"
"0900","1","0","0","0","0","0","0","0","0","4","0","","36","04","2021","2021036944","6","40.0606","-76.2768","0856","08","0","0","0","0","0","0","0","0","","0","0","0","08","1","0","01","1","40 03:38.263","3","02","76 16:36.564","0","0","0","0","36101","0","0","0","N","0","0","0","2","36101","0","","1","01","N","N","0","","0","0","0","3","2","N","0853","0","2","0","0","0","0","0","3","1","2","N","","","","","","","","","","","0943","03","03","","N",""
"1955","1","0","0","0","0","0","0","0","0","4","0","","36","05","2021","2021048776","4","40.072","-76.334","1953","08","0","0","0","0","1","0","0","0","","0","0","0","19","4","1","01","1","40 04:18.915","1","00","76 20:02.700","3","0","0","0","36101","0","0","0","N","0","0","0","3","36101","0","","1","09","N","N","0","","1","0","1","1","2","N","1949","1","2","0","0","0","0","0","3","0","2","N","","","","","","","","","","","2120","07","","","N",""
"1910","1","0","0","0","0","0","0","0","0","0","0","","36","05","2021","2021046347","3","39.9945","-76.2836","1905","08","0","0","0","0","0","0","0","0","","0","0","0","19","1","0","01","0","39 59:40.200","","00","76 17:01.024","0","0","0","0","36240","0","0","0","N","0","0","0","1","36240","0","","1","01","N","N","0","","0","0","0","3","3","N","1900","0","1","0","0","0","0","0","1","0","1","N","","","","","","","","","","","","03","03","","N",""
"0641","1","0","0","0","0","0","0","0","0","1","0","","36","05","2021","2021048606","5","40.0246","-76.2863","0630","08","0","0","0","0","0","1","0","0","","0","0","0","06","1","1","00","1","40 01:28.683","3","00","76 17:10.675","3","0","0","0","36220","0","0","0","N","0","0","0","5","36101","0","","1","01","N","N","0","","1","0","3","0","0","N","0627","1","4","0","0","0","0","0","3","0","4","N","","","","","","","","","","","0830","03","03","","N","N"
"0324","1","0","0","0","0","0","0","0","0","7","0","","36","05","2021","2021047599","7","39.895","-76.1705","0313","08","0","0","0","0","1","0","0","0","","0","0","0","03","3","0","00","2","39 53:41.968","1","00","76 10:13.957","0","0","0","0","36416","0","0","0","Y","0","0","0","1","68J01","0","","4","09","N","N","0","","0","0","0","0","0","N","0308","0","1","0","0","0","0","0","1","0","1","N","","","","","","","","","","","0400","03","","","N","N"
"1513","2","0","0","0","0","0","0","0","0","1","0","","36","05","2021","2021046362","5","40.0478","-76.3137","1510","08","0","0","0","0","0","0","0","0","","0","0","0","15","1","0","00","2","40 02:52.246","3","00","76 18:49.381","0","0","0","0","36301","0","0","0","N","0","0","0","3","36301","0","","1","01","N","N","1","","0","0","0","0","0","Y","1508","0","3","0","0","0","0","0","3","0","3","N","","","","","","","","","","","1555","03","","","N","N"
"1616","0","0","0","0","0","0","0","0","0","4","0","","36","05","2021","2021060494","2","40.0922","-76.1378","1611","08","0","0","0","0","0","1","0","0","","0","0","0","16","1","1","02","0","40 05:31.879","","00","76 08:16.058","3","0","0","0","36238","1","0","0","N","0","0","0","2","36238","0","","1","01","N","N","1","","1","0","0","0","0","","1611","1","2","0","0","0","0","0","3","0","1","N","","","","","","","","","","","","03","","","N","N"
"1046","0","0","0","0","0","0","0","0","0","1","1","","36","09","2021","2021088032","6","40.0677","-76.3158","1045","08","0","0","0","0","0","0","0","0","","0","1","0","10","1","0","00","1","40 04:03.721","1","00","76 18:56.740","0","0","0","0","36101","0","0","0","N","0","0","0","3","36101","0","","1","01","N","N","0","","0","0","1","3","2","N","1039","0","2","0","0","0","0","0","3","0","2","N","","","","","","","","","","","1135","04","04","","N","N"
"0636","1","0","0","0","0","0","0","0","0","1","0","","36","09","2021","2021089897","3","39.9141","-76.1024","0623","08","0","0","0","0","0","1","0","0","","0","0","0","06","5","1","00","2","39 54:50.897","6","00","76 06:08.605","8","0","0","0","36201","0","0","0","N","0","0","0","2","68J01","0","","1","01","N","N","0","","0","0","1","0","0","Y","0615","1","2","0","0","0","1","0","1","0","2","N","","","","","","","","","","","0728","03","","","N","N"
"1650","1","0","0","0","0","0","0","0","0","0","0","","36","09","2021","2021088794","5","40.0684","-76.3025","1642","08","0","0","0","0","0","0","0","0","","0","0","0","16","1","0","00","1","40 04:06.304","4","00","76 18:08.934","0","0","0","0","36101","0","0","0","N","0","0","0","1","36101","0","","2","01","N","N","0","","0","0","0","0","0","N","1640","0","1","0","0","0","0","0","3","0","1","N","","","","","","","","","","","1732","03","03","","N","N"
"0005","0","0","0","0","0","0","0","0","0","5","0","","36","05","2021","2021047077","6","40.1289","-76.4786","2353","08","0","0","0","1","0","1","0","0","","0","0","0","23","2","0","00","0","40 07:44.207","","00","76 28:42.804","0","0","0","0","36230","0","0","0","N","0","0","0","3","36410","0","","1","01","N","N","0","","0","0","1","0","0","","2350","0","2","0","0","0","0","0","1","1","2","N","","","","","","","","","","","","03","03","","N","N"
"0701","4","0","0","0","0","0","0","0","0","1","0","","36","09","2021","2021082288","4","40.0334","-76.2938","0639","08","0","0","0","0","0","0","0","0","","0","0","0","06","5","0","00","0","40 02:00.144","","00","76 17:37.546","9","0","0","0","36301","0","0","0","Y","0","0","0","1","36301","0","","4","09","N","N","0","","0","0","0","0","0","","0639","0","4","0","0","0","0","1","3","0","4","N","","","","","","","","","","","","07","04","","N","Y"
"1450","1","0","0","0","0","0","0","0","0","4","0","","36","09","2021","2021089808","4","40.0823","-76.3976","1445","08","0","0","0","0","0","0","1","0","","0","0","0","14","1","1","01","1","40 04:56.251","1","00","76 23:51.349","3","0","0","0","36214","0","0","0","N","0","0","0","2","36214","0","","1","09","N","N","0","","1","0","0","3","3","Y","1444","1","2","0","0","0","0","0","3","1","2","N","","","","","","","","","","","1553","07","04","","N",""
"0250","0","0","0","0","0","0","0","0","0","7","0","","36","09","2021","2021089093","2","40.031","-75.9749","0235","08","1","0","0","0","0","0","0","0","","0","0","0","02","2","0","00","1","40 01:51.758","6","00","75 58:29.724","9","0","0","0","36232","0","0","0","N","0","0","0","1","68J01","0","","4","01","N","N","0","","0","0","1","0","0","N","0226","0","1","0","0","0","0","1","1","0","1","N","","","","","","","","","","","0030","03","","","N","N"
"1637","0","0","0","0","0","0","0","0","0","4","0","","36","05","2021","2021047078","1","40.164","-76.4461","1630","08","0","0","0","0","1","0","1","0","","0","0","0","16","1","0","01","0","40 09:50.308","","00","76 26:45.874","0","0","0","0","36230","0","0","0","N","0","0","0","2","36410","0","","1","01","N","N","1","","0","0","1","0","0","","1630","0","2","0","0","0","0","0","1","0","2","N","","","","","","","","","","","","03","03","","N",""
"0855","2","0","0","0","0","0","0","0","0","4","0","","36","09","2021","2021089392","4","40.1133","-76.4512","0848","08","0","0","0","0","0","1","1","0","","0","0","0","08","1","2","01","1","40 06:47.876","1","00","76 27:04.154","3","0","0","0","36230","0","0","0","N","0","0","0","2","36410","0","","1","01","N","N","0","","2","0","0","3","2","N","0848","2","2","0","0","0","0","0","1","0","2","N","","","","","","","","","","","0925","03","03","","N",""
"1604","1","1","1","0","0","0","0","0","0","4","0","","36","05","2021","2021053708","6","39.7677","-76.1257","1530","08","0","0","0","0","0","1","0","1","","1","0","0","15","1","2","00","2","39 46:03.846","5","07","76 07:32.369","1","0","0","0","36222","0","0","0","N","0","0","0","4","68J01","1","2","1","01","N","N","0","0","0","1","1","0","0","Y","1530","2","2","0","0","0","0","0","1","0","2","N","","","","","","","","","","","0436","03","","","N","N"
"1804","1","0","0","0","0","0","0","0","0","1","0","","36","05","2021","2021049352","6","40.1043","-76.2542","1749","08","0","0","0","0","0","0","0","0","","0","0","0","17","1","0","00","1","40 06:15.302","2","03","76 15:15.159","0","0","0","0","36101","0","0","0","N","0","0","0","3","36101","0","","1","09","N","N","0","","0","0","1","0","0","N","1748","0","2","0","0","0","0","0","3","0","2","N","","","","","","","","","","","1830","07","07","","N","N"
"1239","1","0","0","0","0","0","0","0","0","7","0","","36","05","2021","2021046971","2","40.0485","-76.2941","1233","08","0","0","0","0","0","0","0","0","","0","0","0","12","1","0","01","2","40 02:54.467","2","00","76 17:38.677","0","0","0","0","36301","0","0","0","N","0","0","0","1","36301","0","","4","09","N","N","0","","0","0","0","3","2","N","1232","0","1","0","0","0","0","0","3","0","1","N","","","","","","","","","","","1304","07","04","","N","N"