"ARRIVAL_TM","AUTOMOBILE_COUNT","BELTED_DEATH_COUNT","BELTED_SUSP_SERIOUS_INJ_COUNT","BICYCLE_COUNT","BICYCLE_DEATH_COUNT","BICYCLE_SUSP_SERIOUS_INJ_COUNT","BUS_COUNT","CHLDPAS_DEATH_COUNT","CHLDPAS_SUSP_SERIOUS_INJ_COUNT","COLLISION_TYPE","COMM_VEH_COUNT","CONS_ZONE_SPD_LIM","COUNTY","CRASH_MONTH","CRASH_YEAR","CRN","DAY_OF_WEEK","DEC_LAT","DEC_LONG","DISPATCH_TM","DISTRICT","DRIVER_COUNT_16YR","DRIVER_COUNT_17YR","DRIVER_COUNT_18YR","DRIVER_COUNT_19YR","DRIVER_COUNT_20YR","DRIVER_COUNT_50_64YR","DRIVER_COUNT_65_74YR","DRIVER_COUNT_75PLUS","EST_HRS_CLOSED","FATAL_COUNT","HEAVY_TRUCK_COUNT","HORSE_BUGGY_COUNT","HOUR_OF_DAY","ILLUMINATION","INJURY_COUNT","INTERSECT_TYPE","LANE_CLOSED","LATITUDE","LN_CLOSE_DIR","LOCATION_TYPE","LONGITUDE","MAX_SEVERITY_LEVEL","MCYCLE_DEATH_COUNT","MCYCLE_SUSP_SERIOUS_INJ_COUNT","MOTORCYCLE_COUNT","MUNICIPALITY","NONMOTR_COUNT","NONMOTR_DEATH_COUNT","NONMOTR_SUSP_SERIOUS_INJ_COUNT","NTFY_HIWY_MAINT","PED_COUNT","PED_DEATH_COUNT","PED_SUSP_SERIOUS_INJ_COUNT","PERSON_COUNT","POLICE_AGCY","POSSIBLE_INJ_COUNT","RDWY_SURF_TYPE_CD","RELATION_TO_ROAD","ROAD_CONDITION","SCH_BUS_IND","SCH_ZONE_IND","SMALL_TRUCK_COUNT","SPEC_JURIS_CD","SUSP_MINOR_INJ_COUNT","SUSP_SERIOUS_INJ_COUNT","SUV_COUNT","TCD_FUNC_CD","TCD_TYPE","TFC_DETOUR_IND","TIME_OF_DAY","TOT_INJ_COUNT","TOTAL_UNITS","UNB_DEATH_COUNT","UNB_SUSP_SERIOUS_INJ_COUNT","UNBELTED_OCC_COUNT","UNK_INJ_DEG_COUNT","UNK_INJ_PER_COUNT","URBAN_RURAL","VAN_COUNT","VEHICLE_COUNT","WORK_ZONE_IND","WORK_ZONE_LOC","WORK_ZONE_TYPE","WORKERS_PRES","WZ_CLOSE_DETOUR","WZ_FLAGGER","WZ_LAW_OFFCR_IND","WZ_LN_CLOSURE","WZ_MOVING","WZ_OTHER","WZ_SHLDER_MDN","ROADWAY_CLEARED","WEATHER1","WEATHER2","WZ_WORKERS_INJ_KILLED","SECONDARY_CRASH","INTERSECTION_RELATED"
"0306","1","0","0","0","0","0","0","0","0","5","0","","36","05","2021","2021049453","2","40.0392","-76.3092","0302","08","0","0","0","0","0","0","0","0","","0","0","0","03","3","0","00","0","40 02:21.087","","00","76 18:33.210","9","0","0","0","36301","0","0","0","N","0","0","0","1","36301","0","","6","01","N","N","1","","0","0","0","0","0","","0302","0","3","0","0","0","0","1","3","0","3","N","","","","","","","","","","","","03","03","","N","N"
"1429","0","0","0","0","0","0","0","0","0","1","0","","36","05","2021","2021049212","2","40.0756","-76.3369","1423","08","0","0","0","0","0","1","1","0","","0","0","0","14","1","1","02","1","40 04:32.263","1","02","76 20:12.710","4","0","0","0","36101","0","0","0","N","0","0","0","4","36101","1","","1","09","N","N","0","","0","0","1","3","2","N","1420","1","2","0","0","0","0","0","3","1","2","N","","","","","","","","","","","1515","07","07","","N",""
"0922","1","0","0","0","0","0","0","0","0","7","0","","36","08","2021","2021089290","4","40.2311","-76.3415","0915","08","0","0","0","0","0","0","0","0","","0","0","0","09","1","1","00","1","40 13:51.976","3","00","76 20:29.102","3","0","0","0","36217","0","0","0","N","0","0","0","1","68T06","0","","4","01","N","N","0","","1","0","0","0","0","N","0915","1","1","0","0","0","0","0","1","0","1","N","","","","","","","","","","","0939","03","","","N","N"
"1542","0","0","0","0","0","0","0","0","0","7","0","","36","05","2021","2021047971","2","40.2187","-76.4323","1537","08","0","0","0","0","0","0","0","0","","0","0","0","15","1","2","00","2","40 13:07.193","5","00","76 25:56.168","3","0","0","0","36230","0","0","0","N","0","0","0","2","36410","0","","4","09","N","N","0","","2","0","1","0","0","Y","1537","2","1","0","0","0","0","0","1","0","1","N","","","","","","","","","","","1637","07","","","N","N"
"2213","1","0","0","0","0","0","0","0","0","7","0","","36","08","2021","2021088558","3","40.1592","-76.6448","2213","08","0","0","0","0","0","0","0","0","","0","0","0","22","2","2","00","2","40 09:33.160","6","00","76 38:41.270","8","0","0","0","36237","0","0","0","N","0","0","0","2","36505","0","","5","09","N","N","0","","0","0","0","0","0","Y","2211","2","1","0","0","2","2","0","1","0","1","N","","","","","","","","","","","2345","07","07","","N","N"
"1115","1","0","0","0","0","0","0","0","0","1","0","","36","05","2021","2021049213","6","40.077","-76.3086","1050","08","0","0","0","0","0","1","0","1","","0","0","0","10","1","1","00","1","40 04:37.160","4","00","76 18:30.980","4","0","0","0","36101","0","0","0","N","0","0","0","3","36101","1","","1","01","N","N","0","","0","0","0","0","0","N","1050","1","2","0","0","0","0","0","3","1","2","N","","","","","","","","","","","1132","03","03","","N","N"
"1520","0","0","0","0","0","0","0","0","0","1","0","","36","05","2021","2021076575","6","39.9805","-76.3086","1515","08","0","0","1","0","0","1","0","0","","0","0","0","15","1","0","00","0","39 58:49.774","","00","76 18:31.100","0","0","0","0","36228","0","0","0","N","0","0","0","3","36228","0","","1","01","N","N","0","","0","0","3","0","0","","1515","0","3","0","0","0","0","0","1","0","3","N","","","","","","","","","","","","03","","","N","N"
"1245","2","0","0","0","0","0","0","0","0","4","0","","36","09","2021","2021089807","4","40.1051","-76.3322","1236","08","0","0","0","0","0","0","0","0","","0","0","0","12","1","0","01","1","40 06:18.479","4","00","76 19:55.791","0","0","0","0","36101","0","0","0","N","0","0","0","5","36101","0","","1","01","N","N","0","","0","0","0","3","2","N","1235","0","2","0","0","0","0","0","3","0","2","N","","","","","","","","","","","1323","04","04","","N",""
"1131","2","0","0","0","0","0","0","0","0","98","0","","36","05","2021","2021051196","2","40.0169","-76.2333","1126","08","0","0","0","0","0","1","1","0","","0","0","0","11","1","1","00","2","40 01:00.669","1","00","76 13:59.921","3","0","0","0","36215","0","0","0","N","0","0","0","2","36215","0","","1","01","N","N","0","","1","0","0","0","0","N","1122","1","2","0","0","0","0","0","1","0","2","N","","","","","","","","","","","1231","03","03","","N","N"
"1415","1","0","0","0","0","0","0","0","0","1","0","","36","05","2021","2021048651","2","40.0404","-76.3228","1407","08","0","0","0","0","0","1","0","0","","0","0","0","14","1","1","01","0","40 02:25.405","","00","76 19:22.056","3","0","0","0","36301","0","0","0","N","0","0","0","5","36301","0","","1","01","N","N","0","","1","0","1","0","0","","1407","1","3","0","0","0","0","0","3","1","3","N","","","","","","","","","","","","03","","","Y","N"
"1358","1","0","0","0","0","0","0","0","0","4","0","","36","05","2021","2021052988","7","39.7846","-76.1153","1351","08","0","0","1","0","0","0","0","0","","0","0","0","13","1","1","01","1","39 47:04.678","2","00","76 06:55.157","3","0","0","0","36222","0","0","0","N","0","0","0","3","68J01","0","","1","01","N","N","0","","1","0","1","3","3","N","1340","1","2","0","0","0","0","0","1","0","2","N","","","","","","","","","","","1445","03","03","","N","N"
"1253","1","0","0","0","0","0","0","0","0","5","0","","36","05","2021","2021049216","7","40.0341","-76.3881","1248","08","0","0","0","0","0","0","0","0","","0","0","0","12","1","1","00","0","40 02:02.870","","00","76 23:17.230","3","0","0","0","36223","0","0","0","N","0","0","0","1","36223","0","","1","09","N","N","0","","1","0","1","9","9","","1246","1","2","0","0","0","0","0","1","0","2","N","","","","","","","","","","","","07","","","N","N"
"1511","2","0","0","0","0","0","0","0","0","4","0","","36","09","2021","2021088388","1","40.0398","-76.3109","1505","08","0","0","0","0","0","0","0","0","","0","0","0","04","3","1","01","0","40 02:23.305","","00","76 18:39.337","3","0","0","0","36301","0","0","0","N","0","0","0","3","36301","0","","1","01","N","N","0","","1","0","0","3","3","","0425","1","2","0","0","0","0","1","3","0","2","N","","","","","","","","","","","","03","","","N",""
"1317","0","0","0","0","0","0","0","0","0","0","0","","36","05","2021","2021050458","7","39.791","-76.1841","1310","08","0","0","0","0","0","0","0","0","","0","0","0","13","1","0","00","2","39 47:27.468","1","00","76 11:02.888","0","0","0","0","36219","0","0","0","N","0","0","0","1","68J01","0","","1","01","N","N","0","","0","0","1","0","0","N","1307","0","1","0","0","1","0","0","1","0","1","N","","","","","","","","","","","1350","03","03","","N","N"
"1518","0","0","0","0","0","0","0","0","0","7","0","","36","05","2021","2021046477","7","40.1789","-76.1775","1517","08","0","0","0","1","0","0","0","0","","0","0","0","15","1","1","01","0","40 10:43.896","","00","76 10:39.023","2","0","1","1","36408","0","0","0","N","0","0","0","1","36408","0","","2","01","N","N","0","","0","1","0","3","2","","1516","1","1","0","0","0","0","0","2","0","1","N","","","","","","","","","","","","03","03","","N",""
"1212","1","0","0","0","0","0","0","0","0","1","0","","36","05","2021","2021048791","6","40.1092","-76.497","1208","08","0","0","0","0","0","0","0","1","","0","0","0","12","1","0","00","2","40 06:33.019","3","00","76 29:49.090","0","0","0","0","36413","0","0","0","N","0","0","0","2","36413","0","","1","01","N","N","0","","0","0","1","0","0","N","1208","0","2","0","0","0","0","0","2","0","2","N","","","","","","","","","","","1241","03","","","N","N"
"0323","1","0","0","0","0","0","0","0","0","7","0","","36","05","2021","2021048779","3","40.0391","-76.3994","0318","08","0","0","0","0","0","0","0","0","","0","0","0","03","2","1","00","1","40 02:20.735","3","00","76 23:57.947","8","0","0","0","36214","0","0","0","N","0","0","0","1","36223","0","","4","01","N","N","0","","0","0","0","0","0","N","0315","1","1","0","0","0","1","0","3","0","1","N","","","","","","","","","","","0436","03","","","N","N"
"0616","1","0","0","0","0","0","0","0","0","7","0","","36","05","2021","2021048780","1","40.154","-76.3935","0606","08","0","0","0","0","0","0","0","0","","0","0","0","06","6","0","11","0","40 09:14.446","","00","76 23:36.556","0","0","0","0","36410","0","0","0","N","0","0","0","1","36410","0","","4","01","N","N","0","","0","0","0","0","0","","0606","0","1","0","0","0","0","0","2","0","1","N","","","","","","","","","","","","03","03","","N",""
"1122","0","0","0","0","0","0","0","0","0","0","0","","36","05","2021","2021053706","4","39.9542","-76.2415","1107","08","0","0","0","0","0","0","0","0","","0","0","0","11","1","0","00","1","39 57:15.220","2","00","76 14:29.303","0","0","0","0","36233","0","0","0","N","0","0","0","1","68J01","0","","4","01","N","N","0","","0","0","0","0","0","N","1106","0","1","0","0","0","0","0","1","0","1","N","","","","","","","","","","","1200","03","","","N","N"
"1122","2","0","0","0","0","0","0","0","0","1","0","","36","09","2021","2021095048","6","39.9841","-76.2913","1117","08","0","0","0","0","0","0","1","0","","0","0","0","11","1","1","02","0","39 59:02.813","","00","76 17:28.847","3","0","0","0","36228","0","0","0","N","0","0","0","2","36228","0","","1","01","N","N","0","","1","0","0","0","0","","1117","1","2","0","0","0","0","0","1","0","2","N","","","","","","","","","","","","04","","","N","N"
"2207","1","0","0","0","0","0","0","0","0","7","0","","36","09","2021","2021095061","3","40.2082","-76.164","2203","08","0","1","0","0","0","0","0","0","","0","0","0","22","2","1","02","1","40 12:29.600","2","00","76 09:50.315","3","0","0","0","36218","0","0","0","N","0","0","0","1","36408","0","","5","01","N","N","0","","1","0","0","0","0","Y","2203","1","1","0","0","0","0","0","1","0","1","N","","","","","","","","","","","2239","03","","","N","N"
"0159","2","0","0","0","0","0","0","0","0","1","0","","36","10","2021","2021093513","1","40.0567","-76.2826","0156","08","0","0","0","0","0","0","0","0","","0","0","0","01","2","0","00","0","40 03:24.058","","00","76 16:57.447","0","0","0","0","36101","0","0","0","N","0","0","0","2","36101","0","","1","01","N","N","0","","0","0","0","0","0","","0153","0","2","0","0","0","0","0","3","0","2","N","","","","","","","","","","","","03","","","N","N"
"1611","1","0","0","0","0","0","0","0","0","7","0","","36","10","2021","2021095196","4","40.0093","-76.4284","1609","08","0","1","0","0","0","0","0","0","","0","0","0","16","1","0","00","2","40 00:33.510","6","00","76 25:42.180","0","0","0","0","36223","0","0","0","N","0","0","0","1","36223","0","","4","01","N","N","0","","0","0","0","0","0","Y","1608","0","1","0","0","0","0","0","1","0","1","N","","","","","","","","","","","1611","04","04","","N","N"
"0557","0","0","0","0","0","0","0","0","0","7","0","","36","09","2021","2021093330","5","40.0011","-76.0823","0542","08","0","0","0","0","0","0","0","0","","0","0","0","05","3","0","00","0","40 00:03.911","","00","76 04:56.279","0","0","0","0","36226","0","0","0","N","0","0","0","1","68J01","0","","4","01","N","N","0","","0","0","1","0","0","","0541","0","1","0","0","0","0","0","1","0","1","N","","","","","","","","","","","","03","03","","N","N"
"1304","2","0","0","0","0","0","0","0","0","4","0","","36","09","2021","2021088033","6","40.079","-76.295","1304","08","0","0","0","0","0","1","0","0","","0","0","0","13","1","2","02","1","40 04:44.301","5","00","76 17:41.907","3","0","0","0","36101","0","0","0","N","0","0","0","2","36101","0","","1","01","N","N","0","","2","0","0","3","2","Y","1300","2","2","0","0","0","0","0","3","0","2","N","","","","","","","","","","","1347","03","04","","N",""
"0753","1","0","0","0","0","0","0","0","0","4","0","","36","09","2021","2021088222","6","39.8667","-76.1518","0732","08","0","0","1","0","0","0","0","0","","0","0","0","07","1","0","00","1","39 51:59.975","2","00","76 09:06.365","0","0","0","0","36212","0","0","0","N","0","0","0","2","68J01","0","","1","01","N","N","1","","0","0","0","3","3","Y","0730","0","2","0","0","0","0","0","1","0","2","N","","","","","","","","","","","0830","03","","","N","N"
"1707","3","0","0","0","0","0","0","0","0","1","0","","36","05","2021","2021068928","4","40.0569","-76.5277","1702","08","0","1","0","1","0","0","1","0","","0","0","0","17","1","0","00","0","40 03:24.792","","00","76 31:39.591","0","0","0","0","36211","0","0","0","N","0","0","0","3","36504","0","","1","01","N","N","0","","0","0","0","0","0","N","1700","0","3","0","0","0","0","0","1","0","3","N","","","","","","","","","","","","03","","","N","N"
"0854","0","0","0","0","0","0","1","0","0","4","1","","36","09","2021","2021088646","5","40.0385","-76.1796","0853","08","0","0","0","0","0","0","1","0","","0","0","0","08","1","3","02","0","40 02:18.703","","07","76 10:46.447","3","0","0","0","36221","0","0","0","N","0","0","0","10","68J01","0","","1","01","N","N","0","","3","0","1","0","0","","0846","3","2","0","0","0","0","0","1","0","2","N","","","","","","","","","","","","03","","","N","N"
"0929","0","0","1","0","0","0","0","0","0","3","1","","36","09","2021","2021088128","5","40.0648","-76.3585","0926","08","0","0","0","0","0","2","0","0","","0","1","0","09","1","1","00","2","40 03:53.212","5","07","76 21:30.733","2","0","0","0","36214","0","0","0","N","0","0","0","3","36214","0","","1","01","N","N","1","","0","1","1","0","0","Y","0925","1","3","0","0","0","0","0","3","0","3","N","","","","","","","","","","","1100","04","","","N","N"
"1705","1","0","0","0","0","0","0","0","0","5","0","","36","09","2021","2021088966","1","40.2162","-76.0746","1655","08","0","0","0","0","0","0","1","0","","0","0","0","16","1","0","00","0","40 12:58.771","","00","76 04:30.284","0","0","0","0","36210","0","0","0","N","0","0","0","2","68T06","0","","1","01","N","N","1","","0","0","0","0","0","","1655","0","2","0","0","0","0","0","1","0","2","N","","","","","","","","","","","","03","03","","N","N"
"0812","1","0","0","0","0","0","0","0","0","7","0","","36","09","2021","2021086357","3","39.9947","-76.275","0810","08","0","0","0","0","0","0","0","0","","0","0","0","08","1","1","00","0","39 59:40.931","","00","76 16:30.166","3","0","0","0","36240","0","0","0","N","0","0","0","1","36240","0","","5","01","N","N","0","","1","0","0","0","0","","0808","1","1","0","0","0","0","0","1","0","1","N","","","","","","","","","","","","03","03","","N","N"
"1917","0","0","0","0","0","0","0","0","0","1","0","","36","09","2021","2021087717","3","40.0386","-76.1816","1913","08","1","0","0","0","1","0","0","0","","0","1","0","19","1","1","02","2","40 02:19.043","7","00","76 10:53.868","2","0","0","0","36215","0","0","0","N","0","0","0","2","36215","0","","1","01","N","N","0","","0","1","0","3","3","Y","1911","1","2","0","0","1","0","0","1","0","2","N","","","","","","","","","","","2324","03","","","N",""
"0504","1","0","0","0","0","0","0","0","0","7","0","","36","09","2021","2021095019","1","40.1897","-76.1249","0456","08","0","0","0","0","0","0","0","0","","0","0","0","04","2","0","00","0","40 11:22.932","","00","76 07:29.777","0","0","0","0","36210","0","0","0","N","0","0","0","1","36210","0","","5","01","N","N","0","","0","0","0","0","0","","0454","0","1","0","0","0","0","0","1","0","1","N","","","","","","","","","","","","03","","","N","N"
"2011","1","0","0","0","0","0","0","0","0","7","0","","36","09","2021","2021093951","7","39.9942","-76.3688","2004","08","0","1","0","0","0","0","0","0","","0","0","0","20","3","2","03","0","39 59:39.235","","00","76 22:07.752","8","0","0","0","36223","0","0","0","N","0","0","0","2","36223","0","","5","01","N","N","0","","0","0","0","0","0","","2003","2","1","0","0","0","2","0","1","0","1","N","","","","","","","","","","","","04","04","","N",""
"1352","1","0","0","0","0","0","0","0","0","7","0","","36","10","2021","2021094177","7","40.0363","-76.4554","1342","08","0","0","0","0","0","0","0","0","","0","0","0","13","1","0","00","1","40 02:10.903","5","04","76 27:18.690","0","0","0","0","36239","0","0","0","N","0","0","0","1","36239","0","","5","01","N","N","0","","0","0","0","0","0","N","1339","0","1","0","0","0","0","0","3","0","1","N","","","","","","","","","","","1430","03","03","","N","N"
"2040","0","0","0","0","0","0","0","0","0","98","0","","36","09","2021","2021093327","2","39.7452","-76.1728","2022","08","0","0","0","1","0","0","0","0","","0","0","0","20","2","2","00","2","39 44:42.880","6","00","76 10:21.970","3","0","0","0","36219","0","0","0","N","0","0","0","2","68J01","0","","1","01","N","N","0","","2","0","1","0","0","N","2022","2","1","0","0","0","0","0","1","0","1","N","","","","","","","","","","","2120","03","","","N","N"
"1557","1","0","0","0","0","0","0","0","0","1","0","","36","05","2021","2021055263","1","40.0292","-76.2278","1554","08","0","0","0","0","0","0","1","0","","0","0","0","15","1","2","00","0","40 01:45.241","","00","76 13:40.138","3","0","0","0","36215","0","0","0","N","0","0","0","5","36215","0","","1","09","N","N","0","","2","0","2","3","2","","1552","2","3","0","0","0","0","0","1","0","3","N","","","","","","","","","","","","04","07","","N","Y"
"1904","1","0","0","0","0","0","0","0","0","4","0","","36","05","2021","2021049884","2","40.0685","-76.3074","1859","08","0","0","0","0","0","0","0","0","","0","0","0","18","1","0","01","1","40 04:06.605","2","00","76 18:27.559","0","0","0","0","36101","0","0","0","N","0","0","0","5","36101","0","","1","01","N","N","1","","0","0","0","3","2","N","1857","0","2","0","0","0","0","0","3","0","2","N","","","","","","","","","","","1935","03","03","","N",""
"1058","1","0","0","0","0","0","0","0","0","1","0","","36","09","2021","2021089874","3","40.2078","-76.0178","1047","08","0","1","0","0","0","0","1","0","","0","0","0","10","1","0","00","0","40 12:27.901","","00","76 01:04.233","0","0","0","0","36202","0","0","0","N","0","0","0","2","68J01","0","","1","01","N","N","0","","0","0","0","0","0","","1045","0","2","0","0","0","0","0","1","1","2","N","","","","","","","","","","","","03","","","N","N"
"2045","1","0","0","0","0","0","0","0","0","4","0","","36","05","2021","2021047968","2","40.0392","-76.4311","2040","08","0","0","0","0","0","2","0","0","","0","0","0","20","3","2","01","2","40 02:20.941","7","00","76 25:51.799","4","0","0","0","36414","0","0","0","N","0","0","0","3","36239","2","","1","01","N","N","0","","0","0","2","3","2","Y","2039","2","3","0","0","0","0","0","3","0","3","N","","","","","","","","","","","2142","04","04","","N",""
"0830","1","0","0","0","0","0","0","0","0","4","0","","36","05","2021","2021050462","1","40.0338","-76.0112","0816","08","0","0","0","0","0","1","0","1","","0","0","0","08","1","1","02","1","40 02:01.749","4","00","76 00:40.220","3","0","0","1","36232","0","0","0","N","0","0","0","2","68J01","0","","1","01","N","N","0","","1","0","0","0","0","N","0815","1","2","0","0","0","0","0","1","0","2","N","","","","","","","","","","","0900","03","","","N","N"
"1752","1","0","0","0","0","0","0","0","0","1","0","","36","05","2021","2021048958","2","40.0647","-76.3372","1739","08","0","0","0","0","0","1","0","0","","0","0","0","17","1","0","00","1","40 03:52.900","4","00","76 20:13.834","0","0","0","0","36301","0","0","0","N","0","0","0","3","36301","0","","1","01","N","N","1","","0","0","1","0","0","N","1720","0","3","0","0","1","0","0","3","0","3","N","","","","","","","","","","","1823","03","03","","N","N"
"1902","2","0","0","0","0","0","1","0","0","4","1","","36","09","2021","2021087817","2","40.0456","-76.31","1857","08","0","0","0","0","0","1","0","1","","0","0","0","18","4","1","00","1","40 02:44.092","4","00","76 18:36.162","4","0","0","0","36301","0","0","0","N","0","0","0","2","36301","1","","1","01","Y","N","0","","0","0","0","0","0","Y","1852","1","3","0","0","0","0","0","3","0","3","N","","","","","","","","","","","2015","03","03","","N","N"
"1032","0","0","0","0","0","0","0","0","0","4","0","","36","05","2021","2021048778","3","40.0818","-76.1944","1026","08","0","0","0","0","0","1","0","1","","0","0","0","10","1","2","00","2","40 04:54.583","6","00","76 11:40.014","3","0","0","0","36234","0","0","0","N","0","0","0","2","36215","0","","1","01","N","N","1","","2","0","0","0","0","Y","1025","2","2","0","0","0","0","0","1","0","2","N","","","","","","","","","","","1145","03","03","","N","N"
"1331","1","0","0","0","0","0","0","0","0","4","0","","36","05","2021","2021050379","1","40.0598","-76.3371","1324","08","0","0","0","0","0","0","0","0","","0","0","0","13","1","1","02","2","40 03:35.200","7","00","76 20:13.600","3","0","0","0","36101","0","0","0","N","0","0","0","4","36101","0","","1","09","N","N","0","","1","0","1","3","3","N","1324","1","2","0","0","0","0","0","3","0","2","N","","","","","","","","","","","1425","07","04","","N",""
"2317","1","0","0","0","0","0","0","0","0","5","0","","36","05","2021","2021051876","2","40.0383","-76.3394","2317","08","0","0","0","0","0","0","0","1","","0","0","0","23","3","0","00","2","40 02:17.908","6","07","76 20:21.912","9","0","0","0","36220","0","0","0","N","0","0","0","2","36101","0","","4","01","N","N","0","","0","0","1","0","0","N","2316","0","2","0","0","0","0","1","3","0","2","N","","","","","","","","","","","1150","03","03","","N","N"
"1452","1","0","0","0","0","0","0","0","0","4","0","","36","05","2021","2021048066","1","39.8708","-76.2261","1429","08","0","0","0","0","0","0","0","0","","0","0","0","14","1","0","00","0","39 52:14.704","","07","76 13:33.797","0","0","0","0","36212","0","0","0","N","0","0","0","2","68J01","0","","1","01","N","N","0","","0","0","1","3","3","","1427","0","2","0","0","0","0","0","1","0","2","N","","","","","","","","","","","","03","","","N","N"
"1510","0","0","0","0","0","0","0","0","0","4","0","","36","05","2021","2021046289","6","40.291","-76.1482","1504","08","0","0","1","0","0","1","0","0","","0","0","0","15","1","0","01","1","40 17:27.754","2","00","76 08:53.537","0","0","0","0","36236","0","0","0","N","0","0","0","2","36408","0","","1","01","N","N","1","","0","0","0","3","3","N","1500","0","2","0","0","0","0","0","1","1","2","N","","","","","","","","","","","1600","03","03","","N",""
"1539","0","0","0","0","0","0","0","0","0","4","0","","36","05","2021","2021047762","3","40.0416","-76.3676","1536","08","0","0","0","0","0","1","0","1","","0","0","0","15","1","0","02","1","40 02:29.592","1","00","76 22:03.505","9","0","0","0","36214","0","0","0","N","0","0","0","3","36214","0","","1","01","N","N","0","","0","0","0","3","3","N","1532","0","2","0","0","0","0","1","3","2","2","N","","","","","","","","","","","1614","03","","","N",""
"1733","0","0","0","0","0","0","0","0","0","1","0","","36","05","2021","2021045831","5","39.9902","-76.2648","1717","08","0","0","0","0","0","1","0","0","","0","0","0","17","1","1","00","0","39 59:24.812","","00","76 15:53.253","3","0","0","0","36240","0","0","0","N","0","0","0","3","36240","0","","1","01","N","N","1","","1","0","0","3","3","","1715","1","2","0","0","0","0","0","1","1","2","N","","","","","","","","","","","","03","03","","N","Y"
"2034","0","0","0","0","0","0","0","0","0","0","0","","36","08","2021","2021088899","2","40.0382","-75.9554","2016","08","0","0","0","0","0","0","0","0","","0","0","0","20","2","2","00","2","40 02:17.570","5","00","75 57:19.270","8","0","0","2","36232","0","0","0","N","0","0","0","2","68J01","0","","5","01","N","N","0","","0","0","0","0","0","Y","2015","2","2","0","0","0","2","0","1","0","2","N","","","","","","","","","","","2141","03","","","N","N"
"0910","0","0","0","0","0","0","0","0","0","7","0","","36","05","2021","2021051990","7","40.2458","-76.2065","0901","08","0","0","0","0","0","0","0","0","","0","0","0","09","1","2","00","2","40 14:44.025","4","00","76 11:12.315","3","0","0","0","36236","0","0","0","N","0","0","0","2","68T06","0","","4","09","N","N","0","","2","0","1","0","0","N","0900","2","1","0","0","0","0","0","1","0","1","N","","","","","","","","","","","0925","07","","","N","N"
"0014","1","0","0","0","0","0","0","0","0","7","0","","36","05","2021","2021049215","7","40.0825","-76.3578","0010","08","0","0","0","1","0","0","0","0","","0","0","0","00","2","0","00","0","40 04:56.900","","00","76 21:27.910","0","0","0","0","36214","0","0","0","N","0","0","0","1","36214","0","","4","09","N","N","0","","0","0","0","0","0","","0006","0","1","0","0","0","0","0","3","0","1","N","","","","","","","","","","","","07","","","N","N"
"1410","1","0","0","0","0","0","0","0","0","4","0","","36","05","2021","2021052089","6","40.1917","-76.5752","1356","08","0","0","0","0","0","0","0","1","","0","0","0","13","1","2","01","2","40 11:30.066","7","00","76 34:30.670","2","0","1","1","36225","0","0","0","N","0","0","0","2","36505","0","","1","01","N","N","0","","1","1","0","0","0","N","1354","2","2","0","0","0","0","0","2","0","2","N","","","","","","","","","","","1444","03","98","","N",""
"0553","0","0","0","0","0","0","0","0","0","98","0","","36","05","2021","2021052090","3","40.1851","-76.6013","0448","08","0","0","0","0","0","0","0","0","","0","0","0","04","2","0","00","0","40 11:06.327","","00","76 36:04.849","0","0","0","0","36225","0","0","0","N","0","0","0","1","36505","0","","1","01","N","N","0","","0","0","1","0","0","","0444","0","1","0","0","0","0","0","2","0","1","N","","","","","","","","","","","","03","","","N","N"
"1707","0","0","0","0","0","0","0","0","0","4","0","","36","05","2021","2021047989","4","39.9751","-76.2473","1700","08","0","0","0","0","0","0","0","0","","0","0","0","17","1","1","01","0","39 58:30.378","","00","76 14:50.447","8","0","0","0","36240","0","0","0","N","0","0","0","2","36240","0","","1","09","N","N","1","","0","0","0","3","2","","1700","1","2","0","0","1","1","0","1","1","2","N","","","","","","","","","","","","07","","","N",""
"1428","0","0","0","0","0","0","0","0","0","1","0","","36","09","2021","2021090187","1","40.0094","-76.3917","1423","08","0","0","0","0","0","0","0","0","","0","0","0","14","1","5","02","2","40 00:33.688","7","00","76 23:30.133","3","0","0","0","36223","0","0","0","N","0","0","0","5","36223","0","","1","01","N","N","0","","4","0","2","0","0","Y","1421","5","2","0","0","0","1","0","1","0","2","N","","","","","","","","","","","1514","03","","","N",""
"1513","1","0","0","0","0","0","0","0","0","4","0","","36","09","2021","2021089553","2","40.0379","-76.4986","1513","08","0","1","0","0","0","0","0","0","","0","0","0","15","1","0","01","1","40 02:16.432","2","00","76 29:55.107","0","0","0","0","36404","0","0","0","N","0","0","0","4","36404","0","","1","01","N","N","0","","0","0","1","3","3","N","1513","0","2","0","0","0","0","0","3","0","2","N","","","","","","","","","","","0020","03","","","N",""
"1915","2","0","0","0","0","0","0","0","0","4","0","","36","09","2021","2021087843","5","40.0397","-76.2913","1907","08","0","0","0","0","0","0","0","0","","0","0","0","19","1","0","01","1","40 02:22.965","4","00","76 17:28.737","0","0","0","0","36301","0","0","0","N","0","0","0","2","36301","0","","1","01","N","N","0","","0","0","0","3","2","N","1906","0","2","0","0","0","0","0","3","0","2","N","","","","","","","","","","","2000","03","03","","N",""
"1432","0","0","0","0","0","0","0","0","0","4","0","","36","05","2021","2021049887","2","40.0575","-76.3983","1431","08","0","0","0","0","0","0","0","0","","0","0","0","14","1","1","01","2","40 03:26.961","6","00","76 23:53.826","3","0","0","0","36214","0","0","0","N","0","0","0","2","36214","0","","1","01","N","N","1","","1","0","0","3","2","N","1430","1","2","0","0","0","0","0","3","1","2","N","","","","","","","","","","","1500","03","03","","N",""