"ARRIVAL_TM","AUTOMOBILE_COUNT","BELTED_DEATH_COUNT","BELTED_SUSP_SERIOUS_INJ_COUNT","BICYCLE_COUNT","BICYCLE_DEATH_COUNT","BICYCLE_SUSP_SERIOUS_INJ_COUNT","BUS_COUNT","CHLDPAS_DEATH_COUNT","CHLDPAS_SUSP_SERIOUS_INJ_COUNT","COLLISION_TYPE","COMM_VEH_COUNT","CONS_ZONE_SPD_LIM","COUNTY","CRASH_MONTH","CRASH_YEAR","CRN","DAY_OF_WEEK","DEC_LAT","DEC_LONG","DISPATCH_TM","DISTRICT","DRIVER_COUNT_16YR","DRIVER_COUNT_17YR","DRIVER_COUNT_18YR","DRIVER_COUNT_19YR","DRIVER_COUNT_20YR","DRIVER_COUNT_50_64YR","DRIVER_COUNT_65_74YR","DRIVER_COUNT_75PLUS","EST_HRS_CLOSED","FATAL_COUNT","HEAVY_TRUCK_COUNT","HORSE_BUGGY_COUNT","HOUR_OF_DAY","ILLUMINATION","INJURY_COUNT","INTERSECT_TYPE","LANE_CLOSED","LATITUDE","LN_CLOSE_DIR","LOCATION_TYPE","LONGITUDE","MAX_SEVERITY_LEVEL","MCYCLE_DEATH_COUNT","MCYCLE_SUSP_SERIOUS_INJ_COUNT","MOTORCYCLE_COUNT","MUNICIPALITY","NONMOTR_COUNT","NONMOTR_DEATH_COUNT","NONMOTR_SUSP_SERIOUS_INJ_COUNT","NTFY_HIWY_MAINT","PED_COUNT","PED_DEATH_COUNT","PED_SUSP_SERIOUS_INJ_COUNT","PERSON_COUNT","POLICE_AGCY","POSSIBLE_INJ_COUNT","RDWY_SURF_TYPE_CD","RELATION_TO_ROAD","ROAD_CONDITION","SCH_BUS_IND","SCH_ZONE_IND","SMALL_TRUCK_COUNT","SPEC_JURIS_CD","SUSP_MINOR_INJ_COUNT","SUSP_SERIOUS_INJ_COUNT","SUV_COUNT","TCD_FUNC_CD","TCD_TYPE","TFC_DETOUR_IND","TIME_OF_DAY","TOT_INJ_COUNT","TOTAL_UNITS","UNB_DEATH_COUNT","UNB_SUSP_SERIOUS_INJ_COUNT","UNBELTED_OCC_COUNT","UNK_INJ_DEG_COUNT","UNK_INJ_PER_COUNT","URBAN_RURAL","VAN_COUNT","VEHICLE_COUNT","WORK_ZONE_IND","WORK_ZONE_LOC","WORK_ZONE_TYPE","WORKERS_PRES","WZ_CLOSE_DETOUR","WZ_FLAGGER","WZ_LAW_OFFCR_IND","WZ_LN_CLOSURE","WZ_MOVING","WZ_OTHER","WZ_SHLDER_MDN","ROADWAY_CLEARED","WEATHER1","WEATHER2","WZ_WORKERS_INJ_KILLED","SECONDARY_CRASH","INTERSECTION_RELATED"
"1517","1","0","0","0","0","0","0","0","0","4","0","","36","05","2021","2021053404","7","39.7493","-76.164","1509","08","0","0","0","0","0","1","0","0","","0","0","0","14","1","0","01","1","39 44:57.547","1","00","76 09:50.312","0","0","0","0","36219","0","0","0","N","0","0","0","3","68J01","0","","1","01","N","N","1","","0","0","1","3","3","N","1454","0","3","0","0","0","0","0","1","0","3","N","","","","","","","","","","","1603","03","","","N","N"
"0758","1","0","0","0","0","0","0","0","0","4","0","","36","09","2021","2021089102","2","40.2261","-76.3024","0737","08","0","0","0","1","0","0","1","0","","0","0","0","07","1","0","01","0","40 13:34.012","","00","76 18:08.758","0","0","0","0","36217","0","0","0","N","0","0","0","7","68J01","0","","1","01","N","N","0","","0","0","0","3","2","","0733","0","2","0","0","0","0","0","1","1","2","N","","","","","","","","","","","","03","","","N","N"
"1434","1","0","0","0","0","0","0","0","0","4","0","","36","05","2021","2021048386","4","40.0382","-76.3414","1430","08","0","0","0","0","0","0","0","0","","0","0","0","14","1","0","01","0","40 02:17.361","","00","76 20:28.994","0","0","0","0","36220","0","0","0","N","0","0","0","2","36101","0","","1","01","N","N","0","","0","0","1","3","2","","1429","0","2","0","0","0","0","0","3","0","2","N","","","","","","","","","","","","03","","","N",""
"1705","0","0","0","0","0","0","0","0","0","7","0","","36","05","2021","2021051125","2","40.1253","-75.9106","1634","08","0","0","1","0","0","0","0","0","","0","0","0","16","1","1","00","1","40 07:31.208","2","00","75 54:38.126","4","0","0","0","36203","0","0","0","N","0","0","0","1","68J01","1","","4","01","N","N","0","","0","0","1","0","0","Y","1633","1","1","0","0","0","0","0","1","0","1","N","","","","","","","","","","","1808","03","03","","N","N"
"1458","0","0","0","0","0","0","0","0","0","7","0","","36","09","2021","2021089108","3","40.2493","-76.3058","1427","08","0","0","0","1","0","0","0","0","","0","0","0","14","1","0","00","1","40 14:57.376","1","00","76 18:20.835","0","0","0","0","36217","0","0","0","Y","0","0","0","2","68J01","0","","4","01","N","N","0","","0","0","1","0","0","N","1426","0","2","0","0","0","0","0","1","0","1","N","","","","","","","","","","","1544","03","","","N","N"
"0842","1","0","0","0","0","0","0","0","0","1","0","","36","05","2021","2021048777","3","40.0923","-76.1545","0835","08","0","0","0","1","0","1","0","0","","0","0","0","08","1","0","00","0","40 05:32.338","","00","76 09:16.211","0","0","0","0","36234","0","0","0","N","0","0","0","3","36215","0","","1","01","N","N","0","","0","0","1","0","0","","0834","0","3","0","0","0","0","0","1","1","3","N","","","","","","","","","","","","03","03","","N","N"
"1406","1","0","0","0","0","0","0","0","0","1","0","","36","05","2021","2021053968","7","40.0167","-76.1639","1400","08","0","0","0","0","0","0","0","0","","0","0","0","13","1","0","00","0","40 01:00.270","","00","76 09:50.216","0","0","0","0","36215","0","0","0","N","0","0","0","8","36215","0","","1","09","N","N","0","","0","0","2","3","2","","1358","0","3","0","0","1","0","0","1","0","3","N","","","","","","","","","","","","07","07","","N","Y"
"0726","1","0","0","0","0","0","0","0","0","5","0","","36","05","2021","2021049214","7","40.1045","-76.2539","0707","08","0","0","0","0","0","0","0","0","","0","0","0","06","1","0","00","0","40 06:16.235","","03","76 15:13.905","0","0","0","0","36101","0","0","0","N","0","0","0","4","36101","0","","1","09","N","N","0","","0","0","1","0","0","","0658","0","2","0","0","0","0","0","3","0","2","N","","","","","","","","","","","","07","04","","N","N"
"2050","0","0","0","0","0","0","0","0","0","2","0","","36","05","2021","2021050150","6","40.0591","-76.4629","2047","08","0","0","0","0","0","0","0","0","","0","0","0","20","2","0","03","0","40 03:32.814","","00","76 27:46.398","9","0","0","0","36239","0","0","0","N","0","0","0","2","36239","0","","1","09","N","N","0","","0","0","1","3","3","","2047","0","2","0","0","0","0","1","3","0","2","N","","","","","","","","","","","","07","07","","N",""
"1648","2","0","0","0","0","0","0","0","0","1","0","","36","05","2021","2021047761","2","40.0486","-76.3447","1641","08","0","0","0","0","0","1","1","0","","0","0","0","16","1","1","00","1","40 02:55.115","3","00","76 20:40.997","4","0","0","0","36214","0","0","0","N","0","0","0","2","36214","1","","1","09","N","N","0","","0","0","0","0","0","N","1636","1","2","0","0","0","0","0","3","0","2","N","","","","","","","","","","","1735","07","","","N","N"
"1839","2","0","0","0","0","0","0","0","0","6","0","","36","05","2021","2021050149","4","40.0591","-76.4629","1838","08","0","0","0","0","0","0","0","0","","0","0","0","18","1","1","03","2","40 03:32.814","5","00","76 27:46.398","3","0","0","0","36239","0","0","0","N","0","0","0","2","36239","0","","1","09","N","N","0","","1","0","0","0","0","N","1838","1","2","0","0","0","0","0","3","0","2","N","","","","","","","","","","","1845","07","","","N",""
"0156","1","0","0","0","0","0","0","0","0","8","0","","36","05","2021","2021050789","7","40.0403","-76.2988","0152","08","0","0","0","0","0","0","0","0","","0","0","0","01","3","1","00","1","40 02:25.100","4","00","76 17:55.600","3","0","0","0","36301","1","0","0","N","1","0","0","2","36301","0","","1","01","N","N","0","","1","0","0","0","0","Y","0152","1","2","0","0","0","0","0","3","0","1","N","","","","","","","","","","","0323","03","","","N","N"
"1641","0","0","0","0","0","0","0","0","0","1","0","","36","05","2021","2021046702","6","40.0755","-76.336","1633","08","0","0","0","0","0","1","0","0","","0","0","0","16","1","1","00","0","40 04:31.872","","00","76 20:09.561","3","0","0","0","36101","0","0","0","N","0","0","0","3","36101","0","","1","01","N","N","0","","1","0","2","0","0","","1630","1","2","0","0","0","0","0","3","0","2","N","","","","","","","","","","","","03","03","","N","N"
"1835","1","0","0","0","0","0","0","0","0","1","1","","36","09","2021","2021087719","6","40.08","-76.2503","1828","08","0","0","0","0","0","0","0","0","","0","1","0","18","3","0","00","1","40 04:47.832","3","00","76 15:01.132","0","0","0","0","36215","0","0","0","N","0","0","0","2","36215","0","","1","01","N","N","0","","0","0","0","0","0","N","1826","0","2","0","0","0","0","0","1","0","2","N","","","","","","","","","","","1941","03","","","N","N"
"0015","0","0","0","0","0","0","0","0","0","7","0","","36","05","2021","2021049477","2","40.0529","-76.36","0011","08","0","0","0","0","0","0","0","0","","0","0","0","00","3","1","01","2","40 03:10.313","5","00","76 21:36.142","4","0","0","0","36214","0","0","0","N","0","0","0","1","36214","1","","4","01","N","N","0","","0","0","1","3","2","N","0010","1","1","0","0","0","0","0","3","0","1","N","","","","","","","","","","","0030","04","","","N",""
"1536","0","0","0","0","0","0","0","0","0","1","0","","36","09","2021","2021088793","4","40.0589","-76.2749","1521","08","0","0","0","0","0","0","0","0","","0","0","0","15","1","1","00","0","40 03:31.917","","00","76 16:29.484","3","0","0","0","36101","0","0","0","N","0","0","0","2","36101","0","","1","01","N","N","0","","1","0","1","0","0","","1520","1","2","0","0","0","0","0","3","1","2","N","","","","","","","","","","","","03","03","","N","N"
"0219","1","0","0","0","0","0","0","0","0","0","0","","36","05","2021","2021062430","2","39.8255","-76.2126","0219","08","0","0","0","0","0","0","0","0","","0","0","0","02","2","0","00","0","39 49:31.840","","00","76 12:45.480","0","0","0","0","36208","0","0","0","N","0","0","0","1","68J01","0","","4","01","N","N","0","","0","0","0","0","0","","0219","0","1","0","0","1","0","0","1","0","1","N","","","","","","","","","","","","03","03","","N","N"
"1945","1","0","0","0","0","0","0","0","0","4","0","","36","05","2021","2021050516","7","39.7941","-76.2219","1941","08","0","0","0","1","0","0","1","0","","0","0","0","19","1","0","01","1","39 47:38.821","4","00","76 13:18.796","0","0","0","0","36208","0","0","0","N","0","0","0","3","68J01","0","","1","09","N","N","1","","0","0","0","3","3","N","1937","0","2","0","0","0","0","0","1","0","2","N","","","","","","","","","","","2030","07","","","N","N"
"1315","0","0","0","0","0","0","0","0","0","2","0","","36","09","2021","2021087864","1","40.0377","-76.2718","1307","08","0","0","0","0","0","0","1","0","","0","0","0","13","1","1","00","1","40 02:16.006","1","07","76 16:18.567","3","0","0","0","36215","0","0","0","N","0","0","0","3","36215","0","","1","01","N","N","0","","1","0","2","0","0","N","1306","1","2","0","0","0","0","0","1","0","2","N","","","","","","","","","","","1345","03","","","N","N"
"1326","2","0","0","0","0","0","0","0","0","5","0","","36","09","2021","2021089809","1","40.0786","-76.2438","1316","08","0","1","0","0","0","0","0","0","","0","0","0","13","1","0","00","1","40 04:43.030","1","00","76 14:37.800","0","0","0","0","36215","0","0","0","N","0","0","0","1","36215","0","","2","01","N","N","0","","0","0","0","0","0","N","1316","0","2","0","0","0","0","0","1","0","2","N","","","","","","","","","","","1420","03","03","","N","N"
"1435","1","0","0","0","0","0","0","0","0","1","0","","36","05","2021","2021049886","2","40.0762","-76.375","1430","08","0","0","0","0","0","0","1","0","","0","0","0","14","1","0","00","0","40 04:34.488","","00","76 22:29.913","0","0","0","0","36214","0","0","0","N","0","0","0","2","36214","0","","1","01","N","N","0","","0","0","0","0","0","","1429","0","2","0","0","0","0","0","3","1","2","N","","","","","","","","","","","","03","03","","N","N"
"1847","0","0","0","0","0","0","0","0","0","4","0","","36","09","2021","2021087724","5","40.1042","-76.0791","1847","08","1","0","0","0","0","0","0","0","","0","1","0","18","1","0","01","1","40 06:15.063","7","00","76 04:44.613","0","0","0","0","36415","0","0","0","N","0","0","0","2","36415","0","","1","01","N","N","0","","0","0","1","3","2","N","1847","0","2","0","0","1","0","0","1","0","2","N","","","","","","","","","","","1849","03","03","","N",""
"1025","1","0","0","0","0","0","0","0","0","4","0","","36","05","2021","2021048175","4","40.0686","-76.3205","1010","08","0","0","0","0","0","0","0","1","","0","0","0","10","1","0","01","0","40 04:06.900","","00","76 19:13.700","0","0","0","0","36301","0","0","0","N","0","0","0","2","36301","0","","1","01","","N","0","","0","0","1","3","3","N","1010","0","2","0","0","0","0","0","3","0","2","N","","","","","","","","","","","","03","03","","N","N"
"1444","0","0","0","0","0","0","0","0","0","1","0","25","36","05","2021","2021062815","4","40.1607","-76.4","1439","08","0","0","0","0","0","2","0","0","","0","0","0","14","1","3","01","1","40 09:38.669","3","00","76 24:00.175","3","0","0","0","36410","0","0","0","N","0","0","0","3","36410","2","","1","01","N","N","2","","1","0","1","3","7","N","1439","3","3","0","0","0","0","0","2","0","3","Y","1","2","Y","N","Y","N","N","N","N","N","1529","03","","N","N",""
"1311","0","0","0","0","0","0","0","0","0","7","0","","36","09","2021","2021089206","5","40.0403","-76.2591","1307","08","0","0","0","0","1","0","0","0","","0","0","0","13","1","0","00","0","40 02:25.096","","00","76 15:32.887","0","0","0","0","36215","0","0","0","N","0","0","0","1","36215","0","","2","01","N","N","0","","0","0","1","0","0","","1300","0","1","0","0","0","0","0","1","0","1","N","","","","","","","","","","","","03","03","","N","N"
"2138","1","0","0","0","0","0","0","0","0","7","0","","36","09","2021","2021087867","6","40.1381","-76.257","2119","08","0","0","0","1","0","0","0","0","","0","0","0","21","2","0","00","2","40 08:17.220","5","00","76 15:25.320","0","0","0","0","36235","0","0","0","N","0","0","0","1","36506","0","","4","01","N","N","0","","0","0","0","0","0","Y","2119","0","1","0","0","0","0","0","1","0","1","N","","","","","","","","","","","0100","03","","","N","N"
"0112","1","0","0","0","0","0","0","0","0","7","0","","36","05","2021","2021051979","5","40.2214","-76.0902","0058","08","0","0","0","0","0","0","0","0","","0","0","0","00","2","1","00","0","40 13:17.126","","00","76 05:24.891","3","0","0","0","36210","0","0","0","N","0","0","0","1","68T06","0","","2","09","N","N","0","","1","0","0","0","0","","0058","1","1","0","0","0","0","0","1","0","1","N","","","","","","","","","","","","07","","","N","N"
"0737","2","0","0","0","0","0","0","0","0","5","0","","36","05","2021","2021050861","7","40.0739","-76.3325","0730","08","0","1","0","0","0","1","0","0","","0","0","0","07","5","1","00","2","40 04:26.156","3","00","76 19:57.041","3","0","0","0","36101","0","0","0","N","0","0","0","3","36101","0","","1","08","N","N","1","","1","0","0","0","0","N","0724","1","3","0","0","1","0","0","3","0","3","N","","","","","","","","","","","0900","07","07","","N","N"
"1650","1","0","0","0","0","0","0","0","0","7","0","","36","05","2021","2021052096","7","40.1312","-76.5638","1647","08","0","0","0","0","0","0","0","0","","0","0","0","16","1","0","01","1","40 07:52.429","2","00","76 33:49.559","0","0","0","0","36225","0","0","0","N","0","0","0","2","36505","0","","2","01","N","N","0","","0","0","0","0","0","N","1647","0","1","0","0","0","0","0","2","0","1","N","","","","","","","","","","","1710","03","03","","N",""
"1419","0","0","0","0","0","0","0","0","0","0","0","","36","05","2021","2021049217","7","39.9876","-76.3946","1409","08","0","1","0","0","0","0","0","0","","0","0","0","14","1","0","00","0","39 59:15.224","","00","76 23:40.415","0","0","0","0","36223","0","0","0","N","0","0","0","1","36223","0","","5","09","N","N","1","","0","0","0","0","0","","1409","0","1","0","0","0","0","0","1","0","1","N","","","","","","","","","","","","07","","","N","N"
"1325","0","0","0","0","0","0","0","0","0","5","0","","36","05","2021","2021050151","7","40.0591","-76.4629","1323","08","0","0","1","0","0","1","0","0","","0","0","0","13","1","2","03","2","40 03:32.814","5","00","76 27:46.398","3","0","0","0","36239","0","0","0","N","0","0","0","6","36239","1","","1","09","N","N","0","","1","0","2","3","8","Y","1320","2","2","0","0","0","0","0","3","0","2","N","","","","","","","","","","","1406","07","","","N",""
"1311","0","0","0","0","0","0","0","0","0","4","0","","36","05","2021","2021055433","5","40.0378","-76.3637","1309","08","0","0","0","0","0","0","1","1","","0","0","0","13","1","0","01","1","40 02:16.155","5","00","76 21:49.258","0","0","0","0","36223","0","0","0","N","0","0","0","2","36223","0","","1","01","N","N","1","","0","0","0","2","3","N","1305","0","2","0","0","0","0","0","1","1","2","N","","","","","","","","","","","0045","03","","","N",""
"1600","1","0","0","0","0","0","0","0","0","6","0","","36","05","2021","2021053522","2","40.036","-76.2868","1554","08","0","0","0","0","0","0","0","1","","0","0","0","15","1","0","01","0","40 02:09.618","","00","76 17:12.530","0","0","0","0","36301","0","0","0","N","0","0","0","2","36301","0","","1","09","N","Y","1","","0","0","0","0","0","N","1554","0","2","0","0","0","0","0","3","0","2","N","","","","","","","","","","","","07","04","","N",""
"1510","1","0","0","0","0","0","0","0","0","7","0","","36","09","2021","2021086734","2","40.1634","-76.5906","1510","08","0","0","0","0","0","1","0","0","","0","0","0","15","1","0","00","0","40 09:48.375","","00","76 35:26.337","0","0","0","0","36407","0","0","0","N","0","0","0","1","36407","0","","2","01","N","N","0","","0","0","0","0","0","","1508","0","1","0","0","0","0","0","2","0","1","N","","","","","","","","","","","","03","03","","N","N"
"0904","1","0","0","0","0","0","0","0","0","4","1","","36","09","2021","2021089997","5","40.1146","-76.245","0858","08","0","0","0","0","0","0","0","0","","0","1","0","08","1","0","02","0","40 06:52.583","","00","76 14:41.992","0","0","0","0","36101","0","0","0","N","0","0","0","2","36101","0","","1","09","N","N","0","","0","0","0","3","3","","0856","0","2","0","0","0","0","0","3","0","2","N","","","","","","","","","","","","07","04","","N",""
"1049","1","0","0","0","0","0","0","0","0","7","0","","36","09","2021","2021089463","7","40.0188","-75.9659","1031","08","0","1","0","0","0","0","0","0","","0","0","0","10","1","0","03","0","40 01:07.647","","00","75 57:57.366","0","0","0","0","36232","0","0","0","N","0","0","0","1","68J01","0","","4","01","N","N","0","","0","0","0","0","0","","1029","0","1","0","0","0","0","0","1","0","1","N","","","","","","","","","","","","03","","","N","N"
"1643","0","0","0","0","0","0","0","0","0","4","1","","36","09","2021","2021088562","7","40.1312","-76.5638","1642","08","0","0","0","0","0","1","1","0","","0","1","0","16","1","0","01","1","40 07:52.429","2","00","76 33:49.559","0","0","0","0","36225","0","0","0","N","0","0","0","3","36505","0","","1","01","N","N","0","","0","0","1","3","2","N","1638","0","2","0","0","0","0","0","2","0","2","N","","","","","","","","","","","1710","03","03","","N",""
"1839","1","0","0","0","0","0","0","0","0","7","0","","36","09","2021","2021089204","3","40.088","-76.329","1834","08","0","0","1","0","0","0","0","0","","0","0","0","18","1","0","01","0","40 05:16.970","","00","76 19:44.246","0","0","0","0","36101","0","0","0","N","0","0","0","1","36101","0","","4","01","N","N","0","","0","0","0","3","2","","1833","0","1","0","0","0","0","0","3","0","1","N","","","","","","","","","","","","03","04","","N",""
"1600","0","0","0","0","0","0","0","0","0","1","0","","36","05","2021","2021052091","2","40.143","-76.5566","1555","08","0","0","0","0","0","0","0","0","","0","0","0","15","1","1","06","0","40 08:34.209","","02","76 33:24.479","3","0","0","0","36225","0","0","0","N","0","0","0","3","36505","0","","7","08","Y","N","0","","1","0","1","3","3","","1555","1","2","0","0","0","0","0","2","1","2","N","","","","","","","","","","","","07","07","","N",""
"0537","0","0","0","0","0","0","0","0","0","4","1","","36","09","2021","2021087723","5","40.0631","-76.1569","0530","08","0","0","1","0","0","0","0","0","","0","1","0","05","3","0","01","0","40 03:47.143","","00","76 09:24.928","0","0","0","0","36234","0","0","0","N","0","0","0","2","36215","0","","1","09","N","N","0","","0","0","1","0","0","","0530","0","2","0","0","0","0","0","1","0","2","N","","","","","","","","","","","","07","","","N",""
"1623","2","0","0","0","0","0","0","0","0","6","0","","36","05","2021","2021048636","2","40.1031","-76.5338","1614","08","0","0","0","0","0","0","0","0","","0","0","0","16","1","0","00","0","40 06:11.194","","00","76 32:01.703","0","0","0","0","36211","0","0","0","N","0","0","0","3","36504","0","","1","09","N","","0","","0","0","0","0","0","","1612","0","2","0","0","0","0","0","1","0","2","N","","","","","","","","","","","","07","07","","N","N"
"1215","1","0","0","0","0","0","0","0","0","4","0","","36","08","2021","2021089026","6","40.0382","-76.3414","1210","08","0","0","0","0","0","0","0","0","","1","0","0","12","1","1","02","2","40 02:17.361","7","07","76 20:28.994","1","1","0","1","36220","0","0","0","N","0","0","0","2","36101","0","2","1","01","N","N","0","0","1","0","0","3","2","Y","1209","1","2","0","0","0","0","0","3","0","2","N","","","","","","","","","","","1633","03","03","","N",""
"1955","1","0","0","0","0","0","0","0","0","7","0","","36","08","2021","2021088796","7","40.0439","-76.4306","1947","08","1","0","0","0","0","0","0","0","","0","0","0","19","4","1","00","1","40 02:38.061","4","00","76 25:50.283","3","0","0","0","36239","0","0","0","Y","0","0","0","2","36239","0","","2","01","N","N","0","","1","0","0","0","0","N","1945","1","1","0","0","0","0","0","3","0","1","N","","","","","","","","","","","2036","03","","","N","N"
"0429","1","0","0","0","0","0","0","0","0","98","0","","36","05","2021","2021053407","3","40.0966","-76.3983","0422","08","0","0","0","0","0","1","0","0","","0","0","0","04","2","1","00","0","40 05:47.654","","00","76 23:53.752","3","0","0","0","36214","0","0","0","N","0","0","0","1","68J01","0","","1","01","N","N","0","","1","0","0","0","0","","0419","1","1","0","0","0","0","0","3","0","1","N","","","","","","","","","","","","03","03","","N","N"
"1511","0","1","0","0","0","0","0","0","0","4","0","","36","08","2021","2021089393","3","40.1513","-76.3813","1448","08","0","0","0","0","0","0","0","1","","1","0","0","14","1","2","00","2","40 09:04.590","5","07","76 22:52.700","1","0","0","0","36227","0","0","0","N","0","0","0","3","36506","0","2","1","01","N","N","0","0","2","0","1","0","0","Y","1448","2","2","0","0","1","0","0","1","1","2","N","","","","","","","","","","","0300","03","","","N","N"
"1654","1","0","0","0","0","0","0","0","0","1","1","","36","09","2021","2021089207","3","40.0364","-76.4552","1638","08","0","0","0","0","0","0","0","0","","0","1","0","16","1","0","01","1","40 02:10.903","4","00","76 27:18.690","0","0","0","0","36239","0","0","0","N","0","0","0","2","36239","0","","1","01","N","N","0","","0","0","0","3","2","N","1638","0","2","0","0","0","0","0","3","0","2","N","","","","","","","","","","","1700","03","03","","N",""
"2003","1","0","0","0","0","0","0","0","0","7","0","","36","09","2021","2021089121","1","40.1559","-76.0468","1923","08","0","1","0","0","0","0","0","0","","0","0","0","19","3","0","00","2","40 09:21.253","6","00","76 02:48.553","0","0","0","0","36418","0","0","0","N","0","0","0","1","68J01","0","","2","01","N","N","0","","0","0","0","0","0","Y","1919","0","1","0","0","1","0","0","1","0","1","N","","","","","","","","","","","2100","03","03","","N","N"
"1058","1","0","0","0","0","0","0","0","0","4","0","","36","05","2021","2021050617","2","40.1378","-76.392","1053","08","0","0","0","0","0","0","1","0","","0","0","0","10","1","1","02","1","40 08:16.123","3","00","76 23:31.247","8","0","0","0","36227","0","0","0","N","0","0","0","2","36506","0","","1","09","N","N","0","","0","0","1","3","3","N","1051","1","2","0","0","0","1","1","1","0","2","N","","","","","","","","","","","1045","07","04","","N",""
"1551","1","0","0","0","0","0","0","0","0","7","0","","36","09","2021","2021088565","7","40.1465","-76.6207","1545","08","0","0","0","0","0","1","0","0","","0","0","0","15","1","1","00","0","40 08:47.487","","00","76 37:14.570","4","0","0","0","36237","0","0","0","N","0","0","0","1","36505","1","","5","01","N","N","0","","0","0","0","0","0","","1542","1","1","0","0","0","0","0","1","0","1","N","","","","","","","","","","","","03","03","","N","N"
"1339","3","0","0","0","0","0","0","0","0","1","0","","36","05","2021","2021049583","1","40.0729","-76.2869","1332","08","0","0","0","0","0","0","0","0","","0","0","0","13","1","0","00","2","40 04:22.398","2","00","76 17:12.990","0","0","0","0","36101","0","0","0","N","0","0","0","6","36101","0","","1","09","N","N","0","","0","0","0","0","0","N","1329","0","4","0","0","0","0","0","3","1","4","N","","","","","","","","","","","1459","07","","","N","N"
"1428","1","0","0","0","0","0","0","0","0","7","0","","36","09","2021","2021088943","5","40.0037","-76.0726","1400","08","0","0","0","0","0","0","0","0","","0","0","0","14","1","1","00","1","40 00:13.420","4","00","76 04:21.260","3","0","0","0","36226","0","0","0","N","0","0","0","1","68J01","0","","4","01","N","N","0","","1","0","0","0","0","N","1400","1","1","0","0","0","0","0","1","0","1","N","","","","","","","","","","","1506","03","03","","N","N"
"1519","1","0","0","0","0","0","0","0","0","2","0","","36","05","2021","2021046823","1","40.0636","-76.3791","1513","08","0","0","1","1","0","0","0","0","","0","0","0","15","1","1","00","1","40 03:49.100","4","00","76 22:44.600","3","0","0","0","36214","0","0","0","N","0","0","0","4","36214","0","","1","01","N","N","0","","1","0","1","0","0","N","1511","1","2","0","0","0","0","0","3","0","2","N","","","","","","","","","","","1610","03","03","","N","N"
"1644","1","0","0","0","0","0","0","0","0","4","0","","36","05","2021","2021050382","2","40.0415","-76.4473","1640","08","0","0","0","0","0","0","0","0","","0","0","0","16","1","0","02","2","40 02:29.547","6","00","76 26:50.251","0","0","0","0","36239","0","0","0","N","0","0","0","2","36239","0","","1","01","N","N","0","","0","0","1","3","3","Y","1640","0","2","0","0","0","0","0","3","0","2","N","","","","","","","","","","","1710","03","","","N",""
"1535","2","0","0","0","0","0","0","0","0","1","0","","36","05","2021","2021048387","4","40.093","-76.2831","1528","08","0","1","0","0","0","1","1","0","","0","0","0","15","1","0","00","2","40 05:34.810","3","00","76 16:58.993","0","0","0","0","36101","0","0","0","N","0","0","0","3","36101","0","","1","01","N","N","1","","0","0","0","0","0","Y","1522","0","3","0","0","0","0","0","3","0","3","N","","","","","","","","","","","1620","03","03","","N","Y"
"0839","1","0","0","0","0","0","0","0","0","1","0","","36","05","2021","2021056392","5","40.0241","-76.2005","0830","08","0","0","0","0","1","0","0","0","","0","0","0","08","1","0","00","0","40 01:26.647","","07","76 12:01.851","0","0","0","0","36215","0","0","0","N","0","0","0","2","36215","0","","1","01","N","N","0","","0","0","1","3","2","","0828","0","2","0","0","0","0","0","1","0","2","N","","","","","","","","","","","","03","03","","N","Y"
"0224","0","0","0","0","0","0","0","0","0","98","0","","36","05","2021","2021045816","5","40.1461","-76.2777","0215","08","0","0","0","1","0","0","0","0","","0","0","0","02","2","0","00","1","40 08:46.115","3","00","76 16:39.807","0","0","0","0","36235","0","0","0","N","0","0","0","1","36506","0","","1","01","N","N","0","","0","0","1","0","0","N","0210","0","1","0","0","0","0","0","1","0","1","N","","","","","","","","","","","0252","03","","","N","N"
"1710","1","0","0","0","0","0","0","0","0","4","0","","36","05","2021","2021049155","6","40.238","-76.1756","1704","08","0","0","1","0","0","0","0","0","","0","0","0","17","4","1","03","2","40 14:16.831","5","00","76 10:32.319","4","0","0","0","36236","0","0","0","N","0","0","0","3","36408","1","","1","09","N","N","1","","0","0","0","3","3","Y","1702","1","2","0","0","0","0","0","1","0","2","N","","","","","","","","","","","1740","07","","","N",""
"1358","1","0","0","0","0","0","0","0","0","4","0","","36","05","2021","2021052570","6","39.9912","-76.0152","1342","08","0","1","0","0","0","0","0","0","","0","0","0","13","1","0","02","0","39 59:28.478","","00","76 00:54.842","0","0","0","0","36232","0","0","0","N","0","0","0","3","68J01","0","","1","09","N","N","0","","0","0","1","0","0","","1340","0","2","0","0","0","0","0","1","0","2","N","","","","","","","","","","","","07","","","N","N"
"1726","1","0","0","0","0","0","0","0","0","1","0","","36","09","2021","2021089811","2","40.0547","-76.2142","1723","08","0","0","0","0","0","0","0","0","","0","0","0","17","1","1","00","1","40 03:16.814","1","00","76 12:51.215","3","0","0","0","36215","0","0","0","N","0","0","0","2","36215","0","","1","01","N","N","0","","1","0","1","0","0","N","1721","1","2","0","0","0","0","0","1","0","2","N","","","","","","","","","","","1752","03","","","N","N"