"ARRIVAL_TM","AUTOMOBILE_COUNT","BELTED_DEATH_COUNT","BELTED_SUSP_SERIOUS_INJ_COUNT","BICYCLE_COUNT","BICYCLE_DEATH_COUNT","BICYCLE_SUSP_SERIOUS_INJ_COUNT","BUS_COUNT","CHLDPAS_DEATH_COUNT","CHLDPAS_SUSP_SERIOUS_INJ_COUNT","COLLISION_TYPE","COMM_VEH_COUNT","CONS_ZONE_SPD_LIM","COUNTY","CRASH_MONTH","CRASH_YEAR","CRN","DAY_OF_WEEK","DEC_LAT","DEC_LONG","DISPATCH_TM","DISTRICT","DRIVER_COUNT_16YR","DRIVER_COUNT_17YR","DRIVER_COUNT_18YR","DRIVER_COUNT_19YR","DRIVER_COUNT_20YR","DRIVER_COUNT_50_64YR","DRIVER_COUNT_65_74YR","DRIVER_COUNT_75PLUS","EST_HRS_CLOSED","FATAL_COUNT","HEAVY_TRUCK_COUNT","HORSE_BUGGY_COUNT","HOUR_OF_DAY","ILLUMINATION","INJURY_COUNT","INTERSECT_TYPE","LANE_CLOSED","LATITUDE","LN_CLOSE_DIR","LOCATION_TYPE","LONGITUDE","MAX_SEVERITY_LEVEL","MCYCLE_DEATH_COUNT","MCYCLE_SUSP_SERIOUS_INJ_COUNT","MOTORCYCLE_COUNT","MUNICIPALITY","NONMOTR_COUNT","NONMOTR_DEATH_COUNT","NONMOTR_SUSP_SERIOUS_INJ_COUNT","NTFY_HIWY_MAINT","PED_COUNT","PED_DEATH_COUNT","PED_SUSP_SERIOUS_INJ_COUNT","PERSON_COUNT","POLICE_AGCY","POSSIBLE_INJ_COUNT","RDWY_SURF_TYPE_CD","RELATION_TO_ROAD","ROAD_CONDITION","SCH_BUS_IND","SCH_ZONE_IND","SMALL_TRUCK_COUNT","SPEC_JURIS_CD","SUSP_MINOR_INJ_COUNT","SUSP_SERIOUS_INJ_COUNT","SUV_COUNT","TCD_FUNC_CD","TCD_TYPE","TFC_DETOUR_IND","TIME_OF_DAY","TOT_INJ_COUNT","TOTAL_UNITS","UNB_DEATH_COUNT","UNB_SUSP_SERIOUS_INJ_COUNT","UNBELTED_OCC_COUNT","UNK_INJ_DEG_COUNT","UNK_INJ_PER_COUNT","URBAN_RURAL","VAN_COUNT","VEHICLE_COUNT","WORK_ZONE_IND","WORK_ZONE_LOC","WORK_ZONE_TYPE","WORKERS_PRES","WZ_CLOSE_DETOUR","WZ_FLAGGER","WZ_LAW_OFFCR_IND","WZ_LN_CLOSURE","WZ_MOVING","WZ_OTHER","WZ_SHLDER_MDN","ROADWAY_CLEARED","WEATHER1","WEATHER2","WZ_WORKERS_INJ_KILLED","SECONDARY_CRASH","INTERSECTION_RELATED"
"1233","1","0","0","0","0","0","0","0","0","4","0","","36","09","2021","2021087884","3","40.066","-76.3271","1223","08","0","0","0","0","0","0","0","0","","0","0","0","12","1","1","01","0","40 03:57.498","","00","76 19:37.512","8","0","0","0","36301","0","0","0","N","0","0","0","2","36301","0","","1","01","N","N","0","","0","0","1","3","3","","1216","1","2","0","0","0","1","0","3","0","2","N","","","","","","","","","","","","03","","","N",""
"1011","1","0","0","0","0","0","0","0","0","7","0","","36","05","2021","2021049219","1","40.2237","-76.2196","0957","08","0","0","0","1","0","0","0","0","","0","0","0","09","1","1","00","1","40 13:25.300","6","00","76 13:10.700","3","0","0","0","36204","0","0","0","N","0","0","0","1","36506","0","","4","01","N","N","0","","1","0","0","0","0","N","0954","1","1","0","0","0","0","0","1","0","1","N","","","","","","","","","","","1041","03","","","N","N"
"1334","1","0","0","0","0","0","0","0","0","4","0","","36","09","2021","2021088795","6","40.0401","-76.3642","1328","08","0","0","0","0","0","0","1","0","","0","0","0","13","1","1","00","1","40 02:24.520","1","00","76 21:51.130","3","0","0","0","36214","0","0","0","N","0","0","0","6","36214","0","","1","01","N","N","0","","1","0","1","0","0","Y","1325","1","2","0","0","2","0","0","3","0","2","N","","","","","","","","","","","1420","03","","","N","N"
"0849","1","0","0","0","0","0","0","0","0","1","0","","36","09","2021","2021090284","3","39.9988","-76.1837","0842","08","0","0","0","0","0","1","0","0","","0","0","0","08","1","1","00","1","39 59:55.520","1","00","76 11:01.366","3","0","0","0","36233","0","0","0","N","0","0","0","2","68J01","0","","1","01","N","N","0","","1","0","1","0","0","N","0841","1","2","0","0","0","0","0","1","0","2","N","","","","","","","","","","","0930","03","","","N","N"
"1838","0","0","0","0","0","0","0","0","0","7","0","","36","09","2021","2021088717","7","39.8464","-76.1076","1815","08","0","0","0","0","0","0","0","0","","0","0","0","18","1","1","00","0","39 50:47.110","","00","76 06:27.300","3","0","0","0","36205","0","0","0","N","0","0","0","1","68J01","0","","4","01","N","N","0","","1","0","1","0","0","","1812","1","1","0","0","0","0","0","1","0","1","N","","","","","","","","","","","","03","","","N","N"
"1322","0","0","0","0","0","0","0","0","0","4","0","","36","10","2021","2021102728","2","40.1233","-76.3753","1322","08","0","0","0","0","0","1","0","1","","0","0","0","13","1","0","01","0","40 07:23.702","","00","76 22:31.147","0","0","0","0","36214","0","0","0","N","0","0","0","2","36214","0","","1","01","N","N","1","","0","0","1","0","0","","1317","0","2","0","0","0","0","0","3","0","2","N","","","","","","","","","","","","03","03","","N",""
"1623","1","0","0","0","0","0","0","0","0","6","0","","36","10","2021","2021102981","7","40.2","-76.421","1620","08","0","0","1","0","0","0","0","0","","0","0","0","16","1","0","01","0","40 11:59.848","","00","76 25:15.755","0","0","0","0","36230","0","0","0","N","0","0","0","3","36410","0","","1","09","N","N","0","","0","0","2","0","0","","1620","0","4","0","0","0","0","0","1","0","3","N","","","","","","","","","","","","07","07","","N",""
"2210","0","0","0","0","0","0","0","0","0","2","0","","36","10","2021","2021103065","5","40.0106","-76.1327","2206","08","0","0","0","0","0","0","0","1","","0","0","0","22","3","5","00","1","40 00:38.082","3","00","76 07:57.561","3","0","0","0","36226","0","0","0","N","0","0","0","6","68J01","0","","1","01","N","N","0","","5","0","2","3","3","N","2201","5","2","0","0","0","0","0","1","0","2","N","","","","","","","","","","","0030","03","03","","N","Y"
"1710","2","0","0","0","0","0","0","0","0","1","0","","36","10","2021","2021101883","6","40.0532","-76.3872","1706","08","0","0","0","0","0","0","1","0","","0","0","0","17","1","0","00","0","40 03:11.407","","00","76 23:14.055","0","0","0","0","36214","0","0","0","N","0","0","0","2","36214","0","","1","01","N","N","0","","0","0","0","0","0","","1706","0","2","0","0","0","0","0","3","0","2","N","","","","","","","","","","","","03","","","N","N"
"0629","1","0","0","0","0","0","0","0","0","7","1","","36","10","2021","2021103203","4","40.0564","-76.2701","0623","08","0","0","0","0","0","0","1","0","","0","1","0","06","3","0","00","1","40 03:22.958","4","02","76 16:12.203","0","0","0","0","36215","0","0","0","N","0","0","0","2","36215","0","","3","09","N","N","0","","0","0","0","3","4","N","0613","0","2","0","0","0","0","0","1","0","2","N","","","","","","","","","","","0718","98","","","N","N"
"1526","0","0","0","0","0","0","0","0","0","7","0","","36","10","2021","2021103623","7","40.0157","-76.1586","1521","08","0","0","0","0","0","1","0","0","","0","0","0","15","1","1","00","2","40 00:56.476","3","00","76 09:30.827","3","0","0","0","36215","0","0","0","N","0","0","0","1","36215","0","","4","01","N","N","0","","1","0","1","0","0","Y","1520","1","1","0","0","0","0","0","1","0","1","N","","","","","","","","","","","1630","03","03","","N","N"
"0624","1","0","0","0","0","0","0","0","0","7","0","","36","10","2021","2021103206","1","40.0373","-76.4184","0615","08","0","0","0","0","0","0","0","0","","0","0","0","06","3","0","00","1","40 02:14.337","4","00","76 25:06.109","0","0","0","0","36239","0","0","0","N","0","0","0","1","36239","0","","5","01","N","N","0","","0","0","0","0","0","N","0615","0","1","0","0","0","0","0","3","0","1","N","","","","","","","","","","","0800","03","03","","N","N"
"1855","1","0","0","0","0","0","0","0","0","4","1","","36","10","2021","2021102186","2","40.0486","-76.3935","1853","08","0","0","0","0","0","0","1","0","","0","1","0","18","3","0","02","0","40 02:54.862","","00","76 23:36.513","0","0","0","0","36214","0","0","0","N","0","0","0","2","36214","0","","1","01","N","N","0","","0","0","0","3","2","","1853","0","2","0","0","0","0","0","3","0","2","N","","","","","","","","","","","","04","","","N",""
"0003","1","0","0","0","0","0","0","0","0","5","1","","36","10","2021","2021102727","2","40.0691","-76.3087","2355","08","0","0","0","0","0","2","0","0","","0","1","0","23","6","0","00","0","40 04:08.732","","00","76 18:31.319","0","0","0","0","36101","0","0","0","N","0","0","0","3","36101","0","","1","09","N","N","0","","0","0","0","0","0","","2328","0","2","0","0","0","0","0","3","0","2","N","","","","","","","","","","","","07","","","N","N"
"0845","0","0","0","0","0","0","0","0","0","7","0","","36","10","2021","2021101205","7","40.0624","-76.3531","0845","08","0","0","1","0","0","0","0","0","","0","0","0","08","1","0","02","1","40 03:44.492","1","00","76 21:11.066","0","0","0","0","36214","0","0","0","N","0","0","0","5","36214","0","","5","09","N","N","0","","0","0","1","3","3","N","0840","0","1","0","0","0","0","0","3","0","1","N","","","","","","","","","","","0945","07","","","N",""
"1522","1","0","0","0","0","0","0","0","0","1","0","","36","10","2021","2021103842","3","40.0891","-76.3049","1521","08","0","0","0","0","1","1","0","0","","0","0","0","15","1","2","00","1","40 05:20.844","2","00","76 18:17.632","3","0","0","0","36101","0","0","0","N","0","0","0","4","36101","1","","1","09","N","N","0","","1","0","3","3","2","N","1517","2","4","0","0","0","0","0","3","0","4","N","","","","","","","","","","","1610","07","04","","N","N"
"1927","0","0","0","0","0","0","0","0","0","4","0","","36","10","2021","2021102726","2","40.1113","-76.2835","1913","08","0","0","0","0","0","2","0","0","","0","0","0","18","2","0","01","0","40 06:40.818","","00","76 17:00.459","0","0","0","0","36101","0","0","0","N","0","0","0","2","36101","0","","1","01","N","N","0","","0","0","2","3","2","","1857","0","2","0","0","0","0","0","3","0","2","N","","","","","","","","","","","","04","03","","N",""
"1225","0","0","0","0","0","0","0","0","0","98","0","","36","10","2021","2021103072","2","39.7703","-76.1588","1221","08","0","0","0","0","0","0","0","0","","0","0","0","12","1","0","00","0","39 46:12.960","","00","76 09:31.690","0","0","0","0","36219","0","0","0","N","0","0","0","1","68J01","0","","1","01","N","N","0","","0","0","1","0","0","","1220","0","1","0","0","0","0","0","1","0","1","N","","","","","","","","","","","","03","","","N","N"
"0605","0","0","0","0","0","0","0","0","0","7","0","","36","10","2021","2021103114","3","39.8679","-76.2844","0541","08","0","0","0","0","0","0","0","0","","0","0","0","05","2","0","00","1","39 52:04.355","3","00","76 17:03.736","0","0","0","0","36224","0","0","0","N","0","0","0","1","68J01","0","","4","09","N","N","1","","0","0","0","0","0","N","0539","0","1","0","0","0","0","0","1","0","1","N","","","","","","","","","","","0700","05","07","","N","N"
"0216","0","0","0","0","0","0","0","0","0","1","1","","36","10","2021","2021103445","1","40.0257","-76.2092","0213","08","0","0","0","0","0","0","0","0","","0","1","0","02","3","1","00","0","40 01:32.489","","07","76 12:32.956","3","0","0","0","36215","0","0","0","N","0","0","0","2","36215","0","","1","01","N","N","0","","1","0","1","3","2","","0209","1","2","0","0","0","0","0","1","0","2","N","","","","","","","","","","","","03","","","N","N"
"2123","0","0","0","0","0","0","0","0","0","7","0","","36","10","2021","2021101887","6","40.0677","-76.0701","2119","08","0","0","0","0","0","1","0","0","","0","0","0","21","2","0","00","1","40 04:03.647","5","00","76 04:12.208","0","0","0","0","36209","0","0","0","N","0","0","0","3","36415","0","","5","01","N","N","0","","0","0","1","0","0","N","2117","0","1","0","0","0","0","0","1","0","1","N","","","","","","","","","","","2200","03","03","","N","N"
"1300","1","0","0","0","0","0","0","0","0","4","0","","36","07","2021","2021061204","5","40.1297","-76.3113","1259","08","0","0","0","0","0","1","0","1","","0","0","0","12","1","2","02","1","40 07:46.855","5","07","76 18:40.680","8","0","0","0","36235","0","0","0","N","0","0","0","2","36506","0","","1","01","N","N","0","","0","0","1","3","3","Y","1259","2","2","0","0","0","2","0","1","0","2","N","","","","","","","","","","","1351","03","03","","N",""
"1443","1","0","0","0","0","0","0","0","0","7","0","","36","10","2021","2021103751","7","40.1719","-75.9779","1443","08","0","0","0","0","0","0","0","0","","0","0","0","14","1","1","00","1","40 10:18.962","4","00","75 58:42.866","4","0","0","0","36202","0","0","0","N","0","0","0","1","68T06","1","","4","09","N","N","0","","0","0","0","0","0","N","1443","1","1","0","0","0","0","0","1","0","1","N","","","","","","","","","","","1516","07","","","N","N"
"1157","1","0","0","0","0","0","0","0","0","4","0","","36","10","2021","2021103859","2","40.2191","-76.2409","1145","08","0","0","0","0","0","0","2","0","","0","0","0","11","1","1","01","1","40 13:08.583","6","00","76 14:27.322","3","0","0","0","36204","0","0","0","N","0","0","0","2","36506","0","","1","01","N","N","1","","1","0","0","3","3","Y","1145","1","2","0","0","0","0","0","1","0","2","N","","","","","","","","","","","0100","03","","","N",""
"1424","0","0","0","0","0","0","0","0","0","7","0","","36","10","2021","2021103855","6","40.1334","-76.2536","1418","08","0","0","0","0","1","0","0","0","","0","0","0","14","1","0","02","0","40 08:00.329","","00","76 15:12.903","0","0","0","0","36235","0","0","0","N","0","0","0","1","36506","0","","5","01","N","N","0","","0","0","1","3","3","","1417","0","1","0","0","0","0","0","1","0","1","N","","","","","","","","","","","","03","","","N",""
"1447","1","0","0","0","0","0","0","0","0","4","0","","36","10","2021","2021103438","4","40.083","-76.269","1440","08","0","0","0","0","0","1","0","0","","0","0","0","14","1","0","01","1","40 04:58.889","4","00","76 16:08.446","0","0","0","0","36101","0","0","0","N","0","0","0","2","36101","0","","1","01","N","N","1","","0","0","0","3","3","N","1438","0","2","0","0","0","0","0","3","0","2","N","","","","","","","","","","","1555","03","","","N",""
"1838","1","0","0","0","0","0","0","0","0","1","0","","36","10","2021","2021103999","6","40.1648","-76.157","1832","08","0","0","0","1","0","0","0","0","","0","0","0","18","3","1","00","1","40 09:53.244","3","00","76 09:25.155","4","0","0","0","36218","0","0","0","N","0","0","0","5","36408","1","","1","09","N","N","0","","0","0","2","0","0","N","1830","1","3","0","0","0","0","0","1","0","3","N","","","","","","","","","","","1933","07","","","N","N"
"1734","0","0","0","0","0","0","0","0","0","4","0","","36","10","2021","2021103440","3","40.0819","-76.2341","1730","08","0","0","0","0","0","0","1","0","","0","0","0","17","1","1","01","1","40 04:54.777","6","00","76 14:02.802","3","0","0","1","36234","0","0","0","N","0","0","0","2","36215","0","","1","01","N","N","0","","1","0","1","3","2","N","1730","1","2","0","0","0","0","0","1","0","2","N","","","","","","","","","","","1759","04","","","N",""
"1230","1","0","0","0","0","0","0","0","0","0","0","","36","10","2021","2021101485","1","40.0735","-76.3315","1223","08","0","0","0","0","0","0","0","0","","0","0","0","12","1","0","00","2","40 04:24.466","3","00","76 19:53.373","0","0","0","0","36101","0","0","0","N","0","0","0","1","36101","0","","1","01","N","N","0","","0","0","0","0","0","N","1222","0","1","0","0","0","0","0","3","0","1","N","","","","","","","","","","","1237","04","","","N","N"
"0909","1","0","0","0","0","0","0","0","0","6","0","","36","10","2021","2021103625","5","40.0404","-76.4472","0905","08","0","0","0","0","0","0","0","0","","0","1","0","09","1","0","02","1","40 02:25.482","1","00","76 26:49.848","0","0","0","0","36239","0","0","0","N","0","0","0","2","36239","0","","1","01","N","N","0","","0","0","0","3","3","N","0905","0","2","0","0","0","0","0","3","0","2","N","","","","","","","","","","","1000","03","03","","N",""
"2031","1","0","0","0","0","0","0","0","0","7","0","","36","10","2021","2021101283","7","39.9924","-76.2859","2025","08","0","0","0","0","0","0","0","0","","0","0","0","20","3","1","01","1","39 59:32.484","2","00","76 17:09.068","8","0","0","0","36240","0","0","0","N","0","0","0","1","36240","0","","2","01","N","N","0","","0","0","0","3","2","N","2023","1","1","0","0","0","1","0","1","0","1","N","","","","","","","","","","","2110","03","","","N",""
"0714","0","0","0","0","0","0","0","0","0","1","0","","36","10","2021","2021102972","4","40.0656","-76.3476","0709","08","0","0","0","0","0","1","0","0","","0","0","0","07","5","0","00","2","40 03:56.122","4","00","76 20:51.440","0","0","0","0","36214","0","0","0","N","0","0","0","2","36214","0","","1","01","N","N","0","","0","0","2","3","2","Y","0700","0","2","0","0","0","0","0","3","0","2","N","","","","","","","","","","","0050","03","03","","N","N"
"1550","0","0","0","0","0","0","0","0","0","8","0","","36","10","2021","2021101711","5","40.0514","-76.3062","1549","08","0","0","0","0","0","1","0","0","","0","0","0","15","1","1","00","0","40 03:04.955","","00","76 18:22.239","3","0","0","0","36301","1","0","0","N","1","0","0","2","36301","0","","1","01","N","N","1","","1","0","0","0","0","","1548","1","2","0","0","0","0","0","3","0","1","N","","","","","","","","","","","","03","","","N","N"
"1810","1","0","0","0","0","0","0","0","0","4","1","","36","10","2021","2021103560","5","40.1797","-76.1755","1805","08","0","0","0","1","0","0","0","0","","0","1","0","18","4","0","01","0","40 10:46.812","","00","76 10:31.684","0","0","0","0","36408","0","0","0","N","0","0","0","2","36408","0","","1","01","N","N","0","","0","0","0","3","2","","1805","0","2","0","0","0","0","0","2","0","2","N","","","","","","","","","","","","03","","","N","N"
"1512","0","0","0","0","0","0","0","0","0","7","0","","36","10","2021","2021102493","6","40.0681","-76.3553","1511","08","0","0","0","0","0","0","0","0","","0","0","0","15","1","1","00","1","40 04:05.045","4","00","76 21:19.121","3","0","0","1","36214","0","0","0","N","0","0","0","1","36214","0","","4","01","N","N","0","","1","0","0","0","0","N","1508","1","1","0","0","0","0","0","3","0","1","N","","","","","","","","","","","1554","03","","","N","N"
"1822","2","0","0","0","0","0","0","0","0","4","0","","36","10","2021","2021102082","7","40.2261","-76.3024","1819","08","0","1","0","0","0","1","0","0","","0","0","0","18","4","0","01","1","40 13:34.012","2","00","76 18:08.758","0","0","0","0","36217","0","0","0","N","0","0","0","2","68J01","0","","1","09","N","N","0","","0","0","0","3","2","N","1804","0","2","0","0","0","0","0","1","0","2","N","","","","","","","","","","","1855","03","","","N","N"
"1401","1","0","0","0","0","0","0","0","0","4","0","","36","10","2021","2021101481","7","40.0288","-76.334","1357","08","0","0","0","0","0","2","0","0","","0","0","0","13","1","0","02","0","40 01:43.550","","00","76 20:02.421","0","0","0","0","36220","0","0","0","N","0","0","0","2","36101","0","","1","01","N","N","0","","0","0","1","3","3","","1355","0","2","0","0","0","0","0","3","0","2","N","","","","","","","","","","","","03","03","","N",""
"0422","1","0","0","0","0","0","0","0","0","7","0","","36","10","2021","2021103446","1","40.0125","-76.142","0412","08","0","0","0","0","0","0","0","0","","0","0","0","04","3","1","00","1","40 00:44.864","4","00","76 08:31.134","4","0","0","0","36215","0","0","0","N","0","0","0","1","36215","1","","4","01","N","N","0","","0","0","0","0","0","N","0410","1","1","0","0","0","0","0","1","0","1","N","","","","","","","","","","","0515","03","03","","N","N"
"0922","2","0","0","0","0","0","0","0","0","2","0","","36","10","2021","2021103843","3","40.0691","-76.3569","0918","08","0","0","0","0","0","2","0","0","","0","0","0","09","1","3","01","2","40 04:08.816","1","00","76 21:24.786","4","0","0","0","36214","0","0","0","N","0","0","0","3","36214","3","","1","01","N","N","0","","0","0","0","3","2","Y","0916","3","2","0","0","0","0","0","3","0","2","N","","","","","","","","","","","1009","04","","","N",""
"1702","0","0","0","0","0","0","0","0","0","4","0","","36","04","2021","2021033105","4","40.0698","-76.3424","1647","08","0","0","0","0","0","0","1","0","","0","0","0","16","1","1","00","0","40 04:11.200","","07","76 20:32.700","3","0","0","0","36301","0","0","0","N","0","0","0","4","36301","0","","1","01","N","N","0","","1","0","3","3","3","","1626","1","3","0","0","0","0","0","3","0","3","N","","","","","","","","","","","","03","03","","N","N"
"1959","1","0","0","0","0","0","0","0","0","2","0","","36","09","2021","2021092570","6","40.0279","-76.3049","1958","08","0","0","0","0","0","0","0","0","","0","0","0","19","3","1","01","2","40 01:40.378","7","00","76 18:17.550","3","0","0","1","36301","0","0","0","N","0","0","0","5","36301","0","","1","01","N","N","0","","1","0","0","3","3","Y","1957","1","2","0","0","0","0","0","3","0","2","N","","","","","","","","","","","2117","03","","","Y",""
"2012","2","0","0","0","0","0","0","0","0","1","0","","36","10","2021","2021103173","5","40.1801","-76.1795","2010","08","1","1","1","0","0","0","0","0","","0","0","0","20","3","0","01","0","40 10:48.447","","00","76 10:46.295","0","0","0","0","36408","0","0","0","N","0","0","0","3","36408","0","","1","01","N","N","1","","0","0","0","3","2","","2010","0","3","0","0","0","0","0","2","0","3","N","","","","","","","","","","","","03","","","N","N"
"1409","0","0","0","0","0","0","0","0","0","7","0","","36","10","2021","2021102187","2","40.0996","-76.0965","1409","08","0","0","0","0","0","0","1","0","","0","0","0","14","1","1","02","0","40 05:58.433","","00","76 05:47.576","8","0","0","1","36415","0","0","0","N","0","0","0","1","36415","0","","5","01","N","N","0","","0","0","0","0","0","","1409","1","1","0","0","0","1","0","1","0","1","N","","","","","","","","","","","","03","03","","N",""
"2013","0","0","0","0","0","0","0","0","0","4","0","","36","10","2021","2021103621","5","40.0507","-76.2558","2010","08","0","1","0","0","0","0","1","0","","0","0","0","20","3","1","01","2","40 03:02.347","7","08","76 15:20.935","3","0","0","0","36215","0","0","0","N","0","0","0","5","36215","0","","1","01","N","N","0","","1","0","2","3","2","Y","2008","1","2","0","0","0","0","0","1","0","2","N","","","","","","","","","","","1220","03","03","","N",""
"0336","1","0","0","0","0","0","0","0","0","4","1","","36","10","2021","2021102010","5","39.9954","-76.043","0324","08","0","0","0","1","0","0","1","0","","0","1","0","03","3","0","02","0","39 59:43.578","","00","76 02:34.782","0","0","0","0","36232","0","0","0","N","0","0","0","2","68J01","0","","1","01","N","N","0","","0","0","0","3","2","","0321","0","2","0","0","0","0","0","1","0","2","N","","","","","","","","","","","","05","05","","N","N"
"0416","0","0","0","0","0","0","0","0","0","98","0","","36","10","2021","2021102041","3","39.9409","-76.2068","0400","08","0","0","0","0","0","0","0","0","","0","0","0","03","2","0","00","0","39 56:27.250","","00","76 12:24.535","0","0","0","0","36233","0","0","0","N","0","0","0","1","68J01","0","","1","01","N","N","1","","0","0","0","0","0","","0358","0","1","0","0","0","0","0","1","0","1","N","","","","","","","","","","","","03","03","","N","N"
"1925","1","0","0","0","0","0","0","0","0","4","0","","36","10","2021","2021097954","5","40.2884","-76.2034","1916","08","0","0","0","0","0","0","0","0","","0","0","0","19","3","3","01","2","40 17:18.254","7","00","76 12:12.309","4","0","0","0","36236","0","0","0","N","0","0","0","3","36408","2","","1","01","N","N","1","","0","0","0","3","3","Y","1915","3","2","0","0","0","1","0","1","0","2","N","","","","","","","","","","","2300","03","03","","N",""
"1630","0","0","0","0","0","0","1","0","0","6","2","","36","10","2021","2021101450","2","40.1693","-76.1321","1622","08","0","0","0","0","0","1","0","0","","0","1","0","16","1","1","00","1","40 10:09.467","2","03","76 07:55.627","8","0","0","0","36218","0","0","0","N","0","0","0","8","36408","0","","1","01","Y","N","0","","0","0","0","0","0","N","1620","1","2","0","0","0","1","0","1","0","2","N","","","","","","","","","","","1715","03","","","N","N"
"1751","1","0","0","0","0","0","0","0","0","1","0","","36","10","2021","2021103852","3","40.1614","-76.6356","1748","08","0","0","0","0","1","1","0","0","","0","0","0","17","4","0","00","1","40 09:41.021","1","00","76 38:08.315","0","0","0","0","36225","0","0","0","N","0","0","0","3","36505","0","","1","09","N","N","1","","0","0","0","0","0","Y","1748","0","2","0","0","0","0","0","2","0","2","N","","","","","","","","","","","1830","07","07","","N","N"
"1912","2","0","0","0","0","0","0","0","0","4","0","","36","10","2021","2021102139","5","40.0687","-76.3429","1856","08","0","0","0","0","0","0","0","0","","0","0","0","18","3","0","01","1","40 04:07.251","2","00","76 20:34.310","0","0","0","0","36301","0","0","0","N","0","0","0","3","36301","0","","1","01","N","N","0","","0","0","0","3","2","Y","1855","0","2","0","0","0","0","0","3","0","2","N","","","","","","","","","","","1955","03","03","","N","N"
"1408","1","0","0","0","0","0","0","0","0","1","1","","36","10","2021","2021100850","4","40.0696","-76.3077","1352","08","0","0","0","0","0","2","0","0","","0","1","0","13","1","0","00","0","40 04:10.443","","00","76 18:27.548","0","0","0","0","36101","0","0","0","N","0","0","0","2","36101","0","","1","01","N","N","0","","0","0","0","0","0","","1349","0","2","0","0","0","0","0","3","0","2","N","","","","","","","","","","","","03","","","N","N"
"0711","1","0","0","0","0","0","0","0","0","7","0","","36","10","2021","2021099350","1","40.038","-76.3201","0708","08","0","0","0","0","0","0","0","0","","0","0","0","07","3","0","02","2","40 02:16.793","2","00","76 19:12.451","0","0","0","0","36301","0","0","0","N","0","0","0","1","36301","0","","5","09","N","N","0","","0","0","0","0","0","Y","0706","0","1","0","0","0","0","0","3","0","1","N","","","","","","","","","","","0812","04","04","","N","N"
"1514","0","0","0","0","0","0","0","0","0","7","0","","36","10","2021","2021103448","2","39.9929","-76.3785","1508","08","1","0","0","0","0","0","0","0","","0","0","0","15","1","1","00","2","39 59:34.498","6","00","76 22:42.737","2","0","0","0","36223","0","0","0","N","0","0","0","1","36223","0","","5","01","N","N","0","","0","1","1","0","0","Y","1506","1","1","0","1","1","0","0","1","0","1","N","","","","","","","","","","","1639","03","98","","N","N"
"2256","1","0","0","0","0","0","0","0","0","7","0","","36","10","2021","2021103205","4","40.0571","-76.4322","2255","08","0","0","0","0","0","0","0","0","","0","0","0","22","3","1","00","2","40 03:25.650","6","00","76 25:55.800","3","0","0","0","36239","0","0","0","N","0","0","0","1","36239","0","","5","01","N","N","0","","1","0","0","0","0","Y","2254","1","1","0","0","0","0","0","3","0","1","N","","","","","","","","","","","2139","03","","","N","N"
"1444","3","0","0","0","0","0","0","0","0","4","0","","36","10","2021","2021103202","2","40.0631","-76.1569","1442","08","0","0","0","0","0","2","0","1","","0","0","0","14","1","3","01","2","40 03:47.080","6","00","76 09:24.814","3","0","0","0","36234","0","0","0","N","0","0","0","4","36215","0","","1","01","N","N","0","","3","0","0","3","3","N","1440","3","3","0","0","0","0","0","1","0","3","N","","","","","","","","","","","1516","04","04","","N",""
"0719","1","0","0","0","0","0","0","0","0","7","0","","36","10","2021","2021103439","6","40.0268","-76.2176","0719","08","0","0","0","0","0","1","0","0","","0","0","0","07","1","0","00","0","40 01:36.384","","00","76 13:03.414","0","0","0","0","36215","0","0","0","N","0","0","0","1","36215","0","","4","01","N","N","0","","0","0","0","0","0","","0700","0","1","0","0","0","0","0","1","0","1","N","","","","","","","","","","","","03","","","N","N"
"1342","1","0","0","0","0","0","0","0","0","7","0","","36","10","2021","2021102657","7","40.2427","-76.1122","1340","08","0","0","0","0","0","0","1","0","","0","0","0","13","1","0","00","0","40 14:33.647","","00","76 06:44.079","0","0","0","0","36210","0","0","0","N","0","0","0","1","36210","0","","4","01","N","N","0","","0","0","0","0","0","","1339","0","1","0","0","0","0","0","1","0","1","N","","","","","","","","","","","","03","","","N","N"
"0912","0","0","0","0","0","0","0","0","0","4","1","","36","10","2021","2021103441","4","40.0921","-76.1558","0859","08","0","0","0","0","0","1","0","0","","0","1","0","08","1","0","02","1","40 05:31.525","6","00","76 09:20.788","0","0","0","0","36234","0","0","0","N","0","0","0","2","36215","0","","1","01","N","N","0","","0","0","1","0","0","N","0859","0","2","0","0","0","0","0","1","0","2","N","","","","","","","","","","","0945","03","","","N",""
"1412","0","0","0","0","0","0","0","0","0","7","0","","36","10","2021","2021102977","7","40.0142","-76.3791","1403","08","0","0","0","0","0","0","0","0","","0","0","0","14","1","0","00","0","40 00:51.130","","00","76 22:44.790","0","0","0","0","36223","0","0","0","N","0","0","0","1","36223","0","","4","09","N","N","1","","0","0","0","0","0","","1401","0","1","0","0","0","0","0","1","0","1","N","","","","","","","","","","","","04","07","","N","N"