"ARRIVAL_TM","AUTOMOBILE_COUNT","BELTED_DEATH_COUNT","BELTED_SUSP_SERIOUS_INJ_COUNT","BICYCLE_COUNT","BICYCLE_DEATH_COUNT","BICYCLE_SUSP_SERIOUS_INJ_COUNT","BUS_COUNT","CHLDPAS_DEATH_COUNT","CHLDPAS_SUSP_SERIOUS_INJ_COUNT","COLLISION_TYPE","COMM_VEH_COUNT","CONS_ZONE_SPD_LIM","COUNTY","CRASH_MONTH","CRASH_YEAR","CRN","DAY_OF_WEEK","DEC_LAT","DEC_LONG","DISPATCH_TM","DISTRICT","DRIVER_COUNT_16YR","DRIVER_COUNT_17YR","DRIVER_COUNT_18YR","DRIVER_COUNT_19YR","DRIVER_COUNT_20YR","DRIVER_COUNT_50_64YR","DRIVER_COUNT_65_74YR","DRIVER_COUNT_75PLUS","EST_HRS_CLOSED","FATAL_COUNT","HEAVY_TRUCK_COUNT","HORSE_BUGGY_COUNT","HOUR_OF_DAY","ILLUMINATION","INJURY_COUNT","INTERSECT_TYPE","LANE_CLOSED","LATITUDE","LN_CLOSE_DIR","LOCATION_TYPE","LONGITUDE","MAX_SEVERITY_LEVEL","MCYCLE_DEATH_COUNT","MCYCLE_SUSP_SERIOUS_INJ_COUNT","MOTORCYCLE_COUNT","MUNICIPALITY","NONMOTR_COUNT","NONMOTR_DEATH_COUNT","NONMOTR_SUSP_SERIOUS_INJ_COUNT","NTFY_HIWY_MAINT","PED_COUNT","PED_DEATH_COUNT","PED_SUSP_SERIOUS_INJ_COUNT","PERSON_COUNT","POLICE_AGCY","POSSIBLE_INJ_COUNT","RDWY_SURF_TYPE_CD","RELATION_TO_ROAD","ROAD_CONDITION","SCH_BUS_IND","SCH_ZONE_IND","SMALL_TRUCK_COUNT","SPEC_JURIS_CD","SUSP_MINOR_INJ_COUNT","SUSP_SERIOUS_INJ_COUNT","SUV_COUNT","TCD_FUNC_CD","TCD_TYPE","TFC_DETOUR_IND","TIME_OF_DAY","TOT_INJ_COUNT","TOTAL_UNITS","UNB_DEATH_COUNT","UNB_SUSP_SERIOUS_INJ_COUNT","UNBELTED_OCC_COUNT","UNK_INJ_DEG_COUNT","UNK_INJ_PER_COUNT","URBAN_RURAL","VAN_COUNT","VEHICLE_COUNT","WORK_ZONE_IND","WORK_ZONE_LOC","WORK_ZONE_TYPE","WORKERS_PRES","WZ_CLOSE_DETOUR","WZ_FLAGGER","WZ_LAW_OFFCR_IND","WZ_LN_CLOSURE","WZ_MOVING","WZ_OTHER","WZ_SHLDER_MDN","ROADWAY_CLEARED","WEATHER1","WEATHER2","WZ_WORKERS_INJ_KILLED","SECONDARY_CRASH","INTERSECTION_RELATED"
"1737","0","0","0","0","0","0","0","0","0","7","0","","36","10","2021","2021101885","7","40.1223","-76.3631","1727","08","0","0","0","0","0","0","0","0","","0","0","0","17","1","1","00","1","40 07:20.360","5","00","76 21:47.090","4","0","0","0","36214","0","0","0","N","0","0","0","1","36214","1","","5","01","N","N","1","","0","0","0","0","0","Y","1726","1","1","0","0","0","0","0","3","0","1","N","","","","","","","","","","","0100","03","","","N","N"
"0758","1","0","0","0","0","0","0","0","0","1","0","","36","10","2021","2021103209","4","40.1035","-76.4348","0758","08","0","0","1","0","0","0","0","0","","0","0","0","07","1","0","02","0","40 06:12.589","","00","76 26:05.299","0","0","0","0","36239","0","0","0","N","0","0","0","2","36239","0","","1","01","N","N","0","","0","0","0","3","3","","0746","0","2","0","0","0","0","0","3","1","2","N","","","","","","","","","","","","03","03","","Y",""
"0245","1","0","0","0","0","0","0","0","0","98","0","","36","10","2021","2021102402","1","40.212","-76.0525","0235","08","0","0","0","0","0","0","0","0","","0","0","0","02","2","0","00","0","40 12:42.768","","00","76 03:07.482","0","0","0","0","36202","0","0","0","N","0","0","0","2","68T06","0","","1","01","N","N","0","","0","0","0","0","0","","0235","0","1","0","0","0","0","0","1","0","1","N","","","","","","","","","","","","03","","","N","N"
"0900","1","0","0","0","0","0","0","0","0","7","0","","36","10","2021","2021103796","3","40.2438","-76.1039","0855","08","0","0","0","0","1","0","0","0","","0","0","0","08","1","0","00","0","40 14:37.790","","00","76 06:14.110","0","0","0","0","36210","0","0","0","N","0","0","0","1","36210","0","","2","09","N","N","0","","0","0","0","0","0","","0855","0","1","0","0","0","0","0","1","0","1","N","","","","","","","","","","","","04","","","N","N"
"1337","1","0","0","0","0","0","0","0","0","7","0","","36","10","2021","2021102973","3","40.0206","-76.1927","1332","08","0","0","0","0","0","0","0","0","","0","0","0","13","1","1","00","1","40 01:14.070","4","00","76 11:33.830","8","0","0","0","36215","0","0","0","N","0","0","0","1","36215","0","","4","01","N","N","0","","0","0","0","0","0","N","1331","1","1","0","0","0","1","0","1","0","1","N","","","","","","","","","","","1419","04","","","N","N"
"2216","0","0","0","0","0","0","0","0","0","98","0","","36","10","2021","2021103104","1","40.2127","-76.0562","2213","08","0","0","0","0","0","0","0","0","","0","0","0","22","2","2","00","0","40 12:45.562","","00","76 03:22.013","4","0","0","0","36202","0","0","0","N","0","0","0","2","68T06","2","","1","01","N","N","0","","0","0","1","0","0","","2212","2","1","0","0","0","0","0","1","0","1","N","","","","","","","","","","","","03","","","N","N"
"1332","1","0","0","0","0","0","0","0","0","4","0","","36","04","2021","2021035451","2","40.0698","-76.3424","1253","08","0","0","0","0","0","0","0","0","","0","0","0","12","1","1","00","1","40 04:11.200","3","07","76 20:32.800","4","0","0","0","36301","0","0","0","N","0","0","0","3","36301","1","","1","01","N","N","0","","0","0","1","0","0","N","1253","1","2","0","0","0","0","0","3","0","2","N","","","","","","","","","","","1350","03","03","","N","N"
"2120","1","0","0","0","0","0","0","0","0","4","0","","36","10","2021","2021103618","4","40.0315","-76.2382","2114","08","0","1","0","0","0","1","0","0","","0","0","0","21","3","2","01","1","40 01:50.868","4","00","76 14:03.471","4","0","0","0","36215","0","0","0","N","0","0","0","5","36215","2","","1","01","N","N","0","","0","0","1","3","2","N","2112","2","2","0","0","0","0","0","1","0","2","N","","","","","","","","","","","2156","03","","","N",""
"0858","1","0","0","0","0","0","0","0","0","7","0","","36","10","2021","2021103851","5","40.1694","-76.5352","0850","08","0","1","0","0","0","0","0","0","","0","0","0","08","1","0","00","0","40 10:09.672","","00","76 32:06.888","0","0","0","0","36225","0","0","0","N","0","0","0","1","36505","0","","5","01","N","N","0","","0","0","0","0","0","","0848","0","1","0","0","0","0","0","2","0","1","N","","","","","","","","","","","","03","03","","N","N"
"1611","0","0","0","0","0","0","0","0","0","4","0","","36","10","2021","2021103856","6","40.1266","-76.3051","1604","08","0","0","0","0","0","0","0","1","","0","0","0","16","1","0","01","0","40 07:35.600","","00","76 18:18.296","0","0","0","0","36235","0","0","0","N","0","0","0","3","36506","0","","1","01","N","N","1","","0","0","1","3","2","","1603","0","2","0","0","0","0","0","1","0","2","N","","","","","","","","","","","","03","","","N",""
"0533","1","0","0","0","0","0","0","0","0","7","0","","36","10","2021","2021100608","1","40.0444","-76.2981","0528","08","0","0","0","0","0","0","0","0","","0","0","0","05","3","0","00","0","40 02:39.897","","00","76 17:53.251","0","0","0","0","36301","0","0","0","N","0","0","0","1","36301","0","","5","09","N","N","0","","0","0","0","0","0","","0526","0","1","0","0","0","0","0","3","0","1","N","","","","","","","","","","","","04","","","N","N"
"2025","0","0","0","0","0","0","0","0","0","7","0","","36","10","2021","2021102729","3","40.0389","-76.5105","2020","08","0","0","0","0","0","0","0","0","","0","0","0","20","2","0","01","1","40 02:20.202","1","00","76 30:37.819","0","0","0","0","36404","0","0","0","N","0","0","0","1","36404","0","","5","09","N","N","1","","0","0","0","0","0","Y","2020","0","1","0","0","0","0","0","3","0","1","N","","","","","","","","","","","2140","03","","","N",""
"1221","0","0","0","0","0","0","0","0","0","1","2","","36","10","2021","2021102984","5","40.2209","-76.4323","1219","08","0","0","0","0","0","0","0","0","","0","2","0","12","1","1","00","2","40 13:15.212","2","00","76 25:56.211","8","0","0","0","36230","0","0","0","N","0","0","0","3","36410","0","","1","01","N","N","1","","0","0","0","0","0","N","1218","1","3","0","0","0","1","0","1","0","3","N","","","","","","","","","","","1315","03","03","","N","N"
"0635","1","0","0","0","0","0","0","0","0","1","0","","36","10","2021","2021102975","4","40.0819","-76.2341","0626","08","0","0","0","0","0","0","0","0","","0","0","0","06","2","1","01","1","40 04:54.777","3","00","76 14:02.802","3","0","0","0","36234","0","0","0","N","0","0","0","2","36215","0","","1","01","N","N","0","","1","0","0","3","2","N","0626","1","2","0","0","0","0","0","1","1","2","N","","","","","","","","","","","0725","03","","","N",""
"0823","1","0","0","0","0","0","0","0","0","7","0","","36","10","2021","2021103442","5","40.0901","-76.2342","0811","08","0","1","0","0","0","0","0","0","","0","0","0","08","5","1","00","1","40 05:24.330","1","00","76 14:03.080","4","0","0","0","36234","0","0","0","N","0","0","0","2","36215","1","","4","09","N","N","0","","0","0","0","0","0","N","0809","1","1","0","0","0","0","0","1","0","1","N","","","","","","","","","","","0921","05","","","N","N"
"1738","1","0","0","0","0","0","0","0","0","7","0","","36","10","2021","2021102982","7","40.1665","-76.4996","1724","08","0","0","0","0","0","0","0","0","","0","0","0","17","1","0","00","0","40 09:59.366","","00","76 29:58.523","0","0","0","0","36230","0","0","0","N","0","0","0","1","36410","0","","5","09","N","N","0","","0","0","0","0","0","","1724","0","1","0","0","0","0","0","1","0","1","N","","","","","","","","","","","","07","04","","N","N"
"0707","2","0","0","0","0","0","0","0","0","4","0","","36","10","2021","2021101391","1","40.0382","-76.3235","0703","08","0","0","0","1","0","0","0","0","","0","0","0","07","3","1","01","0","40 02:17.653","","00","76 19:24.603","3","0","0","0","36301","0","0","0","N","0","0","0","3","36301","0","","1","01","N","N","0","","1","0","0","3","2","","0701","1","2","0","0","1","0","0","3","0","2","N","","","","","","","","","","","","04","","","N","N"
"1305","0","0","0","0","0","0","0","0","0","1","1","","36","10","2021","2021101890","6","40.1076","-76.0883","1259","08","0","0","0","0","0","1","0","0","","0","1","0","12","1","0","02","0","40 06:26.350","","00","76 05:20.900","0","0","0","0","36209","0","0","0","N","0","0","0","2","36415","0","","1","01","N","N","0","","0","0","1","0","0","","1258","0","2","0","0","0","0","0","1","0","2","N","","","","","","","","","","","","03","03","","N",""
"0911","1","0","0","0","0","0","0","0","0","7","0","","36","09","2021","2021103846","2","40.2171","-76.4779","0904","08","0","0","0","0","0","0","0","0","","0","0","0","09","1","1","00","0","40 13:01.470","","00","76 28:40.480","4","0","0","0","36225","0","0","0","N","0","0","0","1","36505","1","","4","01","N","N","0","","0","0","0","0","0","","0900","1","1","0","0","1","0","0","2","0","1","N","","","","","","","","","","","","03","","","N","N"
"2049","3","0","0","0","0","0","0","0","0","5","0","","36","10","2021","2021100611","1","40.034","-76.3043","2044","08","0","0","0","0","1","0","0","0","","0","0","0","20","3","0","00","1","40 02:02.221","3","00","76 18:15.349","0","0","0","0","36301","0","0","0","N","0","0","0","1","36301","0","","2","01","N","N","0","","0","0","0","0","0","N","2040","0","3","0","0","0","0","0","3","0","3","N","","","","","","","","","","","2136","03","03","","N","N"
"1936","1","0","0","0","0","0","0","0","0","4","0","","36","10","2021","2021102985","6","40.1117","-76.4517","1928","08","0","0","0","0","0","0","0","0","","0","0","0","19","3","1","01","1","40 06:42.218","4","00","76 27:05.960","3","0","0","0","36230","0","0","0","N","0","0","0","4","36410","0","","1","01","N","N","0","","1","0","1","3","2","N","1926","1","2","0","0","0","0","0","1","0","2","N","","","","","","","","","","","2015","03","03","","N",""
"0458","1","0","0","0","0","0","0","0","0","7","0","","36","10","2021","2021103176","1","40.0612","-76.3214","0450","08","0","0","0","0","0","0","0","0","","0","0","0","04","3","1","00","0","40 03:40.181","","00","76 19:16.898","3","0","0","0","36301","0","0","0","N","0","0","0","1","36301","0","","5","01","N","N","0","","1","0","0","0","0","","0450","1","1","0","0","0","0","0","3","0","1","N","","","","","","","","","","","","03","","","N","N"
"0854","0","0","0","0","0","0","0","0","0","7","1","","36","10","2021","2021103108","2","39.7768","-76.0775","0853","08","0","0","0","0","0","0","0","0","","0","1","0","08","1","1","00","2","39 46:36.631","4","00","76 04:39.104","3","0","0","0","36222","0","0","0","N","0","0","0","1","68J01","0","","2","09","N","N","0","","1","0","0","0","0","N","0831","1","1","0","0","0","0","0","1","0","1","N","","","","","","","","","","","1330","03","03","","N","N"
"1608","1","0","0","0","0","0","0","0","0","1","0","","36","10","2021","2021103854","5","40.1774","-76.6014","1556","08","0","0","0","0","0","0","1","0","","0","0","0","15","1","0","06","0","40 10:38.704","","02","76 36:05.159","0","0","0","0","36225","0","0","0","N","0","0","0","3","36505","0","","1","01","N","N","0","","0","0","1","3","3","","1555","0","2","0","0","0","0","0","2","0","2","N","","","","","","","","","","","","03","","","N",""
"1701","2","0","0","0","0","0","0","0","0","5","0","","36","10","2021","2021101654","1","40.0384","-76.2768","1653","08","0","0","0","0","0","0","0","0","","0","0","0","16","1","0","00","1","40 02:18.271","4","00","76 16:36.487","0","0","0","0","36220","0","0","0","N","0","0","0","2","36101","0","","1","01","N","N","0","","0","0","0","0","0","N","1651","0","2","0","0","0","0","0","3","0","2","N","","","","","","","","","","","1730","03","","","N","N"
"1528","1","0","0","0","0","0","0","0","0","1","0","","36","10","2021","2021103858","7","40.1056","-76.3544","1512","08","0","0","0","0","0","0","0","1","","0","0","0","15","1","0","00","0","40 06:20.116","","00","76 21:15.843","0","0","0","0","36406","0","0","0","N","0","0","0","2","36506","0","","1","09","N","N","1","","0","0","0","3","2","","1512","0","2","0","0","0","0","0","3","0","2","N","","","","","","","","","","","","07","","","N","N"
"0454","0","0","0","0","0","0","0","0","0","98","0","","36","10","2021","2021102064","6","39.9429","-76.2589","0437","08","0","0","0","0","0","0","1","0","","0","0","0","04","2","0","00","1","39 56:34.483","2","00","76 15:32.200","0","0","0","0","36228","0","0","0","N","0","0","0","1","68J01","0","","1","01","N","N","1","","0","0","0","0","0","N","0429","0","1","0","0","0","0","0","1","0","1","N","","","","","","","","","","","0530","03","","","N","N"
"1137","2","0","0","0","0","0","0","0","0","1","0","","36","10","2021","2021102685","6","40.1289","-76.2167","1132","08","0","0","0","1","0","0","0","1","","0","0","0","11","1","1","00","2","40 07:44.107","2","00","76 13:00.025","4","0","0","0","36238","0","0","0","N","0","0","0","3","36238","1","","1","01","N","N","0","","0","0","1","0","0","N","1132","1","3","0","0","0","0","0","3","0","3","N","","","","","","","","","","","1219","03","","","N","N"
"1841","1","0","0","0","0","0","0","0","0","1","0","","36","10","2021","2021103444","6","40.0844","-76.2229","1827","08","0","0","0","0","0","0","0","1","","0","0","0","18","2","0","00","0","40 05:03.885","","00","76 13:22.609","0","0","0","0","36234","0","0","0","N","0","0","0","4","36215","0","","1","01","N","N","1","","0","0","0","0","0","","1823","0","2","0","0","0","0","0","1","0","2","N","","","","","","","","","","","","04","","","N","Y"
"1308","0","0","0","0","0","0","0","0","0","4","0","","36","08","2021","2021087085","3","40.0341","-76.3161","1120","08","0","0","0","0","0","0","0","1","","1","0","0","11","1","0","02","2","40 02:02.677","6","00","76 18:58.009","1","1","0","1","36301","0","0","0","N","0","0","0","2","36301","0","2","1","01","N","N","0","0","0","0","1","0","0","Y","1120","0","2","0","0","0","0","0","3","0","2","N","","","","","","","","","","","1600","03","03","","N","N"
"1534","1","0","0","0","0","0","0","0","0","1","0","","36","10","2021","2021101483","7","40.0631","-76.3387","1528","08","0","0","0","0","0","1","0","0","","0","0","0","15","1","0","00","1","40 03:47.185","4","00","76 20:19.397","0","0","0","0","36101","0","0","0","N","0","0","0","2","36101","0","","1","09","N","N","0","","0","0","1","0","0","N","1526","0","2","0","0","0","0","0","3","0","2","N","","","","","","","","","","","1640","04","","","N","N"
"2228","0","0","0","0","0","0","0","0","0","7","0","","36","10","2021","2021102988","3","40.1416","-76.4741","2216","08","0","0","0","0","0","0","0","0","","0","0","0","22","2","0","00","0","40 08:29.610","","00","76 28:26.930","0","0","0","0","36230","0","0","0","N","0","0","0","1","36410","0","","4","09","N","N","1","","0","0","0","0","0","","2214","0","1","0","0","0","0","0","1","0","1","N","","","","","","","","","","","","04","04","","N","N"
"1854","0","0","0","0","0","0","0","0","0","4","1","","36","10","2021","2021102987","3","40.164","-76.4461","1851","08","0","0","0","0","0","1","0","1","","0","1","0","18","2","1","01","2","40 09:50.308","7","00","76 26:45.874","8","0","0","0","36230","0","0","0","N","0","0","0","2","36410","0","","1","09","N","N","0","","0","0","1","3","3","Y","1848","1","2","0","0","0","1","0","1","0","2","N","","","","","","","","","","","2000","07","07","","N",""
"1740","1","0","0","0","0","0","0","0","0","1","0","","36","10","2021","2021102696","3","39.9973","-76.2897","1725","08","0","0","0","0","0","1","0","0","","0","0","0","17","1","0","00","0","39 59:50.308","","00","76 17:23.013","0","0","0","0","36240","0","0","0","N","0","0","0","2","36240","0","","1","09","N","N","1","","0","0","0","0","0","","1722","0","2","0","0","0","0","0","1","0","2","N","","","","","","","","","","","","07","04","","N","N"
"2118","0","0","0","0","0","0","0","0","0","98","0","","36","11","2021","2021108456","4","40.2436","-76.2348","2110","08","0","0","0","0","0","1","0","0","","0","0","0","21","2","0","00","0","40 14:36.886","","00","76 14:05.224","0","0","0","0","36204","0","0","0","N","0","0","0","1","68T06","0","","1","01","N","N","1","","0","0","0","0","0","","2110","0","1","0","0","0","0","0","1","0","1","N","","","","","","","","","","","","03","","","N","N"
"1946","1","0","0","0","0","0","0","0","0","98","0","","36","11","2021","2021108215","7","40.1325","-75.9014","1942","08","0","0","0","1","0","0","0","0","","0","0","0","18","2","0","00","0","40 07:57.021","","00","75 54:04.891","0","0","0","0","36203","0","0","0","N","0","0","0","1","68J01","0","","1","01","N","N","0","","0","0","0","0","0","","1807","0","1","0","0","0","0","0","1","0","1","N","","","","","","","","","","","","03","03","","N","N"
"1209","0","0","0","0","0","0","0","0","0","7","0","","36","10","2021","2021109999","6","39.8912","-76.3272","1201","08","0","0","0","0","0","0","1","0","","0","0","0","12","1","1","00","2","39 53:28.350","5","00","76 19:37.845","8","0","0","0","36224","0","0","0","N","0","0","0","1","68J01","0","","4","09","N","Y","1","","0","0","0","0","0","U","1200","1","1","0","0","0","1","0","1","0","1","N","","","","","","","","","","","1325","07","07","","N","N"
"1057","1","0","0","0","0","0","0","0","0","4","0","","36","06","2021","2021061541","2","40.1284","-76.2158","1056","08","0","0","0","0","0","1","0","0","","0","0","0","10","1","0","02","2","40 07:42.300","4","00","76 12:56.814","0","0","0","0","36238","0","0","0","N","0","0","0","3","36238","0","","1","01","N","N","1","","0","0","0","3","2","N","1056","0","2","0","0","0","0","0","3","0","2","N","","","","","","","","","","","1130","03","","","N","N"
"0421","1","0","0","0","0","0","0","0","0","98","0","","36","06","2021","2021062114","6","40.2266","-76.4753","0354","08","0","0","0","0","0","0","0","0","","0","0","0","03","2","0","00","0","40 13:35.539","","00","76 28:33.942","0","0","0","0","36230","0","0","0","N","0","0","0","2","68T06","0","","1","01","N","N","0","","0","0","0","0","0","","0354","0","1","0","0","0","0","0","1","0","1","N","","","","","","","","","","","","03","","","N","N"
"1839","1","0","0","0","0","0","0","0","0","1","0","","36","04","2021","2021038785","5","40.0528","-76.3967","1831","08","0","0","0","0","0","0","0","1","","0","0","0","18","1","0","02","2","40 03:10.172","2","00","76 23:48.153","0","0","0","0","36214","0","0","0","N","0","0","0","2","36214","0","","1","09","N","N","0","","0","0","1","3","2","N","1825","0","2","0","0","0","0","0","3","0","2","N","","","","","","","","","","","0055","07","","","N",""
"2006","2","0","0","0","0","0","0","0","0","1","0","","36","06","2021","2021057950","5","40.0762","-76.3087","2005","08","0","0","0","0","0","0","0","0","","0","0","0","20","1","1","00","0","40 04:34.385","","00","76 18:31.409","4","0","0","0","36101","0","0","0","N","0","0","0","2","36101","1","","1","01","N","N","0","","0","0","0","0","0","","2002","1","2","0","0","0","0","0","3","0","2","N","","","","","","","","","","","","03","03","","N","N"
"1607","2","0","0","0","0","0","0","0","0","4","0","","36","06","2021","2021053334","5","40.0682","-76.3182","1600","08","0","0","0","0","1","0","0","0","","0","0","0","15","1","1","02","0","40 04:05.500","","00","76 19:05.500","4","0","0","0","36301","0","0","0","N","0","0","0","3","36301","1","","1","01","N","N","0","","0","0","0","3","8","","1553","1","2","0","0","0","0","0","3","0","2","N","","","","","","","","","","","","03","","","N","N"
"1125","1","0","0","0","0","0","0","0","0","1","0","","36","06","2021","2021059717","5","40.0683","-76.315","1124","08","0","0","0","0","0","1","0","0","","0","0","0","11","1","2","00","1","40 04:05.800","4","00","76 18:54.000","3","0","0","0","36101","0","0","0","N","0","0","0","5","36101","0","","1","01","N","N","0","","2","0","1","3","2","N","1124","2","2","0","0","0","0","0","3","0","2","N","","","","","","","","","","","1125","04","04","","N","Y"
"1208","2","0","0","0","0","0","0","0","0","4","0","","36","06","2021","2021053514","5","40.0605","-76.3356","1208","08","0","0","0","0","0","0","0","1","","0","0","0","12","1","3","02","1","40 03:37.738","4","00","76 20:08.147","3","0","0","0","36301","0","0","0","N","0","0","0","3","36301","0","","1","01","N","N","0","","1","0","0","3","2","N","1202","3","2","0","0","1","2","0","3","0","2","N","","","","","","","","","","","1353","03","03","","N","N"
"0928","2","0","0","0","0","0","0","0","0","1","0","","36","06","2021","2021056001","5","40.1052","-76.4274","0918","08","0","0","0","0","0","1","0","0","","0","0","0","09","1","0","00","1","40 06:18.580","4","00","76 25:38.717","0","0","0","0","36214","0","0","0","N","0","0","0","3","36214","0","","1","01","N","N","1","","0","0","0","0","0","N","0918","0","3","0","0","0","0","0","3","0","3","N","","","","","","","","","","","1010","03","","","N","N"
"0814","0","0","0","0","0","0","0","0","0","98","0","","36","10","2021","2021105166","7","39.8443","-76.0633","0755","08","0","0","0","0","0","1","0","0","","0","0","0","07","1","0","02","0","39 50:39.435","","00","76 03:47.892","0","0","0","0","36205","0","0","0","N","0","0","0","1","68J01","0","","1","09","N","N","1","","0","0","0","0","0","","0744","0","1","0","0","1","0","0","1","0","1","N","","","","","","","","","","","","07","","","N","N"
"1034","1","0","0","0","0","0","0","0","0","7","0","","36","10","2021","2021105006","4","40.0176","-76.4461","1029","08","0","0","0","1","0","0","0","0","","0","0","0","10","1","0","00","1","40 01:03.336","3","00","76 26:45.919","0","0","0","0","36223","0","0","0","N","0","0","0","1","36223","0","","4","01","N","N","0","","0","0","0","0","0","N","1021","0","1","0","0","0","0","0","1","0","1","N","","","","","","","","","","","1129","03","","","N","N"
"1404","2","0","0","0","0","0","0","0","0","3","0","","36","06","2021","2021058999","2","40.0541","-76.2865","1404","08","0","0","0","0","1","0","0","0","","0","0","0","14","1","0","00","1","40 03:14.650","6","00","76 17:11.441","0","0","0","0","36101","0","0","0","N","0","0","0","2","36101","0","","1","01","N","N","0","","0","0","0","0","0","N","1401","0","2","0","0","0","0","0","3","0","2","N","","","","","","","","","","","1454","04","04","","N","N"
"0505","0","0","0","0","0","0","0","0","0","7","0","","36","10","2021","2021105144","5","39.8946","-76.1519","0451","08","0","0","0","0","0","0","0","0","","0","0","0","04","2","0","00","0","39 53:40.702","","00","76 09:06.992","0","0","0","0","36416","0","0","0","Y","0","0","0","1","68J01","0","","4","01","N","N","1","","0","0","0","0","0","","0445","0","1","0","0","1","0","0","1","0","1","N","","","","","","","","","","","","03","03","","N","N"
"1841","1","0","0","0","0","0","0","0","0","7","0","","36","06","2021","2021062670","2","40.106","-76.1389","1829","08","0","0","1","0","0","0","0","0","","0","0","0","18","1","1","00","0","40 06:21.693","","00","76 08:19.892","3","0","0","0","36238","0","0","0","N","0","0","0","1","36238","0","","5","09","N","N","0","","1","0","0","0","0","","1829","1","1","0","0","0","0","0","3","0","1","N","","","","","","","","","","","","07","","","N","N"
"1650","0","0","0","0","0","0","0","0","0","4","0","","36","06","2021","2021062237","4","40.2264","-76.1804","1646","08","0","0","0","0","0","0","0","0","","0","0","0","16","1","0","01","0","40 13:34.893","","00","76 10:49.273","0","0","0","0","36236","0","0","0","N","0","0","0","3","36408","0","","1","01","N","N","0","","0","0","3","0","0","","1646","0","3","0","0","0","0","0","1","0","3","N","","","","","","","","","","","","03","","","N",""
"1325","0","0","0","0","0","0","0","0","0","4","0","","36","06","2021","2021053313","5","39.9865","-76.2812","1319","08","0","0","0","0","0","0","0","0","","0","0","0","13","1","0","01","1","39 59:11.342","1","00","76 16:52.253","0","0","0","0","36240","0","0","0","N","0","0","0","4","36240","0","","1","01","N","N","0","","0","0","2","3","2","N","1319","0","2","0","0","0","0","0","1","0","2","N","","","","","","","","","","","1340","03","","","N",""
"2325","1","0","0","0","0","0","0","0","0","6","0","","36","06","2021","2021055605","7","40.0394","-76.3891","2323","08","0","0","0","0","0","0","0","1","","0","0","0","23","3","2","00","0","40 02:21.690","","00","76 23:20.580","3","0","0","0","36223","0","0","0","N","0","0","0","2","36223","1","","1","01","N","N","0","","1","0","1","0","0","","2320","2","2","0","0","0","0","0","1","0","2","N","","","","","","","","","","","","03","03","","N","N"
"0601","1","0","0","0","0","0","0","0","0","1","0","","36","11","2021","2021106684","4","40.0068","-76.1145","0554","08","0","0","0","0","1","1","0","0","","0","0","0","05","3","0","00","1","40 00:24.523","3","00","76 06:52.273","0","0","0","0","36226","0","0","0","N","0","0","0","3","68J01","0","","1","01","N","N","0","","0","0","1","0","0","N","0549","0","2","0","0","0","0","0","1","0","2","N","","","","","","","","","","","0702","03","","","N","N"
"1604","1","0","0","0","0","0","0","0","0","4","0","","36","06","2021","2021058136","5","40.0913","-76.1652","1604","08","0","0","0","0","0","0","0","0","","0","0","1","15","1","2","00","2","40 05:28.723","4","07","76 09:54.846","3","0","0","0","36234","1","0","0","N","0","0","0","2","36215","0","","1","01","N","N","0","","2","0","0","0","0","N","1554","2","2","0","0","0","0","0","1","0","1","N","","","","","","","","","","","1631","03","03","","N","N"
"1339","1","0","0","0","0","0","0","0","0","1","0","","36","05","2021","2021041603","7","40.0637","-76.34","1330","08","0","0","0","0","0","0","0","0","","0","0","0","13","1","0","00","1","40 03:49.214","4","00","76 20:23.891","0","0","0","0","36101","0","0","0","N","0","0","0","2","36101","0","","1","01","N","N","0","","0","0","1","3","2","N","1327","0","2","0","0","0","0","0","3","0","2","N","","","","","","","","","","","1444","03","","","N","Y"
"1755","0","0","0","0","0","0","0","0","0","1","0","","36","06","2021","2021055997","6","40.0706","-76.3194","1753","08","0","0","0","0","0","0","0","0","","0","0","0","17","1","0","00","0","40 04:14.073","","00","76 19:09.673","0","0","0","0","36101","0","0","0","N","0","0","0","6","36101","0","","1","09","N","N","0","","0","0","1","0","0","","1748","0","2","0","0","0","0","0","3","1","2","N","","","","","","","","","","","","04","04","","N","N"
"0744","1","0","0","0","0","0","0","0","0","1","0","","36","04","2021","2021036093","6","40.2084","-76.224","0734","08","0","0","0","0","0","0","1","0","","0","0","0","07","1","1","00","2","40 12:30.149","6","00","76 13:26.478","2","0","0","0","36204","0","0","0","N","0","0","0","2","36506","0","","2","01","N","N","0","","0","1","0","0","0","Y","0733","1","2","0","0","0","0","0","1","0","2","N","","","","","","","","","","","0847","04","04","","N","N"
"2117","1","0","0","0","0","0","0","0","0","4","0","","36","10","2021","2021104745","7","40.0763","-76.3249","2110","08","0","0","1","0","0","0","0","0","","0","0","0","21","3","0","01","1","40 04:34.297","1","00","76 19:29.777","0","0","0","0","36101","0","0","0","N","0","0","0","2","36101","0","","1","01","N","N","0","","0","0","1","3","2","N","2108","0","2","0","0","0","0","0","3","0","2","N","","","","","","","","","","","2202","03","03","","N",""