"ARRIVAL_TM","AUTOMOBILE_COUNT","BELTED_DEATH_COUNT","BELTED_SUSP_SERIOUS_INJ_COUNT","BICYCLE_COUNT","BICYCLE_DEATH_COUNT","BICYCLE_SUSP_SERIOUS_INJ_COUNT","BUS_COUNT","CHLDPAS_DEATH_COUNT","CHLDPAS_SUSP_SERIOUS_INJ_COUNT","COLLISION_TYPE","COMM_VEH_COUNT","CONS_ZONE_SPD_LIM","COUNTY","CRASH_MONTH","CRASH_YEAR","CRN","DAY_OF_WEEK","DEC_LAT","DEC_LONG","DISPATCH_TM","DISTRICT","DRIVER_COUNT_16YR","DRIVER_COUNT_17YR","DRIVER_COUNT_18YR","DRIVER_COUNT_19YR","DRIVER_COUNT_20YR","DRIVER_COUNT_50_64YR","DRIVER_COUNT_65_74YR","DRIVER_COUNT_75PLUS","EST_HRS_CLOSED","FATAL_COUNT","HEAVY_TRUCK_COUNT","HORSE_BUGGY_COUNT","HOUR_OF_DAY","ILLUMINATION","INJURY_COUNT","INTERSECT_TYPE","LANE_CLOSED","LATITUDE","LN_CLOSE_DIR","LOCATION_TYPE","LONGITUDE","MAX_SEVERITY_LEVEL","MCYCLE_DEATH_COUNT","MCYCLE_SUSP_SERIOUS_INJ_COUNT","MOTORCYCLE_COUNT","MUNICIPALITY","NONMOTR_COUNT","NONMOTR_DEATH_COUNT","NONMOTR_SUSP_SERIOUS_INJ_COUNT","NTFY_HIWY_MAINT","PED_COUNT","PED_DEATH_COUNT","PED_SUSP_SERIOUS_INJ_COUNT","PERSON_COUNT","POLICE_AGCY","POSSIBLE_INJ_COUNT","RDWY_SURF_TYPE_CD","RELATION_TO_ROAD","ROAD_CONDITION","SCH_BUS_IND","SCH_ZONE_IND","SMALL_TRUCK_COUNT","SPEC_JURIS_CD","SUSP_MINOR_INJ_COUNT","SUSP_SERIOUS_INJ_COUNT","SUV_COUNT","TCD_FUNC_CD","TCD_TYPE","TFC_DETOUR_IND","TIME_OF_DAY","TOT_INJ_COUNT","TOTAL_UNITS","UNB_DEATH_COUNT","UNB_SUSP_SERIOUS_INJ_COUNT","UNBELTED_OCC_COUNT","UNK_INJ_DEG_COUNT","UNK_INJ_PER_COUNT","URBAN_RURAL","VAN_COUNT","VEHICLE_COUNT","WORK_ZONE_IND","WORK_ZONE_LOC","WORK_ZONE_TYPE","WORKERS_PRES","WZ_CLOSE_DETOUR","WZ_FLAGGER","WZ_LAW_OFFCR_IND","WZ_LN_CLOSURE","WZ_MOVING","WZ_OTHER","WZ_SHLDER_MDN","ROADWAY_CLEARED","WEATHER1","WEATHER2","WZ_WORKERS_INJ_KILLED","SECONDARY_CRASH","INTERSECTION_RELATED"
"1555","2","0","0","0","0","0","0","0","0","4","0","","36","06","2021","2021065541","5","40.0369","-76.2985","1550","08","0","0","0","0","0","0","0","0","","0","0","0","15","1","0","01","1","40 02:12.821","2","00","76 17:54.459","0","0","0","0","36301","0","0","0","N","0","0","0","2","36301","0","","1","01","N","N","0","","0","0","0","3","3","Y","1550","0","2","0","0","0","0","0","3","0","2","N","","","","","","","","","","","1630","03","","","N",""
"1422","0","0","0","0","0","0","0","0","0","4","0","","36","06","2021","2021059429","2","40.0817","-76.1157","1422","08","0","0","0","0","0","0","1","0","","0","0","0","14","1","0","01","1","40 04:54.116","7","00","76 06:56.550","0","0","0","0","36234","0","0","0","N","0","0","0","7","36415","0","","1","01","N","N","0","","0","0","1","3","3","N","1416","0","2","0","0","0","0","0","1","1","2","N","","","","","","","","","","","1501","04","","","N",""
"1421","0","0","0","0","0","0","0","0","0","4","0","","36","05","2021","2021049351","6","40.1064","-76.3339","1410","08","0","0","0","0","0","2","0","0","","0","0","0","14","1","0","01","1","40 06:23.096","1","00","76 20:01.943","0","0","0","0","36101","0","0","0","N","0","0","0","2","36101","0","","1","01","N","N","2","","0","0","0","3","3","N","1408","0","2","0","0","0","0","0","3","0","2","N","","","","","","","","","","","1525","04","04","","N",""
"1151","1","0","0","0","0","0","0","0","0","4","1","","36","10","2021","2021100295","5","40.0664","-76.3177","1126","08","0","0","0","0","0","0","0","0","","0","1","0","11","1","1","02","0","40 03:59.200","","00","76 19:03.800","8","0","0","0","36301","0","0","0","N","0","0","0","2","36301","0","","1","01","N","N","0","","0","0","0","3","3","","1123","1","2","0","0","0","1","0","3","0","2","N","","","","","","","","","","","","03","","","Y",""
"1445","0","0","0","0","0","0","0","0","0","8","0","","36","06","2021","2021053786","3","40.0639","-76.3067","1443","08","0","0","0","0","0","0","0","0","","0","0","0","14","1","1","02","0","40 03:50.121","","00","76 18:24.172","8","0","0","0","36101","1","0","0","N","1","0","0","4","36101","0","","1","01","N","N","0","","0","0","1","0","0","","1442","1","2","0","0","0","1","0","3","0","1","N","","","","","","","","","","","","03","","","N",""
"1759","1","0","0","0","0","0","0","0","0","1","0","","36","10","2021","2021104743","6","40.0384","-76.3379","1756","08","0","0","0","0","1","0","0","0","","0","0","0","17","3","1","00","1","40 02:18.298","3","00","76 20:16.281","3","0","0","0","36220","0","0","0","N","0","0","0","2","36101","0","","1","09","N","N","0","","1","0","0","0","0","N","1750","1","2","0","0","0","0","1","3","0","2","N","","","","","","","","","","","0045","07","07","","N","N"
"1214","0","0","0","0","0","0","0","0","0","4","0","","36","06","2021","2021056688","7","40.0987","-76.4109","1214","08","0","0","0","0","0","1","1","0","","0","0","0","12","1","1","00","1","40 05:55.204","4","00","76 24:39.105","3","0","0","0","36214","0","0","0","N","0","0","0","2","36214","0","","1","01","N","N","0","","1","0","2","0","0","N","1209","1","2","0","0","0","0","0","3","0","2","N","","","","","","","","","","","1245","04","","","N","N"
"2045","1","0","0","0","0","0","0","0","0","5","1","","36","10","2021","2021106138","6","40.2246","-76.4217","2032","08","0","0","0","0","0","0","0","0","","0","1","0","20","2","0","00","0","40 13:28.657","","00","76 25:18.383","0","0","0","0","36230","0","0","0","N","0","0","0","2","68T06","0","","1","09","N","N","0","","0","0","0","0","0","","2032","0","2","0","0","0","0","0","1","0","2","N","","","","","","","","","","","","07","","","N","N"
"1517","0","0","0","0","0","0","0","0","0","7","0","","36","10","2021","2021106583","7","40.0154","-76.1795","1515","08","0","0","0","0","0","0","0","0","","0","0","0","15","1","1","00","2","40 00:55.400","5","00","76 10:46.340","3","0","0","1","36215","0","0","0","N","0","0","0","1","36215","0","","4","01","N","N","0","","1","0","0","0","0","N","1512","1","1","0","0","0","0","0","1","0","1","N","","","","","","","","","","","1536","03","03","","N","N"
"0534","1","0","0","0","0","0","0","0","0","7","0","","36","10","2021","2021106342","1","40.1715","-76.1485","0526","08","0","0","0","0","0","0","0","0","","0","0","0","05","2","0","00","0","40 10:17.495","","00","76 08:54.515","0","0","0","0","36218","0","0","0","Y","0","0","0","1","36408","0","","3","09","N","N","0","","0","0","0","0","0","","0526","0","1","0","0","0","0","0","1","0","1","N","","","","","","","","","","","","99","","","N","N"
"1558","1","0","0","0","0","0","0","0","0","1","0","","36","10","2021","2021104255","2","40.0896","-76.2817","1554","08","0","0","0","0","0","1","0","0","","0","0","0","15","1","0","00","1","40 05:22.644","2","00","76 16:54.285","0","0","0","0","36101","0","0","0","N","0","0","0","2","36101","0","","1","01","N","N","0","","0","0","1","0","0","Y","1551","0","2","0","0","0","0","0","3","0","2","N","","","","","","","","","","","1612","03","03","","N","N"
"1009","1","0","0","0","0","0","0","0","0","8","0","","36","10","2021","2021101091","7","40.0406","-76.3111","1005","08","0","0","0","0","0","0","0","0","","0","0","0","10","1","1","01","0","40 02:26.239","","00","76 18:39.805","3","0","0","0","36301","1","0","0","N","1","0","0","3","36301","0","","1","01","N","N","0","","1","0","0","3","2","","1004","1","2","0","0","0","0","0","3","0","1","N","","","","","","","","","","","","03","","","N","N"
"0312","1","0","0","0","0","0","0","0","0","5","0","","36","06","2021","2021061199","3","40.0522","-76.3084","0308","08","0","0","0","0","0","0","0","0","","0","0","0","03","3","0","00","1","40 03:07.947","1","00","76 18:30.166","0","0","0","0","36301","0","0","0","N","0","0","0","1","36101","0","","1","01","N","N","0","","0","0","2","0","0","N","0306","0","3","0","0","0","0","0","3","0","3","N","","","","","","","","","","","0415","03","03","","N","N"
"0800","1","0","0","0","0","0","0","0","0","4","0","","36","11","2021","2021106590","4","40.217","-76.2504","0754","08","0","1","0","0","0","0","1","0","","0","0","0","07","1","3","02","0","40 13:01.032","","00","76 15:01.507","4","0","0","0","36204","0","0","0","N","0","0","0","3","36506","1","","1","01","N","N","1","","0","0","0","3","2","","0754","3","2","0","0","0","2","0","1","0","2","N","","","","","","","","","","","","03","03","","N",""
"1411","0","0","0","0","0","0","0","0","0","1","0","","36","06","2021","2021056790","7","40.0633","-76.2817","1411","08","0","0","0","0","0","0","1","0","","0","0","0","13","1","1","00","0","40 03:47.934","","00","76 16:54.152","3","0","0","0","36101","0","0","0","N","0","0","0","7","36101","0","","1","01","N","N","1","","1","0","1","0","0","","1358","1","2","0","0","0","0","0","3","0","2","N","","","","","","","","","","","","04","","","N","N"
"2153","1","0","0","0","0","0","0","0","0","4","0","","36","10","2021","2021105558","5","40.009","-76.4293","2145","08","0","0","0","0","0","0","0","0","","0","0","0","21","2","0","01","1","40 00:32.544","6","00","76 25:45.623","0","0","0","0","36223","0","0","0","N","0","0","0","5","36223","0","","1","01","N","N","0","","0","0","1","3","3","Y","2143","0","2","0","0","0","0","0","1","0","2","N","","","","","","","","","","","2211","03","","","N",""
"1632","3","0","0","0","0","0","0","0","0","5","0","","36","10","2021","2021100674","5","39.9944","-76.2875","1619","08","0","0","0","0","0","1","1","0","","0","0","0","16","1","0","01","0","39 59:39.869","","00","76 17:14.854","0","0","0","0","36240","0","0","0","N","0","0","0","9","36240","0","","2","01","N","N","0","","0","0","0","0","0","","1615","0","3","0","0","0","0","0","1","0","3","N","","","","","","","","","","","","03","03","","N","N"
"0636","0","0","0","0","0","0","0","0","0","7","0","","36","06","2021","2021058134","6","40.0564","-76.2701","0627","08","0","0","0","0","0","0","0","0","","0","0","0","06","1","0","00","0","40 03:22.958","","02","76 16:12.203","0","0","0","0","36215","0","0","0","Y","0","0","0","1","36215","0","","3","09","N","N","1","","0","0","0","0","0","","0617","0","1","0","0","0","0","0","1","0","1","N","","","","","","","","","","","","07","","","N","N"
"1036","0","0","0","0","0","0","0","0","0","1","0","","36","06","2021","2021058213","7","40.0385","-76.1757","1027","08","0","0","0","0","1","1","0","0","","0","0","0","10","1","1","00","1","40 02:18.713","4","00","76 10:32.492","3","0","0","0","36221","0","0","0","N","0","0","0","7","68J01","0","","1","01","N","N","0","","1","0","3","0","0","Y","1027","1","3","0","0","0","0","0","1","0","3","N","","","","","","","","","","","1045","03","03","","N","N"
"1558","1","0","0","0","0","0","0","0","0","1","0","","36","06","2021","2021058142","2","40.1036","-76.4345","1541","08","0","0","0","0","0","1","1","0","","0","0","0","15","1","3","00","2","40 06:13.071","5","00","76 26:04.333","3","0","0","0","36239","0","0","0","N","0","0","0","4","36239","0","","1","01","N","N","0","","3","0","2","0","0","Y","1541","3","3","0","0","0","0","0","3","0","3","N","","","","","","","","","","","1710","03","","","N","Y"
"2123","0","0","0","0","0","0","0","0","0","4","0","","36","06","2021","2021058137","5","40.0331","-76.2452","2120","08","0","0","0","0","0","0","0","0","","0","0","0","21","3","1","02","1","40 01:59.084","4","00","76 14:42.829","8","0","0","1","36215","0","0","0","N","0","0","0","5","36215","0","","1","01","N","N","0","","0","0","1","3","2","Y","2119","1","2","0","0","1","1","0","1","0","2","N","","","","","","","","","","","2200","03","03","","N",""
"2230","1","0","0","0","0","0","0","0","0","4","0","","36","06","2021","2021060394","1","40.0456","-76.2924","2228","08","0","0","0","0","0","0","1","0","","0","0","0","22","3","5","01","2","40 02:44.163","5","00","76 17:32.546","3","0","0","0","36301","0","0","0","N","0","0","0","5","36301","4","","1","01","N","N","0","","1","0","1","3","3","N","2228","5","3","0","0","2","0","0","3","1","3","N","","","","","","","","","","","2324","03","03","","N",""
"0905","0","0","0","0","0","0","0","0","0","4","0","","36","06","2021","2021054383","6","40.1113","-76.2835","0858","08","0","0","0","0","0","1","0","0","","0","0","0","08","1","0","01","1","40 06:40.818","1","00","76 17:00.459","0","0","0","0","36101","0","0","0","N","0","0","0","2","36101","0","","1","09","N","N","1","","0","0","1","3","2","N","0857","0","2","0","0","0","0","0","3","0","2","N","","","","","","","","","","","0952","07","04","","N",""
"2353","1","0","0","0","0","0","0","0","0","7","0","","36","10","2021","2021105278","5","40.1254","-76.2691","2345","08","0","1","0","0","0","0","0","0","","0","0","0","22","2","0","00","0","40 07:31.540","","00","76 16:08.820","0","0","0","0","36101","0","0","0","N","0","0","0","1","36101","0","","2","01","N","N","0","","0","0","0","0","0","","2215","0","1","0","0","0","0","0","3","0","1","N","","","","","","","","","","","","03","","","N","N"
"0800","0","0","0","0","0","0","0","0","0","5","1","","36","10","2021","2021106076","4","40.1102","-75.9659","0733","08","0","0","0","0","0","0","0","0","","0","1","0","07","1","0","00","0","40 06:36.665","","00","75 57:57.105","0","0","0","0","36203","0","0","0","N","0","0","0","2","68J01","0","","1","01","N","N","0","","0","0","1","0","0","","0703","0","2","0","0","0","0","0","1","0","2","N","","","","","","","","","","","","03","","","N","Y"
"2210","2","0","0","0","0","0","0","0","0","7","0","","36","05","2021","2021045994","7","40.0716","-76.3182","2209","08","0","0","0","0","0","0","0","0","","0","0","0","22","3","2","00","1","40 04:17.899","2","00","76 19:05.485","4","0","0","0","36101","0","0","0","N","0","0","0","3","36101","2","","3","01","N","N","0","","0","0","0","0","0","N","2209","2","2","0","0","0","0","0","3","0","2","N","","","","","","","","","","","2345","03","03","","N","N"
"1156","2","0","0","0","0","0","0","0","0","4","0","","36","06","2021","2021055603","5","40.0763","-76.3249","1139","08","0","0","0","0","0","1","0","1","","0","0","0","11","1","0","00","0","40 04:34.598","","07","76 19:29.610","0","0","0","0","36101","0","0","0","N","0","0","0","3","36101","0","","1","01","N","N","0","","0","0","0","3","2","","1135","0","2","0","0","0","0","0","3","0","2","N","","","","","","","","","","","","03","","","N","N"
"1009","0","0","0","0","0","0","0","0","0","1","0","","36","04","2021","2021037981","3","40.1163","-76.2348","1004","08","0","0","0","0","0","0","0","1","","0","0","0","10","1","2","00","1","40 06:58.755","1","00","76 14:05.318","3","0","0","0","36101","0","0","0","N","0","0","0","5","36101","0","","1","01","N","N","0","","2","0","0","0","0","N","1003","2","2","0","0","2","0","0","3","2","2","N","","","","","","","","","","","1110","03","03","","N","N"
"1956","0","0","0","0","0","0","0","0","0","7","0","","36","06","2021","2021056532","3","40.1123","-76.337","1951","08","0","0","1","0","0","0","0","0","","0","0","0","19","1","0","00","1","40 06:44.219","2","00","76 20:13.252","0","0","0","0","36101","0","0","0","N","0","0","0","3","36101","0","","4","01","N","N","0","","0","0","1","0","0","N","1947","0","1","0","0","0","0","0","3","0","1","N","","","","","","","","","","","2130","03","","","N","N"
"1859","0","0","0","0","0","0","0","0","0","4","0","","36","06","2021","2021055806","1","40.0036","-76.4139","1848","08","0","0","0","0","0","0","1","0","","0","0","0","18","1","1","01","1","40 00:12.912","6","00","76 24:50.167","2","0","1","1","36223","0","0","0","N","0","0","0","2","36223","0","","1","01","N","N","0","","0","1","1","3","3","N","1847","1","2","0","0","0","0","0","1","0","2","N","","","","","","","","","","","0030","04","","","N",""
"1811","2","0","0","0","0","0","0","0","0","1","0","","36","06","2021","2021054240","3","40.0718","-76.2872","1800","08","0","0","0","0","0","0","0","0","","0","0","0","17","1","0","00","1","40 04:18.402","2","00","76 17:14.064","0","0","0","0","36101","0","0","0","N","0","0","0","2","36101","0","","1","09","N","N","0","","0","0","0","0","0","N","1756","0","2","0","0","0","0","0","3","0","2","N","","","","","","","","","","","1900","07","07","","N","N"
"1507","1","0","0","0","0","0","0","0","0","1","0","","36","06","2021","2021053361","4","40.0697","-76.3161","1507","08","0","0","0","0","1","1","0","0","","0","0","0","15","1","1","03","1","40 04:11.060","3","00","76 18:57.890","4","0","0","0","36101","0","0","0","N","0","0","0","2","36101","1","","1","01","N","N","0","","0","0","1","3","4","N","1505","1","2","0","0","0","0","0","3","0","2","N","","","","","","","","","","","1557","03","","","N","N"
"2032","1","0","0","0","0","0","0","0","0","6","0","","36","06","2021","2021057514","5","40.1004","-76.349","2021","08","0","0","0","0","0","1","0","1","","0","0","0","20","1","0","01","2","40 06:01.354","7","00","76 20:56.477","0","0","0","0","36406","0","0","0","N","0","0","0","6","36506","0","","1","01","N","N","0","","0","0","1","0","0","Y","2020","0","2","0","0","0","0","0","3","0","2","N","","","","","","","","","","","2115","03","","","N",""
"1914","1","0","0","0","0","0","0","0","0","7","0","","36","06","2021","2021054131","5","40.008","-76.2499","1909","08","0","0","0","0","0","0","0","0","","0","0","0","19","1","0","02","0","40 00:28.671","","00","76 14:59.493","0","0","0","0","36240","0","0","0","N","0","0","0","1","36240","0","","2","01","N","N","0","","0","0","0","0","0","","1902","0","1","0","0","0","0","0","1","0","1","N","","","","","","","","","","","","03","","","Y","N"
"2346","0","0","0","0","0","0","0","0","0","7","0","","36","06","2021","2021059718","7","40.068","-76.2917","2343","08","0","0","0","0","0","0","0","0","","0","0","0","23","3","1","00","2","40 04:04.629","3","00","76 17:30.057","3","0","0","2","36101","0","0","0","N","0","0","0","2","36101","0","","3","01","N","N","0","","1","0","0","0","0","Y","2341","1","2","0","0","0","0","0","3","0","2","N","","","","","","","","","","","0028","03","","","N","N"
"0850","0","0","0","0","0","0","0","0","0","98","0","","36","06","2021","2021057027","1","39.9509","-76.4277","0833","08","0","0","0","0","0","0","0","0","","0","0","0","08","1","1","00","2","39 57:03.241","5","00","76 25:39.865","3","0","0","1","36223","0","0","0","N","0","0","0","1","36223","0","","1","01","N","N","0","","1","0","0","0","0","Y","0829","1","1","0","0","0","0","0","1","0","1","N","","","","","","","","","","","0920","03","","","N","N"
"1800","1","0","0","0","0","0","0","0","0","7","0","","36","06","2021","2021053789","4","40.1073","-76.0891","1757","08","0","0","0","0","0","0","0","0","","0","0","0","17","1","0","02","0","40 06:26.322","","00","76 05:20.886","0","0","0","0","36415","0","0","0","N","0","0","0","1","36415","0","","4","01","N","N","0","","0","0","0","3","3","","1756","0","2","0","0","0","0","0","1","0","1","N","","","","","","","","","","","","03","","","N",""
"1515","1","0","0","0","0","0","0","0","0","8","0","99","36","06","2021","2021098869","3","40.1679","-76.1661","1509","08","0","0","0","0","0","0","0","0","","0","0","0","15","1","1","00","0","40 10:04.481","","07","76 09:57.973","3","0","0","0","36408","1","0","0","N","1","0","0","2","36408","0","","1","01","N","N","0","","1","0","0","3","7","","1509","1","2","0","0","0","0","1","2","0","1","Y","4","8","Y","Y","Y","U","","","","","","03","","Y","N","N"
"0633","0","0","0","0","0","0","0","0","0","6","0","","36","06","2021","2021058150","5","40.2143","-76.3903","0622","08","0","0","0","0","0","0","0","0","","0","0","0","06","1","1","00","2","40 12:51.410","6","00","76 23:25.120","4","0","0","0","36227","0","0","0","N","0","0","0","2","36506","1","","1","01","N","N","1","","0","0","0","0","0","Y","0622","1","2","0","0","0","0","0","1","0","2","N","","","","","","","","","","","0200","03","","","N","N"
"1210","2","0","0","0","0","0","0","0","0","4","0","","36","06","2021","2021058833","3","40.0587","-76.2961","1205","08","0","0","2","0","0","0","0","0","","0","0","0","12","1","0","02","2","40 03:31.147","5","00","76 17:45.819","0","0","0","0","36101","0","0","0","N","0","0","0","2","36101","0","","1","09","N","N","0","","0","0","0","3","3","Y","1204","0","2","0","0","0","0","0","3","0","2","N","","","","","","","","","","","1330","07","","","N",""
"1255","0","0","0","0","0","0","0","0","0","1","0","","36","06","2021","2021056000","5","40.0783","-76.327","1249","08","0","0","0","0","1","1","0","0","","0","0","0","12","1","0","00","0","40 04:41.893","","00","76 19:37.372","0","0","0","0","36101","0","0","0","N","0","0","0","3","36101","0","","1","01","N","N","0","","0","0","1","0","0","","1247","0","2","0","0","0","0","0","3","1","2","N","","","","","","","","","","","","03","03","","N","N"
"2339","0","0","0","0","0","0","0","0","0","7","0","","36","05","2021","2021049220","3","40.1712","-76.3882","2336","08","0","0","0","0","0","0","0","0","","0","0","0","23","3","0","02","2","40 10:16.201","6","00","76 23:17.584","0","0","0","0","36227","0","0","0","N","0","0","0","1","36506","0","","2","01","N","N","0","","0","0","1","0","0","Y","2336","0","1","0","0","0","0","0","1","0","1","N","","","","","","","","","","","0100","03","","","N",""
"0817","0","0","0","0","0","0","0","0","0","1","0","","36","10","2021","2021105093","3","40.0054","-76.1077","0752","08","0","0","0","0","0","0","0","0","","0","0","0","07","1","0","00","1","40 00:19.349","3","00","76 06:27.573","0","0","0","0","36226","0","0","0","N","0","0","0","2","68J01","0","","1","01","N","N","0","","0","0","2","0","0","N","0750","0","2","0","0","0","0","0","1","0","2","N","","","","","","","","","","","0845","03","03","","N","N"
"1356","0","0","0","0","0","0","0","0","0","4","0","","36","06","2021","2021056393","3","40.0697","-76.1699","1350","08","0","0","0","0","0","0","0","1","","0","0","0","13","1","0","03","2","40 04:11.026","7","00","76 10:11.592","0","0","0","0","36234","0","0","0","N","0","0","0","2","36215","0","","1","01","N","N","0","","0","0","1","3","3","Y","1348","0","2","0","0","0","0","0","1","1","2","N","","","","","","","","","","","1450","04","","","N",""
"0751","1","0","0","0","0","0","0","0","0","4","0","","36","05","2021","2021048393","5","40.022","-76.3109","0736","08","0","0","0","0","0","0","0","0","","0","0","0","07","1","0","00","2","40 01:19.040","6","00","76 18:39.070","0","0","0","0","36301","0","0","0","N","0","0","0","2","36301","0","","1","01","N","N","0","","0","0","1","0","0","N","0735","0","2","0","0","0","0","0","3","0","2","N","","","","","","","","","","","0819","03","","","N","N"
"2213","0","0","0","0","0","0","0","0","0","4","0","","36","06","2021","2021059835","2","39.8487","-76.068","2207","08","0","0","0","0","0","1","0","0","","0","0","1","22","2","2","02","2","39 50:55.449","5","00","76 04:04.942","3","0","0","0","36205","2","0","0","N","0","0","0","3","68J01","0","","1","01","N","N","0","","2","0","1","0","0","Y","2200","2","2","0","0","0","0","0","1","0","1","N","","","","","","","","","","","2235","03","","","N","N"
"0716","0","0","0","0","0","0","0","0","0","1","0","","36","06","2021","2021055476","2","39.9694","-76.2795","0706","08","0","0","0","0","0","0","0","0","","0","0","0","07","1","1","00","0","39 58:09.700","","07","76 16:46.300","2","0","1","1","36228","0","0","0","N","0","0","0","2","36228","0","","1","01","N","N","0","","0","1","1","0","0","","0706","1","2","0","0","0","0","0","1","0","2","N","","","","","","","","","","","","03","","","N","Y"
"1504","0","0","0","0","0","0","0","0","0","4","0","","36","05","2021","2021040171","2","40.0684","-76.3143","1452","08","0","0","0","0","0","1","0","0","","0","0","0","14","1","0","01","0","40 04:06.100","","00","76 18:51.500","0","0","0","0","36101","0","0","0","N","0","0","0","2","36101","0","","1","09","N","N","0","","0","0","2","3","3","","1448","0","2","0","0","0","0","0","3","0","2","N","","","","","","","","","","","","07","07","","N",""
"2020","4","0","0","0","0","0","0","0","0","5","0","","36","05","2021","2021059540","3","40.0471","-76.3231","2015","08","0","0","0","1","0","0","0","0","","0","0","0","20","1","2","02","2","40 02:49.607","5","00","76 19:23.139","8","0","0","0","36301","0","0","0","N","0","0","0","2","36301","0","","1","01","N","N","0","","0","0","2","0","0","Y","2015","2","6","0","0","0","2","0","3","0","6","N","","","","","","","","","","","2148","03","03","","N","N"
"2042","1","0","0","0","0","0","0","0","0","6","0","","36","10","2021","2021103617","1","40.0645","-76.1553","2039","08","0","0","0","0","0","0","0","0","","0","0","0","02","3","1","00","0","40 03:52.230","","00","76 09:19.240","3","0","0","0","36234","0","0","0","N","0","0","0","3","36215","0","","4","01","N","N","1","","1","0","0","0","0","","0234","1","2","0","0","3","0","0","1","0","2","N","","","","","","","","","","","","04","","","N","N"
"1627","1","0","0","0","0","0","0","0","0","1","0","","36","06","2021","2021058594","6","39.9914","-76.0166","1612","08","0","0","0","0","0","1","0","0","","0","0","0","16","1","2","01","1","39 59:29.214","4","00","76 00:59.722","3","0","0","0","36232","0","0","0","N","0","0","0","4","68J01","0","","1","01","N","N","1","","2","0","0","3","2","N","1609","2","2","0","0","0","0","0","1","0","2","N","","","","","","","","","","","1700","03","","","N","N"
"0104","0","0","0","0","0","0","0","0","0","7","0","","36","06","2021","2021058135","5","40.0928","-76.1493","0102","08","0","0","0","0","0","0","0","0","","0","0","0","01","2","0","00","2","40 05:34.076","3","00","76 08:57.602","0","0","0","0","36234","0","0","0","N","0","0","0","1","36215","0","","4","01","N","N","0","","0","0","1","3","3","N","0100","0","1","0","0","1","0","0","1","0","1","N","","","","","","","","","","","0200","03","03","","N","N"
"1904","1","0","0","0","0","0","0","0","0","98","0","","36","10","2021","2021105173","7","40.2389","-76.3357","1846","08","0","0","0","0","0","0","1","0","","0","0","0","18","2","0","00","1","40 14:19.880","3","00","76 20:08.504","0","0","0","0","36217","0","0","0","N","0","0","0","1","68J01","0","","1","01","N","N","0","","0","0","0","0","0","N","1837","0","1","0","0","0","0","0","1","0","1","N","","","","","","","","","","","1910","03","","","N","N"
"1356","1","0","0","0","0","0","0","0","0","4","0","","36","06","2021","2021064468","5","40.1018","-76.6727","1345","08","0","0","0","0","0","0","0","0","","0","0","0","13","1","0","01","0","40 06:06.624","","00","76 40:21.755","0","0","0","0","36207","0","0","0","N","0","0","0","3","36504","0","","1","01","N","N","1","","0","0","0","0","0","N","1344","0","2","0","0","0","0","0","1","0","2","N","","","","","","","","","","","","03","","","N","N"
"1840","0","0","0","0","0","0","0","0","0","4","0","","36","06","2021","2021055339","6","39.9904","-76.0206","1814","08","0","0","0","0","0","1","0","0","","0","0","0","18","1","0","00","1","39 59:25.601","5","07","76 01:14.184","0","0","0","0","36232","0","0","0","Y","0","0","0","2","68J01","0","","1","01","N","N","1","","0","0","1","3","3","N","1811","0","2","0","0","0","0","0","1","0","2","N","","","","","","","","","","","1930","04","","","N","N"
"0820","0","0","0","0","0","0","0","0","0","1","1","","36","09","2021","2021105512","6","40.1586","-76.1532","0814","08","0","0","0","0","0","0","1","0","","0","0","0","08","1","0","00","0","40 09:31.088","","00","76 09:11.578","0","0","0","0","36238","0","0","0","N","0","0","0","2","36238","0","","1","01","N","N","0","","0","0","1","0","0","","0814","0","2","0","0","1","0","0","3","1","2","N","","","","","","","","","","","","03","","","N","N"
"1643","0","0","0","0","0","0","0","0","0","7","0","","36","07","2021","2021065322","2","40.2453","-76.2424","1638","08","0","0","0","1","0","0","0","0","","0","0","0","16","1","1","02","2","40 14:43.256","5","00","76 14:32.747","3","0","0","0","36204","0","0","0","N","0","0","0","1","36506","0","","4","01","N","N","0","","1","0","0","0","0","Y","1637","1","1","0","0","0","0","0","1","1","1","N","","","","","","","","","","","1530","03","","","N",""
"2335","1","0","0","0","0","0","0","0","0","7","0","","36","10","2021","2021104697","2","40.214","-76.0968","2326","08","0","0","0","0","1","0","0","0","","0","0","0","23","3","0","00","0","40 12:50.364","","00","76 05:48.403","0","0","0","0","36210","0","0","0","N","0","0","0","1","36210","0","","3","09","N","N","0","","0","0","0","0","0","","2326","0","1","0","0","0","0","0","1","0","1","N","","","","","","","","","","","","07","","","N","N"
"1740","0","0","0","0","0","0","0","0","0","4","0","","36","06","2021","2021053064","4","39.9891","-76.18","1736","08","1","0","0","0","0","0","0","0","","0","0","0","17","1","0","00","0","39 59:20.683","","00","76 10:48.168","0","0","0","0","36417","0","0","0","N","0","0","0","3","36417","0","","1","01","N","N","1","","0","0","0","0","0","","1736","0","2","0","0","0","0","0","1","1","2","N","","","","","","","","","","","","04","","","N","N"