"ARRIVAL_TM","AUTOMOBILE_COUNT","BELTED_DEATH_COUNT","BELTED_SUSP_SERIOUS_INJ_COUNT","BICYCLE_COUNT","BICYCLE_DEATH_COUNT","BICYCLE_SUSP_SERIOUS_INJ_COUNT","BUS_COUNT","CHLDPAS_DEATH_COUNT","CHLDPAS_SUSP_SERIOUS_INJ_COUNT","COLLISION_TYPE","COMM_VEH_COUNT","CONS_ZONE_SPD_LIM","COUNTY","CRASH_MONTH","CRASH_YEAR","CRN","DAY_OF_WEEK","DEC_LAT","DEC_LONG","DISPATCH_TM","DISTRICT","DRIVER_COUNT_16YR","DRIVER_COUNT_17YR","DRIVER_COUNT_18YR","DRIVER_COUNT_19YR","DRIVER_COUNT_20YR","DRIVER_COUNT_50_64YR","DRIVER_COUNT_65_74YR","DRIVER_COUNT_75PLUS","EST_HRS_CLOSED","FATAL_COUNT","HEAVY_TRUCK_COUNT","HORSE_BUGGY_COUNT","HOUR_OF_DAY","ILLUMINATION","INJURY_COUNT","INTERSECT_TYPE","LANE_CLOSED","LATITUDE","LN_CLOSE_DIR","LOCATION_TYPE","LONGITUDE","MAX_SEVERITY_LEVEL","MCYCLE_DEATH_COUNT","MCYCLE_SUSP_SERIOUS_INJ_COUNT","MOTORCYCLE_COUNT","MUNICIPALITY","NONMOTR_COUNT","NONMOTR_DEATH_COUNT","NONMOTR_SUSP_SERIOUS_INJ_COUNT","NTFY_HIWY_MAINT","PED_COUNT","PED_DEATH_COUNT","PED_SUSP_SERIOUS_INJ_COUNT","PERSON_COUNT","POLICE_AGCY","POSSIBLE_INJ_COUNT","RDWY_SURF_TYPE_CD","RELATION_TO_ROAD","ROAD_CONDITION","SCH_BUS_IND","SCH_ZONE_IND","SMALL_TRUCK_COUNT","SPEC_JURIS_CD","SUSP_MINOR_INJ_COUNT","SUSP_SERIOUS_INJ_COUNT","SUV_COUNT","TCD_FUNC_CD","TCD_TYPE","TFC_DETOUR_IND","TIME_OF_DAY","TOT_INJ_COUNT","TOTAL_UNITS","UNB_DEATH_COUNT","UNB_SUSP_SERIOUS_INJ_COUNT","UNBELTED_OCC_COUNT","UNK_INJ_DEG_COUNT","UNK_INJ_PER_COUNT","URBAN_RURAL","VAN_COUNT","VEHICLE_COUNT","WORK_ZONE_IND","WORK_ZONE_LOC","WORK_ZONE_TYPE","WORKERS_PRES","WZ_CLOSE_DETOUR","WZ_FLAGGER","WZ_LAW_OFFCR_IND","WZ_LN_CLOSURE","WZ_MOVING","WZ_OTHER","WZ_SHLDER_MDN","ROADWAY_CLEARED","WEATHER1","WEATHER2","WZ_WORKERS_INJ_KILLED","SECONDARY_CRASH","INTERSECTION_RELATED"
"0648","1","0","0","0","0","0","0","0","0","1","0","","36","06","2021","2021058144","4","40.045","-76.2837","0640","08","0","0","0","0","0","0","0","0","","0","0","0","06","1","1","01","0","40 02:41.866","","00","76 17:01.184","4","0","0","0","36301","0","0","0","N","0","0","0","3","36301","1","","1","01","N","N","1","","0","0","0","3","2","","0636","1","2","0","0","0","0","0","3","0","2","N","","","","","","","","","","","","03","","","N",""
"1849","1","0","1","0","0","0","0","0","0","1","0","","36","10","2021","2021104744","7","40.1111","-76.2447","1840","08","0","0","0","0","0","0","0","0","","0","0","0","18","2","4","00","1","40 06:40.068","2","00","76 14:40.880","2","0","0","0","36101","0","0","0","N","0","0","0","4","36101","0","","1","01","N","N","0","","3","1","1","0","0","N","1838","4","2","0","0","0","0","0","3","0","2","N","","","","","","","","","","","2005","03","03","","N","N"
"1725","0","0","0","0","0","0","0","0","0","1","0","","36","10","2021","2021105634","5","39.9875","-76.277","1721","08","0","0","0","0","0","0","0","0","","0","0","0","17","1","0","00","1","39 59:14.879","1","00","76 16:37.241","0","0","0","0","36240","0","0","0","N","0","0","0","2","36240","0","","1","01","N","N","0","","0","0","2","0","0","N","1720","0","2","0","0","0","0","0","1","0","2","N","","","","","","","","","","","1806","03","","","N","Y"
"0132","1","0","0","0","0","0","0","0","0","7","0","","36","06","2021","2021054751","7","40.1344","-76.5436","0124","08","0","0","0","0","0","0","0","0","","0","0","0","01","2","0","00","0","40 08:03.868","","00","76 32:36.783","0","0","0","0","36225","0","0","0","N","0","0","0","1","36505","0","","3","01","N","N","0","","0","0","0","0","0","","0120","0","1","0","0","0","0","0","2","0","1","N","","","","","","","","","","","","03","03","","N","N"
"1610","1","0","0","0","0","0","0","0","0","4","0","","36","05","2021","2021103447","5","40.0228","-76.3671","1605","08","0","0","1","0","0","0","0","0","","0","0","0","16","1","0","01","2","40 01:21.946","7","00","76 22:01.509","0","0","0","0","36223","0","0","0","N","0","0","0","2","36223","0","","1","01","N","N","0","","0","0","1","3","3","Y","1603","0","2","0","0","0","0","0","1","0","2","N","","","","","","","","","","","1646","03","","","N",""
"1511","1","0","0","0","0","0","0","0","0","7","0","","36","10","2021","2021104748","1","40.1288","-76.3798","1511","08","0","0","1","0","0","0","0","0","","0","0","0","15","1","0","00","1","40 07:43.678","1","00","76 22:47.181","0","0","0","0","36227","0","0","0","N","0","0","0","1","36506","0","","5","01","N","N","0","","0","0","0","0","0","N","1511","0","1","0","0","0","0","0","1","0","1","N","","","","","","","","","","","0030","03","03","","N","N"
"0058","2","0","0","0","0","0","0","0","0","1","0","","36","10","2021","2021103603","3","40.042","-76.3064","0048","08","0","0","0","0","1","0","0","0","","0","0","0","00","3","1","00","1","40 02:31.068","1","00","76 18:23.199","3","0","0","0","36301","2","0","0","N","0","0","0","3","36301","0","","2","01","N","N","0","","1","0","0","0","0","N","0048","1","2","0","0","0","0","0","3","0","2","N","","","","","","","","","","","0130","03","03","","N","N"
"1415","2","0","0","0","0","0","0","0","0","4","0","","36","06","2021","2021062817","1","40.1818","-76.4945","1406","08","0","0","0","0","0","0","1","0","","0","0","0","14","1","1","01","1","40 10:54.338","4","00","76 29:40.023","4","0","0","0","36230","0","0","0","N","0","0","0","4","36410","1","","1","01","N","N","0","","0","0","0","3","3","N","1406","1","2","0","0","0","0","0","1","0","2","N","","","","","","","","","","","1500","03","03","","N",""
"1558","0","0","0","0","0","0","0","0","0","0","0","","36","04","2021","2021040385","5","40.068","-76.3004","1548","08","0","0","0","0","0","1","1","0","","0","0","0","15","1","0","03","0","40 04:04.777","","00","76 18:01.282","0","0","0","0","36101","0","0","0","N","0","0","0","2","36101","0","","1","09","N","N","0","","0","0","1","0","0","","1546","0","2","0","0","0","0","0","3","1","2","N","","","","","","","","","","","","07","","","N",""
"0912","0","0","0","0","0","0","0","0","0","7","0","","36","10","2021","2021104603","1","40.074","-76.2768","0910","08","0","0","0","1","0","0","0","0","","0","0","0","09","1","0","00","0","40 04:26.440","","00","76 16:36.530","0","0","0","0","36101","0","0","0","N","0","0","0","1","36101","0","","4","09","N","N","0","","0","0","1","0","0","","0907","0","1","0","0","0","0","0","3","0","1","N","","","","","","","","","","","","07","07","","N","N"
"0518","0","0","0","0","0","0","0","0","0","7","0","","36","10","2021","2021105557","4","39.9394","-76.3953","0507","08","0","0","0","0","0","0","0","0","","0","0","0","05","2","0","00","2","39 56:21.982","6","00","76 23:42.902","0","0","0","0","36223","0","0","0","N","0","0","0","1","36223","0","","4","09","N","N","1","","0","0","0","0","0","Y","0505","0","1","0","0","0","0","0","1","0","1","N","","","","","","","","","","","0730","03","","","N","N"
"1220","1","0","0","0","0","0","0","0","0","4","2","","36","10","2021","2021106585","3","40.0203","-76.182","1213","08","0","0","0","0","0","1","0","0","","0","2","0","12","1","2","00","1","40 01:13.212","4","07","76 10:55.299","3","0","0","0","36215","0","0","0","N","0","0","0","3","36215","0","","1","01","N","N","0","","2","0","0","0","0","N","1212","2","3","0","0","0","0","0","1","0","3","N","","","","","","","","","","","1317","03","04","","N","N"
"0253","1","0","0","0","0","0","0","0","0","8","0","","36","10","2021","2021106262","6","40.0416","-76.3019","0251","08","0","0","0","0","0","1","0","0","","0","0","0","23","3","1","01","0","40 02:29.665","","00","76 18:06.967","3","0","0","0","36301","1","0","0","N","1","0","0","2","36301","0","","1","09","N","N","0","","1","0","0","3","2","","2330","1","2","0","0","0","0","0","3","0","1","N","","","","","","","","","","","","07","07","","N","N"
"1554","0","0","0","0","0","0","0","0","0","1","0","","36","06","2021","2021055715","1","40.2455","-76.1837","1546","08","0","0","0","0","0","1","0","0","","0","0","0","15","1","2","00","1","40 14:43.909","3","00","76 11:04.039","3","0","0","0","36236","0","0","0","N","0","0","0","3","68T06","0","","1","01","N","N","0","","2","0","2","0","0","N","1546","2","2","0","0","0","0","0","1","0","2","N","","","","","","","","","","","1635","03","","","Y","N"
"0257","1","0","0","0","0","0","0","0","0","2","0","","36","06","2021","2021055604","3","40.0561","-76.388","0250","08","0","0","0","0","0","0","0","0","","0","0","0","02","2","1","00","1","40 03:21.828","3","00","76 23:16.895","4","0","0","0","36214","0","0","0","N","0","0","0","2","36214","1","","1","09","N","N","0","","0","0","1","0","0","N","0240","1","2","0","0","0","0","0","3","0","2","N","","","","","","","","","","","0108","04","04","","N","N"
"1223","0","0","0","0","0","0","0","0","0","7","0","","36","06","2021","2021054241","6","40.0128","-76.3182","1217","08","0","0","0","0","0","1","0","0","","0","0","0","12","1","1","00","0","40 00:46.200","","00","76 19:05.600","4","0","0","0","36220","0","0","0","N","0","0","0","1","36101","1","","4","09","N","N","0","","0","0","1","0","0","","1216","1","1","0","0","0","0","0","3","0","1","N","","","","","","","","","","","","07","","","N","N"
"2152","2","0","0","0","0","0","0","0","0","4","0","","36","06","2021","2021061007","6","40.0386","-76.3149","2139","08","0","0","0","1","0","0","0","0","","0","0","0","21","3","1","01","1","40 02:18.921","4","00","76 18:53.676","3","0","0","0","36301","0","0","0","N","0","0","0","3","36301","0","","1","01","N","N","0","","1","0","0","1","3","N","2139","1","2","0","0","1","0","1","3","0","2","N","","","","","","","","","","","2234","03","03","","N",""
"1620","0","0","0","0","0","0","0","0","0","4","0","","36","10","2021","2021105279","1","40.001","-76.4215","1613","08","0","0","0","0","0","1","0","1","","0","0","0","16","1","1","01","0","40 00:03.498","","00","76 25:17.439","3","0","0","0","36223","0","0","0","N","0","0","0","2","36223","0","","1","01","N","N","1","","1","0","1","3","3","","1611","1","2","0","0","0","0","0","1","0","2","N","","","","","","","","","","","","04","","","N",""
"1935","3","0","0","0","0","0","0","0","0","5","0","","36","10","2021","2021102683","1","40.0399","-76.2901","1933","08","0","0","0","0","0","0","0","0","","0","0","0","00","3","0","00","0","40 02:23.602","","00","76 17:24.211","0","0","0","0","36301","0","0","0","N","0","0","0","1","36301","0","","6","01","N","N","0","","0","0","0","0","0","","0030","0","3","0","0","0","0","0","3","0","3","N","","","","","","","","","","","","03","03","","N","N"
"0752","1","0","0","0","0","0","0","0","0","1","0","","36","06","2021","2021052919","4","40.0971","-76.3051","0747","08","0","0","0","0","1","0","0","0","","0","0","0","07","1","0","00","1","40 05:49.705","2","00","76 18:18.304","0","0","0","0","36101","0","0","0","N","0","0","0","3","36101","0","","1","01","N","N","0","","0","0","1","0","0","N","0746","0","3","0","0","0","0","0","3","1","3","N","","","","","","","","","","","0835","03","","","N","Y"
"0619","0","0","0","0","0","0","0","0","0","98","0","","36","06","2021","2021055995","3","40.0879","-76.3324","0618","08","0","0","0","0","0","1","0","0","","0","0","0","06","1","1","00","1","40 05:16.270","3","00","76 19:56.590","3","0","0","0","36101","0","0","0","N","0","0","0","1","36101","0","","1","01","N","N","0","","1","0","0","0","0","N","0617","1","1","0","0","0","0","0","3","1","1","N","","","","","","","","","","","0625","03","","","N","N"
"1642","0","0","0","0","0","0","0","0","0","7","0","","36","10","2021","2021105559","6","39.9985","-76.4344","1632","08","0","0","0","0","0","0","0","0","","0","0","0","16","1","0","00","2","39 59:54.460","6","00","76 26:03.970","0","0","0","0","36223","0","0","0","N","0","0","0","2","36223","0","","5","09","N","N","1","","0","0","0","0","0","Y","1631","0","1","0","0","0","0","0","1","0","1","N","","","","","","","","","","","1743","07","","","N","N"
"0020","2","0","0","0","0","0","0","0","0","1","0","","36","06","2021","2021057948","1","40.0646","-76.2902","0020","08","0","0","0","0","0","0","0","0","","0","0","0","00","2","0","00","0","40 03:52.400","","00","76 17:24.890","9","0","0","0","36101","0","0","0","N","0","0","0","1","36101","0","","1","01","N","N","1","","0","0","1","0","0","","0017","0","4","0","0","0","0","1","3","0","4","N","","","","","","","","","","","","04","","","N","N"
"2051","2","0","3","0","0","0","0","0","0","4","0","","36","06","2021","2021057617","7","39.8607","-76.0914","2045","08","0","0","0","0","0","0","1","0","","0","0","0","20","4","3","01","1","39 51:38.462","5","00","76 05:28.941","2","0","0","0","36205","0","0","0","N","0","0","0","3","68J01","0","","1","01","N","N","0","","0","3","0","3","3","Y","2044","3","2","0","0","0","0","0","1","0","2","N","","","","","","","","","","","2200","03","","","N","N"
"0546","0","0","0","0","0","0","0","0","0","7","0","","36","06","2021","2021058220","3","39.9957","-76.1017","0539","08","0","0","0","1","0","0","0","0","","0","0","0","05","5","0","00","1","39 59:44.554","2","00","76 06:06.043","0","0","0","0","36226","0","0","0","N","0","0","0","4","68J01","0","","4","01","N","N","0","","0","0","0","0","0","N","0533","0","2","0","0","3","0","0","1","1","1","N","","","","","","","","","","","0800","03","","","N","N"
"1100","1","0","0","0","0","0","0","0","0","4","0","","36","06","2021","2021061971","7","40.04","-76.3016","1055","08","0","0","0","0","0","0","0","0","","0","0","0","10","1","3","01","2","40 02:24.019","4","00","76 18:05.911","3","0","0","0","36301","0","0","0","N","0","0","0","3","36301","0","","1","01","N","N","0","","3","0","1","3","2","Y","1053","3","3","0","0","1","0","0","3","1","3","N","","","","","","","","","","","1145","03","03","","Y",""
"0621","1","0","0","0","0","0","0","0","0","7","0","","36","10","2021","2021104257","7","40.0631","-76.3392","0614","08","0","0","0","0","0","0","1","0","","0","0","0","06","3","0","00","1","40 03:47.338","3","02","76 20:21.212","0","0","0","0","36101","0","0","0","N","0","0","0","1","36101","0","","2","09","N","N","0","","0","0","0","0","0","N","0612","0","1","0","0","0","0","0","3","0","1","N","","","","","","","","","","","0655","03","03","","N","N"
"1750","1","0","0","0","0","0","0","0","0","4","0","","36","06","2021","2021055432","5","40.0953","-76.4103","1742","08","0","0","0","0","0","1","1","0","","0","0","0","17","1","0","01","0","40 05:43.016","","00","76 24:37.175","0","0","0","0","36214","0","0","0","N","0","0","0","2","36214","0","","1","01","N","N","0","","0","0","1","3","2","","1740","0","2","0","0","0","0","0","3","0","2","N","","","","","","","","","","","","03","03","","N",""
"1212","1","0","0","0","0","0","0","0","0","1","0","35","36","06","2021","2021058836","2","40.087","-76.1929","1209","08","0","0","0","0","0","0","0","0","","0","0","0","12","1","1","00","2","40 05:13.180","3","00","76 11:34.430","3","0","0","0","36234","0","0","0","N","0","0","0","2","36215","0","","1","01","N","N","1","","1","0","0","0","0","N","1208","1","2","0","0","0","0","0","1","0","2","Y","4","1","Y","N","N","N","N","N","N","Y","1243","03","03","N","N","Y"
"1731","2","0","0","0","0","0","0","0","0","1","0","","36","06","2021","2021071829","1","40.0345","-76.3156","1728","08","0","0","0","0","0","1","0","0","","0","0","0","17","1","1","00","0","40 02:04.074","","00","76 18:56.273","4","0","0","0","36301","0","0","0","N","0","0","0","2","36301","1","","1","01","N","N","0","","0","0","0","0","0","","1728","1","2","0","0","0","0","0","3","0","2","N","","","","","","","","","","","","03","04","","N","N"
"2231","0","0","0","0","0","0","0","0","0","1","0","","36","05","2021","2021049088","5","40.0718","-76.3183","2229","08","0","0","0","0","0","0","0","0","","0","0","0","22","3","1","02","1","40 04:18.445","1","00","76 19:05.944","3","0","0","1","36101","0","0","0","N","0","0","0","2","36101","0","","1","01","N","N","0","","1","0","1","0","0","N","2225","1","2","0","0","0","0","0","3","0","2","N","","","","","","","","","","","2335","04","04","","N","N"
"0054","1","0","0","0","0","0","0","0","0","7","0","","36","05","2021","2021047115","7","40.0518","-76.2775","0049","08","0","0","0","0","0","1","0","0","","0","0","0","00","3","0","00","0","40 03:06.387","","00","76 16:38.984","0","0","0","0","36301","0","0","0","N","0","0","0","1","36301","0","","1","01","N","N","0","","0","0","0","0","0","","0048","0","1","0","0","0","0","0","3","0","1","N","","","","","","","","","","","","03","","","N","N"
"1238","1","0","0","0","0","0","0","0","0","4","0","","36","06","2021","2021058832","2","40.0335","-76.3246","1235","08","0","0","0","0","0","1","0","0","","0","0","0","12","1","1","01","1","40 02:00.452","1","00","76 19:28.588","4","0","0","0","36220","0","0","0","N","0","0","0","2","36101","1","","1","01","N","N","0","","0","0","1","3","3","N","1233","1","2","0","0","0","0","0","3","0","2","N","","","","","","","","","","","1300","03","","","N",""
"2238","1","0","0","0","0","0","0","0","0","1","0","","36","11","2021","2021105680","2","40.1641","-76.3096","2235","08","0","0","0","0","0","0","0","0","","0","0","0","22","3","0","00","2","40 09:50.610","6","00","76 18:34.410","0","0","0","0","36409","0","0","0","N","0","0","0","1","36409","0","","6","01","N","N","0","","0","0","1","0","0","N","2234","0","2","0","0","0","0","0","3","0","2","N","","","","","","","","","","","0030","03","","","N","N"
"0054","0","0","0","0","0","0","0","0","0","8","0","","36","06","2021","2021062699","2","40.1823","-76.0085","0044","08","0","0","0","0","0","0","0","0","","0","0","0","00","2","1","00","0","40 10:56.139","","00","76 00:30.459","8","0","0","0","36202","1","0","0","N","1","0","0","2","68J01","0","","1","01","N","N","1","","0","0","0","0","0","","0042","1","2","0","0","0","1","0","1","0","1","N","","","","","","","","","","","","03","","","N","N"
"1726","2","0","0","0","0","0","0","0","0","4","0","","36","06","2021","2021059135","2","40.0567","-76.3057","1722","08","0","0","0","0","0","0","0","0","","0","0","0","17","1","0","00","1","40 03:24.279","2","07","76 18:20.659","0","0","0","0","36101","0","0","0","N","0","0","0","3","36101","0","","1","01","N","N","0","","0","0","0","0","0","N","1720","0","2","0","0","0","0","0","3","0","2","N","","","","","","","","","","","1800","03","03","","N","N"
"0823","0","0","0","0","0","0","0","0","0","7","0","","36","09","2021","2021106627","3","40.2303","-76.3471","0811","08","0","0","0","0","0","1","0","0","","0","0","0","08","1","1","00","0","40 13:49.100","","00","76 20:49.092","8","0","0","0","36217","0","0","0","N","0","0","0","1","68T06","0","","4","09","N","N","0","","0","0","1","0","0","","0811","1","1","0","0","0","1","0","1","0","1","N","","","","","","","","","","","","07","","","N","N"
"1256","2","0","0","0","0","0","0","0","0","1","0","","36","06","2021","2021054242","6","40.103","-76.3054","1256","08","0","0","0","0","0","0","0","1","","0","0","0","12","1","0","00","0","40 06:10.661","","00","76 18:19.425","0","0","0","0","36101","0","0","0","N","0","0","0","3","36101","0","","1","09","N","N","0","","0","0","1","0","0","","1256","0","3","0","0","0","0","0","3","0","3","N","","","","","","","","","","","","07","07","","Y","N"
"2253","0","0","0","0","0","0","0","0","0","2","0","","36","06","2021","2021057025","7","40.0565","-76.2926","2247","08","0","0","0","0","0","0","0","0","","0","0","0","22","2","1","00","2","40 03:23.510","7","00","76 17:33.390","8","0","0","0","36101","0","0","0","N","0","0","0","1","36101","0","","1","01","N","N","0","","0","0","3","0","0","Y","2244","1","3","0","0","0","1","0","3","0","3","N","","","","","","","","","","","2330","03","03","","N","N"
"1943","1","0","0","0","0","0","0","0","0","4","0","","36","06","2021","2021059869","2","39.9684","-76.0701","1924","08","0","0","0","0","0","1","0","0","","0","0","0","18","1","1","01","2","39 58:06.243","7","00","76 04:12.385","8","0","0","0","36231","0","0","0","N","0","0","0","2","68J01","0","","1","09","N","N","0","","0","0","1","3","3","Y","1852","1","2","0","0","0","1","0","1","0","2","N","","","","","","","","","","","2030","07","","","N","N"
"1811","2","0","0","0","0","0","0","0","0","5","0","","36","06","2021","2021053787","3","40.0392","-76.2813","1805","08","0","0","0","0","1","0","0","0","","0","0","0","18","1","0","02","0","40 02:21.077","","00","76 16:52.595","0","0","0","0","36220","0","0","0","N","0","0","0","3","36101","0","","1","09","N","N","0","","0","0","0","0","0","","1802","0","2","0","0","0","0","0","3","0","2","N","","","","","","","","","","","","07","","","N",""
"0950","2","0","0","0","0","0","0","0","0","4","0","","36","07","2021","2021061618","6","40.1555","-76.309","0950","08","0","0","0","0","0","1","0","0","","0","0","0","09","1","2","01","1","40 09:19.722","4","00","76 18:32.277","3","0","0","0","36409","0","0","0","N","0","0","0","2","36409","1","","1","01","N","N","0","","1","0","0","9","3","N","0948","2","2","0","0","0","0","0","3","0","2","N","","","","","","","","","","","0030","03","","","N",""
"1210","0","0","0","0","0","0","0","0","0","0","0","","36","06","2021","2021061517","1","40.0088","-76.3827","1205","08","0","0","0","0","0","1","0","0","","0","0","0","12","1","1","02","0","40 00:31.796","","00","76 22:57.720","3","0","0","1","36223","0","0","0","N","0","0","0","1","36223","0","","1","01","N","N","0","","1","0","0","0","0","","1204","1","1","0","0","0","0","0","1","0","1","N","","","","","","","","","","","","03","","","N",""
"1755","0","0","0","0","0","0","0","0","0","0","1","","36","10","2021","2021106128","6","40.2099","-76.0357","1736","08","0","0","0","0","0","1","0","0","","0","1","0","17","1","0","00","0","40 12:35.517","","00","76 02:05.982","0","0","0","0","36202","0","0","0","N","0","0","0","1","68T06","0","","1","09","N","N","0","","0","0","0","0","0","","1736","0","1","0","0","0","0","0","1","0","1","N","","","","","","","","","","","","07","","","N","N"
"0607","1","0","0","0","0","0","0","0","0","7","0","","36","06","2021","2021059427","2","40.0693","-76.3092","0605","08","0","0","0","0","0","0","0","0","","0","0","0","06","1","0","00","0","40 04:09.633","","00","76 18:33.085","9","0","0","0","36101","0","0","0","N","0","0","0","1","36101","0","","4","01","N","N","0","","0","0","0","0","0","","0604","0","1","0","0","0","0","1","3","0","1","N","","","","","","","","","","","","03","03","","N","N"
"1730","0","0","0","0","0","0","0","0","0","1","0","","36","07","2021","2021069483","4","40.0386","-76.1617","1714","08","0","0","0","0","0","1","0","0","","0","0","0","17","1","0","02","0","40 02:18.921","","00","76 09:42.232","0","0","0","0","36221","0","0","0","N","0","0","0","2","68J01","0","","1","01","N","N","0","","0","0","1","0","0","","1712","0","2","0","0","0","0","0","1","1","2","N","","","","","","","","","","","","03","","","N","N"
"1424","2","0","0","0","0","0","0","0","0","4","0","","36","10","2021","2021104072","6","40.0689","-76.3305","1421","08","0","0","0","0","0","1","0","0","","0","0","0","14","1","0","01","0","40 04:07.886","","00","76 19:50.159","0","0","0","0","36101","0","0","0","N","0","0","0","2","36101","0","","1","09","N","N","0","","0","0","0","3","2","","1419","0","2","0","0","0","0","0","3","0","2","N","","","","","","","","","","","","07","07","","N",""
"1610","1","0","0","0","0","0","0","0","0","7","0","","36","06","2021","2021086479","4","40.0315","-76.4877","1610","08","0","0","0","0","0","0","0","0","","0","0","0","16","1","0","00","1","40 01:53.402","3","00","76 29:15.869","0","0","0","0","36404","0","0","0","N","0","0","0","1","36404","0","","4","01","N","N","0","","0","0","0","0","0","N","1610","0","1","0","0","0","0","0","3","0","1","N","","","","","","","","","","","1701","03","04","","N","N"
"0705","1","0","0","0","0","0","0","0","0","7","0","","36","10","2021","2021104606","7","40.2087","-76.4201","0651","08","0","0","0","1","0","0","0","0","","0","0","0","06","2","0","00","0","40 12:31.248","","00","76 25:12.429","0","0","0","0","36227","0","0","0","N","0","0","0","1","36506","0","","4","09","N","N","0","","0","0","0","0","0","","0651","0","1","0","0","0","0","0","1","0","1","N","","","","","","","","","","","","07","","","N","Y"
"1320","2","0","0","0","0","0","0","0","0","1","0","","36","06","2021","2021059436","6","40.1575","-76.2047","1316","08","0","0","0","0","0","0","0","0","","0","0","0","13","1","1","01","0","40 09:27.092","","00","76 12:17.018","4","0","0","0","36402","0","0","0","N","0","0","0","2","36238","1","","1","01","N","N","0","","0","0","0","3","2","","1316","1","2","0","0","0","0","0","2","0","2","N","","","","","","","","","","","","03","","","N",""
"1516","1","0","0","0","0","0","0","0","0","4","0","","36","10","2021","2021105677","6","40.0659","-76.307","1512","08","0","0","0","0","0","0","0","0","","0","0","0","15","1","0","00","1","40 03:57.302","2","00","76 18:25.293","0","0","0","0","36101","0","0","0","N","0","0","0","6","36101","0","","1","01","N","N","0","","0","0","1","0","0","Y","1510","0","2","0","0","0","0","0","3","0","2","N","","","","","","","","","","","1555","03","03","","N","N"
"1050","0","0","0","0","0","0","0","0","0","7","0","","36","10","2021","2021105560","1","40.0265","-76.3945","1037","08","0","0","0","0","0","0","1","0","","0","0","0","10","1","1","00","2","40 01:35.439","5","00","76 23:40.135","3","0","0","0","36223","0","0","0","N","0","0","0","1","36223","0","","5","09","N","N","1","","1","0","0","0","0","N","1037","1","1","0","0","0","0","0","1","0","1","N","","","","","","","","","","","1115","07","07","","N","N"
"0048","5","0","0","0","0","0","0","0","0","4","0","","36","10","2021","2021106287","7","40.0402","-76.2996","0047","08","0","0","0","1","0","0","0","0","","0","0","0","00","3","0","01","2","40 02:24.765","2","00","76 17:58.504","0","0","0","0","36301","0","0","0","N","0","0","0","2","36301","0","","1","01","N","N","0","","0","0","0","0","0","Y","0045","0","5","0","0","0","0","0","3","0","5","N","","","","","","","","","","","0200","03","03","","N",""
"0330","1","0","0","0","0","0","0","0","0","98","0","","36","10","2021","2021105008","1","40.0479","-76.4099","0324","08","0","0","0","0","0","0","0","0","","0","0","0","03","2","0","00","0","40 02:52.594","","00","76 24:35.543","0","0","0","0","36239","0","0","0","N","0","0","0","1","36239","0","","1","09","N","N","0","","0","0","0","0","0","","0324","0","1","0","0","0","0","0","3","0","1","N","","","","","","","","","","","","05","05","","N","N"
"1219","1","0","0","0","0","0","0","0","0","4","0","","36","06","2021","2021057691","3","40.0456","-76.2924","1210","08","0","0","0","0","0","1","0","0","","0","0","0","12","1","1","01","1","40 02:44.163","5","00","76 17:32.546","3","0","0","0","36301","0","0","0","N","0","0","0","2","36301","0","","1","01","N","N","0","","1","0","1","3","3","N","1208","1","2","0","0","0","0","0","3","0","2","N","","","","","","","","","","","1303","03","03","","N","N"
"1610","2","0","0","0","0","0","0","0","0","1","0","","36","11","2021","2021105679","2","40.0263","-76.3623","1606","08","0","0","0","0","0","0","0","1","","0","0","0","16","1","0","00","0","40 01:34.764","","00","76 21:44.399","0","0","0","0","36223","0","0","0","N","0","0","0","2","36223","0","","1","01","N","N","0","","0","0","0","0","0","","1605","0","2","0","0","0","0","0","1","0","2","N","","","","","","","","","","","","04","","","N","N"
"0128","1","0","0","0","0","0","0","0","0","7","0","","36","06","2021","2021054752","7","40.131","-76.5333","0120","08","0","0","0","1","0","0","0","0","","0","0","0","01","2","0","00","0","40 07:51.705","","00","76 31:59.833","0","0","0","0","36225","0","0","0","N","0","0","0","1","36505","0","","4","01","N","N","0","","0","0","0","0","0","","0120","0","1","0","0","0","0","0","2","0","1","N","","","","","","","","","","","","03","03","","Y","N"
"1951","2","0","0","0","0","0","0","0","0","4","0","","36","07","2021","2021067691","7","40.065","-76.4445","1951","08","0","0","0","0","1","0","0","0","","0","0","0","19","1","1","02","1","40 03:54.120","6","00","76 26:40.228","4","0","0","0","36239","0","0","0","N","0","0","0","2","36239","1","","1","09","N","N","0","","0","0","0","3","3","N","1951","1","2","0","0","0","0","0","3","0","2","N","","","","","","","","","","","2015","07","","","N",""
"1633","1","0","0","0","0","0","0","0","0","5","0","","36","06","2021","2021056677","7","40.091","-76.6677","1621","08","0","0","0","0","0","1","0","0","","0","0","0","16","1","0","01","0","40 05:27.538","","00","76 40:03.716","0","0","0","0","36207","0","0","0","N","0","0","0","2","36504","0","","1","09","N","N","0","","0","0","1","0","0","","1618","0","2","0","0","0","0","0","1","0","2","N","","","","","","","","","","","","04","","","N","N"
"1000","2","0","0","0","0","0","0","0","0","4","0","","36","10","2021","2021102938","6","40.0443","-76.3069","0956","08","0","0","0","0","0","0","0","1","","0","0","0","09","1","1","01","0","40 02:39.403","","00","76 18:24.797","3","0","0","0","36301","0","0","0","N","0","0","0","4","36301","0","","1","01","N","N","0","","1","0","0","3","2","","0956","1","2","0","0","0","0","0","3","0","2","N","","","","","","","","","","","","03","03","","N",""