"ARRIVAL_TM","AUTOMOBILE_COUNT","BELTED_DEATH_COUNT","BELTED_SUSP_SERIOUS_INJ_COUNT","BICYCLE_COUNT","BICYCLE_DEATH_COUNT","BICYCLE_SUSP_SERIOUS_INJ_COUNT","BUS_COUNT","CHLDPAS_DEATH_COUNT","CHLDPAS_SUSP_SERIOUS_INJ_COUNT","COLLISION_TYPE","COMM_VEH_COUNT","CONS_ZONE_SPD_LIM","COUNTY","CRASH_MONTH","CRASH_YEAR","CRN","DAY_OF_WEEK","DEC_LAT","DEC_LONG","DISPATCH_TM","DISTRICT","DRIVER_COUNT_16YR","DRIVER_COUNT_17YR","DRIVER_COUNT_18YR","DRIVER_COUNT_19YR","DRIVER_COUNT_20YR","DRIVER_COUNT_50_64YR","DRIVER_COUNT_65_74YR","DRIVER_COUNT_75PLUS","EST_HRS_CLOSED","FATAL_COUNT","HEAVY_TRUCK_COUNT","HORSE_BUGGY_COUNT","HOUR_OF_DAY","ILLUMINATION","INJURY_COUNT","INTERSECT_TYPE","LANE_CLOSED","LATITUDE","LN_CLOSE_DIR","LOCATION_TYPE","LONGITUDE","MAX_SEVERITY_LEVEL","MCYCLE_DEATH_COUNT","MCYCLE_SUSP_SERIOUS_INJ_COUNT","MOTORCYCLE_COUNT","MUNICIPALITY","NONMOTR_COUNT","NONMOTR_DEATH_COUNT","NONMOTR_SUSP_SERIOUS_INJ_COUNT","NTFY_HIWY_MAINT","PED_COUNT","PED_DEATH_COUNT","PED_SUSP_SERIOUS_INJ_COUNT","PERSON_COUNT","POLICE_AGCY","POSSIBLE_INJ_COUNT","RDWY_SURF_TYPE_CD","RELATION_TO_ROAD","ROAD_CONDITION","SCH_BUS_IND","SCH_ZONE_IND","SMALL_TRUCK_COUNT","SPEC_JURIS_CD","SUSP_MINOR_INJ_COUNT","SUSP_SERIOUS_INJ_COUNT","SUV_COUNT","TCD_FUNC_CD","TCD_TYPE","TFC_DETOUR_IND","TIME_OF_DAY","TOT_INJ_COUNT","TOTAL_UNITS","UNB_DEATH_COUNT","UNB_SUSP_SERIOUS_INJ_COUNT","UNBELTED_OCC_COUNT","UNK_INJ_DEG_COUNT","UNK_INJ_PER_COUNT","URBAN_RURAL","VAN_COUNT","VEHICLE_COUNT","WORK_ZONE_IND","WORK_ZONE_LOC","WORK_ZONE_TYPE","WORKERS_PRES","WZ_CLOSE_DETOUR","WZ_FLAGGER","WZ_LAW_OFFCR_IND","WZ_LN_CLOSURE","WZ_MOVING","WZ_OTHER","WZ_SHLDER_MDN","ROADWAY_CLEARED","WEATHER1","WEATHER2","WZ_WORKERS_INJ_KILLED","SECONDARY_CRASH","INTERSECTION_RELATED"
"1850","2","0","0","0","0","0","0","0","0","4","0","","36","06","2021","2021062824","4","40.1133","-76.4512","1843","08","0","0","0","0","0","1","1","0","","0","0","0","18","1","1","01","2","40 06:47.876","7","00","76 27:04.154","4","0","0","0","36230","0","0","0","N","0","0","0","3","36410","1","","1","01","N","N","0","","0","0","0","3","2","N","1841","1","2","0","0","0","0","0","1","0","2","N","","","","","","","","","","","1940","03","","","N",""
"1742","0","0","0","0","0","0","0","0","0","0","0","","36","10","2021","2021106124","6","40.0297","-75.9996","1731","08","0","0","0","0","0","0","0","0","","0","0","0","17","1","0","00","0","40 01:47.082","","00","75 59:58.451","0","0","0","0","36232","0","0","0","N","0","0","0","1","68J01","0","","1","09","N","N","0","","0","0","1","0","0","","1702","0","1","0","0","0","0","0","1","0","1","N","","","","","","","","","","","","08","07","","N","N"
"1456","1","0","0","0","0","0","0","0","0","1","0","","36","06","2021","2021059028","3","40.0386","-76.2871","1451","08","0","0","0","2","0","0","0","0","","0","0","0","14","1","0","00","0","40 02:19.000","","00","76 17:13.500","0","0","0","0","36301","0","0","0","N","0","0","0","2","36301","0","","1","01","N","N","0","","0","0","1","0","0","","1449","0","2","0","0","0","0","0","3","0","2","N","","","","","","","","","","","","03","03","","N","N"
"1142","0","0","0","0","0","0","0","0","0","4","0","","36","07","2021","2021067150","6","40.1288","-76.3118","1132","08","0","0","0","0","0","1","0","0","","0","0","0","11","1","0","02","1","40 07:43.586","7","00","76 18:42.454","0","0","0","0","36235","0","0","0","N","0","0","0","2","36506","0","","1","01","N","N","0","","0","0","2","3","2","N","1132","0","2","0","0","0","0","0","1","0","2","N","","","","","","","","","","","1227","03","","","N",""
"0941","1","0","0","0","0","0","0","0","0","4","0","","36","06","2021","2021054280","1","40.0424","-76.2938","0939","08","0","0","0","0","0","0","1","0","","0","0","0","09","1","0","01","2","40 02:32.780","3","00","76 17:37.618","0","0","0","0","36301","0","0","0","N","0","0","0","2","36301","0","","1","01","N","N","0","","0","0","1","3","3","Y","0937","0","3","0","0","0","0","0","3","1","3","N","","","","","","","","","","","1018","04","04","","Y","N"
"1323","0","0","0","0","0","0","0","0","0","7","1","","36","10","2021","2021099946","6","40.0124","-76.2249","1309","08","0","0","0","0","0","0","0","0","","0","0","0","13","1","0","00","0","40 00:44.615","","00","76 13:29.710","0","0","0","0","36240","0","0","0","N","0","0","0","2","36240","0","","4","01","N","N","0","","0","0","0","0","0","","1300","0","1","0","0","0","0","0","1","1","1","N","","","","","","","","","","","","03","03","","N","N"
"1214","1","0","0","0","0","0","0","0","0","1","0","","36","06","2021","2021058508","5","40.0397","-76.2166","1211","08","0","0","0","0","0","0","0","0","","0","0","0","12","1","0","00","1","40 02:23.066","4","00","76 12:59.700","0","0","0","0","36215","0","0","0","N","0","0","0","3","36215","0","","1","01","N","N","0","","0","0","1","0","0","N","1209","0","2","0","0","0","0","0","1","0","2","N","","","","","","","","","","","1317","03","03","","N","N"
"0709","1","0","0","0","0","0","0","0","0","1","0","","36","06","2021","2021058507","5","40.0406","-76.2525","0706","08","0","0","0","0","0","0","1","0","","0","0","0","07","1","0","00","1","40 02:26.283","4","00","76 15:09.009","0","0","0","0","36215","0","0","0","N","0","0","0","2","36215","0","","1","01","N","N","0","","0","0","1","3","2","N","0702","0","2","0","0","0","0","0","1","0","2","N","","","","","","","","","","","0741","03","03","","N","Y"
"1248","2","0","0","0","0","0","0","0","0","1","0","","36","06","2021","2021056923","6","40.0524","-76.3228","1229","08","0","0","0","0","1","0","0","0","","0","0","0","12","1","0","02","1","40 03:08.799","4","00","76 19:22.141","9","0","0","0","36301","0","0","0","N","0","0","0","6","36101","0","","1","01","N","N","0","","0","0","1","0","0","N","1223","0","4","0","0","0","0","1","3","1","4","N","","","","","","","","","","","0045","03","","","N",""
"1100","0","0","0","0","0","0","0","0","0","7","0","","36","06","2021","2021054749","5","40.1682","-76.5936","1042","08","0","0","0","0","0","0","0","0","","0","0","0","10","1","0","00","9","40 10:05.420","","00","76 35:37.100","0","0","0","0","36225","0","0","0","N","0","0","0","1","36505","0","","2","01","N","N","0","","0","0","1","0","0","","1040","0","1","0","0","0","0","0","2","0","1","N","","","","","","","","","","","","03","03","","N","N"
"0815","0","0","0","0","0","0","0","0","0","1","0","","36","11","2021","2021106996","2","40.0774","-76.3088","0815","08","0","0","0","0","0","0","0","0","","0","0","0","08","1","0","00","1","40 04:38.700","2","00","76 18:31.795","0","0","0","0","36101","0","0","0","N","0","0","0","3","36101","0","","1","01","N","N","1","","0","0","2","0","0","N","0815","0","3","0","0","0","0","0","3","0","3","N","","","","","","","","","","","0918","03","03","","N","N"
"1427","1","0","0","0","0","0","0","0","0","7","0","","36","10","2021","2021104073","6","40.0624","-76.3531","1427","08","0","0","0","1","0","0","0","0","","0","0","0","14","1","0","02","0","40 03:44.492","","00","76 21:11.066","0","0","0","0","36214","0","0","0","N","0","0","0","1","36214","0","","4","09","N","N","0","","0","0","0","0","0","","1425","0","1","0","0","0","0","0","3","0","1","N","","","","","","","","","","","","07","07","","N",""
"0831","0","0","0","0","0","0","0","0","0","7","1","","36","10","2021","2021103848","6","40.1566","-76.6265","0829","08","0","0","0","0","0","0","0","0","","0","1","0","08","1","1","00","2","40 09:23.600","5","00","76 37:35.300","3","0","0","0","36237","0","0","0","N","0","0","0","1","36505","0","","4","01","N","N","0","","1","0","0","0","0","Y","0829","1","1","0","0","0","0","0","1","0","1","N","","","","","","","","","","","0911","03","03","","N","N"
"1154","0","0","0","0","0","0","0","0","0","4","0","","36","06","2021","2021066991","4","39.9876","-76.0188","1154","08","0","0","0","0","0","0","0","1","","0","0","0","11","1","0","01","0","39 59:15.409","","00","76 01:07.814","0","0","0","0","36232","0","0","0","N","0","0","0","4","68J01","0","","1","01","N","N","1","","0","0","0","3","3","","1154","0","2","0","0","0","0","0","1","1","2","N","","","","","","","","","","","","03","","","N","N"
"1651","2","0","0","0","0","0","0","0","0","4","0","","36","06","2021","2021062227","3","40.0322","-76.5082","1644","08","0","0","0","0","0","1","0","1","","0","0","0","16","1","0","02","0","40 01:55.903","","00","76 30:29.448","0","0","0","0","36404","0","0","0","N","0","0","0","3","36404","0","","1","01","N","N","0","","0","0","0","3","3","","1644","0","2","0","0","0","0","0","3","0","2","N","","","","","","","","","","","","03","","","N",""
"2029","0","0","0","0","0","0","0","0","0","7","0","","36","10","2021","2021104351","6","40.2303","-76.3471","2023","08","0","0","0","0","0","0","0","0","","0","0","0","20","2","1","00","0","40 13:48.593","","00","76 20:52.155","3","0","0","0","36217","0","0","0","N","0","0","0","1","68T06","0","","2","09","N","N","0","","1","0","1","0","0","","2023","1","1","0","0","0","0","0","1","0","1","N","","","","","","","","","","","","07","","","N","N"
"0027","1","0","0","0","0","0","0","0","0","7","0","","36","10","2021","2021106589","1","40.2176","-76.2489","0019","08","0","0","0","0","0","1","0","0","","0","0","0","00","3","0","00","0","40 13:03.530","","00","76 14:56.080","0","0","0","0","36204","0","0","0","N","0","0","0","1","36506","0","","4","06","N","N","0","","0","0","0","0","0","","0015","0","1","0","0","0","0","0","1","0","1","N","","","","","","","","","","","","03","03","","N","N"
"1611","2","0","0","0","0","0","0","0","0","1","0","","36","04","2021","2021037189","6","40.0674","-76.3072","1605","08","0","0","0","0","0","1","0","0","","0","0","0","16","1","1","03","0","40 04:02.589","","00","76 18:26.657","4","0","0","0","36101","0","0","0","N","0","0","0","2","36101","1","","1","01","N","N","0","","0","0","0","3","4","","1603","1","2","0","0","0","0","0","3","0","2","N","","","","","","","","","","","","03","","","N",""
"2320","1","0","0","0","0","0","0","0","0","4","0","","36","06","2021","2021054985","2","40.0422","-76.2957","2317","08","0","0","0","0","0","0","0","0","","0","0","0","23","3","1","01","0","40 02:32.089","","00","76 17:44.343","3","0","0","0","36301","0","0","0","N","0","0","0","2","36301","0","","1","01","N","N","0","","1","0","0","0","0","","2316","1","2","0","0","0","0","1","3","0","2","N","","","","","","","","","","","","03","","","N",""
"0709","0","0","0","0","0","0","0","0","0","4","0","","36","06","2021","2021063605","5","39.8708","-76.2281","0658","08","0","0","0","0","0","0","0","0","","0","0","0","06","1","1","00","2","39 52:15.056","5","07","76 13:41.222","8","0","0","1","36208","0","0","0","N","0","0","0","2","68J01","0","","1","01","N","N","0","","0","0","1","3","3","Y","0657","1","2","0","0","0","1","0","1","0","2","N","","","","","","","","","","","0740","03","","","N","N"
"1718","2","0","0","0","0","0","0","0","0","1","0","","36","06","2021","2021058148","6","40.2328","-76.4342","1702","08","0","0","0","0","0","0","0","0","","0","0","0","17","1","0","00","0","40 13:58.059","","00","76 26:03.004","0","0","0","0","36230","0","0","0","N","0","0","0","2","36410","0","","1","09","N","N","0","","0","0","0","3","2","","1702","0","2","0","0","0","0","0","1","0","2","N","","","","","","","","","","","","07","","","N","Y"
"1505","1","0","0","0","0","0","0","0","0","4","0","","36","06","2021","2021058149","6","40.1969","-76.4871","1501","08","0","0","0","0","1","0","0","0","","0","0","0","15","1","1","01","2","40 11:49.015","5","00","76 29:13.553","4","0","0","0","36230","0","0","0","N","0","0","0","3","36410","1","","1","01","N","N","0","","0","0","1","3","3","Y","1501","1","2","0","0","0","0","0","1","0","2","N","","","","","","","","","","","0030","03","","","N",""
"1309","1","0","0","0","0","0","0","0","0","4","0","","36","06","2021","2021058593","6","39.7846","-76.1153","1257","08","0","0","0","0","0","1","0","1","","0","0","0","12","1","0","01","0","39 47:04.678","","00","76 06:55.157","0","0","0","0","36222","0","0","0","N","0","0","0","2","68J01","0","","1","01","N","N","0","","0","0","1","3","3","","1255","0","2","0","0","0","0","0","1","0","2","N","","","","","","","","","","","","03","","","N",""
"1558","0","0","0","0","0","0","0","0","0","7","0","","36","06","2021","2021057518","3","40.1913","-76.3577","1551","08","0","0","0","0","0","1","0","0","","0","0","0","15","1","0","00","0","40 11:28.500","","00","76 21:27.600","0","0","0","0","36227","0","0","0","N","0","0","0","1","36506","0","","4","01","N","N","1","","0","0","0","0","0","","1545","0","1","0","0","0","0","0","1","0","1","N","","","","","","","","","","","","03","","","N","N"
"1522","1","0","0","0","0","0","0","0","0","7","0","","36","11","2021","2021105678","3","40.0541","-76.2789","1516","08","0","0","0","0","0","0","0","0","","0","0","0","15","1","1","00","2","40 03:14.780","6","00","76 16:44.160","3","0","0","0","36101","0","0","0","N","0","0","0","1","36101","0","","5","09","N","N","0","","1","0","0","0","0","Y","1512","1","1","0","0","0","0","0","3","0","1","N","","","","","","","","","","","1615","07","03","","N","N"
"1810","2","0","0","0","0","0","0","0","0","4","0","","36","07","2021","2021068020","3","40.1628","-76.2762","1753","08","0","0","0","0","0","0","1","0","","0","0","0","17","1","0","01","0","40 09:46.015","","00","76 16:34.301","0","0","0","0","36235","0","0","0","N","0","0","0","2","36506","0","","1","01","N","N","0","","0","0","0","3","2","","1753","0","2","0","0","0","0","0","1","0","2","N","","","","","","","","","","","","03","","","N",""
"0653","0","0","1","0","0","0","0","0","0","1","0","","36","06","2021","2021053363","5","40.0204","-76.3376","0651","08","0","0","0","0","0","0","1","1","","0","0","0","06","1","1","00","2","40 01:13.400","6","00","76 20:15.467","2","0","0","0","36220","0","0","0","N","0","0","0","2","36101","0","","1","01","N","N","0","","0","1","0","0","0","Y","0649","1","2","0","0","0","0","0","3","1","2","N","","","","","","","","","","","0753","03","03","","N","N"
"2027","1","0","0","0","0","0","0","0","0","4","0","","36","06","2021","2021069446","3","40.0205","-76.3839","2025","08","0","0","0","0","0","2","0","0","","0","0","0","20","4","3","02","2","40 01:13.742","7","00","76 23:02.029","3","0","0","0","36223","0","0","0","N","0","0","0","6","36223","2","","1","01","N","N","0","","1","0","0","0","0","Y","2024","3","2","0","0","0","0","0","1","1","2","N","","","","","","","","","","","2115","03","","","N",""
"0303","1","0","0","0","0","0","0","0","0","7","0","","36","11","2021","2021106775","5","40.0787","-76.2614","0257","08","0","0","0","0","0","0","0","0","","0","0","0","02","3","0","00","0","40 04:43.390","","00","76 15:40.940","0","0","0","0","36101","0","0","0","N","0","0","0","1","36101","0","","5","01","N","N","0","","0","0","0","0","0","","0253","0","1","0","0","0","0","0","3","0","1","N","","","","","","","","","","","","03","03","","N","N"
"1254","0","0","0","0","0","0","0","0","0","4","0","","36","04","2021","2021042954","1","40.0308","-76.2343","1248","08","0","0","0","0","0","0","2","0","","0","0","0","12","1","0","02","1","40 01:50.123","3","00","76 14:03.641","0","0","0","0","36215","0","0","0","N","0","0","0","4","36215","0","","1","01","N","N","0","","0","0","2","3","3","N","1246","0","2","0","0","0","0","0","1","0","2","N","","","","","","","","","","","1339","03","","","N",""
"1413","0","0","0","0","0","0","0","0","0","0","0","","36","06","2021","2021055996","6","40.1077","-76.2486","1402","08","0","0","0","0","0","0","0","0","","0","0","0","13","1","1","00","0","40 06:27.579","","00","76 14:55.084","4","0","0","0","36101","0","0","0","N","0","0","0","3","36101","1","","1","09","N","N","0","","0","0","1","0","0","","1359","1","2","0","0","0","0","1","3","0","2","N","","","","","","","","","","","","07","07","","N","N"
"1520","0","0","0","0","0","0","1","0","0","1","1","","36","11","2021","2021105869","2","40.055","-76.3828","1517","08","0","0","0","0","0","2","1","0","","0","0","0","15","1","1","02","2","40 03:17.959","6","00","76 22:57.903","3","0","0","0","36214","0","0","0","N","0","0","0","3","36214","0","","1","01","Y","N","0","","1","0","2","0","0","Y","1510","1","3","0","0","0","0","0","3","0","3","N","","","","","","","","","","","1615","03","03","","N",""
"2110","0","0","0","0","0","0","0","0","0","2","0","","36","06","2021","2021058971","1","40.016","-76.2766","2108","08","0","0","0","0","0","0","0","1","","0","0","0","21","2","0","03","2","40 00:57.491","1","00","76 16:35.740","0","0","0","0","36240","0","0","0","N","0","0","0","3","36240","0","","1","01","N","N","0","","0","0","2","3","3","Y","2105","0","2","0","0","0","0","0","1","0","2","N","","","","","","","","","","","2305","03","","","N",""
"2203","0","0","0","0","0","0","0","0","0","2","0","","36","06","2021","2021052101","7","40.1476","-76.3781","2154","08","0","0","0","0","0","0","0","0","","0","0","0","21","2","1","00","0","40 08:51.500","","00","76 22:41.010","2","0","1","1","36227","0","0","0","N","0","0","0","1","36506","0","","6","01","N","N","0","","0","1","1","0","0","","2154","1","2","0","0","0","0","0","1","0","2","N","","","","","","","","","","","","03","","","N","N"
"1329","1","0","0","0","0","0","0","0","0","4","0","","36","06","2021","2021054092","3","40.1018","-76.6727","1321","08","0","0","0","0","0","1","0","0","","0","0","0","13","1","1","01","0","40 06:06.624","","00","76 40:21.755","8","0","0","0","36207","0","0","0","N","0","0","0","2","36504","0","","1","01","N","N","1","","0","0","0","3","3","","1319","1","2","0","0","0","1","0","1","0","2","N","","","","","","","","","","","","03","03","","N",""
"1700","0","0","0","0","0","0","0","0","0","4","1","","36","10","2021","2021106064","2","39.7739","-76.1791","1652","08","0","0","0","0","0","1","0","0","","0","1","0","16","1","1","01","1","39 46:25.988","1","00","76 10:44.934","3","0","0","0","36219","0","0","0","N","0","0","0","2","68J01","0","","1","01","N","N","1","","1","0","0","3","3","N","1649","1","2","0","0","0","0","0","1","0","2","N","","","","","","","","","","","1800","03","","","N","N"
"1729","0","0","0","0","0","0","0","0","0","4","0","","36","06","2021","2021060619","5","40.0915","-76.1627","1718","08","0","0","0","0","1","0","1","0","","0","0","0","17","1","0","00","0","40 05:29.513","","07","76 09:45.714","0","0","0","0","36234","0","0","0","N","0","0","0","2","36215","0","","1","01","N","N","0","","0","0","1","0","0","","1718","0","2","0","0","0","0","0","1","1","2","N","","","","","","","","","","","","03","","","N","N"
"1916","2","0","0","0","0","0","0","0","0","4","0","","36","06","2021","2021060790","3","40.1","-76.3556","1909","08","0","0","0","1","0","0","1","0","","0","0","0","19","1","0","01","1","40 05:59.944","1","00","76 21:20.163","0","0","0","0","36406","0","0","0","N","0","0","0","3","36506","0","","1","01","N","N","0","","0","0","0","3","2","N","1907","0","2","0","0","0","0","0","3","0","2","N","","","","","","","","","","","1950","03","03","","N",""
"2201","2","0","0","0","0","0","0","0","0","4","0","","36","06","2021","2021057483","1","40.044","-76.3242","2159","08","0","1","0","0","0","0","0","0","","0","0","0","21","3","0","01","2","40 02:38.378","1","00","76 19:27.213","9","0","0","0","36301","0","0","0","N","0","0","0","4","36301","0","","1","01","N","N","0","","0","0","0","3","2","Y","2158","0","2","0","0","0","0","1","3","0","2","N","","","","","","","","","","","2300","03","03","","N","N"
"1445","1","0","0","0","0","0","0","0","0","1","0","","36","06","2021","2021057955","2","40.1387","-76.31","1442","08","0","0","1","0","0","0","0","0","","0","0","0","14","1","1","00","2","40 08:19.300","6","00","76 18:36.120","3","0","0","0","36235","0","0","0","N","0","0","0","1","36506","0","","6","01","N","N","0","","1","0","0","0","0","Y","1441","1","2","0","0","0","0","0","1","1","2","N","","","","","","","","","","","1520","03","","","N","N"
"1639","1","0","0","0","0","0","0","0","0","4","0","","36","07","2021","2021066042","5","40.1502","-76.2988","1637","08","0","0","0","0","0","0","0","0","","0","0","0","16","1","0","01","0","40 09:00.792","","00","76 17:55.615","0","0","0","0","36409","0","0","0","N","0","0","0","2","36409","0","","1","01","N","N","0","","0","0","1","3","3","","1633","0","2","0","0","0","0","0","3","0","2","N","","","","","","","","","","","","03","","","N",""
"1933","0","0","0","0","0","0","0","0","0","4","0","","36","06","2021","2021057890","2","40.0422","-76.2918","1929","08","0","0","0","0","0","0","0","0","","0","0","0","19","1","1","01","1","40 02:31.944","2","00","76 17:30.410","4","0","0","0","36301","0","0","0","N","0","0","0","3","36301","1","","1","09","N","N","0","","0","0","2","3","3","N","1927","1","2","0","0","0","0","1","3","0","2","N","","","","","","","","","","","1958","04","07","","N",""
"1413","0","0","0","0","0","0","0","0","0","4","0","","36","06","2021","2021055269","1","40.2213","-76.4323","1403","08","0","0","0","0","0","1","0","0","","0","0","0","14","1","0","01","1","40 13:16.697","2","00","76 25:56.245","0","0","0","0","36230","0","0","0","N","0","0","0","2","36410","0","","1","01","N","N","1","","0","0","0","3","3","N","1401","0","2","0","0","0","0","0","1","1","2","N","","","","","","","","","","","1442","03","03","","N",""
"1337","1","0","0","0","0","0","0","0","0","7","0","","36","11","2021","2021105870","3","40.078","-76.4074","1333","08","0","1","0","0","0","0","0","0","","0","0","0","13","1","1","00","2","40 04:40.953","5","00","76 24:26.490","3","0","0","0","36214","0","0","0","N","0","0","0","1","36214","0","","5","09","N","N","0","","1","0","0","0","0","Y","1331","1","1","0","0","0","0","0","3","0","1","N","","","","","","","","","","","1412","07","07","","N","N"
"1659","1","0","0","0","0","0","0","0","0","2","0","","36","06","2021","2021058724","4","40.0487","-76.2987","1656","08","0","0","0","0","0","0","0","0","","0","0","0","16","1","1","00","2","40 02:55.300","3","00","76 17:55.400","3","0","0","0","36301","0","0","0","N","0","0","0","3","36301","0","","1","01","N","N","0","","1","0","1","0","0","Y","1654","1","2","0","0","1","0","0","3","0","2","N","","","","","","","","","","","1737","03","03","","N","N"
"0934","3","0","0","0","0","0","0","0","0","4","0","","36","06","2021","2021061030","5","40.0945","-76.2155","0932","08","0","1","0","0","0","0","0","0","","0","0","0","09","1","0","01","1","40 05:40.302","6","00","76 12:55.752","0","0","0","0","36234","0","0","0","N","0","0","0","3","36215","0","","1","01","N","N","0","","0","0","0","3","3","N","0928","0","3","0","0","0","0","0","1","0","3","N","","","","","","","","","","","0934","03","03","","N",""
"2316","0","0","0","0","0","0","0","0","0","98","0","","36","06","2021","2021059224","6","40.0205","-76.2784","2310","08","0","0","0","0","0","1","0","0","","0","0","0","23","2","2","00","2","40 01:13.705","5","00","76 16:42.171","2","0","1","1","36240","0","0","0","N","0","0","0","2","36240","0","","1","01","N","N","0","","1","1","0","0","0","Y","2305","2","1","0","0","0","0","0","1","0","1","N","","","","","","","","","","","2345","03","","","N","N"
"0748","0","0","0","0","0","0","0","0","0","4","0","","36","06","2021","2021053095","3","40.0436","-76.5129","0744","08","0","0","0","0","0","0","1","0","","0","0","0","07","1","0","02","0","40 02:37.018","","00","76 30:46.496","0","0","0","0","36239","0","0","0","N","0","0","0","3","36239","0","","1","01","N","N","0","","0","0","2","3","3","","0743","0","2","0","0","0","0","0","3","0","2","N","","","","","","","","","","","","03","03","","N",""
"1538","1","0","0","0","0","0","0","0","0","4","0","","36","06","2021","2021057026","6","40.0378","-76.3637","1535","08","0","0","0","0","0","0","1","0","","0","0","0","15","1","1","01","2","40 02:16.155","7","00","76 21:49.258","3","0","0","1","36223","0","0","0","N","0","0","0","4","36223","0","","1","01","N","N","0","","1","0","0","3","3","Y","1535","1","2","0","0","0","0","1","1","0","2","N","","","","","","","","","","","1600","03","","","N",""
"0443","2","0","0","0","0","0","0","0","0","7","0","","36","06","2021","2021058685","7","40.0674","-76.2994","0437","08","0","0","0","0","0","0","0","0","","0","0","0","04","3","0","00","0","40 04:02.500","","00","76 17:57.700","0","0","0","0","36101","0","0","0","N","0","0","0","1","36101","0","","4","01","N","N","0","","0","0","0","0","0","","0435","0","3","0","0","0","0","0","3","1","3","N","","","","","","","","","","","","03","03","","N","N"
"1440","1","0","0","0","0","0","1","0","0","4","1","","36","10","2021","2021103708","6","40.0229","-76.3173","1436","08","0","0","0","0","0","2","0","0","","0","0","0","14","1","1","01","0","40 01:22.555","","00","76 19:02.312","8","0","0","0","36301","0","0","0","N","0","0","0","2","36301","0","","1","01","Y","N","0","","0","0","1","3","3","","1432","1","3","0","0","0","1","0","3","0","3","N","","","","","","","","","","","","03","03","","Y","N"
"1038","1","0","0","0","0","0","0","0","0","4","0","","36","11","2021","2021106196","2","39.9298","-76.0547","1034","08","0","0","0","1","0","0","0","0","","0","0","0","10","1","3","01","2","39 55:47.339","7","00","76 03:17.057","2","0","0","0","36201","0","0","0","N","0","0","0","3","68J01","0","","1","01","N","N","0","","1","2","0","3","3","Y","1032","3","2","0","1","1","0","0","1","1","2","N","","","","","","","","","","","0200","03","","","N","N"
"1547","1","0","0","0","0","0","0","0","0","4","0","","36","07","2021","2021061203","5","40.0366","-76.3612","1545","08","0","0","0","0","0","0","1","0","","0","0","0","15","1","0","01","0","40 02:11.648","","00","76 21:40.370","0","0","0","0","36223","0","0","0","N","0","0","0","2","36223","0","","1","01","N","N","0","","0","0","1","3","3","","1543","0","2","0","0","0","0","0","1","0","2","N","","","","","","","","","","","","03","","","N",""
"0634","1","0","0","0","0","0","0","0","0","5","1","","36","10","2021","2021103619","5","40.0306","-76.2342","0625","08","0","0","0","0","0","1","0","0","","0","1","0","06","5","0","00","1","40 01:50.008","3","00","76 14:02.976","0","0","0","0","36215","0","0","0","N","0","0","0","2","36215","0","","1","09","N","N","0","","0","0","0","0","0","N","0622","0","2","0","0","0","0","0","1","0","2","N","","","","","","","","","","","0720","05","","","N","N"
"1714","0","0","0","1","0","0","0","0","0","4","0","","36","06","2021","2021057954","5","40.1411","-76.3511","1708","08","0","0","0","0","0","0","0","0","","0","0","0","17","1","1","02","0","40 08:27.859","","00","76 21:04.013","8","0","0","0","36227","1","0","0","N","0","0","0","4","36506","0","","1","01","N","N","0","","0","0","1","0","0","","1708","1","2","0","0","0","1","0","1","0","1","N","","","","","","","","","","","","03","03","","N",""
"1331","1","0","0","0","0","0","0","0","0","6","0","","36","06","2021","2021079119","2","39.9911","-76.0146","1324","08","0","0","0","0","0","0","0","1","","0","0","0","13","1","2","00","1","39 59:28.117","4","00","76 00:52.512","3","0","0","0","36232","0","0","0","N","0","0","0","4","68J01","0","","1","01","N","N","0","","2","0","2","0","0","N","1320","2","3","0","0","0","0","0","1","0","3","N","","","","","","","","","","","1420","03","03","","N","N"
"2039","1","0","1","0","0","0","0","0","0","7","0","","36","06","2021","2021054742","6","40.0651","-76.2843","2030","08","0","0","0","0","0","0","0","0","","0","0","0","20","2","2","00","1","40 03:54.219","3","00","76 17:03.406","2","0","0","0","36101","0","0","0","N","0","0","0","2","36101","1","","3","01","N","N","0","","0","1","0","0","0","N","2027","2","1","0","0","0","0","0","3","0","1","N","","","","","","","","","","","2140","04","04","","N","N"
"1219","1","0","0","0","0","0","0","0","0","4","0","","36","06","2021","2021064559","7","39.9865","-76.0182","1200","08","0","0","0","0","0","0","0","1","","0","0","0","11","1","0","01","0","39 59:11.345","","00","76 01:05.555","0","0","0","0","36232","0","0","0","N","0","0","0","6","68J01","0","","1","01","N","N","0","","0","0","1","3","3","","1158","0","2","0","0","0","0","0","1","0","2","N","","","","","","","","","","","","03","03","","N","N"
"1630","1","0","0","0","0","0","0","0","0","1","0","","36","11","2021","2021109075","6","40.0614","-76.3527","1626","08","0","0","0","0","0","0","0","0","","0","0","0","16","1","1","00","1","40 03:40.996","4","00","76 21:09.855","3","0","0","0","36214","0","0","0","N","0","0","0","3","36214","0","","1","01","N","N","0","","1","0","2","0","0","N","1624","1","3","0","0","0","0","0","3","0","3","N","","","","","","","","","","","1713","03","03","","N","N"