"ARRIVAL_TM","AUTOMOBILE_COUNT","BELTED_DEATH_COUNT","BELTED_SUSP_SERIOUS_INJ_COUNT","BICYCLE_COUNT","BICYCLE_DEATH_COUNT","BICYCLE_SUSP_SERIOUS_INJ_COUNT","BUS_COUNT","CHLDPAS_DEATH_COUNT","CHLDPAS_SUSP_SERIOUS_INJ_COUNT","COLLISION_TYPE","COMM_VEH_COUNT","CONS_ZONE_SPD_LIM","COUNTY","CRASH_MONTH","CRASH_YEAR","CRN","DAY_OF_WEEK","DEC_LAT","DEC_LONG","DISPATCH_TM","DISTRICT","DRIVER_COUNT_16YR","DRIVER_COUNT_17YR","DRIVER_COUNT_18YR","DRIVER_COUNT_19YR","DRIVER_COUNT_20YR","DRIVER_COUNT_50_64YR","DRIVER_COUNT_65_74YR","DRIVER_COUNT_75PLUS","EST_HRS_CLOSED","FATAL_COUNT","HEAVY_TRUCK_COUNT","HORSE_BUGGY_COUNT","HOUR_OF_DAY","ILLUMINATION","INJURY_COUNT","INTERSECT_TYPE","LANE_CLOSED","LATITUDE","LN_CLOSE_DIR","LOCATION_TYPE","LONGITUDE","MAX_SEVERITY_LEVEL","MCYCLE_DEATH_COUNT","MCYCLE_SUSP_SERIOUS_INJ_COUNT","MOTORCYCLE_COUNT","MUNICIPALITY","NONMOTR_COUNT","NONMOTR_DEATH_COUNT","NONMOTR_SUSP_SERIOUS_INJ_COUNT","NTFY_HIWY_MAINT","PED_COUNT","PED_DEATH_COUNT","PED_SUSP_SERIOUS_INJ_COUNT","PERSON_COUNT","POLICE_AGCY","POSSIBLE_INJ_COUNT","RDWY_SURF_TYPE_CD","RELATION_TO_ROAD","ROAD_CONDITION","SCH_BUS_IND","SCH_ZONE_IND","SMALL_TRUCK_COUNT","SPEC_JURIS_CD","SUSP_MINOR_INJ_COUNT","SUSP_SERIOUS_INJ_COUNT","SUV_COUNT","TCD_FUNC_CD","TCD_TYPE","TFC_DETOUR_IND","TIME_OF_DAY","TOT_INJ_COUNT","TOTAL_UNITS","UNB_DEATH_COUNT","UNB_SUSP_SERIOUS_INJ_COUNT","UNBELTED_OCC_COUNT","UNK_INJ_DEG_COUNT","UNK_INJ_PER_COUNT","URBAN_RURAL","VAN_COUNT","VEHICLE_COUNT","WORK_ZONE_IND","WORK_ZONE_LOC","WORK_ZONE_TYPE","WORKERS_PRES","WZ_CLOSE_DETOUR","WZ_FLAGGER","WZ_LAW_OFFCR_IND","WZ_LN_CLOSURE","WZ_MOVING","WZ_OTHER","WZ_SHLDER_MDN","ROADWAY_CLEARED","WEATHER1","WEATHER2","WZ_WORKERS_INJ_KILLED","SECONDARY_CRASH","INTERSECTION_RELATED"
"2317","1","0","0","0","0","0","0","0","0","5","0","","36","06","2021","2021063624","4","39.9174","-76.2456","2300","08","0","0","0","0","0","1","0","0","","0","0","0","22","2","0","00","1","39 55:02.804","1","00","76 14:44.074","0","0","0","0","36229","1","0","0","Y","0","0","0","2","68J01","0","","2","01","N","N","0","","0","0","1","0","0","N","2246","0","2","0","0","0","0","0","1","0","2","N","","","","","","","","","","","1215","03","03","","N","N"
"1610","1","0","0","0","0","0","0","0","0","4","0","","36","06","2021","2021062823","3","40.2356","-76.4356","1602","08","0","0","0","0","0","1","0","0","","0","0","0","16","1","1","00","1","40 14:08.066","1","07","76 26:08.283","3","0","0","0","36230","0","0","0","N","0","0","0","2","36410","0","","1","01","N","N","1","","1","0","0","0","0","N","1602","1","2","0","0","1","0","0","1","0","2","N","","","","","","","","","","","1620","03","","","N","N"
"0802","0","0","0","0","0","0","0","0","0","7","0","","36","11","2021","2021108811","3","40.095","-76.3515","0734","08","0","0","0","0","0","1","0","0","","0","0","0","07","1","0","00","0","40 05:42.095","","00","76 21:05.313","0","0","0","0","36406","0","0","0","N","0","0","0","1","36506","0","","4","01","N","N","0","","0","0","1","0","0","","0734","0","1","0","0","0","0","0","3","0","1","N","","","","","","","","","","","","03","03","","N","N"
"2332","1","0","0","0","0","0","0","0","0","7","0","","36","11","2021","2021109077","2","40.0273","-76.4551","2328","08","0","0","0","0","0","0","0","0","","0","0","0","23","2","0","00","0","40 01:38.240","","03","76 27:18.330","0","0","0","0","36239","0","0","0","N","0","0","0","1","36239","0","","5","01","N","N","0","","0","0","0","0","0","","2328","0","1","0","0","0","0","0","3","0","1","N","","","","","","","","","","","","03","","","N","N"
"0910","3","0","0","0","0","0","0","0","0","5","0","","36","11","2021","2021107862","4","40.0464","-76.3073","0907","08","0","0","0","0","0","0","0","0","","0","0","0","09","1","1","00","1","40 02:47.146","1","00","76 18:26.242","8","0","0","0","36301","0","0","0","N","0","0","0","1","36301","0","","4","01","N","N","0","","0","0","1","0","0","N","0901","1","5","0","0","0","1","0","3","1","5","N","","","","","","","","","","","1011","03","03","","N","N"
"1208","0","0","0","0","0","0","0","0","0","4","0","","36","11","2021","2021109076","2","40.045","-76.4224","1204","08","0","0","0","0","0","0","0","0","","0","0","0","11","1","0","01","0","40 02:41.823","","00","76 25:20.511","0","0","0","0","36239","0","0","0","N","0","0","0","5","36239","0","","1","01","N","N","0","","0","0","0","3","2","","1158","0","2","0","0","0","0","0","3","2","2","N","","","","","","","","","","","","03","","","N",""
"1855","1","0","0","0","0","0","0","0","0","4","0","","36","10","2021","2021108560","3","40.0379","-76.5094","1854","08","0","0","0","0","0","0","0","0","","0","0","0","18","3","1","01","1","40 02:16.594","3","00","76 30:33.804","4","0","0","0","36404","0","0","0","N","0","0","0","2","36404","1","","1","01","N","N","1","","0","0","0","0","0","N","1852","1","2","0","0","0","0","0","3","0","2","N","","","","","","","","","","","1931","03","03","","N",""
"1733","1","0","0","0","0","0","0","0","0","4","0","","36","06","2021","2021059990","5","40.0662","-76.3071","1733","08","0","0","0","0","0","2","0","0","","0","0","0","17","1","1","00","1","40 03:58.201","1","07","76 18:25.432","3","0","0","0","36101","0","0","0","N","0","0","0","2","36101","0","","1","01","N","N","1","","1","0","0","0","0","N","1715","1","2","0","0","0","0","0","3","0","2","N","","","","","","","","","","","1740","03","","","N","N"
"1937","1","0","0","0","0","0","0","0","0","8","0","","36","10","2021","2021105248","6","40.0528","-76.3018","1936","08","0","0","0","0","0","0","0","0","","0","0","0","19","3","1","02","1","40 03:10.195","4","00","76 18:06.580","4","0","0","0","36301","1","0","0","N","1","0","0","2","36301","1","","1","01","N","N","0","","0","0","0","0","0","Y","1934","1","2","0","0","0","0","0","3","0","1","N","","","","","","","","","","","1945","03","","","N","N"
"1127","2","0","0","0","0","0","0","0","0","4","0","","36","10","2021","2021100256","4","40.04","-76.3177","1121","08","0","0","0","0","0","0","1","0","","0","0","0","11","1","0","01","1","40 02:23.823","3","00","76 19:03.806","0","0","0","0","36301","0","0","0","N","0","0","0","3","36301","0","","1","01","N","N","0","","0","0","0","3","3","N","1117","0","2","0","0","1","0","0","3","0","2","N","","","","","","","","","","","1205","03","","","N",""
"0134","1","0","0","0","0","0","0","0","0","7","0","","36","10","2021","2021098912","2","39.9798","-76.2491","0131","08","0","0","0","0","1","0","0","0","","0","0","0","01","2","1","00","2","39 58:47.195","5","00","76 14:56.625","2","0","0","0","36240","0","0","0","N","0","0","0","1","36240","0","","5","01","N","N","0","","0","1","0","0","0","Y","0128","1","1","0","1","1","0","0","1","0","1","N","","","","","","","","","","","0224","03","","","N","N"
"1813","0","0","0","0","0","0","0","0","0","7","0","","36","06","2021","2021057368","1","40.0624","-75.9448","1543","08","0","0","0","0","0","0","0","0","","0","0","0","00","2","0","00","0","40 03:44.500","","00","75 56:41.400","0","0","0","0","36232","0","0","0","N","0","0","0","1","68J01","0","","5","01","N","N","0","","0","0","1","0","0","","0030","0","1","0","0","0","0","0","1","0","1","N","","","","","","","","","","","","03","03","","N","N"
"1459","1","0","0","0","0","0","0","0","0","4","0","","36","06","2021","2021062243","1","40.1799","-76.1829","1459","08","0","0","0","1","0","0","0","0","","0","0","0","14","1","1","01","1","40 10:47.722","3","00","76 10:58.605","3","0","0","0","36408","0","0","0","N","0","0","0","7","36408","0","","1","01","N","N","0","","1","0","0","3","3","Y","1459","1","2","0","0","4","0","0","2","1","2","N","","","","","","","","","","","1530","03","","","N","N"
"0007","0","0","0","0","0","0","0","0","0","7","0","","36","10","2021","2021108641","5","39.8841","-76.1595","0001","08","0","0","0","0","0","0","0","0","","0","0","0","23","2","1","00","0","39 53:02.650","","00","76 09:34.250","3","0","0","0","36212","0","0","0","N","0","0","0","1","68J01","0","","4","01","N","N","1","","1","0","0","0","0","","2356","1","1","0","0","0","0","0","1","0","1","N","","","","","","","","","","","","03","","","N","N"
"0253","0","0","0","0","0","0","0","0","0","98","0","","36","11","2021","2021108463","6","40.2448","-76.1686","0239","08","0","0","0","0","0","0","0","0","","0","0","0","02","2","0","00","0","40 14:41.431","","00","76 10:07.606","9","0","0","0","36236","0","0","0","N","0","0","0","1","68T06","0","","1","01","N","N","0","","0","0","0","0","0","","0212","0","1","0","0","0","0","1","1","1","1","N","","","","","","","","","","","","03","03","","N","N"
"0022","1","0","0","0","0","0","0","0","0","7","0","","36","11","2021","2021107669","7","40.04","-76.3672","0021","08","0","0","0","0","0","0","0","0","","0","0","0","00","2","0","00","0","40 02:23.860","","00","76 22:01.828","0","0","0","0","36223","0","0","0","N","0","0","0","2","36223","0","","5","01","N","N","0","","0","0","0","0","0","","0017","0","1","0","0","0","0","0","1","0","1","N","","","","","","","","","","","","04","","","N","N"
"2031","0","0","0","1","0","1","0","0","0","4","0","","36","06","2021","2021060415","3","40.0228","-76.3671","2028","08","0","0","0","0","0","0","0","0","","0","0","0","20","4","1","01","2","40 01:21.946","7","00","76 22:01.509","2","0","0","0","36223","1","0","1","N","0","0","0","5","36223","0","","1","01","N","N","0","","0","1","1","3","3","Y","2028","1","2","0","0","0","0","0","1","0","1","N","","","","","","","","","","","2057","03","03","","N",""
"0810","0","0","0","0","0","0","0","0","0","4","0","","36","11","2021","2021108028","6","40.1327","-76.0868","0803","08","0","0","0","0","0","0","0","1","","0","0","0","08","1","1","01","0","40 07:57.704","","00","76 05:12.652","3","0","0","0","36209","0","0","0","N","0","0","0","2","36415","0","","1","01","N","N","1","","1","0","1","3","3","","0803","1","2","0","0","1","0","0","1","0","2","N","","","","","","","","","","","","03","","","N",""
"2031","1","0","0","0","0","0","0","0","0","7","0","","36","10","2021","2021108625","7","39.9377","-76.0352","2006","08","0","0","0","0","0","1","0","0","","0","0","0","19","2","1","00","2","39 56:15.837","6","00","76 02:06.618","3","0","0","0","36231","0","0","0","N","0","0","0","1","68J01","0","","4","01","N","N","0","","1","0","0","0","0","Y","1953","1","1","0","0","0","0","0","1","0","1","N","","","","","","","","","","","2231","03","","","N","N"
"2026","0","0","0","0","0","0","0","0","0","7","0","","36","09","2021","2021109126","5","39.8776","-76.1807","2010","08","0","0","0","0","0","0","0","0","","1","0","0","20","2","0","00","2","39 52:39.309","6","00","76 10:50.413","1","0","0","0","36212","0","0","0","N","0","0","0","1","68J01","0","2","4","01","N","N","0","0","0","0","1","0","0","Y","2007","0","1","1","0","1","0","0","1","0","1","N","","","","","","","","","","","2326","03","","","N","N"
"1625","0","0","0","0","0","0","0","0","0","98","0","","36","10","2021","2021100529","7","39.9479","-76.2301","1557","08","0","0","0","0","0","1","0","0","","0","0","0","15","1","1","00","0","39 56:52.310","","00","76 13:48.459","3","0","0","0","36233","0","0","0","N","0","0","0","1","68J01","0","","1","09","N","N","0","","1","0","1","0","0","","1548","1","1","0","0","0","0","0","1","0","1","N","","","","","","","","","","","","04","07","","N","N"
"1315","2","0","0","0","0","0","0","0","0","1","0","","36","06","2021","2021059296","7","40.0427","-76.2915","1311","08","0","0","0","0","0","3","0","0","","0","0","0","13","1","1","00","2","40 02:33.600","3","00","76 17:29.300","4","0","0","1","36301","0","0","0","N","0","0","0","3","36301","1","","1","01","N","N","0","","0","0","0","0","0","N","1310","1","4","0","0","0","0","0","3","0","3","N","","","","","","","","","","","1413","04","04","","N","N"
"1230","0","0","0","0","0","0","0","0","0","7","0","","36","10","2021","2021108643","6","39.9803","-76.3569","1226","08","0","0","0","0","0","1","0","0","","0","0","0","12","1","0","00","2","39 58:49.111","5","00","76 21:24.914","0","0","0","0","36206","0","0","0","N","0","0","0","1","68J01","0","","4","01","N","N","0","","0","0","0","0","0","N","1225","0","1","0","0","0","0","0","1","1","1","N","","","","","","","","","","","1303","03","","","N","N"
"1402","0","0","0","0","0","0","0","0","0","4","0","","36","11","2021","2021106864","2","40.1671","-76.1861","1356","08","0","0","0","0","0","0","0","0","","0","0","0","13","1","0","02","0","40 10:01.578","","00","76 11:10.049","0","0","0","0","36218","0","0","0","N","0","0","0","3","36408","0","","1","01","N","N","0","","0","0","2","3","3","","1356","0","2","0","0","0","0","0","1","0","2","N","","","","","","","","","","","","03","03","","N",""
"1701","0","0","0","0","0","0","0","0","0","8","0","","36","10","2021","2021108767","4","40.1844","-76.1699","1658","08","0","0","0","0","0","0","0","0","","1","0","0","16","1","0","01","2","40 11:03.836","7","00","76 10:11.478","1","0","0","0","36408","1","1","0","N","1","1","0","2","36408","0","2","1","01","Y","N","0","0","0","0","0","3","3","Y","1658","0","2","0","0","0","0","0","2","1","1","N","","","","","","","","","","","2027","03","","","N","N"
"0805","1","0","0","0","0","0","0","0","0","7","0","","36","10","2021","2021108765","3","40.1797","-76.1353","0751","08","0","0","0","0","0","0","0","0","","0","0","0","07","1","0","00","0","40 10:46.777","","00","76 08:06.928","0","0","0","0","36218","0","0","0","N","0","0","0","1","36408","0","","3","09","N","N","0","","0","0","0","0","0","","0751","0","1","0","0","0","0","0","1","0","1","N","","","","","","","","","","","","07","","","N","N"
"1232","0","0","0","0","0","0","0","0","0","0","1","","36","10","2021","2021108024","2","40.1115","-76.356","1230","08","0","0","0","0","0","1","0","0","","1","1","0","12","1","0","02","2","40 06:41.494","7","00","76 21:21.712","1","1","0","1","36214","0","0","0","N","0","0","0","3","36214","0","2","1","01","N","N","0","0","0","0","1","3","3","Y","1229","0","3","0","0","0","0","0","3","0","3","N","","","","","","","","","","","1545","03","","","N",""
"1200","4","0","0","0","0","0","0","0","0","4","0","","36","11","2021","2021108342","4","40.0458","-76.3189","1156","08","0","0","0","0","0","0","0","0","","0","0","0","11","1","0","00","2","40 02:44.704","5","00","76 19:07.899","0","0","0","0","36301","0","0","0","N","0","0","0","1","36301","0","","1","01","N","N","0","","0","0","0","0","0","Y","1154","0","4","0","0","0","0","0","3","0","4","N","","","","","","","","","","","1257","03","03","","N","N"
"1747","2","0","0","0","0","0","0","0","0","1","0","","36","06","2021","2021061921","3","40.0642","-76.3385","1725","08","0","0","0","0","0","1","0","1","","0","0","0","17","1","2","00","1","40 03:50.993","4","00","76 20:18.494","3","0","0","0","36301","0","0","0","N","0","0","0","7","36101","0","","1","01","N","N","1","","2","0","2","0","0","N","1722","2","6","0","0","0","0","0","3","1","6","N","","","","","","","","","","","0055","03","","","N","N"
"2319","1","0","0","0","0","0","0","0","0","8","0","","36","10","2021","2021109127","7","39.8605","-76.2241","2248","08","0","0","0","0","0","0","0","0","","1","0","0","22","2","1","00","2","39 51:37.704","5","00","76 13:26.776","1","0","0","0","36212","1","1","0","N","1","1","0","4","68J01","0","2","1","01","N","N","1","0","1","0","0","0","0","Y","2244","1","3","0","0","0","0","0","1","0","2","N","","","","","","","","","","","0346","05","","","Y","N"
"1648","1","0","0","0","0","0","0","0","0","4","0","","36","06","2021","2021054382","3","40.0293","-76.3237","1642","08","0","0","0","0","0","0","1","0","","0","0","0","16","1","0","00","0","40 01:45.412","","07","76 19:25.313","0","0","0","0","36220","0","0","0","N","0","0","0","2","36101","0","","1","01","N","N","0","","0","0","1","0","0","","1636","0","2","0","0","0","0","0","3","0","2","N","","","","","","","","","","","","03","03","","N","N"
"1707","1","0","0","0","0","0","0","0","0","1","0","","36","10","2021","2021100626","7","40.0839","-76.2895","1704","08","0","0","0","0","0","0","0","0","","0","0","0","17","1","3","00","1","40 05:02.003","1","00","76 17:22.315","4","0","0","0","36101","0","0","0","N","0","0","0","4","36101","3","","1","09","N","N","0","","0","0","1","0","0","N","1702","3","2","0","0","0","0","0","3","0","2","N","","","","","","","","","","","1821","07","07","","N","N"
"1302","1","0","0","0","0","0","0","0","0","4","0","","36","06","2021","2021061028","5","40.0485","-76.3442","1256","08","0","0","0","1","0","0","0","0","","0","0","0","12","1","1","00","2","40 02:54.617","6","07","76 20:39.272","2","0","1","1","36214","0","0","0","N","0","0","0","2","36214","0","","1","01","N","N","0","","0","1","0","0","0","Y","1255","1","2","0","0","0","0","0","3","0","2","N","","","","","","","","","","","0100","03","","","N","N"
"0815","1","0","0","1","0","0","0","0","0","4","0","","36","06","2021","2021059136","6","40.0373","-76.4082","0812","08","0","0","0","0","0","0","0","0","","0","0","0","08","1","1","01","0","40 02:14.320","","00","76 24:29.684","3","0","0","0","36223","1","0","0","N","0","0","0","2","36214","0","","1","01","N","N","0","","1","0","0","3","2","","0810","1","2","0","0","0","0","0","1","0","1","N","","","","","","","","","","","","03","","","N",""
"1858","1","0","0","0","0","0","0","0","0","4","0","","36","06","2021","2021061519","3","40.1027","-76.4328","1853","08","0","0","0","0","0","1","1","0","","0","0","0","18","1","0","01","2","40 06:09.698","7","00","76 25:58.025","0","0","0","0","36239","0","0","0","N","0","0","0","3","36239","0","","1","01","N","N","0","","0","0","1","3","3","Y","1852","0","2","0","0","0","0","0","3","0","2","N","","","","","","","","","","","0050","03","","","N",""
"1015","1","0","0","0","0","0","0","0","0","4","0","","36","06","2021","2021059723","2","40.0885","-76.3996","0959","08","0","0","0","0","0","0","0","1","","0","0","0","09","1","0","00","1","40 05:18.700","1","07","76 23:58.700","0","0","0","0","36214","0","0","0","N","0","0","0","2","36214","0","","1","01","N","N","0","","0","0","0","0","0","N","0955","0","2","0","0","0","0","0","3","1","2","N","","","","","","","","","","","1050","03","03","","N","N"
"0601","0","0","0","0","0","0","0","0","0","1","1","","36","11","2021","2021109078","3","40.0411","-76.4808","0548","08","0","0","0","0","0","0","1","0","","0","1","0","05","2","0","00","0","40 02:27.962","","00","76 28:50.951","0","0","0","0","36239","0","0","0","N","0","0","0","2","36239","0","","1","01","N","N","1","","0","0","0","0","0","","0544","0","2","0","0","0","0","0","3","0","2","N","","","","","","","","","","","","03","","","N","N"
"0535","1","0","0","0","0","0","0","0","0","4","0","","36","07","2021","2021069980","3","40.1895","-76.31","0529","08","0","0","1","0","0","1","0","0","","0","0","0","05","5","2","01","0","40 11:22.225","","00","76 18:36.112","8","0","0","0","36235","0","0","0","N","0","0","0","2","36506","0","","1","01","N","N","0","","0","0","1","3","3","","0528","2","2","0","0","0","2","0","1","0","2","N","","","","","","","","","","","","03","","","N",""
"2345","1","0","0","0","0","0","0","0","0","7","0","","36","10","2021","2021109929","5","40.1272","-76.1163","2338","08","0","0","1","0","0","0","0","0","","0","0","0","23","2","0","00","2","40 07:37.760","5","00","76 06:58.660","0","0","0","0","36209","0","0","0","N","0","0","0","1","36415","0","","5","01","N","N","0","","0","0","0","0","0","N","2335","0","1","0","0","0","0","0","1","0","1","N","","","","","","","","","","","0024","03","03","","N","N"
"0530","1","0","0","0","0","0","0","0","0","7","0","","36","10","2021","2021107178","1","40.0549","-76.5249","0520","08","0","0","0","0","0","0","0","0","","0","0","0","05","2","1","00","2","40 03:17.698","5","00","76 31:29.608","3","0","0","0","36239","0","0","0","N","0","0","0","1","36239","0","","5","01","N","N","0","","1","0","0","0","0","Y","0520","1","1","0","0","1","0","0","3","0","1","N","","","","","","","","","","","0615","05","","","N","N"
"1824","2","0","0","0","0","0","0","0","0","4","0","","36","10","2021","2021107701","1","40.0329","-76.302","1820","08","0","0","0","0","0","0","0","0","","0","0","0","17","1","0","01","2","40 01:58.472","2","00","76 18:07.181","0","0","0","0","36301","0","0","0","N","0","0","0","1","36301","0","","1","01","N","N","0","","0","0","1","0","0","Y","1751","0","3","0","0","0","0","0","3","0","3","N","","","","","","","","","","","1919","03","03","","N",""
"1706","1","0","0","0","0","0","0","0","0","4","0","","36","06","2021","2021069149","4","40.2231","-76.279","1651","08","0","0","0","0","0","1","0","0","","0","0","0","16","1","1","02","1","40 13:22.985","7","00","76 16:44.415","3","0","0","0","36217","0","0","0","N","0","0","0","2","68J01","0","","1","01","N","N","0","","1","0","1","0","0","Y","1649","1","2","0","0","0","0","0","1","0","2","N","","","","","","","","","","","1745","03","","","N","N"
"2223","0","0","0","0","0","0","0","0","0","7","0","","36","11","2021","2021108705","6","40.125","-75.911","2209","08","0","0","0","0","1","0","0","0","","0","0","0","21","2","0","00","0","40 07:30.179","","00","75 54:39.579","0","0","0","0","36203","0","0","0","N","0","0","0","1","68J01","0","","4","01","N","N","1","","0","0","0","0","0","","2158","0","1","0","0","0","0","0","1","0","1","N","","","","","","","","","","","","03","03","","N","N"
"1246","3","0","0","0","0","0","0","0","0","5","0","","36","10","2021","2021100213","1","40.0354","-76.4973","1240","08","0","0","0","1","0","0","0","0","","0","0","0","12","1","1","00","2","40 02:07.340","6","00","76 29:50.160","4","0","0","0","36404","0","0","0","N","0","0","0","2","36404","1","","5","01","N","N","0","","0","0","2","0","0","N","1240","1","5","0","0","0","0","0","3","0","5","N","","","","","","","","","","","0030","03","","","N","N"
"0428","1","0","0","0","0","0","0","0","0","7","0","","36","10","2021","2021099131","5","40.1127","-76.3974","0420","08","0","0","0","0","0","0","0","0","","0","0","0","04","2","0","00","1","40 06:45.740","3","00","76 23:50.540","0","0","0","0","36214","0","0","0","N","0","0","0","1","36214","0","","4","09","N","N","0","","0","0","0","0","0","N","0415","0","1","0","0","0","0","0","3","0","1","N","","","","","","","","","","","0050","05","","","N","N"
"0604","0","0","0","0","0","0","0","0","0","4","0","","36","10","2021","2021107774","2","40.2884","-76.2034","0554","08","0","0","0","0","0","0","1","0","","0","1","0","05","2","1","01","2","40 17:18.254","5","00","76 12:12.309","2","0","0","0","36236","0","0","0","N","0","0","0","2","36408","0","","1","09","N","N","0","","0","1","1","3","3","Y","0554","1","2","0","1","1","0","0","1","0","2","N","","","","","","","","","","","0639","98","","","N","N"
"1252","2","0","0","0","0","0","0","0","0","4","0","","36","11","2021","2021108327","2","40.047","-76.3121","1252","08","0","0","0","0","0","1","0","0","","0","0","0","12","1","1","02","0","40 02:49.253","","00","76 18:43.447","8","0","0","0","36301","0","0","0","N","0","0","0","3","36301","0","","1","01","N","N","0","","0","0","0","3","2","","1241","1","2","0","0","0","1","0","3","0","2","N","","","","","","","","","","","","03","","","N",""
"1700","1","0","0","0","0","0","0","0","0","4","0","","36","06","2021","2021061520","4","40.1031","-76.4306","1653","08","0","0","0","1","0","0","0","0","","0","0","0","16","1","1","02","0","40 06:11.047","","00","76 25:49.995","4","0","0","0","36239","0","0","0","N","0","0","0","2","36239","1","","1","01","N","N","1","","0","0","0","3","3","","1600","1","2","0","0","0","0","0","3","0","2","N","","","","","","","","","","","","03","03","","N",""
"2020","0","0","0","0","0","0","0","0","0","98","0","","36","10","2021","2021109811","3","39.9302","-76.1997","2009","08","0","0","0","0","0","0","0","0","","0","0","0","20","2","0","00","0","39 55:48.665","","00","76 11:58.972","0","0","0","0","36233","0","0","0","N","0","0","0","1","68J01","0","","1","01","N","N","0","","0","0","1","0","0","","2007","0","1","0","0","0","0","0","1","0","1","N","","","","","","","","","","","","03","","","N","N"
"2323","2","0","0","0","0","0","0","0","0","5","1","","36","10","2021","2021108435","5","40.2134","-76.0599","2323","08","0","0","0","0","0","1","0","0","","0","1","0","23","2","1","00","0","40 12:48.679","","00","76 03:38.213","4","0","0","0","36202","0","0","0","N","0","0","0","7","68T06","1","","1","01","N","N","0","","0","0","0","0","0","","2322","1","3","0","0","1","0","0","1","0","3","N","","","","","","","","","","","","03","03","","N","N"
"0954","1","0","0","0","0","0","0","0","0","4","0","","36","11","2021","2021109079","3","40.0317","-76.477","0951","08","0","0","0","0","0","1","0","1","","0","0","0","09","1","1","02","2","40 01:54.243","7","00","76 28:37.337","3","0","0","0","36239","0","0","0","N","0","0","0","2","36239","0","","1","01","N","N","1","","1","0","0","3","2","Y","0948","1","2","0","0","1","0","0","3","0","2","N","","","","","","","","","","","1043","03","","","N",""
"1637","1","0","0","1","0","0","0","0","0","4","0","","36","06","2021","2021063562","3","40.0879","-76.1858","1636","08","0","0","0","0","0","0","0","0","","0","0","0","16","1","1","00","0","40 05:16.438","","07","76 11:08.720","4","0","0","0","36234","1","0","0","N","0","0","0","2","36215","1","","2","01","N","N","0","","0","0","0","0","0","","1635","1","2","0","0","0","0","0","1","0","1","N","","","","","","","","","","","","03","03","","N","N"
"2257","1","0","0","0","0","0","0","0","0","1","0","","36","06","2021","2021061031","1","40.0353","-76.1978","2253","08","0","0","0","0","0","0","0","0","","0","0","1","22","2","1","00","1","40 02:06.904","5","00","76 11:52.255","3","0","0","0","36215","1","0","0","N","0","0","0","2","36215","0","","1","01","N","N","0","","1","0","1","0","0","N","2250","1","3","0","0","0","0","0","1","0","2","N","","","","","","","","","","","2330","03","03","","N","N"
"1517","0","0","0","0","0","0","0","0","0","1","0","","36","07","2021","2021063414","5","40.0522","-76.2608","1502","08","0","0","0","0","0","0","0","0","","0","0","0","14","1","1","00","2","40 03:07.913","4","00","76 15:38.919","3","0","0","0","36301","0","0","0","N","0","0","0","5","36301","0","","1","01","N","N","1","","1","0","1","0","0","N","1456","1","3","0","0","0","0","0","3","1","3","N","","","","","","","","","","","1621","03","03","","N","N"
"1624","1","0","0","0","0","0","0","0","0","7","0","","36","10","2021","2021098813","7","40.2217","-76.1001","1606","08","0","1","0","0","0","0","0","0","","0","0","0","16","1","0","00","0","40 13:17.980","","00","76 06:00.310","0","0","0","0","36210","0","0","0","N","0","0","0","1","36210","0","","2","09","N","N","0","","0","0","0","0","0","","1606","0","1","0","0","0","0","0","1","0","1","N","","","","","","","","","","","","07","","","N","N"
"1643","2","0","0","0","0","0","0","0","0","4","0","","36","11","2021","2021107882","4","40.049","-76.3057","1635","08","0","0","0","0","0","1","0","0","","0","0","0","16","1","2","01","0","40 02:56.518","","00","76 18:20.618","8","0","0","0","36301","0","0","0","N","0","0","0","3","36301","0","","1","01","N","N","0","","0","0","0","3","3","","1632","2","2","0","0","0","2","0","3","0","2","N","","","","","","","","","","","","03","","","N",""
"0954","0","0","0","0","0","0","0","0","0","4","0","","36","11","2021","2021109504","1","40.1233","-76.3753","0950","08","0","0","1","0","0","0","0","0","","0","0","0","09","1","0","01","2","40 07:23.702","5","00","76 22:31.147","0","0","0","0","36214","0","0","0","N","0","0","0","3","36214","0","","1","01","N","N","1","","0","0","1","3","3","Y","0945","0","2","0","0","0","0","0","3","0","2","N","","","","","","","","","","","1030","03","","","N",""
"1751","1","0","0","0","0","0","0","0","0","1","0","","36","06","2021","2021059267","7","40.1396","-76.3034","1742","08","0","0","0","0","0","1","0","0","","0","0","0","17","1","0","00","2","40 08:22.703","2","00","76 18:12.266","0","0","0","0","36409","0","0","0","N","0","0","0","2","36506","0","","1","01","N","N","0","","0","0","1","0","0","Y","1742","0","2","0","0","0","0","0","3","0","2","N","","","","","","","","","","","0100","04","","","N","N"
"1044","0","0","0","0","0","0","0","0","0","7","0","","36","07","2021","2021062136","5","40.2248","-76.4035","1010","08","0","0","0","0","0","0","0","0","","0","0","0","99","1","1","00","2","40 13:29.603","3","00","76 24:10.998","3","0","0","0","36230","0","0","0","N","0","0","0","3","68T06","0","","3","09","N","N","0","","1","0","1","0","0","N","9999","1","1","0","0","0","0","0","1","0","1","N","","","","","","","","","","","0100","07","","","N","N"