"ARRIVAL_TM","AUTOMOBILE_COUNT","BELTED_DEATH_COUNT","BELTED_SUSP_SERIOUS_INJ_COUNT","BICYCLE_COUNT","BICYCLE_DEATH_COUNT","BICYCLE_SUSP_SERIOUS_INJ_COUNT","BUS_COUNT","CHLDPAS_DEATH_COUNT","CHLDPAS_SUSP_SERIOUS_INJ_COUNT","COLLISION_TYPE","COMM_VEH_COUNT","CONS_ZONE_SPD_LIM","COUNTY","CRASH_MONTH","CRASH_YEAR","CRN","DAY_OF_WEEK","DEC_LAT","DEC_LONG","DISPATCH_TM","DISTRICT","DRIVER_COUNT_16YR","DRIVER_COUNT_17YR","DRIVER_COUNT_18YR","DRIVER_COUNT_19YR","DRIVER_COUNT_20YR","DRIVER_COUNT_50_64YR","DRIVER_COUNT_65_74YR","DRIVER_COUNT_75PLUS","EST_HRS_CLOSED","FATAL_COUNT","HEAVY_TRUCK_COUNT","HORSE_BUGGY_COUNT","HOUR_OF_DAY","ILLUMINATION","INJURY_COUNT","INTERSECT_TYPE","LANE_CLOSED","LATITUDE","LN_CLOSE_DIR","LOCATION_TYPE","LONGITUDE","MAX_SEVERITY_LEVEL","MCYCLE_DEATH_COUNT","MCYCLE_SUSP_SERIOUS_INJ_COUNT","MOTORCYCLE_COUNT","MUNICIPALITY","NONMOTR_COUNT","NONMOTR_DEATH_COUNT","NONMOTR_SUSP_SERIOUS_INJ_COUNT","NTFY_HIWY_MAINT","PED_COUNT","PED_DEATH_COUNT","PED_SUSP_SERIOUS_INJ_COUNT","PERSON_COUNT","POLICE_AGCY","POSSIBLE_INJ_COUNT","RDWY_SURF_TYPE_CD","RELATION_TO_ROAD","ROAD_CONDITION","SCH_BUS_IND","SCH_ZONE_IND","SMALL_TRUCK_COUNT","SPEC_JURIS_CD","SUSP_MINOR_INJ_COUNT","SUSP_SERIOUS_INJ_COUNT","SUV_COUNT","TCD_FUNC_CD","TCD_TYPE","TFC_DETOUR_IND","TIME_OF_DAY","TOT_INJ_COUNT","TOTAL_UNITS","UNB_DEATH_COUNT","UNB_SUSP_SERIOUS_INJ_COUNT","UNBELTED_OCC_COUNT","UNK_INJ_DEG_COUNT","UNK_INJ_PER_COUNT","URBAN_RURAL","VAN_COUNT","VEHICLE_COUNT","WORK_ZONE_IND","WORK_ZONE_LOC","WORK_ZONE_TYPE","WORKERS_PRES","WZ_CLOSE_DETOUR","WZ_FLAGGER","WZ_LAW_OFFCR_IND","WZ_LN_CLOSURE","WZ_MOVING","WZ_OTHER","WZ_SHLDER_MDN","ROADWAY_CLEARED","WEATHER1","WEATHER2","WZ_WORKERS_INJ_KILLED","SECONDARY_CRASH","INTERSECTION_RELATED"
"1217","3","0","0","0","0","0","0","0","0","4","0","","36","11","2021","2021106956","6","40.0425","-76.3093","1215","08","0","1","0","0","0","0","0","0","","0","0","0","12","1","1","01","2","40 02:32.823","4","00","76 18:33.609","4","0","0","0","36301","0","0","0","N","0","0","0","4","36301","1","","1","01","N","N","0","","0","0","0","3","3","Y","1214","1","3","0","0","0","0","0","3","0","3","N","","","","","","","","","","","1252","03","","","N",""
"1550","1","0","0","0","0","0","0","0","0","4","1","","36","11","2021","2021108733","2","39.9593","-76.0996","1532","08","0","0","0","0","0","0","0","0","","0","1","0","15","1","0","00","0","39 57:33.441","","00","76 05:58.455","0","0","0","0","36226","0","0","0","N","0","0","0","2","68J01","0","","1","01","N","N","0","","0","0","0","3","3","","1532","0","2","0","0","0","0","0","1","0","2","N","","","","","","","","","","","","03","03","","N","Y"
"2128","0","0","0","0","0","0","0","0","0","7","0","","36","10","2021","2021099820","7","40.004","-76.4134","2121","08","0","0","0","0","0","0","0","0","","1","0","0","21","3","0","00","2","40 00:14.236","6","00","76 24:48.071","1","1","0","1","36223","0","0","0","N","0","0","0","1","36223","0","2","5","01","N","N","0","0","0","0","0","0","0","Y","2120","0","1","0","0","0","0","0","1","0","1","N","","","","","","","","","","","0130","03","","","N","N"
"0841","1","0","0","0","0","0","0","0","0","98","0","55","36","10","2021","2021100516","2","40.2148","-76.0672","0834","08","0","0","0","0","0","0","0","0","","0","0","0","08","1","0","00","0","40 12:53.001","","00","76 04:00.574","0","0","0","0","36202","0","0","0","N","0","0","0","1","68T06","0","","1","01","N","N","0","","0","0","0","3","8","","0834","0","1","0","0","0","0","0","1","0","1","Y","4","2","Y","N","N","N","Y","N","N","N","","03","","N","N","N"
"1150","2","0","0","0","0","0","0","0","0","4","0","","36","10","2021","2021099442","1","40.0468","-76.3142","1145","08","0","0","0","0","0","0","0","0","","0","0","0","11","1","0","00","0","40 02:48.487","","00","76 18:51.177","0","0","0","0","36301","0","0","0","N","0","0","0","2","36301","0","","1","01","N","N","0","","0","0","0","0","0","N","1143","0","2","0","0","0","0","0","3","0","2","N","","","","","","","","","","","","03","03","","N","N"
"1229","1","0","0","0","0","0","0","0","0","1","0","","36","10","2021","2021100459","7","40.0614","-76.2789","1229","08","0","0","0","0","1","0","0","0","","0","0","0","12","1","1","00","0","40 03:41.186","","00","76 16:44.083","4","0","0","0","36101","0","0","0","N","0","0","0","6","36101","1","","1","01","N","N","0","","0","0","3","0","0","","1225","1","4","0","0","0","0","0","3","0","4","N","","","","","","","","","","","","03","","","N","N"
"0802","1","0","0","0","0","0","0","0","0","1","0","","36","11","2021","2021108686","4","39.9968","-76.031","0743","08","0","1","0","0","0","0","0","0","","0","0","0","07","1","0","00","1","39 59:48.371","1","00","76 01:51.473","0","0","0","0","36232","0","0","0","N","0","0","0","4","68J01","0","","1","01","N","N","0","","0","0","1","0","0","N","0741","0","2","0","0","0","0","0","1","0","2","N","","","","","","","","","","","0830","03","","","N","N"
"1039","0","0","0","0","0","0","0","0","0","7","0","","36","06","2021","2021059383","1","39.9761","-76.2753","1033","08","0","0","0","0","1","0","0","0","","0","0","0","10","1","0","00","1","39 58:34.105","1","00","76 16:31.064","0","0","0","0","36240","0","0","0","N","0","0","0","1","36240","0","","5","01","N","N","0","","0","0","1","0","0","Y","1032","0","1","0","0","0","0","0","1","0","1","N","","","","","","","","","","","1120","03","03","","N","N"
"1031","0","0","0","0","0","0","0","0","0","7","0","","36","06","2021","2021062390","5","40.1659","-76.5849","1026","08","0","0","0","0","0","0","0","0","","0","0","0","10","1","1","00","0","40 09:57.387","","00","76 35:05.797","4","0","0","0","36225","0","0","0","N","0","0","0","1","36505","1","","4","01","N","N","0","","0","0","1","0","0","","1015","1","2","0","0","0","0","0","2","0","1","N","","","","","","","","","","","","03","03","","N","N"
"1830","2","0","0","0","0","0","0","0","0","4","0","","36","11","2021","2021107829","1","40.054","-76.3105","1828","08","0","0","0","0","0","0","0","0","","0","0","0","18","3","1","01","1","40 03:14.600","3","00","76 18:38.202","3","0","0","0","36101","0","0","0","N","0","0","0","3","36101","0","","1","01","N","N","0","","1","0","0","3","2","N","1827","1","2","0","0","0","0","0","3","0","2","N","","","","","","","","","","","1915","03","03","","N",""
"0217","0","0","0","0","0","0","0","0","0","7","0","","36","11","2021","2021108708","7","39.8337","-76.1498","0203","08","0","0","0","0","0","0","0","0","","0","0","0","01","2","0","00","0","39 50:01.435","","00","76 08:59.419","9","0","0","0","36212","0","0","0","N","0","0","0","1","68J01","0","","4","01","N","N","0","","0","0","1","0","0","","0158","0","1","0","0","0","0","1","1","0","1","N","","","","","","","","","","","","03","","","N","N"
"1648","1","0","0","0","0","0","0","0","0","7","0","","36","07","2021","2021061174","5","40.2419","-76.1755","1639","08","0","0","0","0","0","0","1","0","","0","0","0","16","1","0","00","1","40 14:30.796","3","00","76 10:31.873","0","0","0","0","36236","0","0","0","N","0","0","0","2","36408","0","","2","01","N","N","0","","0","0","0","3","3","N","1637","0","1","0","0","2","0","0","1","0","1","N","","","","","","","","","","","1739","03","03","","N","N"
"1958","1","0","0","0","0","0","0","0","0","7","0","","36","06","2021","2021076586","3","40.2316","-76.1351","1954","08","0","0","0","0","0","0","0","0","","0","0","0","19","4","1","00","0","40 13:53.900","","00","76 08:06.400","8","0","0","0","36405","0","0","0","N","0","0","0","1","36210","0","","4","01","N","N","0","","0","0","1","0","0","","1954","1","2","0","0","1","1","0","1","0","2","N","","","","","","","","","","","","03","","","N","N"
"1637","1","0","0","0","0","0","0","0","0","5","0","","36","09","2021","2021091799","1","40.1802","-76.1796","1634","08","0","0","0","0","0","0","1","0","","0","0","0","16","1","1","00","2","40 10:48.557","6","00","76 10:46.476","3","0","0","0","36408","0","0","0","N","0","0","0","1","36408","0","","2","01","N","N","0","","1","0","1","0","0","Y","1634","1","2","0","0","0","0","0","2","0","2","N","","","","","","","","","","","1750","03","","","N","N"
"1749","1","0","0","0","0","0","0","0","0","2","0","","36","06","2021","2021066820","4","40.2795","-76.2036","1741","08","0","0","0","0","0","1","0","0","","0","0","0","17","1","2","00","2","40 16:46.193","5","00","76 12:13.047","3","0","0","0","36236","0","0","0","N","0","0","0","3","36408","0","","1","01","N","N","0","","2","0","1","0","0","Y","1741","2","2","0","0","0","0","0","1","0","2","N","","","","","","","","","","","1840","03","","","N","N"
"1712","0","0","0","0","0","0","0","0","0","7","0","","36","06","2021","2021061272","6","40.1051","-76.1389","1657","08","0","0","0","0","0","0","1","0","","0","0","0","16","1","0","00","0","40 06:18.484","","00","76 08:20.202","0","0","0","0","36238","0","0","0","N","0","0","0","1","36238","0","","2","01","N","N","1","","0","0","0","0","0","","1657","0","1","0","0","0","0","0","3","0","1","N","","","","","","","","","","","","03","","","N","N"
"0828","0","0","0","0","0","0","0","0","0","7","0","","36","10","2021","2021109926","1","40.2063","-76.3954","0820","08","0","1","0","0","0","0","0","0","","0","0","0","08","1","0","00","0","40 12:22.828","","00","76 23:43.578","0","0","0","0","36230","0","0","0","N","0","0","0","1","36410","0","","4","09","N","N","0","","0","0","1","0","0","","0818","0","1","0","0","0","0","0","1","0","1","N","","","","","","","","","","","","03","03","","N","N"
"1623","1","0","0","0","0","0","0","0","0","4","0","","36","06","2021","2021060412","5","40.0685","-76.3074","1617","08","0","0","0","0","0","1","0","1","","0","0","0","16","1","1","01","1","40 04:06.527","1","00","76 18:26.750","4","0","0","0","36101","0","0","0","N","0","0","0","3","36101","1","","1","01","N","N","0","","0","0","1","3","2","Y","1615","1","2","0","0","0","0","0","3","0","2","N","","","","","","","","","","","1715","03","","","N",""
"2244","0","0","0","0","0","0","0","0","0","0","0","","36","10","2021","2021108297","6","40.017","-76.1651","2240","08","0","0","0","0","0","0","0","0","","0","0","0","22","3","0","01","0","40 01:01.095","","00","76 09:54.353","9","0","0","1","36215","0","0","0","N","0","0","0","1","36215","0","","1","01","N","N","0","","0","0","0","0","0","","2200","0","1","0","0","0","0","1","1","0","1","N","","","","","","","","","","","","03","03","","N",""
"1003","1","0","0","0","0","0","0","0","0","4","1","","36","10","2021","2021108652","3","39.9996","-76.0707","0955","08","0","0","0","0","1","1","0","0","","0","1","0","09","1","1","00","1","39 59:58.621","6","07","76 04:14.518","3","0","0","0","36226","0","0","0","Y","0","0","0","2","68J01","0","","1","09","N","N","0","","1","0","0","0","0","N","0952","1","2","0","0","0","0","0","1","0","2","N","","","","","","","","","","","0030","07","","","N","N"
"1733","3","0","0","0","0","0","0","0","0","4","0","","36","06","2021","2021061817","4","40.0404","-76.2974","1731","08","0","0","0","0","0","0","0","0","","0","0","0","17","1","0","01","0","40 02:25.538","","00","76 17:50.699","0","0","0","0","36301","0","0","0","N","0","0","0","2","36301","0","","1","01","N","N","0","","0","0","0","3","2","","1731","0","3","0","0","0","0","0","3","0","3","N","","","","","","","","","","","","03","03","","N","N"
"0822","2","0","0","0","0","0","0","0","0","1","0","","36","06","2021","2021063903","4","40.0809","-76.2778","0817","08","0","0","0","0","1","1","0","0","","0","0","0","08","1","0","00","1","40 04:51.196","2","00","76 16:39.948","0","0","0","0","36101","0","0","0","N","0","0","0","3","36101","0","","1","01","N","N","0","","0","0","1","0","0","N","0813","0","3","0","0","0","0","0","3","0","3","N","","","","","","","","","","","0919","03","03","","N","N"
"1216","1","0","0","0","0","0","0","0","0","4","0","","36","06","2021","2021060562","4","40.0019","-76.2456","1211","08","0","0","0","0","0","0","1","0","","0","0","0","12","1","0","01","1","40 00:06.681","2","00","76 14:44.073","0","0","0","0","36240","0","0","0","N","0","0","0","3","36240","0","","1","01","N","N","0","","0","0","1","3","3","N","1209","0","2","0","0","0","0","0","1","0","2","N","","","","","","","","","","","1230","03","03","","N","N"
"1546","0","0","0","0","0","0","0","0","0","2","0","","36","06","2021","2021059268","6","40.1604","-76.3548","1541","08","0","0","0","0","0","1","0","0","","0","0","0","15","1","1","00","2","40 09:37.580","6","00","76 21:17.357","3","0","0","0","36227","0","0","0","N","0","0","0","2","36506","0","","1","01","N","N","1","","1","0","1","0","0","N","1541","1","2","0","0","0","0","0","1","0","2","N","","","","","","","","","","","1634","03","03","","N","N"
"2307","2","0","0","0","0","0","0","0","0","4","0","","36","10","2021","2021104416","7","40.0392","-76.3088","2300","08","0","0","0","1","0","1","0","0","","0","0","0","23","3","0","01","1","40 02:21.253","1","00","76 18:31.645","0","0","0","0","36301","0","0","0","N","0","0","0","2","36301","0","","1","01","N","N","0","","0","0","0","3","3","Y","2300","0","2","0","0","0","0","0","3","0","2","N","","","","","","","","","","","2320","03","03","","N","N"
"1908","1","0","0","0","0","0","0","0","0","4","0","","36","10","2021","2021108109","7","39.9368","-76.2041","1831","08","0","0","0","0","0","0","1","0","","0","0","0","18","2","3","02","2","39 56:12.597","5","00","76 12:14.824","3","0","0","0","36233","0","0","0","N","0","0","0","3","68J01","0","","1","01","N","N","0","","3","0","0","3","3","Y","1827","3","2","0","0","1","0","0","1","1","2","N","","","","","","","","","","","1935","03","03","","N","N"
"1918","2","0","0","0","0","0","0","0","0","4","0","","36","11","2021","2021107175","6","40.0537","-76.3253","1918","08","0","0","0","1","0","0","0","0","","0","0","0","19","3","0","02","1","40 03:13.400","2","00","76 19:31.003","0","0","0","0","36101","0","0","0","N","0","0","0","2","36101","0","","1","01","N","N","0","","0","0","0","0","0","N","1911","0","2","0","0","0","0","0","3","0","2","N","","","","","","","","","","","2010","03","","","N",""
"1543","1","0","0","0","0","0","0","0","0","4","0","","36","11","2021","2021109677","7","40.0399","-76.3659","1541","08","0","0","0","0","0","0","0","0","","0","0","0","15","1","2","02","1","40 02:23.570","3","00","76 21:57.088","3","0","0","1","36223","0","0","0","N","0","0","0","2","36223","0","","1","01","N","N","0","","2","0","0","0","0","N","1541","2","2","0","0","0","0","0","1","0","2","N","","","","","","","","","","","1630","03","03","","N",""
"1058","1","0","0","0","0","0","0","0","0","4","0","","36","10","2021","2021109807","6","39.7808","-76.1087","1029","08","0","0","0","0","0","1","1","0","","0","0","0","10","1","2","00","1","39 46:50.814","4","07","76 06:31.389","4","0","0","0","36222","0","0","0","N","0","0","0","7","68J01","2","","1","01","N","N","1","","0","0","0","0","0","N","1028","2","2","0","0","0","0","0","1","0","2","N","","","","","","","","","","","1145","03","03","","N","N"
"1523","0","0","0","0","0","0","0","0","0","0","0","","36","11","2021","2021108558","2","40.0578","-76.3534","1520","08","0","0","0","0","0","0","0","0","","0","0","0","15","1","1","00","0","40 03:28.070","","00","76 21:12.270","8","0","0","0","36214","0","0","0","N","0","0","0","2","36214","0","","1","01","N","N","0","","0","0","0","3","8","","1518","1","1","0","0","0","1","0","3","1","1","N","","","","","","","","","","","","03","03","","N","N"
"1448","1","0","0","0","0","0","0","0","0","6","0","","36","06","2021","2021064718","4","40.0399","-76.5063","1437","08","0","0","0","0","0","0","1","0","","0","0","0","14","1","0","00","1","40 02:23.500","1","00","76 30:22.500","0","0","0","0","36239","0","0","0","N","0","0","0","2","36239","0","","1","01","N","N","1","","0","0","0","0","0","Y","1436","0","2","0","0","0","0","0","3","0","2","N","","","","","","","","","","","1535","03","03","","N","N"
"0908","0","0","0","0","0","0","0","0","0","4","0","","36","06","2021","2021059266","6","40.2051","-76.3683","0903","08","0","0","0","0","0","0","0","1","","0","0","0","09","1","0","01","0","40 12:18.373","","00","76 22:05.793","0","0","0","0","36227","0","0","0","N","0","0","0","2","36506","0","","1","01","N","N","0","","0","0","2","3","3","","0903","0","2","0","0","0","0","0","1","0","2","N","","","","","","","","","","","","03","03","","N",""
"2156","1","0","0","0","0","0","0","0","0","1","0","","36","11","2021","2021109840","2","39.8957","-76.1745","2149","08","0","0","0","0","0","0","0","0","","0","0","0","21","3","0","00","1","39 53:44.592","1","00","76 10:28.264","0","0","0","0","36212","0","0","0","N","0","0","0","3","68J01","0","","1","01","N","N","0","","0","0","1","0","0","N","2147","0","2","0","0","0","0","0","1","0","2","N","","","","","","","","","","","2300","03","","","N","N"
"1946","0","0","0","0","0","0","0","0","0","4","0","","36","11","2021","2021108296","2","40.0893","-76.3805","1941","08","0","0","0","0","0","1","0","0","","0","0","0","19","3","0","01","1","40 05:21.426","2","08","76 22:49.716","0","0","0","0","36214","0","0","0","N","0","0","0","2","36214","0","","1","01","N","N","1","","0","0","1","3","2","N","1940","0","2","0","0","0","0","0","3","0","2","N","","","","","","","","","","","2040","03","03","","N",""
"1740","1","0","0","0","0","0","0","0","0","7","0","","36","06","2021","2021059722","5","40.109","-76.4371","1732","08","0","0","0","1","0","0","0","0","","0","0","0","17","1","0","00","0","40 06:32.560","","00","76 26:13.557","0","0","0","0","36214","0","0","0","N","0","0","0","1","36214","0","","3","01","N","N","0","","0","0","0","0","0","","1730","0","1","0","0","0","0","0","3","0","1","N","","","","","","","","","","","","03","03","","N","N"
"1638","2","0","0","0","0","0","0","0","1","4","0","","36","06","2021","2021061029","4","40.1233","-76.3753","1634","08","0","0","0","0","0","0","0","0","","0","0","0","16","1","3","01","1","40 07:23.702","5","00","76 22:31.147","2","0","0","0","36214","0","0","0","N","0","0","0","3","36214","0","","1","01","N","N","0","","2","1","0","3","3","N","1632","3","2","0","0","0","0","0","3","0","2","N","","","","","","","","","","","1723","03","","","N",""
"1102","1","0","0","0","0","0","0","0","0","1","0","","36","10","2021","2021109925","7","40.2308","-76.4331","1048","08","0","0","0","0","0","0","0","0","","0","0","0","10","1","1","00","0","40 13:50.873","","00","76 25:59.274","3","0","0","0","36230","0","0","0","N","0","0","0","3","36410","0","","1","09","N","N","0","","1","0","1","0","0","","1045","1","2","0","0","0","0","0","1","0","2","N","","","","","","","","","","","","07","07","","N","N"
"1545","1","0","0","0","0","0","0","0","0","4","0","","36","10","2021","2021109808","6","40.0381","-76.1067","1528","08","0","0","0","0","0","0","1","0","","0","0","0","15","1","1","00","0","40 02:17.169","","00","76 06:24.148","3","0","0","0","36221","0","0","0","N","0","0","0","2","68J01","0","","1","01","N","N","0","","1","0","0","3","3","","1512","1","2","0","0","0","0","0","1","1","2","N","","","","","","","","","","","","03","03","","N","Y"
"1531","2","0","0","0","0","0","0","0","0","4","0","","36","06","2021","2021076568","5","39.9679","-76.3224","1530","08","0","0","1","0","0","1","0","0","","0","0","0","15","1","2","01","2","39 58:04.314","3","00","76 19:20.496","3","0","0","0","36228","0","0","0","N","0","0","0","3","36228","0","","1","01","N","N","1","","2","0","0","3","3","Y","1530","2","3","0","0","0","0","0","1","0","3","N","","","","","","","","","","","1630","03","03","","Y",""
"0951","0","0","0","0","0","0","0","0","0","1","0","","36","07","2021","2021060855","5","40.0336","-76.5051","0949","08","0","0","0","0","0","0","1","0","","0","0","0","09","1","0","00","1","40 02:01.003","4","07","76 30:18.504","0","0","0","0","36404","0","0","0","N","0","0","0","4","36404","0","","1","09","N","N","1","","0","0","2","0","0","N","0949","0","3","0","0","0","0","0","3","0","3","N","","","","","","","","","","","9999","07","","","N","N"
"0734","1","0","0","0","0","0","0","0","0","4","0","","36","11","2021","2021109074","7","40.0145","-76.3164","0724","08","0","0","0","0","0","0","0","0","","0","0","0","07","5","0","02","0","40 00:52.368","","00","76 18:59.161","0","0","0","0","36220","0","0","0","N","0","0","0","1","36101","0","","1","01","N","N","0","","0","0","1","0","0","","0723","0","2","0","0","0","0","0","3","0","2","N","","","","","","","","","","","","03","","","N",""
"1724","1","0","0","0","0","0","0","0","0","7","0","","36","11","2021","2021108213","7","40.0387","-76.1533","1716","08","0","0","0","0","0","0","0","0","","0","0","0","17","1","0","00","0","40 02:19.394","","00","76 09:12.059","0","0","0","0","36221","0","0","0","N","0","0","0","1","68J01","0","","5","01","N","N","0","","0","0","0","0","0","","1713","0","1","0","0","0","0","0","1","0","1","N","","","","","","","","","","","","03","03","","N","N"
"1832","2","0","0","0","0","0","0","0","0","4","0","","36","06","2021","2021060396","5","40.036","-76.2868","1816","08","0","0","0","0","0","0","0","0","","0","0","0","17","1","0","01","0","40 02:09.617","","00","76 17:12.530","0","0","0","0","36301","0","0","0","N","0","0","0","2","36301","0","","1","01","N","N","0","","0","0","0","3","3","","1755","0","2","0","0","0","0","0","3","0","2","N","","","","","","","","","","","","03","03","","N",""
"2025","0","0","0","0","0","0","0","0","0","7","0","","36","07","2021","2021061202","5","40.0682","-76.2897","2020","08","0","0","0","0","0","0","0","0","","0","0","0","20","4","0","00","0","40 04:05.554","","02","76 17:22.865","0","0","0","0","36101","0","0","0","N","0","0","0","1","36101","0","","3","09","N","N","0","","0","0","1","0","0","","2016","0","1","0","0","0","0","0","3","0","1","N","","","","","","","","","","","","07","","","N","N"
"1453","3","0","0","0","0","0","0","0","0","4","0","","36","11","2021","2021107213","6","40.0369","-76.2985","1449","08","0","0","0","0","0","0","0","0","","0","0","0","14","1","1","01","0","40 02:12.821","","00","76 17:54.459","3","0","0","0","36301","0","0","0","N","0","0","0","2","36301","0","","1","01","N","N","0","","1","0","0","3","3","","1448","1","3","0","0","0","0","0","3","0","3","N","","","","","","","","","","","","03","03","","Y","N"
"2044","0","0","0","0","0","0","0","0","0","7","0","","36","06","2021","2021060210","1","40.0418","-76.2533","2041","08","0","0","0","0","0","0","0","0","","0","0","0","20","1","0","00","1","40 02:30.600","1","00","76 15:11.900","0","0","0","0","36215","0","0","0","N","0","0","0","1","36215","0","","4","01","N","N","0","","0","0","1","0","0","N","2039","0","1","0","0","0","0","0","1","0","1","N","","","","","","","","","","","2117","03","03","","N","N"
"0720","2","0","0","0","0","0","0","0","0","2","0","","36","06","2021","2021062822","3","40.1523","-76.4117","0716","08","0","0","0","0","0","1","0","0","","0","0","0","07","1","3","00","2","40 09:08.107","6","00","76 24:42.111","3","0","0","0","36230","0","0","0","N","0","0","0","3","36410","0","","1","01","N","N","0","","3","0","1","0","0","Y","0715","3","3","0","0","0","0","0","1","0","3","N","","","","","","","","","","","0745","03","","","N","N"
"2234","0","0","0","0","0","0","0","0","0","1","0","","36","06","2021","2021063561","6","40.0303","-76.232","2234","08","0","0","0","0","0","0","0","0","","0","0","0","22","3","0","00","0","40 01:48.985","","00","76 13:55.284","0","0","0","0","36215","0","0","0","N","0","0","0","4","36215","0","","1","01","N","N","1","","0","0","1","0","0","","2210","0","2","0","0","0","0","0","1","0","2","N","","","","","","","","","","","","03","","","N","Y"
"1208","2","0","0","0","0","0","0","0","0","4","0","","36","10","2021","2021100214","6","40.1297","-76.3048","1208","08","0","0","0","0","0","0","0","0","","0","0","0","12","1","0","01","0","40 07:47.006","","00","76 18:17.258","0","0","0","0","36235","0","0","0","N","0","0","0","2","36506","0","","1","01","N","N","0","","0","0","0","0","0","","1208","0","2","0","0","0","0","0","1","0","2","N","","","","","","","","","","","","03","","","N",""
"0055","2","0","0","0","0","0","0","0","0","1","0","","36","06","2021","2021052100","2","40.141","-76.5522","0033","08","0","0","0","0","1","0","0","0","","0","0","0","00","2","0","00","0","40 08:27.575","","00","76 33:07.760","0","0","0","0","36225","0","0","0","N","0","0","0","2","36505","0","","1","01","N","N","0","","0","0","0","0","0","","0033","0","2","0","0","0","0","0","2","0","2","N","","","","","","","","","","","","03","03","","N","N"
"1502","3","0","0","0","0","0","0","0","0","1","0","","36","10","2021","2021100630","5","40.0475","-76.3629","1453","08","0","0","0","0","0","0","0","0","","0","0","0","14","1","1","01","1","40 02:50.996","4","00","76 21:46.341","8","0","0","0","36214","0","0","0","N","0","0","0","4","36214","0","","1","01","N","N","0","","0","0","0","3","2","N","1451","1","3","0","0","0","1","0","3","0","3","N","","","","","","","","","","","1530","03","","","N",""
"1735","1","0","0","0","0","0","0","0","0","1","0","","36","06","2021","2021063402","6","40.1396","-76.2109","1726","08","0","0","0","0","0","1","0","0","","0","0","0","17","1","1","00","1","40 08:22.696","5","00","76 12:39.279","4","0","0","0","36238","0","0","0","N","0","0","0","5","36238","1","","1","01","N","N","0","","0","0","1","0","0","N","1726","1","3","0","0","0","0","0","3","1","3","N","","","","","","","","","","","1803","03","","","N","N"
"1519","2","0","0","0","0","0","0","0","0","1","0","","36","06","2021","2021060211","6","40.1498","-76.564","1513","08","0","0","0","0","0","0","0","0","","0","0","0","15","1","0","00","0","40 08:59.119","","00","76 33:50.245","0","0","0","0","36225","0","0","0","N","0","0","0","3","36505","0","","1","01","N","N","0","","0","0","0","0","0","","1513","0","2","0","0","0","0","0","2","0","2","N","","","","","","","","","","","","03","03","","N","N"
"1621","1","0","0","1","0","0","0","0","0","4","0","","36","11","2021","2021108332","2","40.0435","-76.298","1619","08","0","0","0","0","0","0","0","0","","0","0","0","16","1","1","02","0","40 02:36.501","","00","76 17:52.632","4","0","0","0","36301","1","0","0","N","0","0","0","2","36301","1","","1","01","N","N","0","","0","0","0","3","2","","1618","1","2","0","0","0","0","0","3","0","1","N","","","","","","","","","","","","03","03","","N","N"
"1757","1","0","0","0","0","0","0","0","0","4","0","","36","06","2021","2021061333","2","40.1561","-76.197","1746","08","0","0","0","0","0","1","0","0","","0","0","0","17","1","0","00","0","40 09:22.100","","00","76 11:49.100","0","0","0","1","36402","0","0","0","N","0","0","0","2","36238","0","","1","01","N","N","0","","0","0","0","0","0","","1746","0","2","0","0","0","0","0","2","0","2","N","","","","","","","","","","","","03","","","N","N"
"1154","1","0","0","0","0","0","0","0","0","1","0","","36","06","2021","2021051877","1","40.0389","-76.2793","1146","08","0","0","0","0","0","0","1","0","","0","0","0","11","1","1","00","1","40 02:19.883","4","00","76 16:45.300","3","0","0","0","36220","0","0","0","N","0","0","0","2","36101","0","","1","01","N","N","0","","1","0","1","0","0","N","1143","1","2","0","0","0","0","0","3","0","2","N","","","","","","","","","","","1222","03","","","N","N"
"1007","0","0","0","0","0","0","0","0","0","98","0","","36","10","2021","2021109813","1","39.9623","-75.9897","0937","08","0","0","0","0","0","0","0","0","","0","0","0","09","1","0","00","0","39 57:44.338","","00","75 59:23.095","0","0","0","0","36231","0","0","0","N","0","0","0","2","68J01","0","","1","01","N","N","0","","0","0","1","0","0","","0935","0","1","0","0","0","0","0","1","0","1","N","","","","","","","","","","","","03","","","N","N"
"1906","2","0","2","0","0","0","0","0","0","4","0","","36","07","2021","2021062574","5","40.045","-76.2837","1906","08","0","0","0","0","0","0","0","0","","0","0","0","19","1","3","01","1","40 02:41.866","7","00","76 17:01.184","2","0","0","0","36301","0","0","0","N","0","0","0","3","36301","0","","1","01","N","N","0","","0","2","0","3","1","Y","1906","3","2","0","0","0","1","0","3","0","2","N","","","","","","","","","","","2013","03","03","","N",""
"1520","0","0","0","0","0","0","0","0","0","1","0","","36","06","2021","2021059265","4","40.2115","-76.2335","1517","08","1","0","0","0","0","1","0","0","","0","0","0","15","1","0","00","0","40 12:41.529","","00","76 14:00.751","0","0","0","0","36204","0","0","0","N","0","0","0","3","36506","0","","1","01","N","N","0","","0","0","3","0","0","","1517","0","3","0","0","0","0","0","1","0","3","N","","","","","","","","","","","","03","","","N","N"