"ARRIVAL_TM","AUTOMOBILE_COUNT","BELTED_DEATH_COUNT","BELTED_SUSP_SERIOUS_INJ_COUNT","BICYCLE_COUNT","BICYCLE_DEATH_COUNT","BICYCLE_SUSP_SERIOUS_INJ_COUNT","BUS_COUNT","CHLDPAS_DEATH_COUNT","CHLDPAS_SUSP_SERIOUS_INJ_COUNT","COLLISION_TYPE","COMM_VEH_COUNT","CONS_ZONE_SPD_LIM","COUNTY","CRASH_MONTH","CRASH_YEAR","CRN","DAY_OF_WEEK","DEC_LAT","DEC_LONG","DISPATCH_TM","DISTRICT","DRIVER_COUNT_16YR","DRIVER_COUNT_17YR","DRIVER_COUNT_18YR","DRIVER_COUNT_19YR","DRIVER_COUNT_20YR","DRIVER_COUNT_50_64YR","DRIVER_COUNT_65_74YR","DRIVER_COUNT_75PLUS","EST_HRS_CLOSED","FATAL_COUNT","HEAVY_TRUCK_COUNT","HORSE_BUGGY_COUNT","HOUR_OF_DAY","ILLUMINATION","INJURY_COUNT","INTERSECT_TYPE","LANE_CLOSED","LATITUDE","LN_CLOSE_DIR","LOCATION_TYPE","LONGITUDE","MAX_SEVERITY_LEVEL","MCYCLE_DEATH_COUNT","MCYCLE_SUSP_SERIOUS_INJ_COUNT","MOTORCYCLE_COUNT","MUNICIPALITY","NONMOTR_COUNT","NONMOTR_DEATH_COUNT","NONMOTR_SUSP_SERIOUS_INJ_COUNT","NTFY_HIWY_MAINT","PED_COUNT","PED_DEATH_COUNT","PED_SUSP_SERIOUS_INJ_COUNT","PERSON_COUNT","POLICE_AGCY","POSSIBLE_INJ_COUNT","RDWY_SURF_TYPE_CD","RELATION_TO_ROAD","ROAD_CONDITION","SCH_BUS_IND","SCH_ZONE_IND","SMALL_TRUCK_COUNT","SPEC_JURIS_CD","SUSP_MINOR_INJ_COUNT","SUSP_SERIOUS_INJ_COUNT","SUV_COUNT","TCD_FUNC_CD","TCD_TYPE","TFC_DETOUR_IND","TIME_OF_DAY","TOT_INJ_COUNT","TOTAL_UNITS","UNB_DEATH_COUNT","UNB_SUSP_SERIOUS_INJ_COUNT","UNBELTED_OCC_COUNT","UNK_INJ_DEG_COUNT","UNK_INJ_PER_COUNT","URBAN_RURAL","VAN_COUNT","VEHICLE_COUNT","WORK_ZONE_IND","WORK_ZONE_LOC","WORK_ZONE_TYPE","WORKERS_PRES","WZ_CLOSE_DETOUR","WZ_FLAGGER","WZ_LAW_OFFCR_IND","WZ_LN_CLOSURE","WZ_MOVING","WZ_OTHER","WZ_SHLDER_MDN","ROADWAY_CLEARED","WEATHER1","WEATHER2","WZ_WORKERS_INJ_KILLED","SECONDARY_CRASH","INTERSECTION_RELATED"
"1115","2","0","0","0","0","0","0","0","0","1","0","","36","06","2021","2021063732","7","40.1662","-76.1623","1111","08","0","0","0","0","0","2","0","0","","0","0","0","11","1","0","00","0","40 09:58.381","","00","76 09:44.382","0","0","0","0","36218","0","0","0","N","0","0","0","4","36408","0","","1","01","N","N","1","","0","0","0","0","0","","1111","0","3","0","0","0","0","0","1","0","3","N","","","","","","","","","","","","03","","","N","N"
"1547","1","0","0","0","0","0","0","0","0","4","1","","36","11","2021","2021108556","2","40.0708","-76.3193","1542","08","0","0","0","0","0","1","0","0","","0","1","0","15","1","0","00","0","40 04:14.858","","00","76 19:09.443","0","0","0","0","36101","0","0","0","N","0","0","0","2","36101","0","","1","01","N","N","0","","0","0","0","0","0","","1539","0","2","0","0","0","0","0","3","0","2","N","","","","","","","","","","","","03","03","","N","N"
"1411","0","0","0","0","0","0","0","0","0","4","0","","36","06","2021","2021060800","4","40.2652","-76.1831","1402","08","0","0","0","0","0","0","0","0","","0","0","0","13","1","1","03","2","40 15:54.775","5","00","76 10:59.009","8","0","0","0","36236","0","0","0","N","0","0","0","5","36408","0","","1","01","N","N","0","","0","0","2","3","3","Y","1359","1","2","0","0","1","1","0","1","0","2","N","","","","","","","","","","","1500","03","","","Y","N"
"0701","1","0","0","0","0","0","0","0","0","7","0","","36","10","2021","2021100131","1","39.8662","-76.1073","0635","08","0","0","0","0","0","0","0","0","","0","0","0","06","2","0","00","0","39 51:58.160","","00","76 06:26.413","0","0","0","0","36205","0","0","0","N","0","0","0","1","68J01","0","","1","01","N","N","0","","0","0","0","0","0","","0630","0","1","0","0","0","0","0","1","0","1","N","","","","","","","","","","","","04","","","N","N"
"0804","2","0","0","0","0","0","0","0","0","1","0","","36","10","2021","2021100628","5","40.0385","-76.2777","0757","08","0","1","0","0","0","0","0","0","","0","0","0","07","1","0","00","2","40 02:18.605","3","00","76 16:39.571","0","0","0","0","36220","0","0","0","N","0","0","0","5","36101","0","","1","01","N","N","0","","0","0","0","0","0","N","0755","0","2","0","0","0","0","0","3","0","2","N","","","","","","","","","","","0806","03","","","N","Y"
"0650","1","0","0","0","0","0","0","0","0","4","0","","36","06","2021","2021061359","3","40.0559","-76.3594","0643","08","0","1","0","0","0","0","0","0","","0","0","0","06","1","0","03","1","40 03:21.349","5","00","76 21:33.740","0","0","0","0","36214","0","0","0","N","0","0","0","2","36214","0","","1","01","N","N","0","","0","0","1","3","3","N","0639","0","2","0","0","0","0","0","3","0","2","N","","","","","","","","","","","0728","03","03","","N",""
"1928","0","0","0","0","0","0","0","0","0","4","0","","36","06","2021","2021060789","2","40.1678","-76.2956","1925","08","0","0","0","0","1","0","0","1","","0","0","0","19","1","0","01","1","40 10:03.939","7","00","76 17:44.145","0","0","0","0","36235","0","0","0","N","0","0","0","2","36506","0","","1","01","N","N","0","","0","0","2","3","2","N","1924","0","2","0","0","0","0","0","1","0","2","N","","","","","","","","","","","1940","03","","","N",""
"1919","2","0","0","0","0","0","0","0","0","4","0","","36","06","2021","2021061059","2","40.0378","-76.3182","1914","08","0","0","1","0","0","1","0","0","","0","0","0","19","1","0","01","1","40 02:15.919","3","00","76 19:05.359","0","0","0","0","36301","0","0","0","N","0","0","0","2","36301","0","","1","01","N","N","0","","0","0","0","0","0","N","1914","0","2","0","0","0","0","0","3","0","2","N","","","","","","","","","","","1959","03","03","","N",""
"0851","2","0","0","0","0","0","0","0","0","1","0","","36","11","2021","2021108561","3","40.034","-76.5045","0851","08","0","0","0","0","0","1","0","0","","0","0","0","08","1","1","00","0","40 02:02.534","","00","76 30:16.193","4","0","0","0","36404","0","0","0","N","0","0","0","3","36404","1","","1","01","N","N","0","","0","0","0","3","2","","0851","1","2","0","0","0","0","0","3","0","2","N","","","","","","","","","","","","03","","","N","N"
"2018","1","0","0","0","0","0","0","0","0","4","0","","36","06","2021","2021069150","4","39.9921","-75.9778","2015","08","0","0","0","0","0","1","0","0","","0","0","0","20","1","1","01","0","39 59:31.531","","00","75 58:40.259","8","0","0","1","36232","0","0","0","N","0","0","0","2","68J01","0","","1","01","N","N","0","","0","0","0","0","0","","2014","1","2","0","0","0","1","0","1","0","2","N","","","","","","","","","","","","03","","","N","N"
"1021","1","0","0","0","0","0","0","0","0","1","0","","36","06","2021","2021059721","2","40.1047","-76.2518","1015","08","0","0","0","0","0","0","0","1","","0","0","0","10","1","0","02","1","40 06:17.019","4","02","76 15:06.469","0","0","0","0","36101","0","0","0","N","0","0","0","2","36101","0","","1","01","N","N","1","","0","0","0","0","0","N","1010","0","2","0","0","0","0","0","3","0","2","N","","","","","","","","","","","1054","03","","","N","N"
"1215","0","0","0","0","0","0","0","0","0","1","0","","36","06","2021","2021061936","6","40.0493","-76.3258","1207","08","0","0","0","0","0","1","0","0","","0","0","0","12","1","1","01","0","40 02:57.591","","00","76 19:32.898","8","0","0","0","36301","0","0","0","N","0","0","0","6","36301","0","","1","01","N","N","0","","0","0","2","0","0","","1205","1","2","0","0","0","1","0","3","0","2","N","","","","","","","","","","","","03","","","N",""
"1732","2","0","1","0","0","0","0","0","0","4","0","","36","10","2021","2021109920","7","40.0839","-76.4623","1721","08","0","0","0","0","0","0","0","0","","0","0","0","17","1","2","02","2","40 05:02.151","5","00","76 27:44.179","2","0","0","0","36230","0","0","0","N","0","0","0","2","36410","0","","1","01","N","N","0","","1","1","0","0","0","N","1721","2","2","0","0","0","0","0","1","0","2","N","","","","","","","","","","","1812","03","","","N",""
"1724","1","0","0","0","0","0","0","0","0","4","0","","36","06","2021","2021058686","5","40.1129","-76.3778","1715","08","0","0","0","0","0","1","0","0","","0","0","0","17","1","1","03","2","40 06:46.374","6","00","76 22:40.176","3","0","0","1","36214","0","0","0","N","0","0","0","2","36214","0","","1","01","N","N","0","","1","0","0","3","3","Y","1710","1","2","0","0","0","0","0","3","0","2","N","","","","","","","","","","","1750","03","03","","N",""
"1759","1","0","0","0","0","0","0","0","0","7","0","","36","06","2021","2021062241","7","40.1727","-76.1461","1745","08","0","0","0","1","0","0","0","0","","0","0","0","17","1","0","00","0","40 10:21.884","","00","76 08:45.985","0","0","0","0","36218","0","0","0","N","0","0","0","1","36408","0","","4","01","N","N","0","","0","0","0","0","0","","1745","0","1","0","0","0","0","0","1","0","1","N","","","","","","","","","","","","03","","","N","N"
"1305","2","0","0","0","0","0","0","0","0","4","0","","36","06","2021","2021059428","1","40.0695","-76.3575","1302","08","0","0","0","0","0","0","1","0","","0","0","0","13","1","3","02","1","40 04:10.056","4","00","76 21:26.821","3","0","0","0","36214","0","0","0","N","0","0","0","5","36214","2","","1","01","N","N","0","","1","0","0","3","3","N","1300","3","2","0","0","0","0","0","3","0","2","N","","","","","","","","","","","1355","03","","","N",""
"0712","0","0","0","0","0","0","0","0","0","98","0","","36","10","2021","2021109818","5","39.9263","-76.0993","0659","08","0","0","0","0","0","0","0","0","","0","0","0","06","2","1","00","2","39 55:34.570","5","00","76 05:57.510","4","0","0","0","36201","0","0","0","N","0","0","0","1","68J01","1","","1","01","N","N","0","","0","0","1","0","0","Y","0650","1","1","0","0","0","0","0","1","0","1","N","","","","","","","","","","","0830","03","","","N","N"
"0510","0","0","0","0","0","0","0","0","0","7","0","","36","06","2021","2021061032","2","40.0179","-76.1697","0506","08","0","0","0","0","0","1","0","0","","0","0","0","05","5","1","00","0","40 01:04.408","","00","76 10:10.898","3","0","0","0","36215","0","0","0","N","0","0","0","1","36215","0","","5","01","N","N","0","","1","0","0","0","0","","0503","1","1","0","0","0","0","0","1","1","1","N","","","","","","","","","","","","03","03","","N","N"
"1025","0","0","0","1","0","0","0","0","0","4","0","","36","06","2021","2021060413","3","40.128","-76.2788","1020","08","0","0","0","0","0","0","0","1","","0","0","0","10","1","1","02","0","40 07:40.951","","00","76 16:43.741","8","0","0","0","36101","1","0","0","N","0","0","0","2","36101","0","","1","01","N","N","0","","0","0","1","0","0","","1017","1","2","0","0","0","1","0","3","0","1","N","","","","","","","","","","","","03","03","","N",""
"1731","2","0","0","0","0","0","0","0","0","4","0","","36","11","2021","2021107176","6","40.0388","-76.3584","1707","08","0","0","0","0","0","0","0","1","","0","0","0","17","1","1","02","0","40 02:19.696","","00","76 21:30.268","4","0","0","0","36214","0","0","0","N","0","0","0","4","36214","1","","1","01","N","N","0","","0","0","1","3","3","","1703","1","3","0","0","0","0","0","3","0","3","N","","","","","","","","","","","","03","","","N",""
"2237","1","0","1","0","0","0","0","0","0","7","0","","36","10","2021","2021097556","4","40.1583","-76.1859","2235","08","1","0","0","0","0","0","0","0","","0","0","0","22","3","1","00","2","40 09:29.938","5","00","76 11:09.173","2","0","0","0","36218","0","0","0","N","0","0","0","1","36408","0","","5","01","N","N","0","","0","1","0","0","0","N","2232","1","1","0","0","0","0","0","1","0","1","N","","","","","","","","","","","2320","05","","","N","Y"
"1350","1","0","0","0","0","0","0","0","0","1","0","","36","10","2021","2021100625","7","40.0794","-76.2802","1339","08","0","0","0","0","0","0","1","0","","0","0","0","13","1","1","00","0","40 04:45.792","","00","76 16:48.597","4","0","0","0","36101","0","0","0","N","0","0","0","3","36101","1","","1","09","N","N","1","","0","0","1","0","0","","1337","1","3","0","0","0","0","0","3","0","3","N","","","","","","","","","","","","07","04","","N","N"
"0212","0","0","0","0","0","0","0","0","0","7","0","","36","06","2021","2021062240","1","40.1733","-76.1453","0205","08","0","0","1","0","0","0","0","0","","0","0","0","02","2","0","00","0","40 10:23.705","","00","76 08:43.168","0","0","0","0","36218","0","0","0","N","0","0","0","2","36408","0","","3","01","N","N","0","","0","0","1","0","0","","0205","0","1","0","0","0","0","0","1","0","1","N","","","","","","","","","","","","03","","","N","Y"
"1130","1","0","0","0","0","0","0","0","0","1","0","","36","11","2021","2021108029","7","40.1001","-76.0982","1125","08","0","0","0","0","0","1","0","0","","0","0","0","11","1","0","00","0","40 06:00.455","","00","76 05:53.553","0","0","0","0","36415","0","0","0","N","0","0","0","2","36415","0","","1","01","N","N","0","","0","0","1","0","0","","1125","0","2","0","0","0","0","0","1","0","2","N","","","","","","","","","","","","03","","","N","N"
"0849","0","0","0","0","0","0","0","0","0","4","0","","36","11","2021","2021108173","5","39.9945","-76.0291","0838","08","0","0","0","0","0","1","0","1","","0","0","0","08","1","0","01","0","39 59:40.359","","00","76 01:44.728","0","0","0","0","36232","0","0","0","N","0","0","0","3","68J01","0","","1","01","N","N","2","","0","0","0","3","2","","0836","0","2","0","0","0","0","0","1","0","2","N","","","","","","","","","","","","03","","","N","N"
"1234","2","0","0","0","0","0","0","0","0","4","0","","36","06","2021","2021059589","5","40.0422","-76.2957","1229","08","0","0","0","0","0","1","0","0","","0","0","0","12","1","0","01","0","40 02:32.089","","00","76 17:44.343","0","0","0","0","36301","0","0","0","N","0","0","0","2","36301","0","","1","01","N","N","0","","0","0","0","3","3","","1228","0","2","0","0","0","0","0","3","0","2","N","","","","","","","","","","","","03","","","N","N"
"1542","2","0","0","0","0","0","0","0","0","1","0","","36","10","2021","2021095554","6","40.1919","-76.1764","1537","08","0","0","1","0","0","0","0","0","","0","0","0","15","1","0","00","0","40 11:30.965","","00","76 10:34.998","0","0","0","0","36218","0","0","0","Y","0","0","0","2","36408","0","","1","01","N","N","0","","0","0","0","3","2","N","1537","0","2","0","0","1","0","0","1","0","2","N","","","","","","","","","","","","03","","","N","Y"
"1907","2","0","0","0","0","0","0","0","0","5","1","","36","09","2021","2021099649","1","40.2228","-76.0935","1905","08","0","0","0","0","0","1","0","0","","0","1","0","19","1","4","00","0","40 13:23.196","","00","76 05:39.200","3","0","0","0","36210","1","0","0","N","0","0","0","4","68T06","1","","1","01","N","N","1","","3","0","0","3","8","","1904","4","4","0","0","0","0","0","1","0","4","N","","","","","","","","","","","","03","03","","N","N"
"2235","1","0","0","0","0","0","0","0","0","98","0","","36","10","2021","2021096193","7","40.1687","-76.1504","2222","08","0","0","0","0","0","1","0","0","","0","0","0","22","2","0","00","0","40 10:07.426","","00","76 09:01.286","0","0","0","0","36218","0","0","0","N","0","0","0","1","36408","0","","1","01","N","N","0","","0","0","0","0","0","","2219","0","1","0","0","0","0","0","1","0","1","N","","","","","","","","","","","","03","03","","N","N"
"1646","1","0","0","0","0","0","0","0","0","1","0","","36","10","2021","2021095752","6","40.0463","-76.3187","1631","08","0","0","0","0","0","0","0","0","","0","0","0","16","1","0","02","0","40 02:46.658","","00","76 19:07.251","0","0","0","0","36301","0","0","0","N","0","0","0","2","36301","0","","1","01","N","N","0","","0","0","1","0","0","N","1631","0","2","0","0","0","0","0","3","0","2","N","","","","","","","","","","","","03","","","N","N"
"1206","0","0","0","0","0","0","0","0","0","4","0","","36","10","2021","2021099667","3","39.8692","-76.2276","1205","08","0","0","0","0","0","0","0","1","","0","0","0","12","1","0","01","0","39 52:09.162","","00","76 13:39.318","0","0","0","0","36212","0","0","0","N","0","0","0","2","68J01","0","","1","01","N","N","0","","0","0","1","3","2","","1204","0","2","0","0","0","0","0","1","1","2","N","","","","","","","","","","","","04","04","","N","N"
"2042","2","0","0","0","0","0","0","0","0","4","0","","36","06","2021","2021052658","3","40.0395","-76.306","2038","08","0","0","0","0","0","1","0","0","","0","0","0","20","1","0","01","1","40 02:22.325","1","00","76 18:21.503","0","0","0","0","36301","0","0","0","N","0","0","0","3","36301","0","","1","01","N","N","0","","0","0","1","3","2","N","2038","0","3","0","0","0","0","0","3","0","3","N","","","","","","","","","","","2126","03","03","","N",""
"1652","2","0","0","0","0","0","0","0","0","4","0","","36","06","2021","2021054093","4","40.0283","-76.5004","1649","08","0","0","0","1","1","0","0","0","","0","0","0","16","1","0","01","0","40 01:41.970","","00","76 30:01.288","0","0","0","0","36404","0","0","0","N","0","0","0","2","36404","0","","1","01","N","N","0","","0","0","0","3","3","","1649","0","2","0","0","0","0","0","3","0","2","N","","","","","","","","","","","","03","03","","N",""
"2028","2","0","0","0","0","0","0","0","0","7","0","","36","06","2021","2021056411","7","40.037","-76.3147","2025","08","0","0","0","0","0","0","0","0","","0","0","0","20","1","1","01","1","40 02:13.183","3","00","76 18:53.043","3","0","0","0","36301","0","0","0","N","0","0","0","1","36301","0","","5","01","N","N","0","","1","0","0","0","0","N","2023","1","3","0","0","0","0","0","3","1","3","N","","","","","","","","","","","2147","03","03","","Y",""
"1607","0","0","0","0","0","0","0","0","0","5","0","","36","10","2021","2021099187","7","39.928","-76.253","1600","08","0","0","0","0","0","1","0","0","","0","0","0","15","1","0","02","0","39 55:40.897","","00","76 15:10.965","0","0","0","0","36229","0","0","0","N","0","0","0","3","68J01","0","","1","01","N","N","0","","0","0","1","0","0","","1559","0","2","0","0","0","0","0","1","1","2","N","","","","","","","","","","","","03","","","N","N"
"2038","0","0","0","0","0","0","0","0","0","7","0","","36","10","2021","2021100116","6","40.1278","-75.9532","2013","08","1","0","0","0","0","0","0","0","","0","0","0","20","3","0","00","2","40 07:40.110","5","00","75 57:11.410","0","0","0","0","36203","0","0","0","N","0","0","0","1","68J01","0","","2","01","N","N","0","","0","0","1","0","0","Y","2012","0","1","0","0","0","0","0","1","0","1","N","","","","","","","","","","","0030","03","03","","N","N"
"1346","1","0","0","0","0","0","0","0","0","98","0","","36","10","2021","2021100848","3","40.0836","-76.2899","1340","08","0","0","0","0","0","0","0","0","","0","0","0","13","1","0","00","1","40 05:01.136","1","00","76 17:23.614","0","0","0","0","36101","0","0","0","N","0","0","0","1","36101","0","","1","01","N","N","0","","0","0","0","0","0","N","1337","0","1","0","0","0","0","0","3","0","1","N","","","","","","","","","","","1400","03","03","","N","N"
"1032","1","0","0","0","0","0","0","0","0","1","0","","36","06","2021","2021055006","7","40.0543","-76.3264","1019","08","0","0","0","0","0","0","1","0","","0","0","0","10","1","1","00","0","40 03:15.519","","00","76 19:35.192","4","0","0","0","36101","0","0","0","N","0","0","0","5","36101","1","","1","01","N","N","0","","0","0","1","0","0","","1015","1","2","0","0","0","0","0","3","0","2","N","","","","","","","","","","","","03","03","","N","N"
"0635","1","0","0","0","0","0","0","0","0","5","0","","36","06","2021","2021057068","2","40.0323","-76.3043","0631","08","0","0","0","0","0","0","0","0","","0","0","0","06","1","1","00","2","40 01:56.100","1","00","76 18:15.484","3","0","0","0","36301","0","0","0","N","0","0","0","1","36301","0","","6","01","N","N","1","","1","0","2","0","0","Y","0631","1","4","0","0","0","0","0","3","0","4","N","","","","","","","","","","","0754","03","","","Y","N"
"1007","0","0","0","0","0","0","0","0","0","4","0","","36","06","2021","2021049778","3","40.1485","-76.5995","1007","08","0","0","0","1","0","1","0","0","","0","0","0","10","1","0","01","0","40 08:54.441","","00","76 35:58.037","0","0","0","0","36407","0","0","0","N","0","0","0","2","36407","0","","1","01","N","N","0","","0","0","2","3","3","","1007","0","2","0","0","0","0","0","2","0","2","N","","","","","","","","","","","","03","","","N",""
"0321","0","0","0","0","0","0","0","0","0","7","0","","36","10","2021","2021097143","1","40.2687","-76.2301","0303","08","0","1","0","0","0","0","0","0","","0","0","0","22","2","0","00","0","40 16:07.490","","00","76 13:48.190","0","0","0","0","36204","0","0","0","N","0","0","0","1","36506","0","","5","01","N","N","1","","0","0","0","0","0","","2200","0","1","0","0","0","0","0","1","0","1","N","","","","","","","","","","","","03","","","N","N"
"0758","1","0","0","0","0","0","0","0","0","4","0","","36","09","2021","2021094320","5","39.9906","-76.2631","0755","08","0","1","0","0","0","0","0","0","","0","0","0","07","1","1","00","1","39 59:26.190","2","07","76 15:47.163","3","0","0","1","36240","0","0","0","N","0","0","0","2","36240","0","","1","01","N","N","0","","1","0","0","0","0","N","0750","1","2","0","0","0","0","0","1","0","2","N","","","","","","","","","","","0836","03","","","N","Y"
"2025","1","0","0","0","0","0","0","0","0","5","0","","36","10","2021","2021100157","5","40.0377","-76.3081","2015","08","0","0","0","0","0","1","0","0","","0","0","0","20","3","0","00","0","40 02:15.725","","00","76 18:29.129","0","0","0","0","36301","0","0","0","N","0","0","0","1","36301","0","","1","01","N","N","0","","0","0","1","0","0","","2015","0","2","0","0","0","0","0","3","0","2","N","","","","","","","","","","","","03","03","","N","N"
"2051","0","0","0","0","0","0","0","0","0","4","0","","36","10","2021","2021100634","4","40.0585","-76.4037","2047","08","0","0","0","0","0","0","0","0","","0","0","0","20","2","1","01","1","40 03:30.572","4","00","76 24:13.331","3","0","0","0","36214","0","0","0","N","0","0","0","2","36214","0","","1","01","N","N","0","","1","0","2","3","2","N","2045","1","2","0","0","1","0","0","3","0","2","N","","","","","","","","","","","0940","03","03","","N",""
"2125","2","0","0","0","0","0","0","0","0","4","0","","36","10","2021","2021098140","5","40.1051","-76.3322","2121","08","0","0","0","0","0","0","0","0","","0","0","0","21","2","1","01","1","40 06:18.479","1","00","76 19:55.791","3","0","0","0","36101","0","0","0","N","0","0","0","2","36101","0","","1","01","N","N","0","","1","0","0","3","2","N","2119","1","2","0","0","0","0","0","3","0","2","N","","","","","","","","","","","2235","03","","","N",""
"1710","0","0","0","0","0","0","0","0","0","4","0","","36","06","2021","2021053365","5","40.1027","-76.4328","1704","08","0","0","0","0","0","2","0","0","","0","0","0","17","1","1","01","2","40 06:09.698","6","00","76 25:58.025","3","0","0","0","36239","0","0","0","N","0","0","0","3","36239","0","","1","01","N","N","0","","1","0","3","3","3","Y","1704","1","3","0","0","0","0","0","3","0","3","N","","","","","","","","","","","1800","03","03","","N",""
"0738","2","0","0","0","0","0","0","0","0","1","0","","36","10","2021","2021099132","2","40.0496","-76.404","0723","08","0","0","0","0","0","0","0","0","","0","0","0","07","1","0","00","1","40 02:58.618","3","00","76 24:14.279","0","0","0","0","36214","0","0","0","N","0","0","0","2","36214","0","","1","01","N","N","0","","0","0","0","0","0","N","0720","0","2","0","0","0","0","0","3","0","2","N","","","","","","","","","","","2040","03","","","N","N"
"0237","1","0","0","0","0","0","0","0","0","5","0","","36","10","2021","2021098785","7","40.1508","-76.307","0236","08","0","0","0","0","0","0","0","0","","0","0","0","02","3","0","00","0","40 09:03.015","","00","76 18:25.269","9","0","0","0","36409","0","0","0","N","0","0","0","1","36409","0","","6","01","N","N","0","","0","0","0","0","0","","0232","0","2","0","0","0","0","1","3","0","2","N","","","","","","","","","","","","03","03","","N","N"
"1203","1","0","0","0","0","0","0","0","0","4","1","","36","10","2021","2021100111","6","39.9701","-76.064","1153","08","0","0","1","0","0","0","0","1","","0","1","0","11","1","0","01","0","39 58:12.345","","00","76 03:50.454","0","0","0","0","36231","0","0","0","N","0","0","0","3","68J01","0","","1","01","N","N","0","","0","0","0","0","0","","1150","0","2","0","0","0","0","0","1","0","2","N","","","","","","","","","","","","03","","","N","N"
"0922","1","0","0","0","0","0","0","0","0","1","0","","36","10","2021","2021099334","2","40.0695","-76.3078","0916","08","0","0","0","0","0","2","0","0","","0","0","0","09","1","0","06","0","40 04:10.226","","00","76 18:28.241","0","0","0","0","36101","0","0","0","N","0","0","0","2","36101","0","","1","01","N","N","0","","0","0","1","3","4","","0914","0","2","0","0","0","0","0","3","0","2","N","","","","","","","","","","","","03","","","N",""
"1621","2","0","0","0","0","0","0","0","0","1","0","","36","10","2021","2021097139","4","40.1676","-76.2952","1616","08","0","1","0","0","0","1","0","0","","0","0","0","16","1","0","00","0","40 10:03.276","","00","76 17:42.879","0","0","0","0","36235","0","0","0","N","0","0","0","3","36506","0","","1","01","N","N","1","","0","0","0","0","0","","1615","0","3","0","0","0","0","0","1","0","3","N","","","","","","","","","","","","03","","","Y","N"
"1331","0","0","1","0","0","0","0","0","0","4","0","","36","06","2021","2021052641","3","40.1634","-76.6052","1329","08","0","0","1","0","0","0","1","0","","0","0","0","13","1","2","01","1","40 09:48.272","7","00","76 36:18.788","2","0","0","0","36407","0","0","0","N","0","0","0","2","36407","0","","1","01","N","N","0","","1","1","2","3","3","Y","1324","2","2","0","0","0","0","0","2","0","2","N","","","","","","","","","","","1357","03","","","N",""
"2251","0","0","0","0","0","0","0","0","0","4","0","","36","10","2021","2021100627","4","40.0606","-76.2768","2244","08","0","0","0","0","0","1","0","0","","0","0","0","22","3","0","01","2","40 03:38.398","4","00","76 16:37.304","0","0","0","0","36101","0","0","0","Y","0","0","0","2","36101","0","","1","01","N","N","1","","0","0","1","3","2","Y","2242","0","2","0","0","0","0","0","3","0","2","N","","","","","","","","","","","2347","03","03","","N",""
"2145","2","0","0","0","0","0","0","0","0","4","0","","36","06","2021","2021053468","1","40.0435","-76.298","2141","08","0","0","0","0","1","0","0","0","","0","0","0","21","3","1","01","1","40 02:36.501","5","00","76 17:52.632","3","0","0","0","36301","0","0","0","N","0","0","0","3","36301","0","","1","01","N","N","0","","1","0","0","2","2","Y","2141","1","2","0","0","0","0","0","3","0","2","N","","","","","","","","","","","2319","03","","","N",""
"1412","0","0","0","0","0","0","0","0","0","1","0","","36","10","2021","2021100460","7","40.0732","-76.3309","1406","08","0","0","0","0","0","0","0","0","","0","0","0","14","1","1","00","1","40 04:23.501","3","00","76 19:51.293","3","0","0","0","36101","0","0","0","N","0","0","0","5","36101","0","","1","09","N","N","2","","1","0","1","0","0","N","1403","1","3","0","0","0","0","0","3","0","3","N","","","","","","","","","","","1524","07","04","","Y","N"
"0544","0","0","0","0","0","0","0","0","0","7","0","","36","06","2021","2021058314","1","40.0325","-76.3098","0541","08","0","0","0","0","0","0","0","0","","0","0","0","05","1","0","00","1","40 01:56.900","3","00","76 18:35.300","9","0","0","0","36301","0","0","0","N","0","0","0","3","36301","0","","4","01","N","N","0","","0","0","1","0","0","N","0536","0","1","0","0","0","0","2","3","0","1","N","","","","","","","","","","","0626","03","03","","N","N"
"0619","1","0","0","0","0","0","0","0","0","7","0","","36","09","2021","2021097108","2","40.0452","-76.2823","0616","08","0","0","0","0","0","0","0","0","","0","0","0","06","5","0","00","1","40 02:42.884","3","00","76 16:56.260","0","0","0","0","36301","0","0","0","N","0","0","0","1","36301","0","","3","01","N","N","0","","0","0","0","0","0","N","0612","0","1","0","0","0","0","0","3","0","1","N","","","","","","","","","","","0700","03","","","N","N"
"1920","0","0","0","0","0","0","0","0","0","7","0","","36","06","2021","2021053865","6","39.9446","-76.1364","1858","08","0","0","0","0","0","0","0","0","","0","0","0","18","1","1","00","1","39 56:40.530","3","00","76 08:11.170","3","0","0","1","36216","0","0","0","N","0","0","0","1","68J01","0","","4","01","N","N","0","","1","0","0","0","0","N","1850","1","1","0","0","0","0","0","1","0","1","N","","","","","","","","","","","1945","03","","","N","N"
"2245","1","0","0","0","0","0","0","0","0","0","1","","36","10","2021","2021096378","6","40.1292","-76.216","2234","08","0","0","0","0","0","1","0","0","","0","1","0","22","2","0","00","0","40 07:45.080","","00","76 12:57.741","0","0","0","0","36238","0","0","0","N","0","0","0","2","36238","0","","1","01","N","N","0","","0","0","0","0","0","","2234","0","2","0","0","0","0","0","3","0","2","N","","","","","","","","","","","","03","","","N","N"
"1824","1","0","0","0","0","0","0","0","0","4","0","","36","10","2021","2021096336","6","40.0823","-76.3395","1820","08","0","0","0","0","0","1","0","0","","0","0","0","18","4","0","00","0","40 04:56.310","","00","76 20:22.350","0","0","0","0","36101","0","0","0","N","0","0","0","2","36101","0","","1","01","N","N","0","","0","0","1","3","3","","1816","0","2","0","0","0","0","0","3","0","2","N","","","","","","","","","","","","03","","","N","N"