"ARRIVAL_TM","AUTOMOBILE_COUNT","BELTED_DEATH_COUNT","BELTED_SUSP_SERIOUS_INJ_COUNT","BICYCLE_COUNT","BICYCLE_DEATH_COUNT","BICYCLE_SUSP_SERIOUS_INJ_COUNT","BUS_COUNT","CHLDPAS_DEATH_COUNT","CHLDPAS_SUSP_SERIOUS_INJ_COUNT","COLLISION_TYPE","COMM_VEH_COUNT","CONS_ZONE_SPD_LIM","COUNTY","CRASH_MONTH","CRASH_YEAR","CRN","DAY_OF_WEEK","DEC_LAT","DEC_LONG","DISPATCH_TM","DISTRICT","DRIVER_COUNT_16YR","DRIVER_COUNT_17YR","DRIVER_COUNT_18YR","DRIVER_COUNT_19YR","DRIVER_COUNT_20YR","DRIVER_COUNT_50_64YR","DRIVER_COUNT_65_74YR","DRIVER_COUNT_75PLUS","EST_HRS_CLOSED","FATAL_COUNT","HEAVY_TRUCK_COUNT","HORSE_BUGGY_COUNT","HOUR_OF_DAY","ILLUMINATION","INJURY_COUNT","INTERSECT_TYPE","LANE_CLOSED","LATITUDE","LN_CLOSE_DIR","LOCATION_TYPE","LONGITUDE","MAX_SEVERITY_LEVEL","MCYCLE_DEATH_COUNT","MCYCLE_SUSP_SERIOUS_INJ_COUNT","MOTORCYCLE_COUNT","MUNICIPALITY","NONMOTR_COUNT","NONMOTR_DEATH_COUNT","NONMOTR_SUSP_SERIOUS_INJ_COUNT","NTFY_HIWY_MAINT","PED_COUNT","PED_DEATH_COUNT","PED_SUSP_SERIOUS_INJ_COUNT","PERSON_COUNT","POLICE_AGCY","POSSIBLE_INJ_COUNT","RDWY_SURF_TYPE_CD","RELATION_TO_ROAD","ROAD_CONDITION","SCH_BUS_IND","SCH_ZONE_IND","SMALL_TRUCK_COUNT","SPEC_JURIS_CD","SUSP_MINOR_INJ_COUNT","SUSP_SERIOUS_INJ_COUNT","SUV_COUNT","TCD_FUNC_CD","TCD_TYPE","TFC_DETOUR_IND","TIME_OF_DAY","TOT_INJ_COUNT","TOTAL_UNITS","UNB_DEATH_COUNT","UNB_SUSP_SERIOUS_INJ_COUNT","UNBELTED_OCC_COUNT","UNK_INJ_DEG_COUNT","UNK_INJ_PER_COUNT","URBAN_RURAL","VAN_COUNT","VEHICLE_COUNT","WORK_ZONE_IND","WORK_ZONE_LOC","WORK_ZONE_TYPE","WORKERS_PRES","WZ_CLOSE_DETOUR","WZ_FLAGGER","WZ_LAW_OFFCR_IND","WZ_LN_CLOSURE","WZ_MOVING","WZ_OTHER","WZ_SHLDER_MDN","ROADWAY_CLEARED","WEATHER1","WEATHER2","WZ_WORKERS_INJ_KILLED","SECONDARY_CRASH","INTERSECTION_RELATED"
"1826","1","0","0","0","0","0","0","0","0","4","0","","36","06","2021","2021076567","6","39.9652","-76.3017","1819","08","0","0","0","0","0","0","1","0","","0","0","0","18","1","2","01","0","39 57:54.787","","00","76 18:06.236","8","0","0","0","36228","0","0","0","N","0","0","0","3","36228","0","","1","01","N","N","0","","0","0","1","3","3","","1819","2","2","0","0","0","2","0","1","0","2","N","","","","","","","","","","","","03","03","","N","N"
"1152","1","0","0","0","0","0","0","0","0","7","0","","36","10","2021","2021098952","1","40.1313","-76.7084","1135","08","0","0","0","0","0","0","0","0","","0","0","0","11","1","0","00","2","40 07:52.538","5","00","76 42:30.275","0","0","0","0","36207","0","0","0","N","0","0","0","1","36504","0","","2","01","N","N","0","","0","0","0","0","0","Y","1130","0","1","0","0","0","0","0","1","0","1","N","","","","","","","","","","","1400","03","03","","N","N"
"1913","0","0","0","0","0","0","0","0","0","4","0","","36","10","2021","2021099668","3","40.0392","-76.0644","1902","08","0","0","0","0","0","1","0","1","","0","0","0","18","4","3","01","1","40 02:21.008","6","00","76 03:51.801","3","0","0","0","36221","0","0","0","N","0","0","0","3","68J01","0","","1","01","N","N","1","","3","0","1","3","3","N","1859","3","2","0","0","0","0","0","1","0","2","N","","","","","","","","","","","2015","03","03","","N","N"
"0804","1","0","0","0","0","0","0","0","0","1","0","","36","10","2021","2021100462","1","40.0506","-76.3295","0756","08","0","0","0","0","1","0","0","0","","0","0","0","07","1","1","00","0","40 03:02.310","","00","76 19:46.120","3","0","0","0","36101","0","0","0","N","0","0","0","1","36101","0","","1","01","N","N","0","","1","0","1","0","0","","0749","1","2","0","0","0","0","0","3","0","2","N","","","","","","","","","","","","03","03","","N","N"
"1206","1","0","0","0","0","0","0","0","0","7","0","","36","10","2021","2021096352","1","40.0459","-76.2975","1159","08","0","0","0","0","0","0","0","0","","0","0","0","11","1","0","00","2","40 02:45.178","6","00","76 17:50.954","0","0","0","0","36301","0","0","0","N","0","0","0","1","36301","0","","5","01","N","N","0","","0","0","0","0","0","Y","1157","0","1","0","0","0","0","0","3","0","1","N","","","","","","","","","","","1242","03","03","","Y","N"
"1541","1","0","0","0","0","0","0","0","0","8","0","","36","06","2021","2021052058","2","40.033","-76.3068","1537","08","0","0","0","0","0","0","0","0","","0","0","0","15","1","1","01","0","40 01:58.902","","00","76 18:24.637","3","0","0","0","36301","1","0","0","N","1","0","0","2","36301","0","","1","01","N","N","0","","1","0","0","3","2","N","1536","1","2","0","0","0","0","0","3","0","1","N","","","","","","","","","","","","03","","","N",""
"1311","1","0","0","0","0","0","0","0","0","4","0","","36","06","2021","2021058133","2","40.0898","-76.1549","1307","08","0","0","0","0","0","0","0","0","","0","0","0","13","1","1","09","2","40 05:23.388","5","00","76 09:17.607","3","0","0","0","36234","0","0","0","N","0","0","0","1","36215","0","","1","01","N","N","0","","1","0","0","3","6","Y","1307","1","2","0","0","0","0","0","1","0","1","N","","","","","","","","","","","1510","03","","","N",""
"0203","1","0","0","0","0","0","0","0","0","7","0","","36","09","2021","2021098212","5","39.985","-76.3158","0150","08","0","0","0","0","0","0","0","0","","0","0","0","01","2","0","00","1","39 59:06.073","2","00","76 18:57.024","0","0","0","0","36228","0","0","0","N","0","0","0","1","68J01","0","","4","01","N","N","0","","0","0","0","0","0","N","0150","0","1","0","0","0","0","0","1","0","1","N","","","","","","","","","","","0230","03","03","","N","N"
"1235","1","0","0","0","0","0","0","0","0","2","0","","36","10","2021","2021097390","4","40.1312","-76.5638","1230","08","0","0","1","0","0","0","0","1","","0","0","0","12","1","1","01","1","40 07:52.429","7","00","76 33:49.559","3","0","0","0","36225","0","0","0","N","0","0","0","5","36505","0","","1","01","N","N","1","","1","0","1","3","2","Y","1230","1","3","0","0","0","0","0","2","0","3","N","","","","","","","","","","","1300","03","03","","N",""
"1202","0","0","0","0","0","0","0","0","0","4","0","","36","10","2021","2021100003","4","40.1483","-76.1215","1154","08","0","0","0","0","0","0","0","0","","0","0","0","11","1","0","02","1","40 08:54.032","2","00","76 07:17.516","0","0","0","0","36209","0","0","0","N","0","0","0","7","36415","0","","1","01","Y","N","0","","0","0","0","3","3","N","1154","0","2","0","0","0","0","0","1","2","2","N","","","","","","","","","","","1231","03","03","","N",""
"0927","0","0","0","1","0","0","0","0","0","4","0","","36","06","2021","2021054301","2","40.0536","-76.2958","0919","08","0","0","0","0","0","1","0","0","","0","0","0","08","1","1","00","0","40 03:13.100","","07","76 17:44.700","8","0","0","0","36101","1","0","0","N","0","0","0","2","36301","0","","1","01","N","N","0","","0","0","0","0","0","","0844","1","2","0","0","0","1","0","3","1","1","N","","","","","","","","","","","","03","","","N","N"
"0807","1","0","0","0","0","0","0","0","0","1","0","","36","10","2021","2021100457","6","40.0713","-76.3236","0802","08","0","0","0","0","0","0","0","0","","0","0","0","07","1","0","00","0","40 04:16.849","","00","76 19:25.032","0","0","0","0","36101","0","0","0","N","0","0","0","3","36101","0","","1","01","N","N","1","","0","0","0","0","0","","0750","0","2","0","0","0","0","0","3","0","2","N","","","","","","","","","","","","04","04","","N","N"
"2342","1","0","0","0","0","0","0","0","0","4","0","","36","10","2021","2021098939","6","40.1128","-76.3965","2340","08","0","0","0","0","1","0","0","0","","0","0","0","23","2","0","01","2","40 06:45.982","5","00","76 23:47.576","0","0","0","0","36214","0","0","0","N","0","0","0","5","36214","0","","1","01","N","N","0","","0","0","1","3","3","Y","2335","0","2","0","0","0","0","0","3","0","2","N","","","","","","","","","","","0030","03","","","N",""
"1133","0","0","0","0","0","0","0","0","0","4","1","","36","10","2021","2021095918","6","40.0806","-76.3394","1123","08","0","0","0","0","0","0","1","0","","0","1","0","11","1","1","02","0","40 04:50.307","","00","76 20:21.987","4","0","0","0","36101","0","0","0","N","0","0","0","2","36101","1","","1","01","N","N","0","","0","0","1","3","3","","1117","1","2","0","0","0","0","0","3","0","2","N","","","","","","","","","","","","03","","","N",""
"2238","0","0","0","0","0","0","0","0","0","7","0","","36","10","2021","2021097138","3","40.1475","-76.4055","2226","08","0","0","0","0","0","0","0","0","","0","0","0","22","2","0","03","1","40 08:51.140","6","00","76 24:19.764","0","0","0","0","36227","0","0","0","N","0","0","0","1","36506","0","","5","01","N","N","0","","0","0","0","0","0","N","2223","0","1","0","0","0","0","0","1","1","1","N","","","","","","","","","","","2310","04","","","N",""
"1636","0","0","0","0","0","0","0","0","0","4","1","","36","10","2021","2021096912","2","40.1015","-76.0919","1631","08","0","1","0","0","0","1","0","0","","0","1","0","16","1","1","01","1","40 06:05.302","7","00","76 05:30.717","3","0","0","1","36415","0","0","0","N","0","0","0","3","36415","0","","1","01","N","N","0","","1","0","0","3","2","N","1631","1","2","0","0","0","0","0","1","0","2","N","","","","","","","","","","","0100","03","03","","N",""
"0428","0","0","0","0","0","0","0","0","0","7","1","","36","10","2021","2021095577","2","40.0486","-76.4073","0423","08","0","0","0","0","0","0","0","0","","0","1","0","04","2","0","00","2","40 02:55.006","3","00","76 24:26.113","0","0","0","0","36239","0","0","0","Y","0","0","0","1","36239","0","","4","01","N","N","0","","0","0","0","0","0","Y","0421","0","1","0","0","1","0","0","3","0","1","N","","","","","","","","","","","0957","04","04","","N","N"
"2051","2","0","0","0","0","0","0","0","0","4","0","","36","10","2021","2021097555","6","40.0378","-76.3148","2049","08","0","0","0","0","0","0","0","0","","0","0","0","20","3","0","01","2","40 02:16.008","1","00","76 18:53.398","0","0","0","0","36301","0","0","0","N","0","0","0","2","36301","0","","1","01","N","N","0","","0","0","0","3","3","N","2047","0","2","0","0","0","0","0","3","0","2","N","","","","","","","","","","","2152","03","03","","N",""
"0327","1","0","0","0","0","0","0","0","0","7","0","","36","06","2021","2021074065","1","40.0381","-76.5014","0327","08","0","0","0","0","0","0","0","0","","0","0","0","03","3","0","01","0","40 02:17.102","","00","76 30:04.885","0","0","0","0","36404","0","0","0","N","0","0","0","2","36404","0","","4","01","N","N","0","","0","0","0","3","3","","0323","0","1","0","0","0","0","0","3","0","1","N","","","","","","","","","","","","03","03","","N",""
"0458","0","0","0","0","0","0","0","0","0","98","0","","36","10","2021","2021100146","3","39.9797","-76.3393","0451","08","0","0","0","0","0","1","0","0","","0","0","0","04","2","0","00","0","39 58:46.861","","00","76 20:21.506","0","0","0","0","36206","0","0","0","N","0","0","0","1","68J01","0","","1","01","N","N","0","","0","0","1","0","0","","0449","0","1","0","0","0","0","0","1","0","1","N","","","","","","","","","","","","03","03","","N","N"
"1032","0","0","0","0","0","0","0","0","0","7","1","","36","09","2021","2021095581","3","40.1464","-76.6194","1027","08","0","0","0","0","0","0","0","0","","0","0","0","10","1","1","00","2","40 08:46.947","6","00","76 37:09.704","3","0","0","0","36237","0","0","0","N","0","0","0","2","36505","0","","4","01","N","N","1","","1","0","0","0","0","Y","1024","1","1","0","0","0","0","0","1","0","1","N","","","","","","","","","","","1147","03","03","","N","N"
"0700","0","0","0","0","0","0","1","0","0","4","1","","36","10","2021","2021095585","2","40.1338","-76.5718","0645","08","0","0","0","0","0","0","0","1","","0","0","0","06","1","0","00","0","40 08:01.756","","07","76 34:18.531","0","0","0","0","36225","0","0","0","N","0","0","0","2","36505","0","","1","01","Y","N","1","","0","0","0","0","0","","0645","0","2","0","0","0","0","0","2","0","2","N","","","","","","","","","","","","03","03","","N","N"
"0743","0","0","0","0","0","0","0","0","0","4","1","","36","09","2021","2021099356","2","40.0626","-76.542","0738","08","0","0","0","0","0","0","0","0","","0","1","0","07","1","1","01","0","40 03:45.412","","00","76 32:31.057","3","0","0","0","36211","0","0","0","N","0","0","0","2","36504","0","","1","01","","","0","","1","0","0","3","2","N","0736","1","2","0","0","0","0","0","1","1","2","N","","","","","","","","","","","","03","","","N",""
"1604","1","0","0","0","0","0","0","0","0","7","0","","36","10","2021","2021100123","7","40.2355","-76.0464","1547","08","0","0","0","0","0","0","0","0","","0","0","0","14","1","0","00","0","40 14:07.736","","00","76 02:47.024","0","0","0","0","36202","0","0","0","Y","0","0","0","1","68J01","0","","2","08","N","N","0","","0","0","0","0","0","","1438","0","1","0","0","0","0","0","1","0","1","N","","","","","","","","","","","","07","","","N","N"
"1928","0","0","0","0","0","0","0","0","0","4","0","","36","09","2021","2021091493","5","40.025","-76.3053","1805","08","0","0","0","0","0","0","0","0","","1","0","0","17","1","0","02","2","40 01:30.140","7","00","76 18:19.122","1","1","0","1","36301","0","0","0","N","0","0","0","3","36301","0","2","1","01","N","N","1","0","0","0","0","3","3","Y","1749","0","2","0","0","0","0","0","3","0","2","N","","","","","","","","","","","2245","04","","","N","N"
"2311","2","0","0","0","0","0","0","0","0","4","0","","36","06","2021","2021054932","5","40.0442","-76.2921","2301","08","0","0","0","0","0","0","0","0","","0","0","0","22","3","0","01","1","40 02:39.112","3","00","76 17:31.624","0","0","0","0","36301","0","0","0","N","0","0","0","2","36301","0","","1","01","N","N","0","","0","0","1","3","2","N","2258","0","3","0","0","0","0","0","3","0","3","N","","","","","","","","","","","2359","03","03","","N",""
"0457","1","0","0","0","0","0","0","0","0","5","0","","36","10","2021","2021096653","7","40.0383","-76.3057","0450","08","0","0","0","0","0","1","0","0","","0","0","0","04","3","0","00","1","40 02:17.835","1","00","76 18:20.656","0","0","0","0","36301","0","0","0","N","0","0","0","3","36301","0","","1","01","N","N","1","","0","0","0","0","0","N","0448","0","2","0","0","0","0","0","3","0","2","N","","","","","","","","","","","0512","03","03","","N","Y"
"1527","1","0","0","0","0","0","0","0","0","4","0","","36","06","2021","2021055639","5","40.0329","-76.5011","1525","08","0","0","0","0","0","0","0","0","","0","0","0","15","1","0","01","0","40 01:58.483","","00","76 30:03.841","0","0","0","0","36404","0","0","0","N","0","0","0","3","36404","0","","1","09","N","N","1","","0","0","0","3","2","","1525","0","2","0","0","0","0","0","3","0","2","N","","","","","","","","","","","","07","07","","N",""
"0240","2","0","0","0","0","0","0","0","0","1","0","","36","08","2021","2021090303","1","40.0463","-76.3093","0239","08","0","0","0","0","0","1","0","0","","0","0","0","02","3","1","00","1","40 02:46.506","2","00","76 18:33.341","3","0","0","0","36301","0","0","0","N","0","0","0","1","36301","0","","1","01","N","N","0","","1","0","0","0","0","Y","0237","1","2","0","0","0","0","0","3","0","2","N","","","","","","","","","","","0337","03","","","N","N"
"1253","0","0","0","0","0","0","0","0","0","7","0","","36","10","2021","2021097530","3","40.1243","-75.9331","1227","08","0","0","0","0","0","1","0","0","","0","0","0","12","1","0","00","0","40 07:27.553","","00","75 55:59.065","0","0","0","0","36203","0","0","0","N","0","0","0","1","68J01","0","","4","01","N","N","0","","0","0","1","0","0","","1225","0","1","0","0","0","0","0","1","0","1","N","","","","","","","","","","","","03","03","","N","N"
"0829","1","0","0","0","0","0","0","0","0","7","0","","36","10","2021","2021097514","1","39.8613","-76.269","0810","08","0","0","0","0","0","0","0","0","","0","0","0","08","1","0","00","2","39 51:40.782","5","00","76 16:08.281","0","0","0","0","36224","0","0","0","N","0","0","0","1","68J01","0","","4","09","N","N","0","","0","0","0","0","0","Y","0806","0","1","0","0","0","0","0","1","0","1","N","","","","","","","","","","","0030","03","03","","N","N"
"1715","0","0","0","0","0","0","0","0","0","4","0","","36","06","2021","2021052086","6","40.1454","-76.1169","1712","08","0","0","0","0","0","0","0","1","","0","1","0","17","1","2","01","2","40 08:43.478","7","00","76 07:00.846","3","0","0","0","36209","0","0","0","N","0","0","0","3","36415","1","","1","01","N","N","0","","1","0","1","3","2","Y","1710","2","2","0","0","0","0","0","1","0","2","N","","","","","","","","","","","1800","03","","","N",""
"1825","1","0","0","0","0","0","0","0","0","4","0","","36","06","2021","2021059756","3","40.0315","-76.3056","1759","08","0","0","0","0","0","0","1","0","","0","0","0","17","1","0","01","1","40 01:53.234","6","00","76 18:20.026","0","0","0","0","36301","0","0","0","N","0","0","0","2","36301","0","","1","01","N","N","0","","0","0","1","3","3","N","1759","0","2","0","0","0","0","0","3","0","2","N","","","","","","","","","","","1903","03","03","","N","N"
"0945","2","0","0","0","0","0","0","0","0","5","0","","36","06","2021","2021051636","7","40.1785","-76.1642","0943","08","0","0","0","0","0","0","0","1","","0","0","0","09","1","0","00","1","40 10:42.500","1","00","76 09:51.000","0","0","0","0","36408","0","0","0","N","0","0","0","1","36408","0","","6","01","N","N","0","","0","0","0","0","0","N","0940","0","2","0","0","0","0","0","2","0","2","N","","","","","","","","","","","1030","03","","","Y","N"
"1308","1","0","0","0","0","0","0","0","0","1","0","","36","10","2021","2021098940","7","40.0383","-76.3551","1301","08","0","0","0","0","0","1","0","0","","0","0","0","13","1","0","00","1","40 02:18.044","4","00","76 21:18.240","0","0","0","0","36214","0","0","0","N","0","0","0","2","36214","0","","1","01","N","N","0","","0","0","1","0","0","N","1301","0","2","0","0","0","0","0","3","0","2","N","","","","","","","","","","","1540","04","","","N","N"
"1817","0","0","0","0","0","0","0","0","0","1","0","","36","10","2021","2021099573","5","40.032","-76.3246","1812","08","0","0","0","0","0","1","0","0","","0","0","0","18","1","1","00","0","40 01:55.200","","00","76 19:28.530","3","0","0","1","36220","0","0","0","N","0","0","0","2","36101","0","","1","01","N","N","0","","1","0","1","0","0","","1811","1","2","0","0","0","0","0","3","0","2","N","","","","","","","","","","","","03","","","N","N"
"0619","0","0","0","0","0","0","0","0","0","7","0","","36","10","2021","2021096508","5","40.1359","-76.0946","0613","08","0","0","0","0","0","0","0","0","","0","0","0","06","2","0","00","0","40 08:09.380","","00","76 05:40.473","0","0","0","0","36209","0","0","0","N","0","0","0","1","36415","0","","2","01","N","N","1","","0","0","0","0","0","","0609","0","1","0","0","0","0","0","1","0","1","N","","","","","","","","","","","","04","","","N","N"
"0031","3","0","0","0","0","0","0","0","0","5","0","","36","10","2021","2021094658","7","40.039","-76.3183","0029","08","0","0","0","0","0","0","0","0","","0","0","0","00","3","0","00","2","40 02:20.552","3","00","76 19:06.008","0","0","0","0","36301","0","0","0","N","0","0","0","1","36301","0","","1","01","N","N","0","","0","0","0","0","0","Y","0027","0","3","0","0","0","0","0","3","0","3","N","","","","","","","","","","","0109","03","03","","N","N"
"1524","1","0","0","0","0","0","0","0","0","4","0","","36","06","2021","2021052876","6","40.0234","-76.3148","1514","08","0","0","0","0","0","0","0","0","","0","0","0","15","1","1","01","0","40 01:24.124","","00","76 18:53.204","4","0","0","0","36301","0","0","0","N","0","0","0","2","36301","1","","1","01","N","N","0","","0","0","0","3","3","","1513","1","2","0","0","0","0","0","3","1","2","N","","","","","","","","","","","","03","03","","N","N"
"1608","1","0","0","0","0","0","0","0","0","7","0","","36","09","2021","2021091750","7","39.9944","-76.2875","1558","08","0","0","0","0","0","0","0","0","","0","0","0","15","1","1","02","2","39 59:39.869","6","00","76 17:14.854","3","0","0","0","36240","0","0","0","N","0","0","0","1","36240","0","","4","01","N","N","0","","1","0","0","3","3","Y","1556","1","1","0","0","1","0","0","1","0","1","N","","","","","","","","","","","1746","03","03","","N",""
"1550","1","0","0","0","0","0","0","0","0","6","0","","36","10","2021","2021097770","5","40.0637","-76.5412","1548","08","0","1","0","0","0","0","1","0","","0","0","0","15","1","2","02","2","40 03:49.276","6","00","76 32:28.478","3","0","0","0","36211","0","0","0","N","0","0","0","2","36504","0","","1","01","N","N","0","","1","0","1","3","3","Y","1547","2","2","0","0","0","1","0","1","0","2","N","","","","","","","","","","","1640","03","03","","N",""
"1355","1","0","0","0","0","0","0","0","0","1","0","","36","06","2021","2021050616","4","40.0353","-76.4066","1349","08","0","0","0","0","0","0","0","0","","0","0","0","13","1","4","00","2","40 02:07.228","2","00","76 24:23.699","3","0","0","0","36223","0","0","0","N","0","0","0","5","36223","0","","1","01","N","N","0","","4","0","2","0","0","Y","1345","4","3","0","0","0","0","0","1","0","3","N","","","","","","","","","","","1449","03","03","","N","N"
"1634","0","0","0","0","0","0","0","0","0","4","0","","36","10","2021","2021097897","3","39.9914","-76.0161","1620","08","0","0","0","0","0","0","1","0","","0","0","0","15","1","1","00","0","39 59:28.958","","00","76 00:57.958","3","0","0","0","36232","0","0","0","N","0","0","0","3","68J01","0","","4","01","N","N","1","","1","0","1","0","0","","1558","1","2","0","0","0","0","0","1","0","2","N","","","","","","","","","","","","03","","","N","N"
"1605","0","0","0","0","0","0","2","0","0","1","2","","36","09","2021","2021092981","3","40.1444","-76.6091","1603","08","0","0","0","0","0","0","0","1","","0","0","0","16","1","0","02","1","40 08:39.840","2","00","76 36:32.762","0","0","0","0","36407","0","0","0","N","0","0","0","8","36407","0","","1","01","Y","N","0","","0","0","0","3","3","Y","1601","0","2","0","0","0","0","0","2","0","2","N","","","","","","","","","","","1657","03","","","N",""
"1029","2","0","0","0","0","0","0","0","0","4","0","","36","10","2021","2021098357","6","40.0379","-76.2745","1022","08","0","0","0","0","0","0","0","1","","0","0","0","10","1","0","02","0","40 02:16.829","","00","76 16:28.278","0","0","0","0","36220","0","0","0","N","0","0","0","3","36101","0","","1","01","N","N","0","","0","0","0","3","2","","1020","0","2","0","0","0","0","0","3","0","2","N","","","","","","","","","","","","03","03","","N",""
"1339","0","0","0","0","0","0","0","0","0","4","0","","36","06","2021","2021059968","7","40.1045","-76.5113","1338","08","0","0","0","0","1","0","0","0","","0","0","0","13","1","1","01","0","40 06:16.061","","00","76 30:40.613","8","0","0","1","36413","0","0","0","N","0","0","0","4","36413","0","","1","01","N","N","0","","0","0","1","0","0","","1338","1","2","0","0","0","1","0","2","0","2","N","","","","","","","","","","","","03","","","N","N"
"0005","0","0","0","0","0","0","0","0","0","0","0","","36","06","2021","2021052748","1","40.1316","-76.0844","0005","08","0","0","0","0","0","0","0","0","","0","0","0","00","2","1","00","0","40 07:53.929","","00","76 05:03.882","3","0","0","1","36209","0","0","0","N","0","0","0","1","36415","0","","4","03","N","N","0","","1","0","0","0","0","","0005","1","1","0","0","0","0","0","1","0","1","N","","","","","","","","","","","","03","03","","N","N"
"1831","1","0","0","0","0","0","0","0","0","7","0","","36","10","2021","2021100922","7","40.2283","-76.4623","1808","08","0","0","0","0","0","0","0","0","","0","0","0","18","4","1","00","0","40 13:41.608","","00","76 27:46.921","3","0","0","0","36230","0","0","0","N","0","0","0","1","68T06","0","","4","09","N","N","0","","1","0","0","0","0","","1807","1","1","0","0","0","0","0","1","0","1","N","","","","","","","","","","","","07","","","N","N"
"2033","1","0","0","0","0","0","0","0","0","7","0","","36","10","2021","2021100115","6","39.9249","-76.3655","2014","08","0","0","1","0","0","0","0","0","","0","0","0","20","2","0","00","1","39 55:29.600","3","00","76 21:55.890","0","0","0","0","36206","0","0","0","N","0","0","0","1","68J01","0","","5","01","N","N","0","","0","0","0","0","0","N","2011","0","1","0","0","0","0","0","1","0","1","N","","","","","","","","","","","0930","03","03","","N","N"
"1324","1","0","0","0","0","0","0","0","0","1","0","","36","10","2021","2021100180","6","40.223","-76.0691","1316","08","0","0","0","0","0","0","1","0","","0","0","0","13","1","2","00","1","40 13:22.795","2","00","76 04:08.819","3","0","0","0","36210","0","0","0","N","0","0","0","3","36210","0","","1","01","N","N","1","","2","0","0","0","0","N","1312","2","2","0","0","0","0","0","1","0","2","N","","","","","","","","","","","1425","03","","","N","N"
"1310","2","0","0","0","0","0","0","0","0","4","0","","36","09","2021","2021093997","4","40.0448","-76.2862","1307","08","0","0","0","0","0","0","0","0","","0","0","0","13","1","1","01","1","40 02:41.313","4","00","76 17:10.405","3","0","0","0","36301","0","0","0","N","0","0","0","2","36301","0","","1","01","N","N","0","","1","0","0","3","3","N","1307","1","2","0","0","0","0","0","3","0","2","N","","","","","","","","","","","1330","03","","","N",""
"2154","0","0","0","0","0","0","0","0","0","8","0","","36","06","2021","2021053477","7","40.024","-76.3141","2149","08","0","0","0","0","0","0","1","0","","0","0","0","21","2","1","01","2","40 01:26.493","6","00","76 18:50.752","3","0","0","0","36301","1","0","0","N","1","0","0","2","36301","0","","1","01","N","N","0","","1","0","1","3","3","Y","2148","1","2","0","0","0","0","0","3","0","1","N","","","","","","","","","","","2215","03","03","","N","N"
"1900","0","0","0","0","0","0","0","0","0","1","0","","36","06","2021","2021052274","2","40.1746","-76.1914","1848","08","1","0","0","0","0","0","0","0","","0","0","0","18","1","1","00","2","40 10:28.612","5","00","76 11:29.148","3","0","0","0","36408","1","0","0","N","0","0","0","3","36408","0","","2","01","N","N","0","","1","0","2","0","0","Y","1848","1","2","0","0","0","0","0","2","0","2","N","","","","","","","","","","","1915","03","","","N","N"
"1853","1","0","0","0","0","0","0","0","0","4","0","","36","10","2021","2021097982","5","40.0606","-76.2768","1851","08","0","1","0","0","0","0","1","0","","0","0","0","18","3","1","01","1","40 03:38.263","4","08","76 16:36.564","3","0","0","0","36101","0","0","0","N","0","0","0","2","36101","0","","1","01","N","N","1","","1","0","0","3","2","N","1848","1","2","0","0","0","0","0","3","0","2","N","","","","","","","","","","","1910","03","","","N",""
"2345","2","0","0","0","0","0","0","0","0","4","0","","36","10","2021","2021098595","7","40.0504","-76.3037","2344","08","0","0","0","0","1","0","0","0","","0","0","0","23","3","0","01","1","40 03:01.323","4","00","76 18:13.170","0","0","0","0","36301","0","0","0","N","0","0","0","2","36301","0","","1","09","N","N","0","","0","0","0","3","2","Y","2309","0","2","0","0","0","0","0","3","0","2","N","","","","","","","","","","","0023","03","03","","N","N"
"0716","0","0","0","0","0","0","0","0","0","7","0","","36","10","2021","2021097382","7","40.0622","-76.4926","0711","08","0","0","1","0","0","0","0","0","","0","0","0","07","5","0","00","2","40 03:43.792","4","00","76 29:33.495","0","0","0","0","36239","0","0","0","Y","0","0","0","1","36239","0","","5","01","N","N","0","","0","0","1","0","0","N","0708","0","1","0","0","0","0","0","3","0","1","N","","","","","","","","","","","0756","04","","","N","N"
"1502","2","0","0","0","0","0","0","0","0","4","0","","36","06","2021","2021051656","7","40.0491","-76.3057","1459","08","0","0","0","1","0","1","0","0","","0","0","0","14","1","1","01","1","40 02:56.626","2","00","76 18:20.639","3","0","0","0","36301","0","0","0","N","0","0","0","2","36301","0","","1","01","N","N","0","","1","0","0","3","3","N","1455","1","2","0","0","0","0","0","3","0","2","N","","","","","","","","","","","1616","03","03","","N",""
"0746","0","0","0","0","0","0","0","0","0","7","0","","36","10","2021","2021097895","3","39.8139","-76.1676","0731","08","0","0","0","0","0","0","0","0","","0","0","0","07","2","0","00","1","39 48:50.070","3","00","76 10:03.410","0","0","0","0","36212","0","0","0","N","0","0","0","1","68J01","0","","4","09","N","N","0","","0","0","1","0","0","N","0731","0","1","0","0","0","0","0","1","0","1","N","","","","","","","","","","","0830","07","07","","N","N"
"2104","2","0","1","0","0","0","0","0","0","4","0","","36","06","2021","2021053932","5","40.0388","-76.3129","2104","08","0","0","0","0","0","1","0","0","","0","0","0","21","3","2","01","2","40 02:19.654","7","00","76 18:46.345","2","0","0","0","36301","0","0","0","N","0","0","0","2","36301","0","","1","09","N","N","0","","1","1","0","3","2","Y","2103","2","2","0","0","0","0","0","3","0","2","N","","","","","","","","","","","2134","07","07","","N",""