"ARRIVAL_TM","AUTOMOBILE_COUNT","BELTED_DEATH_COUNT","BELTED_SUSP_SERIOUS_INJ_COUNT","BICYCLE_COUNT","BICYCLE_DEATH_COUNT","BICYCLE_SUSP_SERIOUS_INJ_COUNT","BUS_COUNT","CHLDPAS_DEATH_COUNT","CHLDPAS_SUSP_SERIOUS_INJ_COUNT","COLLISION_TYPE","COMM_VEH_COUNT","CONS_ZONE_SPD_LIM","COUNTY","CRASH_MONTH","CRASH_YEAR","CRN","DAY_OF_WEEK","DEC_LAT","DEC_LONG","DISPATCH_TM","DISTRICT","DRIVER_COUNT_16YR","DRIVER_COUNT_17YR","DRIVER_COUNT_18YR","DRIVER_COUNT_19YR","DRIVER_COUNT_20YR","DRIVER_COUNT_50_64YR","DRIVER_COUNT_65_74YR","DRIVER_COUNT_75PLUS","EST_HRS_CLOSED","FATAL_COUNT","HEAVY_TRUCK_COUNT","HORSE_BUGGY_COUNT","HOUR_OF_DAY","ILLUMINATION","INJURY_COUNT","INTERSECT_TYPE","LANE_CLOSED","LATITUDE","LN_CLOSE_DIR","LOCATION_TYPE","LONGITUDE","MAX_SEVERITY_LEVEL","MCYCLE_DEATH_COUNT","MCYCLE_SUSP_SERIOUS_INJ_COUNT","MOTORCYCLE_COUNT","MUNICIPALITY","NONMOTR_COUNT","NONMOTR_DEATH_COUNT","NONMOTR_SUSP_SERIOUS_INJ_COUNT","NTFY_HIWY_MAINT","PED_COUNT","PED_DEATH_COUNT","PED_SUSP_SERIOUS_INJ_COUNT","PERSON_COUNT","POLICE_AGCY","POSSIBLE_INJ_COUNT","RDWY_SURF_TYPE_CD","RELATION_TO_ROAD","ROAD_CONDITION","SCH_BUS_IND","SCH_ZONE_IND","SMALL_TRUCK_COUNT","SPEC_JURIS_CD","SUSP_MINOR_INJ_COUNT","SUSP_SERIOUS_INJ_COUNT","SUV_COUNT","TCD_FUNC_CD","TCD_TYPE","TFC_DETOUR_IND","TIME_OF_DAY","TOT_INJ_COUNT","TOTAL_UNITS","UNB_DEATH_COUNT","UNB_SUSP_SERIOUS_INJ_COUNT","UNBELTED_OCC_COUNT","UNK_INJ_DEG_COUNT","UNK_INJ_PER_COUNT","URBAN_RURAL","VAN_COUNT","VEHICLE_COUNT","WORK_ZONE_IND","WORK_ZONE_LOC","WORK_ZONE_TYPE","WORKERS_PRES","WZ_CLOSE_DETOUR","WZ_FLAGGER","WZ_LAW_OFFCR_IND","WZ_LN_CLOSURE","WZ_MOVING","WZ_OTHER","WZ_SHLDER_MDN","ROADWAY_CLEARED","WEATHER1","WEATHER2","WZ_WORKERS_INJ_KILLED","SECONDARY_CRASH","INTERSECTION_RELATED"
"2352","1","0","0","0","0","0","0","0","0","7","0","","36","10","2021","2021098651","2","40.162","-76.2019","2350","08","0","0","0","0","0","1","0","0","","0","0","0","23","2","0","00","1","40 09:43.025","1","00","76 12:06.834","0","0","0","0","36402","0","0","0","N","0","0","0","3","36238","0","","4","01","N","N","0","","0","0","0","0","0","N","2350","0","1","0","0","1","0","0","2","0","1","N","","","","","","","","","","","0028","03","","","N","N"
"2114","1","0","0","0","0","0","0","0","0","7","0","","36","06","2021","2021051554","7","40.1798","-76.1618","2109","08","0","1","0","0","0","0","0","0","","0","0","0","21","3","1","00","0","40 10:47.100","","00","76 09:42.400","3","0","0","0","36408","0","0","0","N","0","0","0","4","36408","0","","4","01","N","N","0","","1","0","0","0","0","","2106","1","1","0","0","1","0","0","2","0","1","N","","","","","","","","","","","","03","03","","N","N"
"1111","0","0","0","0","0","0","0","0","0","4","0","","36","10","2021","2021100107","5","40.0283","-76.0811","1105","08","0","0","0","0","0","0","0","0","","0","0","0","11","1","1","00","2","40 01:41.749","6","00","76 04:51.879","4","0","0","0","36221","0","0","0","N","0","0","0","2","68J01","1","","1","01","N","N","1","","0","0","1","0","0","Y","1101","1","3","0","0","0","0","0","1","0","2","N","","","","","","","","","","","1200","03","03","","N","N"
"0806","2","0","0","0","0","0","0","0","0","1","0","","36","10","2021","2021100846","3","40.1198","-76.3057","0805","08","0","0","0","0","0","1","0","0","","0","0","0","08","1","1","00","1","40 07:11.398","2","00","76 18:20.533","4","0","0","0","36101","0","0","0","N","0","0","0","2","36101","1","","1","01","N","N","0","","0","0","0","0","0","N","0800","1","2","0","0","0","0","0","3","0","2","N","","","","","","","","","","","0839","03","","","N","N"
"0843","0","0","0","0","0","0","0","0","0","7","0","","36","10","2021","2021097529","3","39.8545","-76.2846","0820","08","0","0","0","0","0","0","0","0","","0","0","0","08","1","0","00","0","39 51:16.131","","00","76 17:04.388","0","0","0","0","36224","0","0","0","N","0","0","0","1","68J01","0","","4","09","N","N","1","","0","0","0","0","0","","0811","0","1","0","0","0","0","0","1","0","1","N","","","","","","","","","","","","07","05","","N","N"
"1605","1","0","0","0","0","0","0","0","0","7","0","","36","10","2021","2021099817","2","40.0726","-76.3955","1556","08","0","1","0","0","0","0","0","0","","0","0","0","15","1","0","00","1","40 04:21.530","4","00","76 23:43.650","0","0","0","0","36214","0","0","0","N","0","0","0","1","36214","0","","5","01","N","N","0","","0","0","0","0","0","N","1515","0","1","0","0","0","0","0","3","0","1","N","","","","","","","","","","","1615","03","03","","N","N"
"1513","0","0","0","0","0","0","0","0","0","1","1","","36","10","2021","2021098505","6","40.0691","-76.3569","1513","08","0","0","0","0","0","0","0","0","","0","1","0","15","1","0","01","1","40 04:08.816","2","00","76 21:24.786","9","0","0","0","36214","0","0","0","N","0","0","0","6","36214","0","","1","01","N","N","0","","0","0","2","3","2","N","1513","0","3","0","0","0","0","2","3","0","3","N","","","","","","","","","","","1630","03","","","N",""
"0314","0","0","0","0","0","0","0","0","0","7","0","","36","10","2021","2021100215","4","40.198","-76.3738","0306","08","0","0","0","0","0","0","0","0","","0","0","0","03","2","0","00","0","40 11:52.670","","00","76 22:25.630","0","0","0","0","36227","0","0","0","N","0","0","0","1","36506","0","","4","01","N","N","0","","0","0","1","0","0","","0300","0","1","0","0","0","0","0","1","0","1","N","","","","","","","","","","","","03","","","N","N"
"1238","2","0","0","0","0","0","0","0","0","4","0","","36","10","2021","2021100458","7","40.0754","-76.3484","1222","08","0","0","0","0","0","0","0","1","","0","0","0","12","1","2","05","1","40 04:31.323","2","00","76 20:54.155","3","0","0","0","36101","0","0","0","N","0","0","0","2","36101","0","","1","01","N","N","0","","2","0","0","0","0","N","1222","2","2","0","0","0","0","0","3","0","2","N","","","","","","","","","","","1311","03","03","","N",""
"1523","0","0","0","0","0","0","0","0","0","7","0","","36","10","2021","2021098938","7","40.0565","-76.3305","1515","08","0","0","0","0","0","1","0","0","","0","0","0","14","1","0","00","0","40 03:21.917","","07","76 19:47.663","0","0","0","0","36101","0","0","0","N","0","0","0","1","36101","0","","2","09","N","N","0","","0","0","1","0","0","","1412","0","1","0","0","0","0","0","3","0","1","N","","","","","","","","","","","","07","07","","N","N"
"1321","0","0","0","0","0","0","0","0","0","4","0","","36","06","2021","2021076569","1","39.9599","-76.3231","1316","08","0","1","0","0","0","0","0","0","","0","0","0","13","1","1","01","0","39 57:35.489","","00","76 19:23.125","3","0","0","0","36228","0","0","0","N","0","0","0","7","36228","0","","1","01","N","N","1","","1","0","1","3","3","","1314","1","2","0","0","1","0","0","1","0","2","N","","","","","","","","","","","","04","","","N","N"
"1825","1","0","0","0","0","0","0","0","0","7","0","","36","10","2021","2021098784","7","40.0383","-76.4584","1818","08","0","0","0","0","0","0","0","0","","0","0","0","18","4","0","00","0","40 02:18.041","","00","76 27:30.389","0","0","0","0","36239","0","0","0","Y","0","0","0","1","36239","0","","4","09","N","N","0","","0","0","0","0","0","","1818","0","1","0","0","0","0","0","3","0","1","N","","","","","","","","","","","","07","07","","N","N"
"2207","0","0","0","0","0","0","0","0","0","6","0","","36","10","2021","2021097754","3","39.9894","-76.2297","2205","08","0","0","0","0","0","0","0","0","","0","0","0","22","3","0","02","1","39 59:21.706","3","00","76 13:46.836","0","0","0","0","36240","0","0","0","N","0","0","0","1","36240","0","","5","01","N","N","0","","0","0","2","3","3","N","2204","0","2","0","0","0","0","0","1","0","2","N","","","","","","","","","","","2230","03","03","","N","N"
"1418","0","0","0","0","0","0","0","0","0","7","0","","36","10","2021","2021099574","2","40.0992","-76.3289","1415","08","0","0","0","0","0","0","0","0","","0","0","0","14","1","0","00","0","40 05:57.130","","00","76 19:44.055","0","0","0","0","36101","0","0","0","N","0","0","0","1","36101","0","","5","01","N","N","0","","0","0","0","0","0","","1414","0","1","0","0","0","0","0","3","1","1","N","","","","","","","","","","","","03","","","N","N"
"2240","1","0","0","0","0","0","0","0","0","0","1","","36","06","2021","2021054746","1","40.1431","-76.5554","2231","08","0","0","0","0","0","1","0","0","","0","1","0","22","2","1","00","0","40 08:35.159","","00","76 33:19.537","3","0","0","0","36225","0","0","0","N","0","0","0","2","36505","0","","1","01","N","N","0","","1","0","0","0","0","","2229","1","2","0","0","0","0","1","2","0","2","N","","","","","","","","","","","","03","03","","N","N"
"0936","1","0","0","0","0","0","0","0","0","1","0","","36","09","2021","2021091311","5","40.0957","-76.2607","0925","08","0","1","0","0","1","0","0","0","","0","0","0","09","1","0","00","0","40 05:44.603","","00","76 15:38.369","0","0","0","0","36101","0","0","0","N","0","0","0","2","36101","0","","1","09","N","N","1","","0","0","0","0","0","","0921","0","2","0","0","0","0","0","3","0","2","N","","","","","","","","","","","","07","07","","N","N"
"1542","1","0","0","0","0","0","0","0","0","1","0","","36","09","2021","2021091772","2","40.1442","-76.3067","1539","08","0","0","0","0","0","0","0","1","","0","0","0","15","1","1","00","2","40 08:39.260","5","00","76 18:24.150","4","0","0","0","36409","0","0","0","N","0","0","0","1","36409","1","","6","01","N","N","0","","0","0","2","0","0","Y","1538","1","3","0","0","0","0","0","3","0","3","N","","","","","","","","","","","1642","03","","","N","N"
"2348","1","0","0","0","0","0","0","0","0","0","0","","36","05","2021","2021042090","6","40.0682","-76.2908","2342","08","0","0","0","0","0","1","0","0","","0","0","0","23","3","1","00","2","40 04:05.363","4","02","76 17:26.811","4","0","0","0","36101","0","0","0","N","0","0","0","2","36101","1","","1","09","N","N","0","","0","0","0","0","0","N","2340","1","1","0","0","0","0","0","3","0","1","N","","","","","","","","","","","0019","07","","","N","N"
"0522","0","0","1","0","0","0","0","0","0","7","0","","36","09","2021","2021092016","3","40.0216","-76.1882","0522","08","0","0","0","0","0","1","0","0","","0","0","0","05","3","2","00","1","40 01:17.635","3","00","76 11:17.459","2","0","0","0","36215","0","0","0","N","0","0","0","2","36215","0","","5","01","N","N","1","","0","2","0","0","0","N","0520","2","1","0","1","1","0","0","1","0","1","N","","","","","","","","","","","0705","03","03","","N","N"
"0515","1","0","0","0","0","0","0","0","0","7","0","","36","09","2021","2021092871","1","40.2279","-76.0549","0459","08","0","0","0","0","0","0","0","0","","0","0","0","04","2","0","00","0","40 13:40.467","","00","76 03:17.573","0","0","0","0","36202","0","0","0","Y","0","0","0","1","68J01","0","","4","01","N","N","0","","0","0","0","0","0","","0458","0","1","0","0","0","0","0","1","0","1","N","","","","","","","","","","","","03","","","N","N"
"1605","1","0","0","0","0","0","0","0","0","7","0","","36","09","2021","2021092238","5","40.0436","-76.4313","1555","08","0","0","0","0","0","0","1","0","","0","0","0","15","1","1","00","2","40 02:36.872","3","00","76 25:52.848","8","0","0","0","36239","0","0","0","N","0","0","0","1","36239","0","","2","01","N","N","0","","0","0","0","0","0","N","1555","1","1","0","0","0","1","0","3","0","1","N","","","","","","","","","","","1700","04","04","","N","N"
"1203","1","0","0","0","0","0","0","0","0","7","0","","36","09","2021","2021090788","6","40.0691","-76.3569","1157","08","0","0","0","0","0","0","0","0","","0","0","0","11","1","0","02","1","40 04:08.816","5","00","76 21:24.786","0","0","0","0","36214","0","0","0","Y","0","0","0","2","36214","0","","4","01","N","N","0","","0","0","1","3","3","Y","1150","0","2","0","0","0","0","0","3","0","2","N","","","","","","","","","","","1240","03","","","N",""
"1808","2","0","0","0","0","0","0","0","0","4","0","","36","09","2021","2021092093","4","40.0052","-76.1861","1803","08","0","1","0","0","0","0","1","0","","0","0","0","18","1","0","00","2","40 00:18.883","5","00","76 11:09.789","0","0","0","0","36233","0","0","0","N","0","0","0","2","68J01","0","","1","01","N","N","0","","0","0","0","0","0","Y","1801","0","2","0","0","0","0","0","1","0","2","N","","","","","","","","","","","1934","03","","","N","N"
"1627","2","0","0","0","0","0","0","0","0","4","0","","36","09","2021","2021090165","5","40.0458","-76.3082","1624","08","0","0","0","0","0","0","0","0","","0","0","0","16","1","1","01","2","40 02:44.721","6","00","76 18:29.541","3","0","0","0","36301","0","0","0","N","0","0","0","2","36301","0","","1","01","N","N","0","","1","0","0","3","3","Y","1624","1","2","0","0","0","0","0","3","0","2","N","","","","","","","","","","","1716","03","03","","N",""
"2331","4","0","0","0","0","0","0","0","0","5","0","","36","08","2021","2021089156","3","40.0421","-76.3134","2328","08","0","0","0","0","0","0","0","0","","0","0","0","23","3","0","01","1","40 02:31.437","4","00","76 18:48.380","0","0","0","0","36301","0","0","0","N","0","0","0","1","36301","0","","1","01","N","N","0","","0","0","0","3","2","N","2327","0","4","0","0","0","0","0","3","0","4","N","","","","","","","","","","","2355","03","03","","N",""
"1132","0","0","0","0","0","0","0","0","0","4","0","","36","09","2021","2021090669","6","40.1642","-76.1543","1129","08","0","0","0","0","0","0","0","0","","0","0","0","11","1","1","00","0","40 09:51.114","","07","76 09:15.501","3","0","0","1","36218","0","0","0","N","0","0","0","4","36408","0","","1","01","N","N","0","","1","0","2","3","2","","1129","1","3","0","0","0","0","0","1","0","3","N","","","","","","","","","","","","03","","","N","Y"
"1319","0","0","0","0","0","0","0","0","0","4","0","","36","09","2021","2021091546","4","40.006","-76.3705","1305","08","0","0","0","0","0","0","0","0","","0","0","0","13","1","0","00","0","40 00:21.420","","00","76 22:13.678","0","0","0","0","36223","0","0","0","N","0","0","0","1","36223","0","","4","09","N","N","0","","0","0","2","0","0","","1304","0","2","0","0","0","0","0","1","0","2","N","","","","","","","","","","","","03","","","N","N"
"0658","1","0","0","0","0","0","0","0","0","1","0","","36","05","2021","2021043354","4","40.0742","-76.3207","0656","08","0","0","0","0","1","0","0","0","","0","0","0","06","1","0","01","1","40 04:26.997","3","00","76 19:14.393","0","0","0","0","36101","0","0","0","N","0","0","0","3","36101","0","","1","01","N","N","0","","0","0","1","3","2","N","0654","0","2","0","0","0","0","0","3","0","2","N","","","","","","","","","","","0751","03","03","","N","N"
"0704","0","0","0","0","0","0","0","0","0","5","0","","36","05","2021","2021045036","6","40.1341","-76.543","0648","08","0","0","0","0","0","1","0","0","","0","0","0","06","1","0","00","0","40 08:02.759","","00","76 32:34.850","0","0","0","0","36225","0","0","0","N","0","0","0","2","36505","0","","1","01","N","N","0","","0","0","1","0","0","","0645","0","2","0","0","0","0","0","2","1","2","N","","","","","","","","","","","","03","03","","N","N"
"1315","1","0","0","0","0","0","0","0","0","1","0","","36","05","2021","2021041977","2","40.0397","-76.2913","1311","08","0","0","0","0","1","0","0","0","","0","0","0","13","1","0","01","2","40 02:22.965","2","00","76 17:28.737","0","0","0","0","36301","0","0","0","N","0","0","0","2","36301","0","","1","01","N","N","1","","0","0","0","3","2","N","1308","0","2","0","0","0","0","0","3","0","2","N","","","","","","","","","","","1340","03","03","","N","N"
"1647","1","0","0","0","0","0","0","0","0","1","0","","36","09","2021","2021092017","4","40.0349","-76.253","1643","08","0","0","0","0","0","1","0","0","","0","0","0","16","1","1","00","0","40 02:05.550","","00","76 15:10.748","3","0","0","0","36215","0","0","0","N","0","0","0","3","36215","0","","1","01","N","N","0","","1","0","2","0","0","","1638","1","3","0","0","0","0","0","1","0","3","N","","","","","","","","","","","","04","04","","N","N"
"1159","0","1","0","0","0","0","0","0","0","7","0","","36","09","2021","2021091656","6","39.9359","-76.3857","1146","08","0","0","0","0","0","0","0","1","","1","0","0","11","1","0","02","0","39 56:09.271","","00","76 23:08.549","1","0","0","0","36206","0","0","0","N","0","0","0","1","68J01","0","2","4","01","N","N","0","0","0","0","1","3","3","","1142","0","1","0","0","0","0","0","1","0","1","N","","","","","","","","","","","","03","","","N","N"
"1436","1","0","0","0","0","0","0","0","0","4","0","","36","09","2021","2021092823","4","40.1147","-76.244","1434","08","0","0","0","0","0","1","1","0","","0","0","0","14","1","1","02","0","40 06:52.778","","00","76 14:38.314","3","0","0","0","36101","0","0","0","N","0","0","0","2","36101","0","","1","01","N","N","0","","1","0","1","3","3","","1433","1","2","0","0","0","0","0","3","0","2","N","","","","","","","","","","","","03","03","","N",""
"0735","1","0","0","0","0","0","0","0","0","1","1","","36","09","2021","2021091116","2","40.0374","-76.2651","0735","08","0","0","0","0","0","1","1","0","","0","1","0","07","1","1","00","2","40 02:14.500","3","00","76 15:54.220","3","0","0","0","36215","0","0","0","N","0","0","0","2","36215","0","","1","01","N","N","0","","1","0","0","0","0","N","0733","1","2","0","0","1","0","0","1","0","2","N","","","","","","","","","","","0815","03","","","N","N"
"0400","1","0","0","0","0","0","0","0","0","98","0","","36","09","2021","2021084302","3","40.0544","-76.3711","0355","08","0","0","0","0","0","0","0","0","","0","0","0","03","2","0","00","1","40 03:16.013","4","00","76 22:15.949","0","0","0","0","36214","0","0","0","N","0","0","0","2","36214","0","","1","01","N","N","0","","0","0","1","0","0","N","0350","0","2","0","0","0","0","0","3","0","2","N","","","","","","","","","","","0430","03","03","","N","N"
"1808","1","0","0","0","0","0","0","0","0","7","0","","36","09","2021","2021085039","4","40.2454","-76.178","1801","08","0","0","0","0","0","0","0","0","","0","0","0","18","1","0","00","0","40 14:43.617","","00","76 10:43.808","9","0","0","0","36236","0","0","0","N","0","0","0","2","68T06","0","","4","09","N","N","0","","0","0","0","0","0","","1801","0","1","0","0","0","0","2","1","0","1","N","","","","","","","","","","","","07","","","N","N"
"1153","1","0","0","0","0","0","0","0","0","2","0","","36","09","2021","2021088447","1","40.0491","-76.3057","1150","08","0","0","0","0","0","0","1","0","","0","0","0","11","1","1","01","1","40 02:56.626","2","00","76 18:20.639","3","0","0","0","36301","0","0","0","N","0","0","0","4","36301","0","","1","01","N","N","0","","1","0","1","3","3","N","1150","1","2","0","0","0","0","0","3","0","2","N","","","","","","","","","","","1230","03","03","","N",""
"0807","1","0","0","0","0","0","0","0","0","4","0","","36","09","2021","2021091963","3","39.8925","-76.1631","0749","08","0","1","0","0","0","0","0","0","","0","0","0","07","1","0","01","1","39 53:33.108","5","00","76 09:47.037","0","0","0","0","36416","0","0","0","N","0","0","0","3","68J01","0","","1","01","N","N","0","","0","0","1","3","2","N","0748","0","2","0","0","0","0","0","1","0","2","N","","","","","","","","","","","0830","03","03","","N","N"
"1709","0","0","0","0","0","0","0","0","0","1","2","","36","09","2021","2021091771","2","40.0707","-76.3185","1704","08","0","0","0","0","0","2","1","0","","0","2","0","17","1","1","00","2","40 04:14.405","4","00","76 19:06.682","8","0","0","0","36101","0","0","0","N","0","0","0","3","36101","0","","1","01","N","N","0","","0","0","1","0","0","Y","1701","1","3","0","0","0","1","0","3","0","3","N","","","","","","","","","","","1815","03","03","","N","N"
"0837","0","0","0","0","0","0","0","0","0","1","0","","36","09","2021","2021090866","1","40.0052","-76.1069","0833","08","0","0","0","0","0","1","0","1","","0","0","0","08","1","0","00","0","40 00:18.782","","00","76 06:24.755","0","0","0","0","36226","0","0","0","N","0","0","0","4","68J01","0","","1","01","N","N","0","","0","0","2","0","0","","0832","0","2","0","0","0","0","0","1","0","2","N","","","","","","","","","","","","03","","","N","N"
"1415","1","0","0","0","0","0","0","0","0","1","0","","36","10","2021","2021092824","6","40.054","-76.3596","1407","08","0","0","1","0","0","1","0","0","","0","0","0","14","1","1","00","0","40 03:14.556","","00","76 21:34.544","8","0","0","0","36214","0","0","0","N","0","0","0","2","36214","0","","1","01","N","N","0","","0","0","1","0","0","","1405","1","2","0","0","0","1","0","3","0","2","N","","","","","","","","","","","","03","","","N","N"
"1754","2","0","0","0","0","0","0","0","0","1","0","","36","09","2021","2021091543","1","40.0419","-76.326","1746","08","0","0","0","0","0","2","0","0","","0","0","0","17","1","2","00","2","40 02:30.743","6","00","76 19:33.502","3","0","0","0","36220","0","0","0","N","0","0","0","4","36101","1","","1","01","N","N","0","","1","0","1","0","0","Y","1744","2","3","0","0","0","0","0","3","0","3","N","","","","","","","","","","","1850","03","","","N","N"
"0603","1","0","0","0","0","0","0","0","0","4","0","","36","09","2021","2021092145","2","40.0105","-76.1323","0555","08","0","0","0","0","0","0","1","0","","0","0","0","05","3","0","00","1","40 00:37.831","3","00","76 07:56.320","0","0","0","0","36226","0","0","0","N","0","0","0","2","68J01","0","","1","01","N","N","1","","0","0","0","9","3","N","0550","0","2","0","0","0","0","0","1","0","2","N","","","","","","","","","","","0645","03","","","N","Y"
"1747","0","0","0","0","0","0","0","0","0","2","0","","36","09","2021","2021090606","7","40.2789","-76.2033","1741","08","0","0","0","0","0","1","0","0","","0","0","0","17","1","1","00","2","40 16:43.940","5","00","76 12:11.804","8","0","0","1","36236","0","0","0","N","0","0","0","2","36408","0","","1","01","N","N","1","","0","0","0","0","0","Y","1741","1","2","0","0","0","1","0","1","0","2","N","","","","","","","","","","","1818","03","03","","N","N"
"1540","0","0","0","0","0","0","0","0","0","2","0","","36","09","2021","2021092021","3","40.0392","-76.1994","1536","08","0","0","0","0","0","1","0","1","","0","0","0","15","1","0","00","2","40 02:20.979","5","00","76 11:57.663","0","0","0","0","36215","0","0","0","N","0","0","0","3","36215","0","","1","01","N","N","1","","0","0","1","0","0","Y","1536","0","2","0","0","0","0","0","1","0","2","N","","","","","","","","","","","1613","03","03","","N","N"
"2320","2","0","0","0","0","0","0","0","0","4","0","","36","08","2021","2021090905","1","40.052","-76.3095","2317","08","0","0","0","1","0","0","0","0","","0","0","0","23","3","0","00","2","40 03:07.302","3","00","76 18:34.276","0","0","0","0","36301","0","0","0","N","0","0","0","1","36301","0","","4","01","N","N","0","","0","0","0","0","0","Y","2315","0","2","0","0","0","0","0","3","0","2","N","","","","","","","","","","","0025","03","03","","N","N"
"2123","1","0","0","0","0","0","0","0","0","4","0","","36","10","2021","2021095309","6","40.0302","-76.293","2123","08","0","0","0","0","0","0","0","0","","0","0","0","21","3","0","01","1","40 01:48.723","3","00","76 17:34.850","0","0","0","0","36301","0","0","0","N","0","0","0","8","36301","0","","1","01","N","N","0","","0","0","1","3","3","N","2123","0","2","0","0","0","0","0","3","0","2","N","","","","","","","","","","","2145","03","03","","N",""
"1650","0","0","0","0","0","0","0","0","0","1","1","","36","09","2021","2021092234","4","40.069","-76.3079","1644","08","0","0","1","0","0","0","0","0","","0","1","0","16","1","1","00","0","40 04:08.341","","00","76 18:28.370","4","0","0","0","36101","0","0","0","N","0","0","0","3","36101","1","","1","01","N","N","0","","0","0","1","0","0","","1641","1","2","0","0","0","0","0","3","0","2","N","","","","","","","","","","","","03","03","","N","N"
"0030","3","0","0","0","0","0","0","0","0","1","0","","36","09","2021","2021091087","7","40.0442","-76.308","0028","08","0","0","0","0","0","0","0","0","","0","0","0","00","3","0","00","0","40 02:39.020","","00","76 18:28.798","9","0","0","0","36301","0","0","0","N","0","0","0","2","36301","0","","6","01","N","N","0","","0","0","0","0","0","","0028","0","3","0","0","0","0","2","3","0","3","N","","","","","","","","","","","","03","03","","Y","Y"
"2140","1","0","0","0","0","0","0","0","0","7","0","","36","09","2021","2021091547","4","40.084","-76.0739","2131","08","0","0","0","0","0","0","0","0","","0","0","0","21","2","0","00","2","40 05:02.386","5","00","76 04:25.939","0","0","0","0","36209","0","0","0","N","0","0","0","1","36415","0","","5","08","N","N","0","","0","0","0","0","0","N","2128","0","1","0","0","0","0","0","1","0","1","N","","","","","","","","","","","0300","07","08","","N","N"
"1240","1","0","0","0","0","0","0","0","0","1","0","","36","09","2021","2021090348","4","40.038","-76.3445","1232","08","0","0","0","0","0","0","1","0","","0","0","0","12","1","1","00","1","40 02:16.791","3","00","76 20:40.246","8","0","0","0","36223","0","0","0","N","0","0","0","4","36223","0","","1","01","N","N","1","","0","0","0","0","0","N","1229","1","2","0","0","0","1","0","1","0","2","N","","","","","","","","","","","1254","03","03","","N","Y"
"1505","1","0","0","0","0","0","0","0","0","7","0","","36","09","2021","2021085979","4","40.1948","-76.1482","1502","08","0","1","0","0","0","0","0","0","","0","0","0","15","1","0","00","0","40 11:41.322","","00","76 08:53.432","0","0","0","0","36218","0","0","0","N","0","0","0","1","36408","0","","5","09","N","N","0","","0","0","0","0","0","","1500","0","1","0","0","0","0","0","1","0","1","N","","","","","","","","","","","","07","","","N","N"
"0631","0","0","0","0","0","0","0","0","0","1","0","","36","09","2021","2021092023","6","40.0762","-76.2249","0627","08","0","0","0","0","0","0","0","0","","0","0","0","06","2","1","00","1","40 04:34.490","6","00","76 13:29.540","4","0","0","0","36234","0","0","0","N","0","0","0","2","36215","1","","1","01","N","N","0","","0","0","2","0","0","N","0619","1","2","0","0","0","0","0","1","0","2","N","","","","","","","","","","","0645","03","","","N","N"
"1234","1","0","0","0","0","0","0","0","0","7","0","","36","09","2021","2021092609","5","40.0615","-76.3133","1233","08","0","0","0","0","0","0","0","0","","0","0","0","12","1","0","02","0","40 03:41.530","","00","76 18:47.944","0","0","0","0","36101","0","0","0","N","0","0","0","1","36101","0","","2","01","N","N","0","","0","0","0","0","0","","1225","0","1","0","0","0","0","0","3","0","1","N","","","","","","","","","","","","03","","","N","N"
"0821","0","0","0","0","0","0","0","0","0","6","1","","36","09","2021","2021092519","3","39.9889","-76.0196","0809","08","0","0","0","0","0","1","0","0","","0","1","0","07","1","0","00","1","39 59:20.175","1","00","76 01:10.603","0","0","0","0","36232","0","0","0","N","0","0","0","2","68J01","0","","1","01","N","N","1","","0","0","0","0","0","N","0755","0","2","0","0","0","0","0","1","0","2","N","","","","","","","","","","","1000","03","","","N","N"
"0645","1","0","0","0","0","0","0","0","0","4","1","","36","08","2021","2021092015","3","40.022","-76.191","0627","08","0","0","0","0","1","1","0","0","","0","1","0","06","5","0","00","1","40 01:19.306","3","00","76 11:27.464","0","0","0","0","36215","0","0","0","N","0","0","0","2","36215","0","","4","01","N","N","0","","0","0","0","3","8","N","0626","0","2","0","0","0","0","0","1","0","2","N","","","","","","","","","","","0739","03","03","","N","N"
"1847","2","0","0","0","0","0","0","0","0","2","0","","36","09","2021","2021092020","7","40.0333","-76.2339","1843","08","0","0","0","0","0","0","0","1","","0","0","0","18","1","1","02","2","40 01:59.998","2","00","76 14:01.952","3","0","0","0","36215","0","0","0","N","0","0","0","2","36215","0","","1","01","N","N","0","","1","0","0","0","0","N","1841","1","2","0","0","0","0","0","1","0","2","N","","","","","","","","","","","1927","03","03","","N",""
"1307","2","0","0","0","0","0","0","0","0","6","0","","36","09","2021","2021091657","6","39.9086","-76.0382","1258","08","0","0","0","0","0","0","0","0","","0","0","0","12","1","1","00","2","39 54:31.125","5","00","76 02:17.504","3","0","0","0","36201","0","0","0","N","0","0","0","2","68J01","0","","1","01","N","N","0","","1","0","0","0","0","Y","1256","1","2","0","0","0","0","0","1","0","2","N","","","","","","","","","","","0030","03","03","","N","N"
"0704","0","0","0","0","0","0","0","0","0","4","1","","36","09","2021","2021091545","3","40.0754","-76.3484","0700","08","0","0","0","0","0","0","0","0","","0","1","0","06","1","1","02","1","40 04:31.323","5","00","76 20:54.155","4","0","0","0","36101","0","0","0","N","0","0","0","3","36101","1","","1","09","N","N","0","","0","0","1","0","0","N","0657","1","2","0","0","1","0","0","3","0","2","N","","","","","","","","","","","0750","07","","","N",""