"ARRIVAL_TM","AUTOMOBILE_COUNT","BELTED_DEATH_COUNT","BELTED_SUSP_SERIOUS_INJ_COUNT","BICYCLE_COUNT","BICYCLE_DEATH_COUNT","BICYCLE_SUSP_SERIOUS_INJ_COUNT","BUS_COUNT","CHLDPAS_DEATH_COUNT","CHLDPAS_SUSP_SERIOUS_INJ_COUNT","COLLISION_TYPE","COMM_VEH_COUNT","CONS_ZONE_SPD_LIM","COUNTY","CRASH_MONTH","CRASH_YEAR","CRN","DAY_OF_WEEK","DEC_LAT","DEC_LONG","DISPATCH_TM","DISTRICT","DRIVER_COUNT_16YR","DRIVER_COUNT_17YR","DRIVER_COUNT_18YR","DRIVER_COUNT_19YR","DRIVER_COUNT_20YR","DRIVER_COUNT_50_64YR","DRIVER_COUNT_65_74YR","DRIVER_COUNT_75PLUS","EST_HRS_CLOSED","FATAL_COUNT","HEAVY_TRUCK_COUNT","HORSE_BUGGY_COUNT","HOUR_OF_DAY","ILLUMINATION","INJURY_COUNT","INTERSECT_TYPE","LANE_CLOSED","LATITUDE","LN_CLOSE_DIR","LOCATION_TYPE","LONGITUDE","MAX_SEVERITY_LEVEL","MCYCLE_DEATH_COUNT","MCYCLE_SUSP_SERIOUS_INJ_COUNT","MOTORCYCLE_COUNT","MUNICIPALITY","NONMOTR_COUNT","NONMOTR_DEATH_COUNT","NONMOTR_SUSP_SERIOUS_INJ_COUNT","NTFY_HIWY_MAINT","PED_COUNT","PED_DEATH_COUNT","PED_SUSP_SERIOUS_INJ_COUNT","PERSON_COUNT","POLICE_AGCY","POSSIBLE_INJ_COUNT","RDWY_SURF_TYPE_CD","RELATION_TO_ROAD","ROAD_CONDITION","SCH_BUS_IND","SCH_ZONE_IND","SMALL_TRUCK_COUNT","SPEC_JURIS_CD","SUSP_MINOR_INJ_COUNT","SUSP_SERIOUS_INJ_COUNT","SUV_COUNT","TCD_FUNC_CD","TCD_TYPE","TFC_DETOUR_IND","TIME_OF_DAY","TOT_INJ_COUNT","TOTAL_UNITS","UNB_DEATH_COUNT","UNB_SUSP_SERIOUS_INJ_COUNT","UNBELTED_OCC_COUNT","UNK_INJ_DEG_COUNT","UNK_INJ_PER_COUNT","URBAN_RURAL","VAN_COUNT","VEHICLE_COUNT","WORK_ZONE_IND","WORK_ZONE_LOC","WORK_ZONE_TYPE","WORKERS_PRES","WZ_CLOSE_DETOUR","WZ_FLAGGER","WZ_LAW_OFFCR_IND","WZ_LN_CLOSURE","WZ_MOVING","WZ_OTHER","WZ_SHLDER_MDN","ROADWAY_CLEARED","WEATHER1","WEATHER2","WZ_WORKERS_INJ_KILLED","SECONDARY_CRASH","INTERSECTION_RELATED"
"0554","1","0","0","0","0","0","0","0","0","1","1","","36","09","2021","2021092019","7","40.0224","-76.1929","0549","08","0","0","0","0","0","0","0","0","","0","1","0","05","3","0","01","0","40 01:21.007","","00","76 11:34.501","0","0","0","0","36215","0","0","0","N","0","0","0","2","36215","0","","1","01","N","N","0","","0","0","0","3","2","","0547","0","2","0","0","0","0","0","1","0","2","N","","","","","","","","","","","","03","03","","N",""
"1745","1","0","0","0","0","0","0","0","0","1","0","","36","06","2021","2021051128","3","39.9044","-76.242","1724","08","0","0","0","0","1","0","0","0","","0","0","0","17","1","0","00","0","39 54:15.685","","00","76 14:31.210","0","0","0","0","36229","0","0","0","N","0","0","0","3","68J01","0","","1","01","N","N","0","","0","0","1","0","0","","1720","0","2","0","0","0","0","0","1","0","2","N","","","","","","","","","","","","03","03","","N","N"
"1548","2","0","0","0","0","0","0","0","0","4","0","","36","10","2021","2021096503","2","40.0311","-76.2365","1545","08","0","0","0","0","0","1","0","1","","0","0","0","15","1","0","02","1","40 01:51.846","3","00","76 14:11.300","0","0","0","0","36215","0","0","0","N","0","0","0","2","36215","0","","1","01","N","N","0","","0","0","0","0","0","N","1544","0","2","0","0","0","0","0","1","0","2","N","","","","","","","","","","","1656","04","","","N",""
"0929","2","0","0","0","0","0","0","0","0","1","0","","36","09","2021","2021097459","7","39.9631","-75.9974","0904","08","0","1","0","1","0","0","0","0","","0","0","0","08","1","0","00","2","39 57:47.294","1","00","75 59:50.489","0","0","0","0","36231","0","0","0","N","0","0","0","5","68J01","0","","1","01","N","N","1","","0","0","1","0","0","N","0853","0","4","0","0","1","0","0","1","0","4","N","","","","","","","","","","","1100","03","","","N","Y"
"1443","3","0","0","0","0","0","0","0","0","1","0","","36","09","2021","2021090786","6","40.0781","-76.3089","1443","08","0","0","0","0","1","0","1","1","","0","0","0","14","1","2","00","1","40 04:41.203","2","00","76 18:31.873","3","0","0","0","36101","0","0","0","N","0","0","0","3","36101","0","","1","01","N","N","0","","2","0","0","3","2","N","1443","2","3","0","0","0","0","0","3","0","3","N","","","","","","","","","","","1520","03","","","N","N"
"1407","0","0","0","0","0","0","0","0","0","5","0","","36","09","2021","2021091776","5","40.1655","-76.3943","1401","08","0","0","0","0","0","0","1","0","","0","0","0","13","1","0","00","1","40 09:55.800","5","00","76 23:39.620","0","0","0","0","36410","0","0","0","N","0","0","0","1","36410","0","","1","01","N","N","0","","0","0","2","0","0","N","1359","0","2","0","0","0","0","0","2","0","2","N","","","","","","","","","","","1430","03","03","","N","N"
"0220","1","0","0","0","0","0","0","0","0","4","0","","36","09","2021","2021092608","5","40.0192","-76.3208","0215","08","0","0","0","0","0","0","0","0","","0","0","0","02","2","0","00","0","40 01:09.040","","00","76 19:14.960","9","0","0","0","36220","0","0","0","N","0","0","0","1","36101","0","","1","01","N","N","0","","0","0","2","0","0","","0210","0","3","0","0","0","0","1","3","0","3","N","","","","","","","","","","","","03","03","","N","N"
"2112","1","0","0","0","0","0","0","0","0","4","0","","36","09","2021","2021089134","1","40.0315","-76.3051","2107","08","0","0","0","0","0","0","0","0","","0","0","0","21","3","0","00","2","40 01:53.373","3","00","76 18:18.362","0","0","0","0","36301","0","0","0","N","0","0","0","1","36301","0","","5","01","N","N","0","","0","0","0","0","0","Y","2105","0","1","0","0","0","0","0","3","0","1","N","","","","","","","","","","","2158","03","","","N","N"
"1554","3","0","0","0","0","0","0","0","0","4","0","","36","09","2021","2021090032","5","40.0251","-76.3177","1532","08","0","0","0","0","0","2","0","0","","0","0","0","15","1","0","01","0","40 01:30.485","","00","76 19:03.655","0","0","0","0","36301","0","0","0","N","0","0","0","4","36301","0","","1","01","N","N","0","","0","0","0","3","3","","1532","0","3","0","0","0","0","0","3","0","3","N","","","","","","","","","","","","03","03","","Y","N"
"2330","1","0","0","0","0","0","0","0","0","8","0","","36","07","2021","2021091254","1","40.0359","-76.2996","2228","08","0","0","0","0","0","0","0","0","","0","0","0","20","1","1","01","0","40 02:09.146","","00","76 17:58.466","3","0","0","0","36301","1","0","0","N","1","0","0","2","36301","0","","1","01","N","N","0","","1","0","0","9","3","","2030","1","2","0","0","0","0","1","3","0","1","N","","","","","","","","","","","","03","","","N","N"
"1712","0","0","0","0","0","0","0","0","0","4","1","","36","09","2021","2021091114","3","40.0739","-76.3499","1702","08","0","0","0","0","0","0","1","0","","0","1","0","17","1","1","01","2","40 04:25.922","7","00","76 20:59.809","3","0","0","0","36214","0","0","0","N","0","0","0","5","36214","0","","1","01","N","N","0","","1","0","1","3","3","N","1700","1","2","0","0","0","0","0","3","0","2","N","","","","","","","","","","","1730","03","","","N",""
"0645","1","0","0","0","0","0","0","0","0","4","0","","36","09","2021","2021091544","2","40.0606","-76.2768","0641","08","0","0","0","0","0","1","0","1","","0","0","0","06","1","0","01","1","40 03:38.398","4","00","76 16:37.304","0","0","0","0","36101","0","0","0","N","0","0","0","2","36101","0","","1","01","N","N","0","","0","0","1","3","2","N","0638","0","2","0","0","0","0","0","3","0","2","N","","","","","","","","","","","0720","03","03","","N",""
"0721","1","0","0","0","0","0","0","0","0","4","0","","36","09","2021","2021091552","6","40.1568","-76.3814","0717","08","0","1","0","0","0","0","0","1","","0","0","0","07","1","0","01","1","40 09:24.378","7","00","76 22:53.158","0","0","0","0","36227","0","0","0","N","0","0","0","4","36506","0","","1","01","N","N","1","","0","0","0","0","0","N","0714","0","2","0","0","0","0","0","1","0","2","N","","","","","","","","","","","0811","03","","","N",""
"2212","1","0","0","0","0","0","0","0","0","0","0","","36","09","2021","2021092610","5","40.0805","-76.3452","2204","08","0","0","0","0","0","1","0","0","","0","0","0","21","3","0","00","0","40 04:49.630","","00","76 20:42.780","0","0","0","0","36101","0","0","0","N","0","0","0","1","36101","0","","2","01","N","N","0","","0","0","0","0","0","","2130","0","1","0","0","0","0","0","3","0","1","N","","","","","","","","","","","","03","03","","N","N"
"2110","0","0","0","0","0","0","0","0","0","8","0","65","36","09","2021","2021092543","4","40.1469","-76.1849","2106","08","0","0","0","0","0","1","0","0","","0","0","0","21","2","1","00","0","40 08:48.871","","00","76 11:05.503","3","0","0","0","36238","1","0","0","N","1","0","0","2","68J01","0","","1","01","N","N","1","","1","0","0","0","0","","2105","1","2","0","0","0","0","0","3","0","1","Y","4","2","Y","N","N","Y","Y","N","N","N","","03","03","Y","N","N"
"1354","0","0","0","0","0","0","0","0","0","1","0","","36","06","2021","2021052702","3","40.175","-76.1903","1351","08","0","0","0","0","0","0","1","0","","0","0","0","13","1","0","01","1","40 10:30.169","2","00","76 11:24.975","0","0","0","0","36408","0","0","0","N","0","0","0","2","36408","0","","1","01","N","N","0","","0","0","2","0","0","Y","1351","0","2","0","0","1","0","0","2","0","2","N","","","","","","","","","","","1435","03","03","","N",""
"1448","1","0","0","0","0","0","0","0","0","7","0","","36","06","2021","2021055197","6","40.0562","-76.5267","1444","08","0","0","1","0","0","0","0","0","","0","0","0","14","1","0","00","2","40 03:22.391","5","00","76 31:36.196","0","0","0","0","36211","0","0","0","Y","0","0","0","1","36504","0","","2","01","N","N","0","","0","0","0","0","0","Y","1443","0","1","0","0","1","0","0","1","0","1","N","","","","","","","","","","","1547","03","","","N","N"
"1451","0","0","0","0","0","0","0","0","0","1","0","","36","09","2021","2021090522","6","40.069","-76.3291","1446","08","0","0","0","0","0","1","1","0","","0","0","0","14","1","1","00","2","40 04:08.570","3","00","76 19:44.874","8","0","0","0","36101","0","0","0","N","0","0","0","3","36101","0","","1","01","N","N","2","","0","0","1","0","0","Y","1444","1","3","0","0","0","1","0","3","0","3","N","","","","","","","","","","","1600","03","","","N","N"
"0133","0","0","0","0","0","0","0","0","0","7","0","","36","09","2021","2021092544","5","39.9155","-76.1816","0120","08","0","0","0","0","0","1","0","0","","0","0","0","01","2","0","00","1","39 54:55.890","3","00","76 10:53.686","0","0","0","0","36229","0","0","0","N","0","0","0","1","68J01","0","","4","01","N","N","1","","0","0","0","0","0","N","0109","0","1","0","0","0","0","0","1","0","1","N","","","","","","","","","","","0210","03","03","","N","N"
"1657","2","0","0","0","0","0","0","0","0","1","0","","36","08","2021","2021092057","2","39.983","-76.1553","1644","08","0","0","0","0","0","1","0","0","","0","0","0","16","1","0","00","2","39 58:58.823","3","00","76 09:18.959","0","0","0","0","36233","0","0","0","N","0","0","0","2","68J01","0","","1","01","N","N","0","","0","0","0","0","0","N","1640","0","2","0","0","0","0","0","1","0","2","N","","","","","","","","","","","1744","03","","","N","N"
"1752","0","0","0","0","0","0","0","0","0","4","0","","36","09","2021","2021091118","6","40.0728","-76.1055","1742","08","0","0","0","0","0","0","0","1","","0","0","0","17","1","1","01","2","40 04:22.067","2","00","76 06:19.912","3","0","0","0","36234","0","0","0","N","0","0","0","3","36215","0","","1","01","N","N","1","","1","0","1","3","3","Y","1739","1","2","0","0","0","0","0","1","0","2","N","","","","","","","","","","","1825","03","","","N",""
"1904","1","0","0","0","0","0","0","0","0","4","0","","36","09","2021","2021092024","7","40.0378","-76.2707","1855","08","0","0","0","0","0","0","0","1","","0","0","0","18","3","3","03","1","40 02:16.133","3","00","76 16:14.672","4","0","0","0","36215","0","0","0","N","0","0","0","3","36215","3","","1","01","N","N","0","","0","0","1","3","2","N","1854","3","2","0","0","0","0","0","1","0","2","N","","","","","","","","","","","0045","03","","","N",""
"0119","1","0","0","0","0","0","0","0","0","7","0","","36","09","2021","2021092139","1","39.9544","-76.3365","0054","08","0","0","0","0","0","0","0","0","","0","0","0","00","2","0","00","0","39 57:16.000","","00","76 20:11.520","0","0","0","0","36206","0","0","0","N","0","0","0","1","68J01","0","","4","01","N","N","0","","0","0","0","0","0","","0050","0","1","0","0","1","0","0","1","0","1","N","","","","","","","","","","","","03","","","N","N"
"1457","0","0","0","0","0","0","0","0","0","1","0","","36","09","2021","2021092237","5","40.0675","-76.4132","1450","08","0","0","0","0","0","1","0","0","","0","0","0","14","1","0","01","1","40 04:03.061","2","00","76 24:47.404","0","0","0","0","36239","0","0","0","N","0","0","0","2","36239","0","","1","01","N","N","0","","0","0","1","0","0","N","1446","0","2","0","0","0","0","0","3","1","2","N","","","","","","","","","","","1530","04","04","","N",""
"1212","2","0","0","0","0","0","0","0","0","4","0","","36","09","2021","2021090790","7","40.1139","-76.3863","1207","08","0","0","0","0","0","0","2","0","","0","0","0","12","1","1","01","2","40 06:50.151","6","00","76 23:10.518","4","0","0","0","36214","0","0","0","N","0","0","0","4","36214","1","","1","01","N","N","0","","0","0","1","3","3","Y","1203","1","3","0","0","0","0","0","3","0","3","N","","","","","","","","","","","1305","03","","","N",""
"2000","2","0","0","0","0","0","0","0","0","4","0","","36","09","2021","2021089958","4","40.0385","-76.3036","1832","08","0","0","0","0","0","0","0","0","","0","0","0","18","1","0","00","0","40 02:18.613","","00","76 18:13.101","0","0","0","0","36301","0","0","0","N","0","0","0","1","36301","0","","2","01","N","N","0","","0","0","0","0","0","","1831","0","3","0","0","0","0","0","3","0","2","N","","","","","","","","","","","","03","03","","N","N"
"1744","1","0","0","0","0","0","0","0","0","1","0","","36","10","2021","2021097584","4","40.0901","-76.4097","1741","08","0","0","0","1","0","0","0","0","","0","0","0","17","1","1","00","0","40 05:24.254","","00","76 24:34.789","4","0","0","0","36214","0","0","0","N","0","0","0","4","36214","1","","1","01","N","N","0","","0","0","1","0","0","","1740","1","2","0","0","0","0","0","3","0","2","N","","","","","","","","","","","","03","03","","N","N"
"1358","2","0","0","0","0","0","0","0","0","1","0","","36","08","2021","2021078296","7","40.2078","-76.1642","1355","08","0","0","0","0","0","0","0","1","","0","0","0","13","1","0","00","0","40 12:28.227","","00","76 09:51.090","0","0","0","0","36218","0","0","0","N","0","0","0","2","36408","0","","1","01","N","N","0","","0","0","0","0","0","","1355","0","2","0","0","0","0","0","1","0","2","N","","","","","","","","","","","","03","03","","N","N"
"0836","1","0","0","0","0","0","0","0","0","5","0","","36","05","2021","2021041350","7","40.0408","-76.2939","0830","08","0","0","0","0","0","0","0","0","","0","0","0","08","1","0","00","2","40 02:26.900","4","00","76 17:38.200","0","0","0","0","36301","0","0","0","N","0","0","0","1","36301","0","","1","01","N","N","0","","0","0","1","0","0","N","0829","0","2","0","0","0","0","0","3","0","2","N","","","","","","","","","","","0934","04","","","N","Y"
"1517","1","0","0","0","0","0","0","0","0","1","0","99","36","05","2021","2021045565","3","40.0433","-76.4942","1509","08","0","0","1","0","0","0","0","0","","0","0","0","15","1","0","00","1","40 02:35.961","4","00","76 29:39.275","0","0","0","0","36404","0","0","0","N","0","0","0","3","36404","0","","1","01","N","N","2","","0","0","0","0","0","N","1509","0","3","0","0","0","0","0","3","0","3","Y","1","1","U","","","U","","","","","1603","03","","N","N","N"
"1916","1","0","0","0","0","0","0","0","0","1","0","","36","05","2021","2021046325","5","40.0573","-76.2974","1912","08","0","1","0","0","0","0","0","0","","0","0","0","19","1","2","02","2","40 03:26.330","5","00","76 17:50.768","3","0","0","0","36101","2","0","0","N","0","0","0","4","36101","0","","1","01","N","N","0","","1","0","1","0","0","Y","1908","2","2","0","0","1","1","0","3","0","2","N","","","","","","","","","","","2000","03","03","","N",""
"0812","1","0","0","0","0","0","0","0","0","5","0","","36","09","2021","2021091549","6","40.1027","-76.0885","0809","08","0","0","0","0","0","0","0","1","","0","0","0","08","1","0","00","0","40 06:09.764","","00","76 05:18.716","0","0","0","0","36415","0","0","0","N","0","0","0","1","36415","0","","2","01","N","N","1","","0","0","0","0","0","","0809","0","2","0","0","0","0","0","1","0","2","N","","","","","","","","","","","","03","03","","N","N"
"1521","0","0","0","0","0","0","0","0","0","7","0","","36","09","2021","2021092235","5","39.9439","-76.3936","1513","08","0","0","0","0","0","0","0","0","","0","0","0","15","1","1","02","1","39 56:38.215","1","00","76 23:36.936","3","0","0","0","36223","0","0","0","N","0","0","0","1","36223","0","","5","01","N","N","1","","1","0","0","0","0","N","1509","1","1","0","0","0","0","0","1","0","1","N","","","","","","","","","","","1655","03","03","","N",""
"1752","0","0","0","0","0","0","0","0","0","0","0","","36","09","2021","2021092825","5","40.0306","-76.2377","1748","08","0","0","0","0","0","0","0","0","","0","0","0","17","1","0","00","2","40 01:50.046","3","00","76 14:15.543","0","0","0","0","36215","0","0","0","N","0","0","0","2","36215","0","","1","01","N","N","0","","0","0","0","0","0","N","1747","0","1","0","0","0","0","0","1","1","1","N","","","","","","","","","","","1805","03","03","","N","N"
"1450","0","0","0","0","0","0","0","0","0","4","0","","36","09","2021","2021090851","6","39.8957","-76.1746","1425","08","0","0","0","0","0","0","0","0","","0","0","0","14","1","0","00","0","39 53:44.632","","00","76 10:28.382","0","0","0","0","36212","0","0","0","N","0","0","0","2","68J01","0","","1","01","N","N","0","","0","0","2","0","0","","1421","0","2","0","0","0","0","0","1","0","2","N","","","","","","","","","","","","03","","","N","Y"
"1018","0","1","0","0","0","0","0","0","0","7","0","","36","09","2021","2021090856","7","39.8381","-76.2695","0951","08","0","0","0","0","0","1","0","0","","1","0","0","09","1","0","00","1","39 50:17.230","2","00","76 16:10.230","1","0","0","0","36208","0","0","0","N","0","0","0","1","68J01","0","2","4","01","N","N","0","0","0","0","0","0","0","N","0941","0","1","0","0","0","0","0","1","1","1","N","","","","","","","","","","","1037","03","","","N","N"
"1322","1","0","0","0","0","0","0","0","0","4","0","","36","08","2021","2021079662","1","40.0425","-76.3094","1322","08","0","0","0","0","0","0","0","0","","0","0","0","13","1","1","00","2","40 02:32.991","5","07","76 18:33.676","8","0","0","0","36301","0","0","0","N","0","0","0","2","36301","0","","1","01","N","N","1","","0","0","0","0","0","Y","1320","1","2","0","0","0","1","0","3","0","2","N","","","","","","","","","","","1400","03","","","N","N"
"0400","0","0","0","0","0","0","0","0","0","7","0","","36","08","2021","2021084106","6","40.2145","-76.4315","0352","08","0","0","0","0","0","0","0","0","","0","0","0","03","2","1","00","1","40 12:52.028","2","00","76 25:53.279","4","0","0","0","36230","0","0","0","N","0","0","0","1","36410","1","","4","09","N","N","1","","0","0","0","0","0","N","0352","1","1","0","0","0","0","0","1","0","1","N","","","","","","","","","","","0421","07","","","N","N"
"1218","1","0","0","0","0","0","0","0","0","1","0","","36","09","2021","2021088434","5","40.0301","-76.3223","1215","08","0","0","0","0","0","1","0","0","","0","0","0","12","1","0","00","0","40 01:48.352","","00","76 19:20.457","0","0","0","0","36301","0","0","0","N","0","0","0","2","36301","0","","1","01","N","N","0","","0","0","1","0","0","","1214","0","2","0","0","0","0","0","3","0","2","N","","","","","","","","","","","","04","","","N","N"
"1809","3","0","0","0","0","0","0","0","0","4","0","","36","08","2021","2021083528","4","40.0508","-76.2993","1803","08","0","0","0","1","0","0","0","0","","0","0","0","18","1","0","01","1","40 03:02.905","1","00","76 17:57.328","0","0","0","0","36301","0","0","0","N","0","0","0","7","36301","0","","1","01","N","N","0","","0","0","0","3","2","Y","1802","0","3","0","0","0","0","0","3","0","3","N","","","","","","","","","","","1853","03","03","","Y",""
"1331","2","0","0","0","0","0","0","0","0","4","0","","36","09","2021","2021083350","6","40.0742","-76.3206","1326","08","0","0","0","0","0","0","1","1","","0","0","0","13","1","0","01","0","40 04:26.956","","00","76 19:14.338","0","0","0","0","36101","0","0","0","N","0","0","0","2","36101","0","","1","01","N","N","0","","0","0","0","3","2","","1325","0","2","0","0","0","0","0","3","0","2","N","","","","","","","","","","","","03","03","","N",""
"1550","1","0","0","0","0","0","0","0","0","1","0","","36","05","2021","2021041921","4","40.1396","-76.2109","1544","08","0","0","0","0","0","0","1","0","","0","0","0","15","1","1","00","2","40 08:22.696","1","00","76 12:39.279","3","0","0","0","36238","0","0","0","N","0","0","0","3","36238","0","","1","01","N","N","0","","1","0","2","0","0","Y","1544","1","3","0","0","0","0","0","3","0","3","N","","","","","","","","","","","1635","03","03","","N","N"
"1801","2","0","0","0","0","0","0","0","0","4","0","","36","05","2021","2021051528","2","40.1487","-75.9654","1748","08","0","0","0","0","0","0","0","0","","0","0","0","17","1","0","01","2","40 08:55.215","2","00","75 57:55.404","0","0","0","0","36203","0","0","0","N","0","0","0","2","68J01","0","","1","01","N","N","0","","0","0","0","3","3","N","1746","0","2","0","0","0","0","0","1","0","2","N","","","","","","","","","","","0005","03","","","N","N"
"1833","1","0","0","0","0","0","0","0","0","4","0","","36","05","2021","2021069977","5","40.1364","-76.0956","1827","08","0","0","0","0","0","0","0","0","","0","0","0","18","1","0","00","1","40 08:10.879","6","07","76 05:44.089","0","0","0","0","36209","0","0","0","N","0","0","0","3","36415","0","","1","01","N","N","0","","0","0","1","0","0","N","1825","0","2","0","0","0","0","0","1","0","2","N","","","","","","","","","","","1920","03","03","","N","N"
"0023","2","0","0","0","0","0","0","0","0","6","0","","36","09","2021","2021092606","7","40.0564","-76.3056","0018","08","0","0","0","0","0","0","0","0","","0","0","0","00","3","1","01","1","40 03:22.924","2","00","76 18:20.469","3","0","0","0","36101","0","0","0","N","0","0","0","5","36101","0","","1","01","N","N","0","","1","0","0","3","2","N","0015","1","2","0","0","0","0","0","3","0","2","N","","","","","","","","","","","0045","03","","","N",""
"1517","2","0","0","0","0","0","0","0","0","1","0","","36","09","2021","2021090163","6","40.1883","-76.1911","1512","08","0","0","0","0","0","0","0","0","","0","0","0","15","1","0","00","0","40 11:17.722","","00","76 11:27.785","0","0","0","0","36408","0","0","0","N","0","0","0","2","36408","0","","1","01","N","N","0","","0","0","0","0","0","","1512","0","2","0","0","0","0","0","2","0","2","N","","","","","","","","","","","","03","","","N","N"
"1132","0","0","0","0","0","0","0","0","0","4","0","","36","09","2021","2021085500","2","40.1648","-76.1726","1129","08","0","0","0","0","0","0","0","0","","0","0","0","11","1","5","00","2","40 09:53.317","6","00","76 10:21.417","2","0","0","0","36218","0","0","0","N","0","0","0","5","36408","0","","5","01","N","N","0","","1","4","1","0","0","Y","1129","5","1","0","4","4","0","0","1","0","1","N","","","","","","","","","","","1649","03","","","N","N"
"1330","1","0","0","0","0","0","0","0","0","4","0","","36","05","2021","2021041910","5","40.043","-76.2879","1327","08","0","0","0","0","0","2","0","0","","0","0","0","13","1","0","01","1","40 02:34.960","1","00","76 17:16.322","0","0","0","0","36301","0","0","0","N","0","0","0","3","36301","0","","1","01","N","N","0","","0","0","1","3","2","N","1326","0","2","0","0","1","0","0","3","0","2","N","","","","","","","","","","","1401","03","03","","N","N"
"2018","0","0","0","0","0","0","0","0","0","7","0","","36","05","2021","2021041899","1","40.0952","-76.4075","2016","08","0","0","0","0","0","0","0","0","","0","0","0","20","3","1","00","0","40 05:42.800","","00","76 24:26.900","3","0","0","1","36214","0","0","0","N","0","0","0","1","36214","0","","5","01","N","N","0","","1","0","0","0","0","","2015","1","1","0","0","0","0","0","3","0","1","N","","","","","","","","","","","","03","","","N","N"
"0249","1","0","0","0","0","0","0","0","0","5","0","","36","08","2021","2021090928","1","40.0412","-76.4404","0239","08","0","0","0","0","0","0","1","0","","2","0","0","02","2","2","00","2","40 02:28.350","6","00","76 26:25.568","1","0","0","0","36414","0","0","0","N","0","0","0","5","36239","0","2","1","01","N","N","0","0","0","2","1","0","0","Y","0239","2","3","2","2","4","0","1","3","1","3","N","","","","","","","","","","","0840","04","04","","N","N"
"1640","0","0","0","0","0","0","0","0","0","4","0","","36","09","2021","2021092708","3","39.9707","-76.1465","1621","08","0","0","0","0","0","1","0","0","","0","0","0","16","1","1","01","1","39 58:14.507","2","00","76 08:47.364","4","0","0","0","36226","0","0","0","N","0","0","0","2","68J01","1","","1","01","N","N","0","","0","0","2","3","3","Y","1616","1","2","0","0","0","0","0","1","0","2","N","","","","","","","","","","","1701","03","","","N","N"
"1940","2","0","0","0","0","0","0","0","0","1","0","","36","05","2021","2021041606","7","40.0974","-76.4162","1937","08","0","0","2","0","0","0","0","0","","0","0","0","19","4","1","00","2","40 05:50.768","4","00","76 24:58.320","3","0","0","0","36214","0","0","0","N","0","0","0","3","36214","0","","1","01","N","N","0","","1","0","0","0","0","N","1930","1","2","0","0","0","0","0","3","0","2","N","","","","","","","","","","","2015","03","03","","N","N"
"2122","2","0","0","0","0","0","0","0","0","4","0","","36","08","2021","2021082137","2","40.0275","-76.3126","2120","08","0","0","0","0","0","0","0","0","","0","0","0","21","3","1","01","2","40 01:38.834","7","00","76 18:45.302","3","0","0","0","36301","0","0","0","N","0","0","0","3","36301","0","","1","01","N","N","0","","1","0","0","3","3","Y","2120","1","2","0","0","1","0","0","3","0","2","N","","","","","","","","","","","2200","03","03","","N",""
"1425","0","0","0","0","0","0","0","0","0","4","0","","36","05","2021","2021048388","6","40.1037","-76.2138","1418","08","0","0","0","0","0","0","0","0","","0","0","0","14","1","0","01","1","40 06:13.240","4","00","76 12:49.795","0","0","0","0","36234","0","0","0","N","0","0","0","5","36215","0","","1","01","N","N","0","","0","0","2","3","3","N","1417","0","2","0","0","1","0","0","1","0","2","N","","","","","","","","","","","1502","03","","","N",""
"1147","0","0","1","0","0","0","0","0","0","7","0","","36","10","2021","2021098247","7","40.1982","-76.0092","1130","08","0","0","0","0","0","1","0","0","","0","0","0","11","1","1","00","0","40 11:51.712","","00","76 00:31.132","2","0","0","0","36202","0","0","0","N","0","0","0","1","68T06","0","","5","01","N","N","0","","0","1","0","0","0","","1130","1","1","0","0","0","0","0","1","1","1","N","","","","","","","","","","","","03","","","N","N"
"1458","1","0","0","0","0","0","1","0","0","1","1","","36","09","2021","2021093545","4","40.0515","-76.3039","1453","08","0","0","0","0","0","1","0","0","","0","0","0","14","1","1","01","1","40 03:05.233","2","00","76 18:13.882","3","0","0","0","36301","0","0","0","N","0","0","0","8","36301","0","","1","01","Y","N","0","","1","0","0","3","3","N","1453","1","3","0","0","1","0","0","3","1","3","N","","","","","","","","","","","1550","03","03","","N","N"
"1504","1","0","0","0","0","0","0","0","0","1","0","","36","09","2021","2021095049","7","39.9804","-76.3138","1501","08","0","0","0","0","1","0","1","0","","0","1","0","15","1","1","00","1","39 58:49.473","3","00","76 18:49.611","3","0","0","0","36228","0","0","0","N","0","0","0","3","36228","0","","1","01","N","N","0","","1","0","0","0","0","N","1501","1","2","0","0","0","0","0","1","0","2","N","","","","","","","","","","","1540","03","","","N","N"
"1948","1","0","0","0","0","0","0","0","0","7","0","","36","09","2021","2021093648","5","40.2324","-76.1272","1942","08","0","0","0","0","0","0","0","0","","0","0","0","19","2","0","00","0","40 13:56.796","","00","76 07:38.347","0","0","0","0","36210","0","0","0","N","0","0","0","1","68T06","0","","3","01","N","N","0","","0","0","0","0","0","","1942","0","1","0","0","0","0","0","1","0","1","N","","","","","","","","","","","","03","","","N","N"
"1248","0","0","0","0","0","0","0","0","0","4","1","","36","09","2021","2021094488","2","40.1861","-76.4694","1240","08","0","0","0","1","0","0","0","0","","0","1","0","12","1","1","00","2","40 11:09.900","5","07","76 28:09.900","8","0","0","0","36230","0","0","0","N","0","0","0","2","36410","0","","1","01","N","N","0","","0","0","0","0","0","Y","1238","1","2","0","0","0","1","0","1","0","2","N","","","","","","","","","","","1735","03","03","","N","N"