"ARRIVAL_TM","AUTOMOBILE_COUNT","BELTED_DEATH_COUNT","BELTED_SUSP_SERIOUS_INJ_COUNT","BICYCLE_COUNT","BICYCLE_DEATH_COUNT","BICYCLE_SUSP_SERIOUS_INJ_COUNT","BUS_COUNT","CHLDPAS_DEATH_COUNT","CHLDPAS_SUSP_SERIOUS_INJ_COUNT","COLLISION_TYPE","COMM_VEH_COUNT","CONS_ZONE_SPD_LIM","COUNTY","CRASH_MONTH","CRASH_YEAR","CRN","DAY_OF_WEEK","DEC_LAT","DEC_LONG","DISPATCH_TM","DISTRICT","DRIVER_COUNT_16YR","DRIVER_COUNT_17YR","DRIVER_COUNT_18YR","DRIVER_COUNT_19YR","DRIVER_COUNT_20YR","DRIVER_COUNT_50_64YR","DRIVER_COUNT_65_74YR","DRIVER_COUNT_75PLUS","EST_HRS_CLOSED","FATAL_COUNT","HEAVY_TRUCK_COUNT","HORSE_BUGGY_COUNT","HOUR_OF_DAY","ILLUMINATION","INJURY_COUNT","INTERSECT_TYPE","LANE_CLOSED","LATITUDE","LN_CLOSE_DIR","LOCATION_TYPE","LONGITUDE","MAX_SEVERITY_LEVEL","MCYCLE_DEATH_COUNT","MCYCLE_SUSP_SERIOUS_INJ_COUNT","MOTORCYCLE_COUNT","MUNICIPALITY","NONMOTR_COUNT","NONMOTR_DEATH_COUNT","NONMOTR_SUSP_SERIOUS_INJ_COUNT","NTFY_HIWY_MAINT","PED_COUNT","PED_DEATH_COUNT","PED_SUSP_SERIOUS_INJ_COUNT","PERSON_COUNT","POLICE_AGCY","POSSIBLE_INJ_COUNT","RDWY_SURF_TYPE_CD","RELATION_TO_ROAD","ROAD_CONDITION","SCH_BUS_IND","SCH_ZONE_IND","SMALL_TRUCK_COUNT","SPEC_JURIS_CD","SUSP_MINOR_INJ_COUNT","SUSP_SERIOUS_INJ_COUNT","SUV_COUNT","TCD_FUNC_CD","TCD_TYPE","TFC_DETOUR_IND","TIME_OF_DAY","TOT_INJ_COUNT","TOTAL_UNITS","UNB_DEATH_COUNT","UNB_SUSP_SERIOUS_INJ_COUNT","UNBELTED_OCC_COUNT","UNK_INJ_DEG_COUNT","UNK_INJ_PER_COUNT","URBAN_RURAL","VAN_COUNT","VEHICLE_COUNT","WORK_ZONE_IND","WORK_ZONE_LOC","WORK_ZONE_TYPE","WORKERS_PRES","WZ_CLOSE_DETOUR","WZ_FLAGGER","WZ_LAW_OFFCR_IND","WZ_LN_CLOSURE","WZ_MOVING","WZ_OTHER","WZ_SHLDER_MDN","ROADWAY_CLEARED","WEATHER1","WEATHER2","WZ_WORKERS_INJ_KILLED","SECONDARY_CRASH","INTERSECTION_RELATED"
"1718","0","0","0","0","0","0","0","0","0","4","0","","36","08","2021","2021095045","1","40.2798","-76.1402","1712","08","0","0","0","1","0","0","1","0","","0","0","0","17","1","2","02","2","40 16:47.205","3","00","76 08:24.651","3","0","0","0","36236","0","0","0","N","0","0","0","3","36408","0","","1","01","N","N","1","","2","0","1","3","3","N","1710","2","2","0","0","0","0","0","1","0","2","N","","","","","","","","","","","1800","03","03","","Y","N"
"1356","2","0","0","0","0","0","0","0","0","4","0","","36","09","2021","2021095018","1","40.2504","-76.1697","1351","08","1","0","0","0","0","0","0","0","","0","0","0","13","1","1","00","0","40 15:01.450","","00","76 10:10.930","3","0","0","0","36236","0","0","0","N","0","0","0","2","36408","0","","1","01","N","N","0","","1","0","0","0","0","","1351","1","2","0","0","0","0","0","1","0","2","N","","","","","","","","","","","","03","","","Y","N"
"0852","1","0","0","0","0","0","0","0","0","1","0","","36","10","2021","2021097135","7","40.1569","-76.2906","0852","08","0","0","0","0","0","1","0","0","","0","0","0","08","1","0","00","0","40 09:24.830","","00","76 17:26.290","0","0","0","0","36235","0","0","0","N","0","0","0","1","36506","0","","2","01","N","N","1","","0","0","0","0","0","","0852","0","2","0","0","0","0","0","1","0","2","N","","","","","","","","","","","","03","","","N","N"
"1708","1","0","0","0","0","0","0","0","0","6","0","","36","09","2021","2021095023","7","40.1857","-76.1732","1704","08","0","0","0","0","0","0","1","0","","0","0","0","17","1","1","00","0","40 11:08.580","","00","76 10:23.450","4","0","0","0","36408","0","0","0","N","0","0","0","3","36408","1","","1","01","N","N","0","","0","0","1","0","0","","1702","1","2","0","0","0","0","0","2","0","2","N","","","","","","","","","","","","03","","","N","N"
"1433","0","0","0","0","0","0","0","0","0","4","0","","36","10","2021","2021095193","7","40.0432","-76.3285","1432","08","0","0","0","0","0","0","1","0","","0","0","0","14","1","1","01","1","40 02:35.542","7","00","76 19:42.723","2","0","1","1","36220","0","0","0","N","0","0","0","1","36101","0","","1","01","N","N","0","","0","1","0","3","2","N","1430","1","2","0","0","0","0","0","3","0","2","N","","","","","","","","","","","1530","03","","","N",""
"1619","1","0","0","0","0","0","0","0","0","4","0","","36","10","2021","2021093132","6","40.0747","-76.4","1608","08","0","0","0","0","0","1","0","0","","0","0","0","16","1","0","00","2","40 04:28.820","6","00","76 24:00.030","0","0","0","0","36214","0","0","0","N","0","0","0","2","36214","0","","1","01","N","N","1","","0","0","0","0","0","Y","1608","0","2","0","0","0","0","0","3","0","2","N","","","","","","","","","","","1640","03","03","","N","N"
"0829","1","0","0","0","0","0","0","0","0","1","0","","36","06","2021","2021051197","4","40.042","-76.2467","0827","08","0","0","1","0","0","1","0","0","","0","0","0","08","1","0","00","0","40 02:31.216","","02","76 14:48.299","0","0","0","0","36215","0","0","0","N","0","0","0","2","36215","0","","1","01","N","N","0","","0","0","1","3","2","","0825","0","2","0","0","0","0","0","1","0","2","N","","","","","","","","","","","","04","","","N","N"
"0713","1","0","0","0","0","0","0","0","0","7","0","","36","09","2021","2021093952","5","40.0209","-76.368","0710","08","0","0","0","0","0","0","0","0","","0","0","0","07","1","0","00","1","40 01:15.400","5","00","76 22:04.860","0","0","0","0","36223","0","0","0","N","0","0","0","1","36223","0","","5","01","N","N","0","","0","0","0","0","0","N","0708","0","1","0","0","0","0","0","1","0","1","N","","","","","","","","","","","0713","03","98","","N","N"
"1303","1","0","0","0","0","0","0","0","0","4","0","","36","09","2021","2021094352","6","40.0386","-76.3276","1251","08","1","0","0","0","0","0","0","0","","0","0","0","12","1","0","02","0","40 02:18.841","","00","76 19:39.220","0","0","0","0","36220","0","0","0","N","0","0","0","2","36101","0","","1","01","N","N","1","","0","0","0","3","3","","1250","0","2","0","0","0","0","0","3","0","2","N","","","","","","","","","","","","03","03","","N",""
"1532","1","0","0","0","0","0","0","0","0","1","0","","36","09","2021","2021092963","3","40.0469","-76.363","1529","08","0","0","0","0","0","1","0","0","","0","0","0","15","1","2","00","1","40 02:48.828","2","00","76 21:46.656","8","0","0","0","36214","0","0","0","N","0","0","0","3","36214","0","","1","01","N","N","0","","0","0","1","0","0","N","1526","2","2","0","0","0","2","0","3","0","2","N","","","","","","","","","","","1550","03","03","","N","N"
"1951","1","0","0","0","0","0","0","0","0","8","0","","36","09","2021","2021095040","3","40.2331","-76.1372","1946","08","0","0","0","0","0","0","0","0","","0","0","0","19","3","1","01","2","40 13:59.328","6","00","76 08:13.950","8","0","0","0","36405","2","0","0","N","2","0","0","3","36210","0","","1","09","N","N","0","","0","0","0","3","2","Y","1946","1","3","0","0","0","1","0","1","0","1","N","","","","","","","","","","","2001","07","","","N","N"
"1353","1","0","0","0","0","0","0","0","0","5","1","","36","09","2021","2021094353","5","40.0686","-76.3081","1345","08","0","0","0","0","0","1","0","1","","0","1","0","13","1","0","00","1","40 04:06.801","3","00","76 18:29.078","0","0","0","0","36101","0","0","0","N","0","0","0","2","36101","0","","1","01","N","N","0","","0","0","0","0","0","N","1344","0","2","0","0","0","0","0","3","0","2","N","","","","","","","","","","","1500","03","03","","N","N"
"1623","0","0","0","0","0","0","0","0","0","4","0","","36","10","2021","2021096848","2","39.993","-76.2753","1622","08","0","0","0","0","0","1","0","1","","0","0","0","16","1","1","01","1","39 59:34.742","1","00","76 16:31.018","8","0","0","0","36240","0","0","0","N","0","0","0","3","36240","0","","1","01","N","N","1","","0","0","1","3","3","N","1620","1","2","0","0","1","1","0","1","0","2","N","","","","","","","","","","","1721","03","04","","N","N"
"1930","1","0","0","0","0","0","0","0","0","7","0","","36","10","2021","2021095742","6","40.0613","-76.3539","1929","08","1","0","0","0","0","0","0","0","","0","0","0","19","3","0","01","0","40 03:40.683","","00","76 21:13.876","0","0","0","0","36214","0","0","0","N","0","0","0","2","36214","0","","4","01","N","N","0","","0","0","0","3","2","","1915","0","1","0","0","0","0","0","3","0","1","N","","","","","","","","","","","","03","","","N",""
"1004","1","0","0","0","0","0","0","0","0","4","1","","36","09","2021","2021092419","6","40.0422","-76.2957","1004","08","0","0","0","0","0","0","0","0","","0","1","0","09","1","0","01","1","40 02:32.089","3","00","76 17:44.343","0","0","0","0","36301","0","0","0","N","0","0","0","2","36301","0","","1","01","N","N","0","","0","0","0","3","3","N","0947","0","2","0","0","0","0","0","3","0","2","N","","","","","","","","","","","1028","03","03","","N",""
"1505","1","0","0","0","0","0","0","0","0","4","0","","36","10","2021","2021096911","1","40.0513","-76.3955","1455","08","0","0","0","0","0","0","0","0","","0","0","0","14","1","1","02","1","40 03:04.551","1","02","76 23:43.937","3","0","0","0","36214","0","0","0","N","0","0","0","3","36214","0","","1","01","N","N","0","","1","0","1","3","2","Y","1450","1","2","0","0","0","0","0","3","0","2","N","","","","","","","","","","","1540","04","","","N",""
"0717","1","0","0","0","0","0","0","0","0","5","2","","36","09","2021","2021095197","5","40.1321","-76.5382","0710","08","0","0","0","0","0","1","0","0","","0","2","0","07","1","1","00","2","40 07:55.575","3","00","76 32:17.508","8","0","0","0","36225","0","0","0","N","0","0","0","3","36505","0","","1","09","N","N","0","","0","0","0","0","0","N","0708","1","3","0","0","0","1","0","2","0","3","N","","","","","","","","","","","0816","07","","","Y","N"
"1722","2","0","0","0","0","0","0","0","0","4","0","","36","09","2021","2021095004","4","40.2167","-76.1279","1718","08","0","1","0","0","0","0","1","0","","0","0","0","17","1","0","02","0","40 13:00.207","","00","76 07:40.324","0","0","0","0","36210","0","0","0","N","0","0","0","2","36210","0","","1","01","N","N","0","","0","0","0","3","3","","1718","0","2","0","0","0","0","0","1","0","2","N","","","","","","","","","","","","03","","","N","N"
"1926","2","0","0","0","0","0","0","0","0","1","0","","36","10","2021","2021095375","5","40.0607","-76.3358","1920","08","0","0","0","1","0","0","0","0","","0","0","0","19","3","1","00","1","40 03:38.447","2","00","76 20:08.857","4","0","0","0","36101","0","0","0","N","0","0","0","3","36101","1","","1","01","N","N","0","","0","0","0","0","0","N","1919","1","2","0","0","2","0","1","3","0","2","N","","","","","","","","","","","2000","03","03","","N","N"
"1939","0","0","0","0","0","0","0","0","0","5","1","","36","10","2021","2021097385","7","40.1294","-76.5004","1918","08","0","0","0","0","0","0","0","0","","0","1","0","19","2","0","00","0","40 07:45.977","","00","76 30:01.524","0","0","0","0","36230","0","0","0","N","0","0","0","3","36410","0","","1","01","N","N","0","","0","0","0","0","0","","1918","0","2","0","0","0","0","0","1","1","2","N","","","","","","","","","","","","03","03","","N","N"
"1433","0","0","0","0","0","0","0","0","0","4","0","","36","10","2021","2021096509","2","40.1012","-76.0935","1431","08","0","0","0","0","0","0","2","0","","0","0","0","14","1","1","00","0","40 06:04.456","","00","76 05:36.449","4","0","0","1","36415","0","0","0","N","0","0","0","2","36415","1","","1","01","N","N","0","","0","0","1","0","0","","1431","1","2","0","0","0","0","0","1","0","2","N","","","","","","","","","","","","04","","","N","N"
"1940","2","0","0","0","0","0","0","0","0","4","0","","36","10","2021","2021095376","5","40.0507","-76.3617","1938","08","0","0","0","0","0","0","0","0","","0","0","0","19","3","0","02","0","40 03:02.659","","00","76 21:42.118","0","0","0","0","36214","0","0","0","N","0","0","0","2","36214","0","","1","01","N","N","0","","0","0","0","0","0","","1934","0","2","0","0","0","0","0","3","0","2","N","","","","","","","","","","","","03","03","","N",""
"0242","1","0","0","0","0","0","0","0","0","7","0","","36","10","2021","2021095578","5","40.0363","-76.4554","0242","08","0","0","0","0","0","0","0","0","","0","0","0","02","3","0","01","0","40 02:10.903","","00","76 27:18.690","0","0","0","0","36239","0","0","0","N","0","0","0","1","36239","0","","5","01","N","N","0","","0","0","0","0","0","","0242","0","1","0","0","0","0","0","3","0","1","N","","","","","","","","","","","","03","03","","N",""
"0829","2","0","0","0","0","0","0","0","0","1","0","","36","06","2021","2021049736","3","40.0557","-76.2692","0821","08","0","0","0","0","0","0","0","0","","0","0","0","08","1","1","00","1","40 03:20.471","3","00","76 16:09.138","3","0","0","0","36215","0","0","0","N","0","0","0","3","36301","0","","1","01","N","N","0","","1","0","0","0","0","N","0815","1","2","0","0","0","0","0","1","0","2","N","","","","","","","","","","","0917","03","04","","N","N"
"1455","0","0","0","0","0","0","0","0","0","4","0","","36","09","2021","2021095794","4","40.0626","-76.542","1450","08","0","0","0","0","0","0","0","0","","0","0","0","14","1","0","01","0","40 03:45.412","","00","76 32:31.057","0","0","0","0","36211","0","0","0","N","0","0","0","2","36504","0","","1","01","N","N","0","","0","0","2","3","2","","1450","0","2","0","0","0","0","0","1","0","2","N","","","","","","","","","","","","03","03","","N",""
"2031","1","0","0","0","0","0","0","0","0","1","0","","36","10","2021","2021095377","5","40.0546","-76.3808","2028","08","0","0","0","0","0","1","0","0","","0","0","0","20","3","1","03","0","40 03:16.545","","00","76 22:50.711","4","0","0","0","36214","0","0","0","N","0","0","0","2","36214","1","","1","01","N","N","0","","0","0","1","3","2","","2028","1","2","0","0","0","0","0","3","0","2","N","","","","","","","","","","","","03","","","N",""
"0334","1","0","0","0","0","0","0","0","0","8","0","","36","09","2021","2021092800","1","40.0392","-76.3088","0334","08","0","0","0","0","0","0","0","0","","0","0","0","20","3","1","01","0","40 02:21.252","","00","76 18:31.657","3","0","0","0","36301","1","0","0","N","1","0","0","2","36301","0","","1","01","N","N","0","","1","0","0","0","0","","2030","1","2","0","0","0","0","0","3","0","1","N","","","","","","","","","","","","03","03","","N","N"
"2128","1","0","0","0","0","0","0","0","0","7","0","","36","10","2021","2021092962","6","40.0384","-76.3386","2124","08","0","0","0","0","0","0","0","0","","0","0","0","21","3","0","00","0","40 02:18.119","","00","76 20:18.892","0","0","0","0","36220","0","0","0","N","0","0","0","1","36101","0","","5","01","N","N","0","","0","0","0","0","0","","2118","0","1","0","0","0","0","0","3","0","1","N","","","","","","","","","","","","03","","","N","N"
"1530","2","0","0","0","0","0","0","0","0","1","0","","36","08","2021","2021093208","7","40.0601","-76.32","1522","08","0","0","0","0","0","0","0","1","","0","0","0","15","1","0","01","0","40 03:36.187","","00","76 19:12.147","0","0","0","0","36301","0","0","0","N","0","0","0","2","36301","0","","1","01","N","N","0","","0","0","0","3","2","","1522","0","2","0","0","0","0","0","3","0","2","N","","","","","","","","","","","","03","03","","N",""
"1926","1","0","0","0","0","0","0","0","0","1","0","","36","09","2021","2021096502","4","40.0539","-76.2649","1922","08","0","0","1","1","0","0","0","0","","0","0","0","16","1","0","00","1","40 03:14.027","4","00","76 15:53.490","0","0","0","0","36215","0","0","0","N","0","0","0","3","36215","0","","1","01","N","N","1","","0","0","1","0","0","N","1619","0","3","0","0","0","0","0","1","0","3","N","","","","","","","","","","","1628","03","","","N","N"
"0600","1","0","0","0","0","0","0","0","0","1","0","","36","10","2021","2021094179","2","40.0453","-76.4245","0546","08","0","0","0","0","0","1","0","0","","0","0","0","05","5","1","07","0","40 02:43.009","","02","76 25:28.283","4","0","0","0","36239","0","0","0","N","0","0","0","3","36239","1","","1","01","N","N","0","","0","0","1","0","0","","0546","1","2","0","0","1","0","0","3","0","2","N","","","","","","","","","","","","03","","","N",""
"0933","1","0","0","0","0","0","0","0","0","98","0","","36","09","2021","2021095010","4","39.9825","-76.3248","0926","08","0","0","0","0","1","0","0","0","","0","0","0","09","1","0","00","0","39 58:57.097","","00","76 19:29.281","0","0","0","0","36228","0","0","0","N","0","0","0","1","36228","0","","5","01","N","N","0","","0","0","0","0","0","","0926","0","1","0","0","0","0","0","1","0","1","N","","","","","","","","","","","","03","","","N","N"
"1819","1","0","0","0","0","0","0","0","0","7","0","","36","09","2021","2021095056","3","40.2165","-76.0906","1810","08","0","0","0","0","0","0","0","0","","0","0","0","18","1","0","00","0","40 12:59.278","","00","76 05:26.001","0","0","0","0","36210","0","0","0","N","0","0","0","1","36210","0","","3","09","N","N","0","","0","0","0","0","0","","1810","0","1","0","0","0","0","0","1","0","1","N","","","","","","","","","","","","07","","","N","N"
"0606","2","0","0","0","0","0","0","0","0","5","0","","36","09","2021","2021093504","4","40.0358","-76.3103","0602","08","0","0","0","0","0","0","0","0","","0","0","0","05","5","0","05","1","40 02:09.042","3","00","76 18:37.036","0","0","0","0","36301","0","0","0","N","0","0","0","1","36301","0","","2","01","N","N","0","","0","0","0","3","3","N","0553","0","2","0","0","0","0","0","3","0","2","N","","","","","","","","","","","0654","03","03","","N",""
"0348","1","0","0","0","0","0","0","0","0","4","0","","36","09","2021","2021085896","1","40.041","-76.3083","0346","08","0","0","0","0","0","0","0","0","","0","0","0","03","3","1","01","2","40 02:27.420","2","00","76 18:30.009","3","0","0","0","36301","0","0","0","N","0","0","0","4","36301","0","","1","01","N","N","1","","1","0","0","3","2","Y","0344","1","2","0","0","0","0","0","3","0","2","N","","","","","","","","","","","0428","03","","","N","N"
"1857","0","0","0","0","0","0","0","0","0","7","0","","36","09","2021","2021093043","6","39.9","-76.2698","1849","08","0","0","0","0","0","0","0","0","","0","0","0","18","1","0","00","0","39 53:59.826","","03","76 16:11.268","0","0","0","0","36224","0","0","0","N","0","0","0","2","68J01","0","","5","01","N","N","0","","0","0","1","0","0","","1843","0","1","0","0","0","0","0","1","0","1","N","","","","","","","","","","","","03","03","","N","N"
"2155","2","0","0","0","0","0","0","0","0","4","0","","36","09","2021","2021085878","7","40.0346","-76.3072","2150","08","0","0","0","0","0","0","1","0","","0","0","0","21","3","1","01","2","40 02:04.495","2","00","76 18:25.758","3","0","0","0","36301","0","0","0","N","0","0","0","2","36301","0","","1","01","N","N","0","","1","0","0","3","3","Y","2149","1","2","0","0","0","0","0","3","0","2","N","","","","","","","","","","","2306","03","","","N","N"
"1438","1","0","0","0","0","0","0","0","0","1","0","","36","09","2021","2021093585","5","40.0316","-76.3197","1427","08","0","0","0","0","0","1","0","0","","0","0","0","14","1","2","00","2","40 01:53.868","4","00","76 19:10.896","4","0","0","0","36301","0","0","0","N","0","0","0","3","36301","2","","1","01","N","N","0","","0","0","1","0","0","N","1419","2","2","0","0","0","0","0","3","0","2","N","","","","","","","","","","","1510","03","","","N","N"
"1412","1","0","0","0","0","0","0","0","0","0","0","","36","10","2021","2021098141","6","40.0495","-76.4042","1357","08","0","0","0","0","0","1","0","0","","0","0","0","13","1","0","00","2","40 02:58.318","3","00","76 24:15.260","0","0","0","0","36214","0","0","0","N","0","0","0","1","36214","0","","1","01","N","N","0","","0","0","0","0","0","Y","1350","0","1","0","0","0","0","0","3","0","1","N","","","","","","","","","","","1454","03","03","","N","N"
"1653","1","0","0","0","0","0","0","0","0","5","1","","36","08","2021","2021095043","6","40.1662","-76.1229","1649","08","0","0","0","0","0","1","0","0","","0","1","0","16","1","2","00","2","40 09:58.200","6","00","76 07:22.500","3","0","0","0","36218","0","0","0","N","0","0","0","3","36408","0","","1","01","N","N","0","","2","0","0","0","0","Y","1649","2","2","0","0","2","0","0","1","0","2","N","","","","","","","","","","","1754","03","","","N","N"
"1121","2","0","0","0","0","0","0","0","0","4","0","","36","09","2021","2021091847","6","40.049","-76.3057","1117","08","0","0","0","0","0","0","0","1","","0","0","0","11","1","0","01","2","40 02:56.518","2","00","76 18:20.618","0","0","0","0","36301","0","0","0","N","0","0","0","2","36301","0","","1","01","N","N","1","","0","0","0","3","3","Y","1117","0","3","0","0","0","0","0","3","0","3","N","","","","","","","","","","","1145","03","03","","Y","N"
"1514","1","0","0","0","0","0","0","0","0","7","0","","36","09","2021","2021095055","2","40.244","-76.1311","1514","08","0","0","0","0","0","1","0","0","","0","0","0","15","1","0","02","0","40 14:38.466","","07","76 07:51.926","0","0","0","0","36210","0","0","0","N","0","0","0","1","36210","0","","1","01","N","N","0","","0","0","0","0","0","","1514","0","1","0","0","0","0","0","1","0","1","N","","","","","","","","","","","","03","","","N","N"
"1544","0","0","2","0","0","0","0","0","0","4","0","","36","10","2021","2021095586","7","40.183","-76.2681","1533","08","0","0","0","0","0","1","0","0","","0","0","0","15","1","6","01","2","40 10:58.902","5","00","76 16:05.056","2","0","0","0","36235","0","0","0","N","0","0","0","6","36506","2","","1","01","N","N","1","","1","2","1","3","3","Y","1532","6","2","0","0","0","1","0","1","0","2","N","","","","","","","","","","","1640","03","","","N",""
"0019","0","0","0","0","0","0","0","0","0","4","0","","36","10","2021","2021098240","6","40.2267","-76.3904","0000","08","0","0","0","0","0","0","0","0","","0","1","0","00","2","1","00","0","40 13:36.362","","00","76 23:22.926","3","0","0","0","36230","0","0","0","N","0","0","0","4","68T06","0","","1","01","N","N","1","","1","0","0","0","0","","0000","1","2","0","0","0","0","0","1","0","2","N","","","","","","","","","","","","03","","","N","N"
"0658","0","0","0","0","0","0","0","0","0","1","0","","36","09","2021","2021095569","3","40.0886","-76.1819","0653","08","0","0","0","0","0","1","0","0","","0","0","0","06","1","0","00","0","40 05:18.916","","00","76 10:54.791","0","0","0","0","36234","0","0","0","N","0","0","0","2","36215","0","","2","01","N","N","0","","0","0","2","0","0","","0651","0","2","0","0","0","0","0","1","0","2","N","","","","","","","","","","","","03","03","","N","N"
"1615","1","0","0","0","0","0","0","0","0","1","2","","36","10","2021","2021094662","6","40.0769","-76.339","1607","08","0","0","0","0","0","0","1","0","","0","0","0","16","1","0","00","1","40 04:36.910","3","00","76 20:20.268","0","0","0","0","36101","0","0","0","N","0","0","0","6","36101","0","","1","01","N","N","2","","0","0","0","0","0","N","1603","0","3","0","0","0","0","0","3","0","3","N","","","","","","","","","","","1731","03","03","","N","N"
"1416","0","0","0","0","0","0","0","0","0","1","0","","36","10","2021","2021093947","2","40.0787","-76.3464","1354","08","0","0","0","0","0","1","0","0","","0","0","0","13","1","0","02","0","40 04:43.375","","00","76 20:46.899","0","0","0","0","36101","0","0","0","N","0","0","0","2","36101","0","","1","01","N","N","1","","0","0","1","3","3","","1352","0","2","0","0","0","0","0","3","0","2","N","","","","","","","","","","","","03","","","N","N"
"1446","2","0","0","0","0","0","0","0","0","1","0","","36","09","2021","2021095392","5","39.98","-76.3111","1443","08","0","0","1","1","0","0","0","0","","0","0","0","14","1","0","00","1","39 58:48.043","2","00","76 18:40.056","0","0","0","0","36228","0","0","0","N","0","0","0","2","36228","0","","1","01","N","N","0","","0","0","0","0","0","N","1443","0","2","0","0","0","0","0","1","0","2","N","","","","","","","","","","","1530","03","","","N","N"
"1820","2","1","4","0","0","0","0","0","0","2","0","","36","06","2021","2021096698","7","40.0416","-76.482","1814","08","0","0","0","0","0","0","0","0","","1","0","0","18","1","6","00","2","40 02:29.938","4","00","76 28:55.192","1","0","0","0","36239","0","0","0","N","0","0","0","7","36239","0","2","1","01","N","N","0","0","0","6","0","0","0","Y","1814","6","2","0","2","2","0","0","3","0","2","N","","","","","","","","","","","0006","04","","","N","N"
"0656","0","0","0","0","0","0","0","0","0","4","0","","36","06","2021","2021055850","5","40.1776","-76.1805","0654","08","0","0","0","0","0","1","0","0","","0","0","0","06","1","0","01","1","40 10:39.273","3","00","76 10:49.908","0","0","0","0","36408","0","0","0","N","0","0","0","2","36408","0","","1","01","N","N","1","","0","0","1","3","2","Y","0654","0","2","0","0","0","0","0","2","0","2","N","","","","","","","","","","","0725","03","","","N",""
"1510","2","0","0","0","0","0","0","0","0","4","0","","36","08","2021","2021095039","2","40.2835","-76.1535","1503","08","0","0","0","0","0","1","0","0","","0","0","0","15","1","0","01","0","40 17:00.664","","00","76 09:12.685","0","0","0","0","36236","0","0","0","N","0","0","0","2","36408","0","","1","01","N","N","0","","0","0","0","3","3","","1503","0","2","0","0","0","0","0","1","0","2","N","","","","","","","","","","","","03","","","N","N"
"1547","1","0","0","0","0","0","0","0","0","1","0","","36","09","2021","2021093950","5","40.0518","-76.3608","1539","08","0","0","0","0","0","0","0","0","","0","0","0","15","1","0","02","1","40 03:06.467","1","00","76 21:38.924","0","0","0","0","36214","0","0","0","N","0","0","0","3","36214","0","","1","01","N","N","0","","0","0","1","0","0","N","1535","0","2","0","0","0","0","0","3","0","2","N","","","","","","","","","","","1545","03","","","N",""
"1312","2","0","0","0","0","0","0","0","0","4","0","","36","06","2021","2021051753","6","40.0879","-76.4094","1305","08","0","0","0","0","1","1","0","0","","0","0","0","13","1","0","00","1","40 05:16.396","1","07","76 24:33.861","0","0","0","0","36214","0","0","0","N","0","0","0","2","36214","0","","1","01","N","N","0","","0","0","0","0","0","N","1302","0","2","0","0","0","0","0","3","0","2","N","","","","","","","","","","","1317","04","","","N","N"
"1456","2","0","0","0","0","0","0","0","0","1","0","","36","09","2021","2021093946","5","40.0951","-76.2894","1442","08","1","0","0","0","0","0","0","0","","0","0","0","14","1","0","00","0","40 05:42.181","","00","76 17:21.831","0","0","0","0","36101","0","0","0","N","0","0","0","2","36101","0","","1","01","N","N","0","","0","0","0","0","0","","1441","0","2","0","0","0","0","0","3","0","2","N","","","","","","","","","","","","03","03","","N","N"
"1510","1","0","0","0","0","0","0","0","0","4","0","","36","09","2021","2021093965","2","40.0516","-76.2973","1507","08","0","1","0","0","0","1","0","0","","0","0","0","15","1","1","01","2","40 03:05.641","1","99","76 17:50.301","4","0","0","0","36301","0","0","0","N","0","0","0","2","36301","1","","1","01","N","N","0","","0","0","1","3","3","N","1507","1","2","0","0","0","0","0","3","0","2","N","","","","","","","","","","","1530","03","","","N",""
"1741","0","0","0","0","0","0","0","0","0","2","0","","36","09","2021","2021095570","5","40.0796","-76.2521","1731","08","0","0","0","0","1","0","1","0","","0","0","0","17","1","1","01","1","40 04:46.730","6","00","76 15:07.384","3","0","0","0","36215","0","0","0","N","0","0","0","3","36215","0","","1","01","N","N","0","","1","0","1","0","0","N","1731","1","2","0","0","0","0","0","1","1","2","N","","","","","","","","","","","0100","03","03","","N",""
"1128","0","0","0","0","0","0","0","0","0","4","1","","36","09","2021","2021095016","2","39.9841","-76.2913","1122","08","0","0","0","0","0","1","0","1","","0","1","0","11","1","1","01","2","39 59:02.813","7","00","76 17:28.847","8","0","0","0","36228","0","0","0","N","0","0","0","2","36228","0","","1","01","N","N","0","","0","0","0","3","2","Y","1122","1","2","0","0","0","1","0","1","1","2","N","","","","","","","","","","","1305","03","","","N","N"
"1421","4","0","0","0","0","0","0","0","0","1","0","","36","10","2021","2021092778","6","40.0601","-76.32","1417","08","0","1","0","0","0","1","0","0","","0","0","0","13","1","0","01","0","40 03:36.187","","00","76 19:12.147","0","0","0","0","36301","0","0","0","N","0","0","0","4","36301","0","","1","01","N","N","0","","0","0","0","3","2","","1352","0","4","0","0","0","0","0","3","0","4","N","","","","","","","","","","","","03","","","N",""
"1211","0","0","0","0","0","0","0","0","0","4","1","","36","09","2021","2021095053","3","40.2152","-76.0797","1203","08","0","0","0","0","0","1","0","0","","0","1","0","12","1","0","02","0","40 12:54.617","","00","76 04:46.798","0","0","0","0","36210","0","0","0","N","0","0","0","3","36210","0","","1","01","N","N","0","","0","0","0","3","3","","1203","0","2","0","0","0","0","0","1","1","2","N","","","","","","","","","","","","04","","","N","N"