"ARRIVAL_TM","AUTOMOBILE_COUNT","BELTED_DEATH_COUNT","BELTED_SUSP_SERIOUS_INJ_COUNT","BICYCLE_COUNT","BICYCLE_DEATH_COUNT","BICYCLE_SUSP_SERIOUS_INJ_COUNT","BUS_COUNT","CHLDPAS_DEATH_COUNT","CHLDPAS_SUSP_SERIOUS_INJ_COUNT","COLLISION_TYPE","COMM_VEH_COUNT","CONS_ZONE_SPD_LIM","COUNTY","CRASH_MONTH","CRASH_YEAR","CRN","DAY_OF_WEEK","DEC_LAT","DEC_LONG","DISPATCH_TM","DISTRICT","DRIVER_COUNT_16YR","DRIVER_COUNT_17YR","DRIVER_COUNT_18YR","DRIVER_COUNT_19YR","DRIVER_COUNT_20YR","DRIVER_COUNT_50_64YR","DRIVER_COUNT_65_74YR","DRIVER_COUNT_75PLUS","EST_HRS_CLOSED","FATAL_COUNT","HEAVY_TRUCK_COUNT","HORSE_BUGGY_COUNT","HOUR_OF_DAY","ILLUMINATION","INJURY_COUNT","INTERSECT_TYPE","LANE_CLOSED","LATITUDE","LN_CLOSE_DIR","LOCATION_TYPE","LONGITUDE","MAX_SEVERITY_LEVEL","MCYCLE_DEATH_COUNT","MCYCLE_SUSP_SERIOUS_INJ_COUNT","MOTORCYCLE_COUNT","MUNICIPALITY","NONMOTR_COUNT","NONMOTR_DEATH_COUNT","NONMOTR_SUSP_SERIOUS_INJ_COUNT","NTFY_HIWY_MAINT","PED_COUNT","PED_DEATH_COUNT","PED_SUSP_SERIOUS_INJ_COUNT","PERSON_COUNT","POLICE_AGCY","POSSIBLE_INJ_COUNT","RDWY_SURF_TYPE_CD","RELATION_TO_ROAD","ROAD_CONDITION","SCH_BUS_IND","SCH_ZONE_IND","SMALL_TRUCK_COUNT","SPEC_JURIS_CD","SUSP_MINOR_INJ_COUNT","SUSP_SERIOUS_INJ_COUNT","SUV_COUNT","TCD_FUNC_CD","TCD_TYPE","TFC_DETOUR_IND","TIME_OF_DAY","TOT_INJ_COUNT","TOTAL_UNITS","UNB_DEATH_COUNT","UNB_SUSP_SERIOUS_INJ_COUNT","UNBELTED_OCC_COUNT","UNK_INJ_DEG_COUNT","UNK_INJ_PER_COUNT","URBAN_RURAL","VAN_COUNT","VEHICLE_COUNT","WORK_ZONE_IND","WORK_ZONE_LOC","WORK_ZONE_TYPE","WORKERS_PRES","WZ_CLOSE_DETOUR","WZ_FLAGGER","WZ_LAW_OFFCR_IND","WZ_LN_CLOSURE","WZ_MOVING","WZ_OTHER","WZ_SHLDER_MDN","ROADWAY_CLEARED","WEATHER1","WEATHER2","WZ_WORKERS_INJ_KILLED","SECONDARY_CRASH","INTERSECTION_RELATED"
"1540","2","0","0","0","0","0","0","0","0","4","0","","36","09","2021","2021092979","7","40.0195","-76.2841","1533","08","0","0","0","0","0","0","0","0","","0","0","0","15","1","0","00","0","40 01:10.059","","00","76 17:02.724","9","0","0","0","36301","1","0","0","N","0","0","0","2","36301","0","","2","01","N","N","0","","0","0","0","0","0","N","1533","0","2","0","0","0","0","1","3","0","2","N","","","","","","","","","","","","03","03","","N","N"
"2304","2","0","0","0","0","0","0","0","0","4","0","","36","10","2021","2021096676","1","40.0449","-76.2922","2258","08","0","0","2","0","0","0","0","0","","0","0","0","22","3","0","01","2","40 02:41.672","5","00","76 17:32.092","9","0","0","0","36301","0","0","0","N","0","0","0","4","36301","0","","1","09","N","N","0","","0","0","0","3","3","Y","2257","0","2","0","0","0","0","1","3","0","2","N","","","","","","","","","","","2355","07","03","","N","N"
"0328","1","0","0","0","0","0","0","0","0","7","0","","36","09","2021","2021094181","7","40.1391","-76.4999","0319","08","0","0","0","1","0","0","0","0","","0","0","0","03","2","0","00","2","40 08:20.919","6","00","76 29:59.572","0","0","0","0","36230","0","0","0","N","0","0","0","1","36410","0","","4","01","N","N","0","","0","0","0","0","0","Y","0317","0","1","0","0","0","0","0","1","0","1","N","","","","","","","","","","","0429","03","03","","N","N"
"1311","1","0","0","0","0","0","0","0","0","7","0","","36","09","2021","2021095489","1","40.2071","-76.0385","1252","08","0","0","0","0","0","0","0","0","","0","0","0","12","1","0","00","2","40 12:25.471","6","00","76 02:18.646","0","0","0","0","36202","0","0","0","N","0","0","0","2","68J01","0","","2","01","N","N","0","","0","0","0","0","0","Y","1251","0","1","0","0","0","0","0","1","0","1","N","","","","","","","","","","","0100","03","03","","N","N"
"2231","1","0","0","0","0","0","0","0","0","4","0","","36","09","2021","2021095054","6","40.2225","-76.0968","2229","08","0","0","1","0","0","0","1","0","","0","0","0","22","3","0","01","0","40 13:20.882","","00","76 05:48.548","0","0","0","0","36210","0","0","0","N","0","0","0","2","36210","0","","1","01","N","N","0","","0","0","1","3","2","","2229","0","2","0","0","0","0","0","1","0","2","N","","","","","","","","","","","","03","","","N","N"
"0615","1","0","0","0","0","0","0","0","0","4","0","","36","10","2021","2021095291","3","40.009","-76.1248","0604","08","0","0","0","0","0","1","0","0","","0","0","0","06","2","1","00","1","40 00:32.402","3","00","76 07:29.449","8","0","0","0","36226","0","0","0","N","0","0","0","5","68J01","0","","1","09","N","N","0","","0","0","0","3","3","Y","0601","1","2","0","0","2","1","0","1","1","2","N","","","","","","","","","","","0634","03","","","N","Y"
"2342","1","0","0","0","0","0","0","0","0","7","0","","36","10","2021","2021094489","3","40.2185","-76.4474","2335","08","0","0","0","0","0","0","0","0","","0","0","0","23","2","1","00","2","40 13:06.589","6","00","76 26:50.569","3","0","0","0","36230","0","0","0","N","0","0","0","1","36410","0","","5","01","N","N","0","","1","0","0","0","0","N","2320","1","1","0","0","0","0","0","1","0","1","N","","","","","","","","","","","0100","03","","","N","N"
"1859","0","0","0","0","0","0","0","0","0","7","0","","36","10","2021","2021095576","4","40.0641","-76.159","1852","08","0","0","0","0","0","0","0","0","","0","0","0","18","2","1","00","2","40 03:50.679","6","00","76 09:32.299","2","0","0","0","36234","0","0","0","N","0","0","0","1","36215","0","","5","01","N","N","0","","0","1","1","0","0","Y","1850","1","1","0","1","1","0","0","1","0","1","N","","","","","","","","","","","2031","03","03","","N","N"
"1730","1","0","0","0","0","0","0","0","0","4","0","","36","09","2021","2021091837","7","40.0457","-76.3092","1725","08","0","0","0","0","0","0","1","0","","0","0","0","17","1","1","01","0","40 02:44.444","","00","76 18:32.989","2","0","1","1","36301","0","0","0","N","0","0","0","3","36301","0","","1","01","N","N","0","","0","1","0","3","2","","1725","1","2","0","0","0","0","0","3","0","2","N","","","","","","","","","","","","03","03","","N",""
"1809","1","0","0","0","0","0","0","0","0","7","0","","36","10","2021","2021095194","7","40.0737","-76.2805","1806","08","0","0","0","0","0","0","0","0","","0","0","0","18","4","1","00","0","40 04:25.350","","00","76 16:49.650","4","0","0","0","36101","0","0","0","N","0","0","0","1","36101","1","","4","01","N","N","0","","0","0","0","0","0","","1804","1","1","0","0","0","0","0","3","0","1","N","","","","","","","","","","","","03","03","","N","N"
"1615","1","0","0","0","0","0","0","0","0","1","0","","36","09","2021","2021095584","4","40.1443","-76.5553","1612","08","0","0","0","0","0","1","0","0","","0","0","0","16","1","1","01","0","40 08:39.454","","00","76 33:19.149","4","0","0","0","36225","0","0","0","N","0","0","0","5","36505","1","","1","01","N","N","2","","0","0","0","3","2","","1607","1","3","0","0","0","0","0","2","0","3","N","","","","","","","","","","","","03","03","","N",""
"1455","0","0","0","0","0","0","0","0","0","1","0","","36","10","2021","2021097141","6","40.1586","-76.2306","1451","08","0","0","0","1","0","1","0","0","","0","1","0","14","1","0","02","0","40 09:31.065","","00","76 13:50.057","0","0","0","0","36235","0","0","0","N","0","0","0","2","36506","0","","1","01","N","N","0","","0","0","1","0","0","","1447","0","2","0","0","0","0","0","1","0","2","N","","","","","","","","","","","","04","","","N",""
"2036","2","0","0","0","0","0","0","0","0","1","0","","36","09","2021","2021093945","4","40.0606","-76.3063","2036","08","0","0","0","0","0","0","0","1","","0","0","0","20","3","0","01","0","40 03:38.229","","00","76 18:22.519","9","0","0","0","36101","0","0","0","N","0","0","0","3","36101","0","","1","01","N","N","0","","0","0","0","3","2","","2032","0","3","0","0","0","0","1","3","0","3","N","","","","","","","","","","","","03","03","","N","N"
"1741","1","0","0","0","0","0","0","0","0","4","0","","36","09","2021","2021093943","2","40.0135","-76.3296","1721","08","0","0","0","0","0","0","0","0","","0","0","0","17","1","0","00","0","40 00:48.527","","00","76 19:46.538","0","0","0","0","36220","0","0","0","N","0","0","0","2","36101","0","","1","01","N","N","0","","0","0","1","0","0","","1720","0","2","0","0","0","0","0","3","0","2","N","","","","","","","","","","","","03","03","","N","N"
"1709","1","0","0","0","0","0","0","0","0","7","0","","36","06","2021","2021052007","5","40.2457","-76.2198","1649","08","0","0","0","0","0","0","0","0","","0","0","0","16","1","0","00","0","40 14:44.752","","00","76 12:05.225","0","0","0","0","36236","0","0","0","N","0","0","0","1","68T06","0","","2","09","N","N","0","","0","0","0","0","0","","1646","0","1","0","0","0","0","0","1","0","1","N","","","","","","","","","","","","07","","","N","N"
"0712","1","0","0","0","0","0","0","0","0","7","0","","36","09","2021","2021094307","6","39.9793","-76.2488","0706","08","0","0","0","0","0","0","0","0","","0","0","0","01","2","0","00","0","39 58:45.590","","00","76 14:55.815","0","0","0","0","36240","0","0","0","N","0","0","0","1","36240","0","","5","01","N","N","0","","0","0","0","0","0","","0100","0","1","0","0","0","0","0","1","0","1","N","","","","","","","","","","","","03","","","N","N"
"0500","1","0","0","0","0","0","0","0","0","1","0","","36","09","2021","2021094994","1","40.1142","-76.5213","0457","08","0","0","0","0","0","0","0","0","","0","0","0","04","3","1","00","1","40 06:51.223","4","00","76 31:16.591","3","0","0","0","36413","0","0","0","N","0","0","0","1","36413","0","","6","01","N","N","0","","1","0","1","0","0","N","0456","1","2","0","0","0","0","0","2","0","2","N","","","","","","","","","","","0520","03","","","N","N"
"1334","2","0","0","0","0","0","0","0","0","1","0","","36","09","2021","2021093949","5","40.0819","-76.351","1321","08","0","0","0","0","0","1","0","0","","0","0","0","13","1","0","00","0","40 04:54.975","","00","76 21:03.454","0","0","0","0","36214","0","0","0","N","0","0","0","2","36214","0","","1","01","N","N","0","","0","0","0","0","0","","1316","0","2","0","0","0","0","0","3","0","2","N","","","","","","","","","","","","03","","","N","N"
"2236","1","0","0","0","0","0","0","0","0","5","0","","36","06","2021","2021061159","4","40.0965","-76.6714","2216","08","0","0","0","0","0","0","0","0","","0","0","0","21","2","0","00","0","40 05:47.488","","00","76 40:17.197","9","0","0","0","36207","0","0","0","N","0","0","0","2","36504","0","","4","01","N","Y","1","","0","0","0","0","0","","2100","0","2","0","0","0","0","2","1","0","2","N","","","","","","","","","","","","03","03","","N","N"
"0259","1","0","0","0","0","0","0","0","0","7","0","","36","10","2021","2021097509","7","39.846","-76.1576","0244","08","0","0","0","0","0","0","0","0","","0","0","0","02","2","0","00","2","39 50:45.662","5","00","76 09:27.303","0","0","0","0","36212","0","0","0","N","0","0","0","1","68J01","0","","4","01","N","N","0","","0","0","0","0","0","Y","0239","0","1","0","0","0","0","0","1","0","1","N","","","","","","","","","","","0342","03","03","","N","N"
"1732","0","0","0","0","0","0","0","0","0","4","0","","36","05","2021","2021047309","5","40.1021","-76.0769","1729","08","0","0","0","0","0","0","0","1","","0","0","0","17","1","0","02","0","40 06:07.621","","00","76 04:36.713","0","0","0","1","36415","0","0","0","N","0","0","0","2","36415","0","","1","01","N","N","0","","0","0","1","3","3","","1729","0","2","0","0","0","0","0","1","0","2","N","","","","","","","","","","","","03","03","","N",""
"1402","0","0","0","0","0","0","0","0","0","0","1","","36","08","2021","2021086063","2","39.9261","-76.1954","1352","08","0","0","0","0","0","0","0","0","","0","1","0","13","1","1","00","2","39 55:34.000","5","00","76 11:43.600","3","0","0","0","36233","0","0","0","N","0","0","0","1","68J01","0","","1","01","N","N","0","","1","0","0","3","3","Y","1350","1","1","0","0","0","0","0","1","0","1","N","","","","","","","","","","","1645","03","","","N","N"
"0303","1","0","0","0","0","0","0","0","0","5","1","","36","04","2021","2021086487","2","40.0443","-76.487","0258","08","0","0","0","0","0","0","0","0","","0","1","0","02","2","0","00","0","40 02:39.368","","00","76 29:13.255","0","0","0","0","36404","0","0","0","N","0","0","0","1","36404","0","","2","09","N","N","0","","0","0","0","0","0","","0256","0","2","0","0","0","0","0","3","0","2","N","","","","","","","","","","","","07","04","","N","N"
"1230","1","0","0","0","0","0","0","0","0","2","0","","36","09","2021","2021086311","5","40.0475","-76.3629","1225","08","0","0","0","0","0","0","1","0","","0","0","0","12","1","0","01","0","40 02:50.996","","00","76 21:46.341","0","0","0","0","36214","0","0","0","N","0","0","0","2","36214","0","","1","01","N","N","0","","0","0","1","3","3","","1222","0","2","0","0","0","0","0","3","0","2","N","","","","","","","","","","","","04","","","N",""
"1436","1","0","0","0","0","0","0","0","0","6","0","","36","05","2021","2021052087","3","40.1777","-76.5432","1427","08","0","0","1","0","0","1","0","0","","0","0","0","14","1","1","00","0","40 10:39.610","","00","76 32:35.608","4","0","0","0","36225","0","0","0","N","0","0","0","2","36505","1","","1","01","N","N","0","","0","0","1","0","0","","1427","1","2","0","0","0","0","0","2","0","2","N","","","","","","","","","","","","03","03","","N","N"
"1436","0","0","0","0","0","0","0","0","0","1","1","","36","09","2021","2021094988","2","40.1472","-76.1847","1429","08","0","0","0","0","0","0","1","0","","0","1","0","14","1","3","00","2","40 08:50.957","2","00","76 11:02.137","8","0","0","0","36238","0","0","0","N","0","0","0","3","36238","0","","1","01","N","N","1","","0","0","0","0","0","Y","1429","3","2","0","0","0","3","0","3","0","2","N","","","","","","","","","","","1538","03","","","N","N"
"0725","0","0","0","0","0","0","0","0","0","1","0","","36","10","2021","2021095138","4","39.9897","-75.9979","0721","08","0","0","0","0","0","0","1","0","","0","0","0","07","1","0","00","1","39 59:22.858","3","00","75 59:52.260","9","0","0","0","36232","0","0","0","N","0","0","0","4","68J01","0","","1","01","N","N","1","","0","0","1","0","0","N","0717","0","2","0","0","1","0","1","1","0","2","N","","","","","","","","","","","0740","04","","","N","N"
"0834","0","0","0","0","0","0","0","0","0","1","0","","36","09","2021","2021085194","6","40.0668","-76.6001","0825","08","0","0","0","0","0","2","0","0","","0","0","0","08","1","1","01","2","40 04:00.304","5","00","76 36:00.485","8","0","0","0","36211","0","0","0","N","0","0","0","2","36504","0","","1","01","N","N","0","","0","0","2","0","0","Y","0820","1","2","0","0","0","1","0","1","0","2","N","","","","","","","","","","","0915","03","03","","N","N"
"1612","2","0","0","0","0","0","0","0","0","4","0","","36","05","2021","2021047308","4","40.1008","-76.096","1610","08","0","0","0","0","0","0","2","0","","0","0","0","16","1","0","01","0","40 06:03.031","","00","76 05:45.673","0","0","0","0","36415","0","0","0","N","0","0","0","2","36415","0","","1","01","N","N","0","","0","0","0","3","3","","1605","0","2","0","0","0","0","0","1","0","2","N","","","","","","","","","","","","03","03","","N",""
"1351","1","0","0","0","0","0","0","0","0","7","0","","36","05","2021","2021050618","2","40.2144","-76.2422","1351","08","0","0","0","0","0","0","0","0","","0","0","0","13","1","0","02","0","40 12:51.712","","00","76 14:31.875","0","0","0","0","36204","0","0","0","N","0","0","0","1","36506","0","","4","01","N","N","0","","0","0","0","0","0","","1351","0","1","0","0","0","0","0","1","0","1","N","","","","","","","","","","","","03","","","N",""
"1654","0","0","0","0","0","0","0","0","0","7","0","","36","05","2021","2021049882","5","40.0385","-76.3271","1640","08","0","0","0","0","0","0","0","0","","0","0","0","15","1","0","00","2","40 02:18.701","6","00","76 19:37.418","0","0","0","0","36220","0","0","0","N","0","0","0","0","36101","0","","2","01","N","N","0","","0","0","0","0","0","Y","1558","0","1","0","0","0","0","0","3","1","1","N","","","","","","","","","","","1730","03","","","N","N"
"0857","0","0","0","0","0","0","0","0","0","7","0","","36","09","2021","2021087779","1","39.9347","-76.3182","0848","08","0","0","0","0","0","0","0","0","","0","0","0","00","2","0","00","0","39 56:04.798","","00","76 19:05.488","0","0","0","0","36224","0","0","0","N","0","0","0","1","68J01","0","","5","01","N","N","0","","0","0","1","0","0","","0001","0","1","0","0","1","0","0","1","0","1","N","","","","","","","","","","","","03","03","","N","N"
"1309","0","0","0","0","0","0","0","0","0","4","0","","36","09","2021","2021086484","2","40.0329","-76.5037","1251","08","0","0","0","0","0","1","0","1","","0","0","0","12","1","0","01","0","40 01:58.364","","00","76 30:13.291","0","0","0","1","36404","0","0","0","N","0","0","0","3","36404","0","","1","01","N","N","0","","0","0","1","3","3","","1251","0","2","0","0","0","0","0","3","0","2","N","","","","","","","","","","","","03","","","N",""
"2004","1","0","0","0","0","0","0","0","0","8","0","","36","07","2021","2021080880","3","40.0275","-76.3126","2004","08","0","0","0","0","0","0","0","0","","0","0","0","20","1","1","01","2","40 01:38.834","6","00","76 18:45.302","2","0","0","0","36301","1","0","1","N","1","0","1","2","36301","0","","1","01","N","N","0","","0","1","0","3","3","N","2003","1","2","0","0","0","0","0","3","0","1","N","","","","","","","","","","","2110","03","03","","N",""
"1305","0","0","0","0","0","0","0","0","0","4","0","","36","08","2021","2021087715","2","40.0237","-76.2408","1301","08","0","0","0","0","0","1","0","0","","0","0","0","13","1","1","00","2","40 01:25.310","5","00","76 14:27.018","3","0","0","0","36215","0","0","0","N","0","0","0","2","36215","0","","1","01","N","N","1","","1","0","1","0","0","Y","1300","1","2","0","0","1","0","0","1","0","2","N","","","","","","","","","","","1403","03","03","","N","N"
"2307","1","0","0","0","0","0","0","0","0","5","0","","36","05","2021","2021044065","7","40.063","-76.2983","2302","08","1","0","0","0","0","0","0","0","","0","0","0","23","3","1","00","2","40 03:46.720","5","00","76 17:53.740","4","0","0","0","36101","0","0","0","N","0","0","0","1","36101","1","","6","01","N","N","0","","0","0","1","0","0","Y","2301","1","2","0","0","1","0","0","3","0","2","N","","","","","","","","","","","2330","03","","","N","N"
"2114","1","0","0","0","0","0","0","0","0","4","0","","36","05","2021","2021045815","3","40.1","-76.3541","2114","08","0","1","0","0","0","0","0","0","","0","0","0","21","3","0","01","1","40 06:00.025","6","00","76 21:14.898","0","0","0","0","36406","0","0","0","N","0","0","0","4","36506","0","","1","01","N","N","0","","0","0","1","3","2","Y","2114","0","2","0","0","0","0","0","3","0","2","N","","","","","","","","","","","2145","03","","","N",""
"1300","0","0","0","0","0","0","0","0","0","4","0","","36","05","2021","2021055126","2","39.8414","-76.0932","1250","08","0","0","0","0","0","1","1","0","","0","0","0","12","1","1","01","1","39 50:28.973","6","00","76 05:35.577","8","0","0","0","36205","0","0","0","N","0","0","0","2","68J01","0","","1","01","N","N","1","","0","0","1","3","3","N","1245","1","2","0","0","0","1","0","1","0","2","N","","","","","","","","","","","1345","03","03","","N","N"
"1658","2","0","0","0","0","0","0","0","0","4","0","","36","09","2021","2021087342","1","40.0009","-76.3658","1651","08","0","0","0","0","0","0","1","0","","0","0","0","16","1","3","00","2","40 00:03.180","5","00","76 21:56.830","8","0","0","0","36223","0","0","0","N","0","0","0","3","36223","0","","1","01","N","N","0","","0","0","0","0","0","Y","1649","3","2","0","0","2","3","0","1","0","2","N","","","","","","","","","","","1757","03","04","","N","N"
"1710","1","0","0","0","0","0","0","0","0","6","0","","36","08","2021","2021086071","6","40.2413","-76.2979","1647","08","0","0","0","0","0","1","0","0","","0","1","0","16","1","1","00","2","40 14:28.672","1","00","76 17:52.503","3","0","0","0","36217","0","0","0","N","0","0","0","2","68J01","0","","1","01","N","N","0","","1","0","0","0","0","N","1643","1","2","0","0","0","0","0","1","0","2","N","","","","","","","","","","","1750","03","03","","N","N"
"1430","1","0","0","0","0","0","0","0","0","4","0","","36","05","2021","2021047306","2","40.0966","-76.1062","1425","08","0","0","0","0","0","0","1","0","","0","0","0","14","1","1","01","0","40 05:47.922","","00","76 06:22.185","3","0","0","0","36415","0","0","0","N","0","0","0","2","36415","0","","1","01","N","N","0","","1","0","1","3","2","","1415","1","2","0","0","0","0","0","1","0","2","N","","","","","","","","","","","","03","","","N",""
"1425","0","0","0","0","0","0","0","0","0","7","0","","36","05","2021","2021046215","7","39.8821","-76.1859","1411","08","0","0","0","0","0","0","0","0","","0","0","0","14","1","0","00","2","39 52:55.460","5","00","76 11:09.150","0","0","0","0","36212","0","0","0","N","0","0","0","1","68J01","0","","4","01","N","N","1","","0","0","0","0","0","Y","1407","0","1","0","0","0","0","0","1","0","1","N","","","","","","","","","","","0255","03","","","N","N"
"1132","1","0","0","0","0","0","0","0","0","1","0","","36","05","2021","2021045037","6","40.185","-76.6013","1126","08","0","1","0","0","0","1","0","0","","0","0","0","11","1","3","00","2","40 11:06.079","5","00","76 36:04.702","3","0","0","0","36225","0","0","0","N","0","0","0","4","36505","1","","1","01","N","N","1","","2","0","1","0","0","N","1125","3","3","0","0","0","0","0","2","0","3","N","","","","","","","","","","","1215","03","","","N","Y"
"1447","1","0","0","0","0","0","0","0","0","1","0","","36","05","2021","2021044811","2","40.09","-76.3045","1442","08","0","0","0","1","0","0","0","1","","0","0","0","14","1","0","02","1","40 05:23.951","2","00","76 18:16.076","0","0","0","0","36101","0","0","0","N","0","0","0","2","36101","0","","1","01","N","N","1","","0","0","0","0","0","N","1442","0","2","0","0","0","0","0","3","0","2","N","","","","","","","","","","","1510","03","03","","N",""
"2309","1","0","0","0","0","0","0","0","0","4","0","","36","09","2021","2021086313","2","40.0519","-76.3964","2302","08","0","0","0","0","0","1","0","0","","0","0","0","23","2","1","00","1","40 03:06.989","3","01","76 23:46.882","3","0","0","0","36214","0","0","0","N","0","0","0","2","36214","0","","1","01","N","N","0","","1","0","1","0","0","N","2301","1","2","0","0","0","0","0","3","0","2","N","","","","","","","","","","","2356","03","03","","N","N"
"1434","2","0","0","0","0","0","0","0","0","4","0","","36","05","2021","2021047303","5","40.0444","-76.3586","1434","08","0","0","0","0","0","1","0","0","","0","0","0","14","1","1","02","1","40 02:39.775","2","00","76 21:30.851","4","0","0","0","36214","0","0","0","N","0","0","0","4","36214","1","","1","01","N","N","0","","0","0","0","3","3","N","1417","1","2","0","0","0","0","0","3","0","2","N","","","","","","","","","","","1500","03","","","N",""
"0547","1","0","0","0","0","0","0","0","0","5","1","","36","09","2021","2021085469","3","40.0703","-76.317","0540","08","0","0","0","0","0","2","0","0","","0","1","0","05","3","0","00","1","40 04:12.984","3","03","76 19:01.300","0","0","0","0","36101","0","0","0","N","0","0","0","2","36101","0","","1","01","N","N","0","","0","0","0","0","0","N","0533","0","2","0","0","0","0","0","3","0","2","N","","","","","","","","","","","0100","03","","","N","N"
"1243","2","0","0","0","0","0","0","0","0","4","0","","36","08","2021","2021077609","5","40.1761","-76.2249","1237","08","0","0","0","0","0","0","0","1","","0","0","0","12","1","0","01","0","40 10:34.041","","00","76 13:29.758","0","0","0","0","36218","0","0","0","N","0","0","0","3","36408","0","","1","01","N","N","0","","0","0","0","3","3","","1234","0","2","0","0","0","0","0","1","0","2","N","","","","","","","","","","","","03","03","","N",""
"1244","2","0","0","0","0","0","0","0","0","4","0","","36","08","2021","2021082634","6","40.0442","-76.308","1244","08","0","0","0","0","0","0","0","0","","0","0","0","12","1","1","00","1","40 02:39.020","3","07","76 18:28.798","8","0","0","0","36301","0","0","0","N","0","0","0","2","36301","0","","1","01","N","N","0","","0","0","0","0","0","N","1244","1","2","0","0","0","1","0","3","0","2","N","","","","","","","","","","","1315","03","03","","N","N"
"1731","0","0","0","0","0","0","0","0","0","1","0","","36","05","2021","2021044812","2","40.1105","-76.3055","1720","08","0","0","0","0","0","2","0","0","","0","0","0","17","1","1","02","0","40 06:37.876","","00","76 18:19.954","3","0","0","0","36101","0","0","0","N","0","0","0","3","36101","0","","1","01","N","N","0","","1","0","2","0","0","","1720","1","2","0","0","0","0","0","3","0","2","N","","","","","","","","","","","","03","03","","N",""
"1137","0","0","0","0","0","0","0","0","0","1","0","","36","09","2021","2021087120","4","40.0583","-76.2739","1137","08","0","0","0","1","0","1","0","0","","0","0","0","11","1","1","00","0","40 03:30.028","","00","76 16:26.153","3","0","0","0","36101","0","0","0","N","0","0","0","2","36101","0","","1","01","N","N","0","","1","0","2","0","0","","1133","1","2","0","0","0","0","0","3","0","2","N","","","","","","","","","","","","03","","","N","N"
"1427","1","0","0","0","0","0","0","0","0","1","0","","36","05","2021","2021047301","4","40.038","-76.349","1418","08","1","0","0","0","0","1","0","0","","0","0","0","14","1","1","00","2","40 02:16.871","4","00","76 20:56.379","3","0","0","0","36214","0","0","0","N","0","0","0","4","36214","0","","1","01","N","N","0","","1","0","2","0","0","N","1417","1","3","0","0","0","0","0","3","0","3","N","","","","","","","","","","","1302","03","","","N","N"
"0623","1","0","0","0","0","0","0","0","0","4","0","","36","05","2021","2021044111","6","40.0381","-76.292","0618","08","0","0","0","0","0","0","0","0","","0","0","0","06","1","1","01","2","40 02:17.113","3","00","76 17:31.074","3","0","0","0","36301","0","0","0","N","0","0","0","2","36301","0","","1","01","N","N","0","","1","0","1","3","3","Y","0617","1","2","0","0","0","0","0","3","0","2","N","","","","","","","","","","","0714","03","","","N",""
"1826","1","0","0","0","0","0","0","0","0","4","0","","36","09","2021","2021086316","5","40.1533","-76.3688","1824","08","0","0","0","0","0","2","1","0","","0","0","0","18","1","0","02","1","40 09:11.989","1","00","76 22:07.535","0","0","0","0","36227","0","0","0","N","0","0","0","3","36506","0","","1","01","N","N","0","","0","0","2","0","0","N","1824","0","3","0","0","0","0","0","1","0","3","N","","","","","","","","","","","1908","03","03","","N",""
"0855","0","0","0","0","0","0","0","0","0","8","0","","36","05","2021","2021046157","2","40.0588","-76.2868","0836","08","0","0","0","0","0","0","0","0","","0","0","0","08","1","1","00","0","40 03:31.800","","00","76 17:12.300","3","0","0","1","36101","1","0","0","N","1","0","0","2","36101","0","","1","01","N","N","0","","1","0","0","0","0","","0830","1","2","0","0","0","0","0","3","0","1","N","","","","","","","","","","","","03","03","","N","N"
"0833","1","0","0","0","0","0","0","0","0","8","0","","36","09","2021","2021085521","3","40.0261","-76.3104","0830","08","0","0","0","0","0","0","0","0","","0","0","0","08","1","1","02","0","40 01:34.042","","00","76 18:37.612","4","0","0","0","36301","1","0","0","N","1","0","0","2","36301","1","","1","01","N","N","0","","0","0","0","3","3","","0828","1","2","0","0","0","0","1","3","0","1","N","","","","","","","","","","","","03","03","","N",""
"1654","1","0","0","0","0","0","0","0","0","7","0","","36","05","2021","2021046705","7","40.0557","-76.4066","1650","08","0","0","0","0","0","1","0","0","","0","0","0","16","1","0","00","0","40 03:20.544","","00","76 24:23.669","0","0","0","0","36239","0","0","0","N","0","0","0","1","36239","0","","2","01","N","N","0","","0","0","0","0","0","","1650","0","1","0","0","0","0","0","3","0","1","N","","","","","","","","","","","","03","03","","N","N"
"1259","1","0","0","0","0","0","0","0","0","4","0","","36","05","2021","2021047569","6","40.0379","-76.5042","1256","08","0","0","0","0","0","0","1","0","","0","0","0","12","1","0","01","0","40 02:16.558","","00","76 30:14.950","0","0","0","0","36404","0","0","0","N","0","0","0","2","36404","0","","1","01","N","N","0","","0","0","1","3","3","","1256","0","2","0","0","0","0","0","3","0","2","N","","","","","","","","","","","","03","","","N",""
"1632","0","0","0","0","0","0","0","0","0","4","0","","36","05","2021","2021042095","1","40.1421","-76.5665","1629","08","0","0","0","0","0","0","1","0","","0","0","0","16","1","2","01","1","40 08:31.700","6","00","76 33:59.551","8","0","0","0","36225","0","0","0","N","0","0","0","2","36505","0","","1","01","N","N","0","","0","0","2","3","3","N","1627","2","2","0","0","0","2","0","2","0","2","N","","","","","","","","","","","1715","04","04","","N",""
"1514","1","0","0","0","0","0","0","0","0","4","0","","36","09","2021","2021084534","1","40.009","-76.4293","1507","08","0","0","0","0","0","1","0","0","","0","0","0","15","1","2","01","2","40 00:32.544","5","00","76 25:45.623","3","0","0","0","36223","0","0","0","N","0","0","0","2","36223","0","","1","09","N","N","0","","2","0","1","0","0","Y","1504","2","2","0","0","0","0","0","1","0","2","N","","","","","","","","","","","1641","07","04","","N",""