"ARRIVAL_TM","AUTOMOBILE_COUNT","BELTED_DEATH_COUNT","BELTED_SUSP_SERIOUS_INJ_COUNT","BICYCLE_COUNT","BICYCLE_DEATH_COUNT","BICYCLE_SUSP_SERIOUS_INJ_COUNT","BUS_COUNT","CHLDPAS_DEATH_COUNT","CHLDPAS_SUSP_SERIOUS_INJ_COUNT","COLLISION_TYPE","COMM_VEH_COUNT","CONS_ZONE_SPD_LIM","COUNTY","CRASH_MONTH","CRASH_YEAR","CRN","DAY_OF_WEEK","DEC_LAT","DEC_LONG","DISPATCH_TM","DISTRICT","DRIVER_COUNT_16YR","DRIVER_COUNT_17YR","DRIVER_COUNT_18YR","DRIVER_COUNT_19YR","DRIVER_COUNT_20YR","DRIVER_COUNT_50_64YR","DRIVER_COUNT_65_74YR","DRIVER_COUNT_75PLUS","EST_HRS_CLOSED","FATAL_COUNT","HEAVY_TRUCK_COUNT","HORSE_BUGGY_COUNT","HOUR_OF_DAY","ILLUMINATION","INJURY_COUNT","INTERSECT_TYPE","LANE_CLOSED","LATITUDE","LN_CLOSE_DIR","LOCATION_TYPE","LONGITUDE","MAX_SEVERITY_LEVEL","MCYCLE_DEATH_COUNT","MCYCLE_SUSP_SERIOUS_INJ_COUNT","MOTORCYCLE_COUNT","MUNICIPALITY","NONMOTR_COUNT","NONMOTR_DEATH_COUNT","NONMOTR_SUSP_SERIOUS_INJ_COUNT","NTFY_HIWY_MAINT","PED_COUNT","PED_DEATH_COUNT","PED_SUSP_SERIOUS_INJ_COUNT","PERSON_COUNT","POLICE_AGCY","POSSIBLE_INJ_COUNT","RDWY_SURF_TYPE_CD","RELATION_TO_ROAD","ROAD_CONDITION","SCH_BUS_IND","SCH_ZONE_IND","SMALL_TRUCK_COUNT","SPEC_JURIS_CD","SUSP_MINOR_INJ_COUNT","SUSP_SERIOUS_INJ_COUNT","SUV_COUNT","TCD_FUNC_CD","TCD_TYPE","TFC_DETOUR_IND","TIME_OF_DAY","TOT_INJ_COUNT","TOTAL_UNITS","UNB_DEATH_COUNT","UNB_SUSP_SERIOUS_INJ_COUNT","UNBELTED_OCC_COUNT","UNK_INJ_DEG_COUNT","UNK_INJ_PER_COUNT","URBAN_RURAL","VAN_COUNT","VEHICLE_COUNT","WORK_ZONE_IND","WORK_ZONE_LOC","WORK_ZONE_TYPE","WORKERS_PRES","WZ_CLOSE_DETOUR","WZ_FLAGGER","WZ_LAW_OFFCR_IND","WZ_LN_CLOSURE","WZ_MOVING","WZ_OTHER","WZ_SHLDER_MDN","ROADWAY_CLEARED","WEATHER1","WEATHER2","WZ_WORKERS_INJ_KILLED","SECONDARY_CRASH","INTERSECTION_RELATED"
"1552","1","0","0","0","0","0","0","0","0","7","0","","36","09","2021","2021086105","5","40.2208","-76.0631","1531","08","0","0","0","0","0","0","0","0","","0","0","0","15","1","0","01","1","40 13:14.794","2","00","76 03:47.313","0","0","0","0","36202","0","0","0","N","0","0","0","1","68J01","0","","4","01","N","N","0","","0","0","0","0","0","N","1525","0","1","0","0","0","0","0","1","0","1","N","","","","","","","","","","","1646","03","","","N","N"
"0855","0","0","0","0","0","0","0","0","0","7","0","","36","08","2021","2021086078","6","39.8856","-76.2962","0846","08","0","0","0","0","0","1","0","0","","0","0","0","08","1","0","02","0","39 53:08.307","","00","76 17:46.374","0","0","0","0","36224","0","0","0","N","0","0","0","1","68J01","0","","4","01","N","N","1","","0","0","0","0","0","","0813","0","1","0","0","0","0","0","1","0","1","N","","","","","","","","","","","","03","03","","N","N"
"1546","1","0","0","0","0","0","0","0","0","1","0","","36","05","2021","2021044564","6","40.0431","-76.5127","1546","08","0","0","0","0","0","0","0","0","","0","0","0","15","1","0","00","0","40 02:35.215","","00","76 30:45.655","0","0","0","0","36239","0","0","0","N","0","0","0","4","36239","0","","1","01","N","N","0","","0","0","1","0","0","","1546","0","2","0","0","0","0","0","3","0","2","N","","","","","","","","","","","","03","03","","N","N"
"1446","0","0","0","0","0","0","0","0","0","1","0","","36","05","2021","2021045995","4","40.0052","-76.305","1439","08","0","1","0","0","0","0","0","0","","0","0","0","14","1","2","02","0","40 00:18.747","","00","76 18:18.078","3","0","0","0","36220","0","0","0","N","0","0","0","3","36101","0","","1","01","N","N","0","","2","0","2","0","0","","1437","2","2","0","0","0","0","0","3","0","2","N","","","","","","","","","","","","03","","","N",""
"2203","2","0","0","0","0","0","0","0","0","1","0","","36","09","2021","2021084303","3","40.053","-76.3842","2158","08","0","0","0","0","0","0","0","0","","0","0","0","21","2","5","00","2","40 03:10.922","4","00","76 23:03.286","3","0","0","0","36214","0","0","0","N","0","0","0","5","36214","3","","1","01","N","N","0","","2","0","1","0","0","Y","2156","5","3","0","0","1","0","0","3","0","3","N","","","","","","","","","","","2330","03","","","Y","N"
"0830","1","0","0","0","0","0","0","0","0","1","0","","36","09","2021","2021084869","4","39.8987","-76.2409","0752","08","0","0","0","0","0","0","1","0","","0","0","0","07","1","0","00","0","39 53:55.316","","00","76 14:27.187","0","0","0","0","36229","0","0","0","N","0","0","0","3","68J01","0","","1","09","N","N","1","","0","0","0","0","0","","0743","0","2","0","0","2","0","0","1","0","2","N","","","","","","","","","","","","07","","","N","N"
"0933","1","0","0","0","0","0","0","0","0","1","0","","36","05","2021","2021054745","5","40.1592","-76.6254","0928","08","0","0","0","0","1","0","0","0","","0","0","0","09","1","0","02","0","40 09:33.052","","00","76 37:31.498","0","0","0","0","36237","0","0","0","N","0","0","0","2","36505","0","","1","01","N","N","0","","0","0","1","0","0","","0926","0","2","0","0","0","0","0","1","0","2","N","","","","","","","","","","","","03","","","N",""
"1805","1","0","0","0","0","0","0","0","0","1","0","","36","05","2021","2021047307","4","40.1033","-76.0871","1800","08","0","0","0","0","0","0","0","0","","0","0","0","18","1","0","01","0","40 06:11.878","","00","76 05:13.467","0","0","0","0","36415","0","0","0","N","0","0","0","3","36415","0","","1","01","N","N","0","","0","0","1","3","2","","1800","0","2","0","0","2","0","0","1","0","2","N","","","","","","","","","","","","03","03","","N",""
"1655","1","0","0","0","0","0","0","0","0","1","0","","36","06","2021","2021085340","5","40.0409","-76.3918","1640","08","0","0","0","0","1","0","0","0","","0","0","0","16","1","0","00","1","40 02:27.317","3","00","76 23:30.418","0","0","0","0","36223","0","0","0","N","0","0","0","3","36223","0","","1","01","N","N","1","","0","0","0","0","0","N","1635","0","2","0","0","0","0","0","1","0","2","N","","","","","","","","","","","0100","03","","","N","N"
"0815","0","0","0","0","0","0","0","0","0","4","0","","36","09","2021","2021086486","6","40.037","-76.5083","0811","08","0","0","0","0","0","0","0","0","","0","0","0","08","1","4","01","1","40 02:13.102","3","00","76 30:29.880","4","0","0","0","36404","0","0","0","N","0","0","0","6","36404","4","","1","01","N","N","0","","0","0","2","3","2","Y","0811","4","2","0","0","0","0","0","3","0","2","N","","","","","","","","","","","0902","03","","","N",""
"1714","1","0","0","0","0","0","0","0","0","4","0","","36","05","2021","2021049506","3","40.0404","-76.2974","1706","08","0","0","0","0","0","0","0","0","","0","0","0","16","1","0","01","1","40 02:25.538","4","00","76 17:50.699","9","0","0","0","36301","0","0","0","N","0","0","0","1","36301","0","","1","01","N","N","1","","0","0","1","3","2","N","1657","0","3","0","0","0","0","1","3","0","3","N","","","","","","","","","","","1804","04","04","","Y",""
"0715","2","0","0","0","0","0","0","0","0","1","0","","36","09","2021","2021087716","5","40.0851","-76.2153","0712","08","0","0","0","0","0","1","0","0","","0","0","0","07","1","0","00","0","40 05:06.203","","00","76 12:55.249","0","0","0","0","36234","0","0","0","N","0","0","0","3","36215","0","","1","01","N","N","1","","0","0","0","0","0","","0709","0","3","0","0","0","0","0","1","0","3","N","","","","","","","","","","","","03","03","","N","N"
"1714","0","0","0","0","0","0","0","0","0","0","0","","36","05","2021","2021048585","2","40.0223","-76.2673","1709","08","0","0","0","0","0","0","0","0","","0","0","0","17","1","0","00","0","40 01:20.115","","00","76 16:02.367","0","0","0","1","36240","0","0","0","N","0","0","0","5","36240","0","","1","01","N","N","1","","0","0","0","0","0","","1707","0","2","0","0","0","0","0","1","0","2","N","","","","","","","","","","","","03","","","N","N"
"1314","1","0","0","0","0","0","0","0","0","4","0","","36","05","2021","2021046588","3","40.0382","-76.3537","1312","08","0","0","0","0","0","0","1","1","","0","0","0","13","1","2","02","2","40 02:17.398","6","00","76 21:13.443","3","0","0","0","36223","0","0","0","N","0","0","0","2","36223","0","","1","01","N","N","0","","2","0","1","3","3","Y","1306","2","2","0","0","0","0","0","1","0","2","N","","","","","","","","","","","1401","03","03","","N",""
"2238","1","0","0","0","0","0","0","0","0","7","0","","36","05","2021","2021046303","2","40.0293","-76.3081","2234","08","0","0","0","0","0","0","0","0","","0","0","0","22","3","0","00","0","40 01:45.600","","07","76 18:29.000","0","0","0","0","36301","0","0","0","N","0","0","0","1","36301","0","","5","01","N","N","0","","0","0","0","0","0","","2230","0","1","0","0","0","0","0","3","0","1","N","","","","","","","","","","","","03","","","N","N"
"1536","2","0","0","0","0","0","0","0","0","4","0","","36","08","2021","2021086070","6","40.0381","-76.1067","1519","08","0","0","0","0","0","0","0","0","","0","0","0","14","1","0","01","1","40 02:17.172","3","00","76 06:24.160","0","0","0","0","36221","0","0","0","N","0","0","0","5","68J01","0","","1","01","N","N","0","","0","0","0","3","3","N","1458","0","2","0","0","0","0","0","1","0","2","N","","","","","","","","","","","1630","03","","","N","N"
"0653","0","0","0","0","0","0","0","0","0","4","0","","36","09","2021","2021086485","6","40.0379","-76.4917","0653","08","0","1","0","0","0","0","0","0","","0","0","0","06","5","0","00","2","40 02:16.570","5","00","76 29:29.940","0","0","0","0","36404","0","0","0","N","0","0","0","1","36404","0","","1","01","N","N","1","","0","0","1","0","0","U","0653","0","2","0","0","0","0","0","3","0","2","N","","","","","","","","","","","0727","03","","","N","N"
"1714","1","0","0","0","0","0","0","0","0","1","0","","36","05","2021","2021046225","4","39.9998","-76.0721","1713","08","0","0","1","0","0","0","1","0","","0","0","0","17","1","0","00","2","39 59:59.246","4","00","76 04:19.415","0","0","0","0","36226","0","0","0","N","0","0","0","3","68J01","0","","1","01","N","N","1","","0","0","1","0","0","N","1709","0","3","0","0","0","0","0","1","0","3","N","","","","","","","","","","","1800","03","03","","N","N"
"0630","1","0","0","0","0","0","0","0","0","7","0","","36","08","2021","2021077479","5","40.2727","-76.1615","0630","08","0","0","0","0","0","0","0","0","","0","0","0","06","5","0","00","2","40 16:21.674","6","00","76 09:41.333","0","0","0","0","36236","0","0","0","N","0","0","0","1","36408","0","","1","09","N","N","0","","0","0","0","0","0","Y","0630","0","1","0","0","0","0","0","1","0","1","N","","","","","","","","","","","0800","05","","","N","N"
"0909","0","0","0","0","0","0","0","0","0","1","0","","36","05","2021","2021043921","3","40.1577","-76.3848","0903","08","0","0","0","0","0","0","1","0","","0","0","0","09","1","1","00","2","40 09:27.823","6","00","76 23:05.164","2","0","1","1","36227","0","0","0","N","0","0","0","2","36506","0","","1","01","N","N","0","","0","1","0","0","0","Y","0903","1","2","0","0","0","0","0","1","1","2","N","","","","","","","","","","","0030","03","03","","N","N"
"1124","0","0","0","0","0","0","0","0","0","7","0","","36","09","2021","2021084113","5","40.1711","-76.4538","1121","08","0","0","0","0","0","0","0","1","","0","0","0","11","1","1","00","2","40 10:15.870","2","00","76 27:13.830","3","0","0","0","36230","0","0","0","N","0","0","0","1","36410","0","","5","01","N","N","1","","1","0","0","0","0","Y","1117","1","1","0","0","0","0","0","1","0","1","N","","","","","","","","","","","1155","03","","","N","N"
"0855","1","0","0","0","0","0","0","0","0","4","0","","36","05","2021","2021050381","5","40.028","-76.481","0847","08","0","0","0","0","0","1","0","0","","0","0","0","08","1","2","01","1","40 01:40.890","5","00","76 28:51.655","3","0","0","0","36239","0","0","0","N","0","0","0","3","36239","0","","1","01","N","N","0","","2","0","1","3","3","N","0847","2","2","0","0","0","0","0","3","0","2","N","","","","","","","","","","","0920","03","03","","N",""
"1203","2","0","0","0","0","0","0","0","0","1","0","","36","09","2021","2021086996","5","40.1307","-75.9832","1123","08","0","0","0","0","0","2","0","0","","0","0","0","11","1","3","00","2","40 07:50.374","3","00","75 58:59.622","3","0","0","0","36203","0","0","0","N","0","0","0","4","68J01","0","","1","01","N","N","0","","3","0","0","0","0","N","1121","3","3","0","0","0","0","0","1","1","3","N","","","","","","","","","","","1245","03","","","N","N"
"1035","1","0","0","0","0","0","0","0","0","4","0","","36","05","2021","2021044981","3","40.1469","-76.603","1030","08","0","0","0","0","0","1","1","0","","0","0","0","10","1","0","01","1","40 08:48.953","3","00","76 36:10.703","0","0","0","0","36407","0","0","0","N","0","0","0","2","36407","0","","1","01","N","N","0","","0","0","0","3","2","Y","1030","0","2","0","0","0","0","0","2","1","2","N","","","","","","","","","","","1115","03","03","","N",""
"0621","0","0","0","0","0","0","0","0","0","0","0","","36","09","2021","2021085849","7","39.988","-76.4506","0614","08","0","0","0","0","0","1","0","0","","0","0","0","06","5","0","00","1","39 59:16.660","4","00","76 27:01.980","0","0","0","0","36223","0","0","0","N","0","0","0","1","36223","0","","1","01","N","N","0","","0","0","1","0","0","Y","0612","0","1","0","0","0","0","0","1","0","1","N","","","","","","","","","","","0700","03","","","N","N"
"1353","1","0","0","0","0","0","0","0","0","4","0","","36","09","2021","2021085484","6","40.1968","-76.1692","1350","08","0","0","0","1","0","0","0","1","","0","0","0","13","1","0","01","0","40 11:48.459","","00","76 10:08.984","0","0","0","0","36218","0","0","0","N","0","0","0","4","36408","0","","1","01","N","N","0","","0","0","1","3","2","","1350","0","2","0","0","0","0","0","1","0","2","N","","","","","","","","","","","","03","","","N",""
"1443","0","0","0","0","0","0","0","0","0","5","1","","36","09","2021","2021085470","3","40.0609","-76.3211","1442","08","0","0","1","0","0","1","0","0","","0","1","0","14","1","0","00","0","40 03:39.387","","00","76 19:15.960","0","0","0","0","36301","0","0","0","N","0","0","0","4","36101","0","","1","01","N","N","0","","0","0","1","0","0","","1435","0","3","0","0","0","0","0","3","1","3","N","","","","","","","","","","","","03","","","N","N"
"0820","1","0","0","0","0","0","0","0","0","1","1","","36","09","2021","2021086088","5","39.9918","-76.019","0810","08","0","0","0","0","0","1","0","0","","0","1","0","08","1","0","00","2","39 59:30.552","4","00","76 01:08.319","0","0","0","0","36232","0","0","0","N","0","0","0","2","68J01","0","","1","01","N","N","0","","0","0","0","3","2","Y","0806","0","2","0","0","0","0","0","1","0","2","N","","","","","","","","","","","0850","03","03","","N","Y"
"2134","1","0","0","0","0","0","0","0","0","1","0","","36","05","2021","2021052088","4","40.1414","-76.5527","2124","08","0","0","0","0","0","0","0","0","","0","0","0","21","2","2","00","2","40 08:29.071","4","00","76 33:09.774","3","0","0","0","36225","0","0","0","N","0","0","0","2","36505","1","","1","01","N","N","0","","1","0","1","0","0","Y","2124","2","2","0","0","0","0","0","2","0","2","N","","","","","","","","","","","2245","03","","","N","N"
"2241","1","0","0","0","0","0","0","0","0","7","0","","36","05","2021","2021042959","1","40.021","-76.1853","2239","08","0","0","0","0","0","0","0","0","","0","0","0","22","2","0","00","0","40 01:15.556","","00","76 11:07.057","0","0","0","0","36215","0","0","0","N","0","0","0","1","36215","0","","4","01","N","N","0","","0","0","0","0","0","","2234","0","1","0","0","0","0","0","1","0","1","N","","","","","","","","","","","","04","04","","N","N"
"0937","1","0","0","0","0","0","0","0","0","7","0","","36","05","2021","2021040774","2","40.1419","-76.1801","0928","08","0","0","0","0","0","0","0","0","","0","0","0","09","1","0","02","0","40 08:30.971","","00","76 10:48.437","0","0","0","0","36238","0","0","0","N","0","0","0","1","36238","0","","4","01","N","N","0","","0","0","0","9","3","","0928","0","1","0","0","0","0","0","3","0","1","N","","","","","","","","","","","","03","","","N","N"
"1725","1","0","0","0","0","0","0","0","0","0","0","","36","05","2021","2021045018","5","40.0772","-76.3067","1725","08","0","0","0","0","0","1","0","0","","0","0","0","16","1","0","01","0","40 04:37.909","","00","76 18:24.170","0","0","0","0","36101","0","0","0","N","0","0","0","1","36101","0","","1","01","N","N","0","","0","0","0","0","0","","1650","0","1","0","0","0","0","0","3","0","1","N","","","","","","","","","","","","03","","","N",""
"1503","0","0","0","0","0","0","0","0","0","4","0","","36","05","2021","2021045411","4","40.1518","-76.6052","1500","08","0","1","0","0","0","0","0","0","","0","0","0","14","1","1","01","2","40 09:06.484","7","00","76 36:18.829","3","0","0","0","36211","0","0","0","N","0","0","0","2","36407","0","","1","01","N","N","1","","1","0","1","3","3","Y","1457","1","2","0","0","0","0","0","1","0","2","N","","","","","","","","","","","1535","03","","","N",""
"1753","1","0","0","0","0","0","0","0","0","7","0","","36","09","2021","2021085467","4","40.1081","-76.2479","1734","08","0","0","0","0","0","0","0","0","","0","0","0","17","1","0","00","0","40 06:29.162","","00","76 14:52.472","0","0","0","0","36101","0","0","0","N","0","0","0","1","36101","0","","4","09","N","N","0","","0","0","0","0","0","","1731","0","1","0","0","0","0","0","3","0","1","N","","","","","","","","","","","","07","08","","N","N"
"2022","1","0","0","0","0","0","0","0","0","4","0","","36","09","2021","2021085848","3","40.0058","-76.3679","2016","08","0","0","0","0","0","1","0","0","","0","1","0","20","3","0","02","0","40 00:20.912","","00","76 22:04.594","0","0","0","0","36223","0","0","0","N","0","0","0","2","36223","0","","1","01","N","N","0","","0","0","0","3","2","","2016","0","2","0","0","0","0","0","1","0","2","N","","","","","","","","","","","","03","03","","N",""
"1701","1","0","0","0","0","0","0","0","0","1","0","","36","05","2021","2021049211","5","40.0683","-76.3026","1649","08","0","0","0","0","0","0","0","0","","0","0","0","16","1","0","00","0","40 04:05.729","","00","76 18:09.378","0","0","0","0","36101","0","0","0","N","0","0","0","5","36101","0","","1","01","N","N","1","","0","0","0","0","0","","1646","0","2","0","0","0","0","0","3","0","2","N","","","","","","","","","","","","03","03","","N","N"
"1458","1","0","0","0","0","0","0","0","0","4","0","","36","05","2021","2021045997","5","40.1128","-76.3965","1451","08","0","0","1","0","0","0","0","0","","0","0","0","14","1","0","01","0","40 06:45.982","","00","76 23:47.576","0","0","0","0","36214","0","0","0","N","0","0","0","3","36214","0","","1","01","N","N","0","","0","0","2","3","3","","1448","0","3","0","0","0","0","0","3","0","3","N","","","","","","","","","","","","03","","","N",""
"0033","3","0","0","0","0","0","0","0","0","5","0","","36","09","2021","2021086287","2","40.0264","-76.3055","0018","08","0","0","0","0","0","0","0","0","","0","0","0","00","3","0","02","1","40 01:35.078","2","00","76 18:19.941","0","0","0","0","36301","0","0","0","N","0","0","0","1","36301","0","","1","01","N","N","0","","0","0","0","0","0","N","0016","0","3","0","0","0","0","0","3","0","3","N","","","","","","","","","","","0153","03","","","N",""
"1738","1","0","0","0","0","0","0","0","0","7","0","","36","05","2021","2021051252","2","39.9997","-76.0711","1732","08","0","0","0","1","0","0","0","0","","0","0","0","17","1","0","02","0","39 59:58.779","","00","76 04:15.784","0","0","0","0","36226","0","0","0","Y","0","0","0","1","68J01","0","","4","01","N","N","0","","0","0","0","0","0","","1732","0","1","0","0","1","0","0","1","0","1","N","","","","","","","","","","","","03","03","","N","N"
"1953","0","0","0","0","0","0","0","0","0","98","0","","36","05","2021","2021045113","3","39.9107","-76.2432","1945","08","0","0","0","0","0","0","0","0","","0","0","0","19","4","0","00","0","39 54:38.378","","00","76 14:35.526","0","0","0","0","36229","0","0","0","N","0","0","0","1","68J01","0","","1","01","N","N","0","","0","0","0","0","0","","1943","0","1","0","0","0","0","0","1","1","1","N","","","","","","","","","","","","03","","","N","N"
"0450","0","0","0","0","0","0","0","0","0","7","0","","36","05","2021","2021044066","7","40.0605","-76.3605","0444","08","0","0","0","0","0","0","0","0","","0","0","0","04","3","0","00","2","40 03:37.816","3","00","76 21:37.960","9","0","0","0","36214","0","0","0","N","0","0","0","1","36214","0","","3","01","N","N","0","","0","0","1","0","0","N","0435","0","1","0","0","0","0","1","3","0","1","N","","","","","","","","","","","0527","03","","","N","N"
"0444","0","0","0","0","0","0","0","0","0","0","1","","36","09","2021","2021086992","4","40.0047","-76.1042","0437","08","0","0","0","0","0","0","0","0","","0","1","0","04","2","1","00","2","40 00:16.828","6","00","76 06:15.169","3","0","0","0","36226","0","0","0","N","0","0","0","1","68J01","0","","1","09","N","N","0","","1","0","0","3","2","Y","0434","1","1","0","0","0","0","0","1","0","1","N","","","","","","","","","","","0800","07","","","N","N"
"1440","2","0","0","0","0","0","0","0","0","4","0","","36","09","2021","2021085580","7","40.2609","-76.1141","1433","08","0","0","0","0","0","1","0","0","","0","0","0","14","1","1","01","0","40 15:39.299","","00","76 06:50.884","4","0","0","0","36236","0","0","0","N","0","0","0","2","36408","1","","1","01","N","N","0","","0","0","0","3","3","","1431","1","2","0","0","0","0","0","1","0","2","N","","","","","","","","","","","","03","03","","Y","N"
"1434","1","0","0","0","0","0","0","0","0","7","0","","36","05","2021","2021049218","4","40.1766","-76.3782","1422","08","0","0","0","0","0","0","0","1","","0","0","0","14","1","1","02","0","40 10:35.817","","00","76 22:41.563","3","0","0","0","36227","0","0","0","N","0","0","0","2","36506","0","","4","01","N","N","0","","1","0","0","3","3","","1421","1","1","0","0","0","0","0","1","0","1","N","","","","","","","","","","","","03","03","","N",""
"1254","0","0","0","0","0","0","0","0","0","4","0","","36","05","2021","2021047544","7","40.0432","-76.3285","1250","08","0","0","1","0","0","1","0","0","","0","0","0","12","1","0","01","1","40 02:35.402","1","00","76 19:42.489","0","0","0","0","36220","0","0","0","N","0","0","0","5","36101","0","","1","01","N","N","0","","0","0","3","3","2","N","1248","0","3","0","0","0","0","0","3","0","3","N","","","","","","","","","","","0115","03","","","N",""
"1930","0","0","0","0","0","0","0","0","0","7","0","","36","05","2021","2021076574","2","39.9635","-76.2715","1925","08","0","0","0","1","0","0","0","0","","0","0","0","19","1","1","00","0","39 57:48.700","","00","76 16:17.300","2","0","1","1","36228","0","0","0","N","0","0","0","1","36228","0","","4","01","N","N","0","","0","1","0","0","0","","1925","1","1","0","0","0","0","0","1","0","1","N","","","","","","","","","","","","03","","","N","N"
"1832","1","0","0","0","0","0","0","0","0","4","0","","36","05","2021","2021044310","1","40.0396","-76.321","1828","08","0","0","0","0","0","0","0","0","","0","0","0","18","1","1","05","1","40 02:22.473","3","00","76 19:15.643","3","0","0","0","36301","0","0","0","N","0","0","0","4","36301","0","","1","01","N","N","0","","1","0","1","3","2","Y","1828","1","2","0","0","1","0","0","3","0","2","N","","","","","","","","","","","1918","03","03","","N",""
"0832","0","0","0","0","0","0","0","0","0","1","0","","36","08","2021","2021086757","4","40.0558","-76.5262","0829","08","0","0","0","0","0","0","0","0","","0","0","0","08","1","0","02","1","40 03:20.977","1","00","76 31:34.204","0","0","0","0","36211","0","0","0","N","0","0","0","2","36504","0","","1","01","N","N","0","","0","0","2","0","0","N","0825","0","2","0","0","0","0","0","1","0","2","N","","","","","","","","","","","0924","03","03","","N",""
"1258","0","0","0","0","0","0","0","0","0","1","0","","36","05","2021","2021045039","7","40.1592","-76.6254","1252","08","0","1","0","0","0","0","0","0","","0","0","0","12","1","0","02","0","40 09:33.052","","00","76 37:31.498","0","0","0","1","36237","0","0","0","N","0","0","0","3","36505","0","","1","01","N","N","0","","0","0","0","0","0","","1252","0","2","0","0","0","0","0","1","1","2","N","","","","","","","","","","","","03","","","N",""
"2052","0","0","0","0","0","0","0","0","0","1","0","","36","05","2021","2021045996","4","40.05","-76.4026","2047","08","0","0","0","0","0","0","0","0","","0","0","0","20","2","1","00","1","40 03:00.135","3","00","76 24:09.301","3","0","0","1","36214","0","0","0","N","0","0","0","3","36214","0","","1","01","N","N","0","","1","0","1","0","0","N","2046","1","2","0","0","0","0","0","3","0","2","N","","","","","","","","","","","2115","03","03","","N","N"
"1549","2","0","0","0","0","0","0","0","0","4","0","","36","05","2021","2021047740","1","40.1783","-76.1961","1546","08","0","0","0","0","0","0","0","1","","0","0","0","15","1","0","00","2","40 10:41.992","1","00","76 11:45.804","0","0","0","0","36408","0","0","0","N","0","0","0","3","36408","0","","1","01","N","N","0","","0","0","0","0","0","N","1545","0","2","0","0","0","0","0","2","0","2","N","","","","","","","","","","","1635","03","03","","N","N"
"1949","0","0","0","0","0","0","0","0","0","7","0","","36","05","2021","2021047073","7","40.1103","-76.4404","1939","08","0","0","0","1","0","0","0","0","","0","0","0","19","4","0","00","1","40 06:37.134","3","00","76 26:25.547","0","0","0","0","36230","0","0","0","N","0","0","0","1","36410","0","","2","01","N","N","0","","0","0","1","0","0","N","1927","0","1","0","0","0","0","0","1","0","1","N","","","","","","","","","","","2014","03","03","","N","N"
"2154","1","0","0","0","0","0","0","0","0","4","0","","36","04","2021","2021033051","3","40.0408","-76.2935","2154","08","0","0","0","0","1","0","1","0","","0","0","0","21","3","2","01","2","40 02:26.966","4","00","76 17:36.600","2","0","1","1","36301","0","0","0","N","0","0","0","3","36301","0","","1","01","N","N","0","","1","1","0","3","3","N","2152","2","2","0","0","0","0","0","3","0","2","N","","","","","","","","","","","0430","03","","","N",""
"1149","2","0","0","0","0","0","0","0","0","4","0","","36","05","2021","2021041602","6","40.016","-76.3061","1149","08","0","0","0","0","0","0","0","0","","0","0","0","22","2","0","02","0","40 00:57.640","","00","76 18:21.983","0","0","0","0","36220","0","0","0","N","0","0","0","2","36101","0","","1","09","N","N","0","","0","0","0","3","3","","2204","0","2","0","0","0","0","0","3","0","2","N","","","","","","","","","","","","07","07","","N",""
"1746","2","0","0","0","0","0","0","0","0","4","0","","36","05","2021","2021041255","6","40.1485","-76.5995","1743","08","0","0","0","1","0","0","0","0","","0","0","0","17","1","0","01","1","40 08:54.441","2","00","76 35:58.037","0","0","0","0","36407","0","0","0","N","0","0","0","2","36407","0","","1","09","N","N","0","","0","0","0","3","3","Y","1737","0","2","0","0","0","0","0","2","0","2","N","","","","","","","","","","","1826","07","","","N","N"
"0004","3","0","0","0","0","0","0","0","0","4","0","","36","04","2021","2021031938","5","40.0406","-76.2954","0003","08","0","0","0","0","0","0","0","0","","0","0","0","00","3","0","01","0","40 02:26.317","","00","76 17:43.311","0","0","0","0","36301","0","0","0","N","0","0","0","2","36301","0","","1","01","N","N","0","","0","0","0","3","2","N","0003","0","3","0","0","0","0","0","3","0","3","N","","","","","","","","","","","","03","03","","N","N"
"1113","1","0","0","0","0","0","0","0","0","8","0","","36","05","2021","2021044455","2","40.0402","-76.2996","1112","08","0","0","0","0","1","0","0","0","","0","0","0","11","1","1","01","2","40 02:24.760","4","00","76 17:58.555","8","0","0","0","36301","1","0","0","N","1","0","0","2","36301","0","","1","01","N","N","0","","0","0","0","3","3","N","1109","1","2","0","0","0","1","0","3","0","1","N","","","","","","","","","","","1137","03","","","N",""
"1503","0","0","0","0","0","0","0","0","0","1","0","","36","05","2021","2021044063","7","40.0779","-76.3088","1459","08","0","0","0","0","0","1","0","0","","0","0","0","14","1","0","00","1","40 04:40.493","2","00","76 18:31.853","0","0","0","0","36101","0","0","0","N","0","0","0","3","36101","0","","1","01","N","N","1","","0","0","1","0","0","N","1457","0","2","0","0","0","0","0","3","0","2","N","","","","","","","","","","","1534","03","03","","N","N"
"1526","1","0","0","0","0","0","0","0","0","7","0","","36","09","2021","2021085607","1","40.0591","-76.4629","1521","08","0","0","0","0","1","0","0","0","","0","0","0","15","1","1","03","1","40 03:32.814","1","00","76 27:46.398","4","0","0","0","36239","0","0","0","N","0","0","0","1","36239","1","","4","09","N","N","0","","0","0","0","0","0","N","1521","1","1","0","0","0","0","0","3","0","1","N","","","","","","","","","","","1630","07","04","","N",""