"ARRIVAL_TM","AUTOMOBILE_COUNT","BELTED_DEATH_COUNT","BELTED_SUSP_SERIOUS_INJ_COUNT","BICYCLE_COUNT","BICYCLE_DEATH_COUNT","BICYCLE_SUSP_SERIOUS_INJ_COUNT","BUS_COUNT","CHLDPAS_DEATH_COUNT","CHLDPAS_SUSP_SERIOUS_INJ_COUNT","COLLISION_TYPE","COMM_VEH_COUNT","CONS_ZONE_SPD_LIM","COUNTY","CRASH_MONTH","CRASH_YEAR","CRN","DAY_OF_WEEK","DEC_LAT","DEC_LONG","DISPATCH_TM","DISTRICT","DRIVER_COUNT_16YR","DRIVER_COUNT_17YR","DRIVER_COUNT_18YR","DRIVER_COUNT_19YR","DRIVER_COUNT_20YR","DRIVER_COUNT_50_64YR","DRIVER_COUNT_65_74YR","DRIVER_COUNT_75PLUS","EST_HRS_CLOSED","FATAL_COUNT","HEAVY_TRUCK_COUNT","HORSE_BUGGY_COUNT","HOUR_OF_DAY","ILLUMINATION","INJURY_COUNT","INTERSECT_TYPE","LANE_CLOSED","LATITUDE","LN_CLOSE_DIR","LOCATION_TYPE","LONGITUDE","MAX_SEVERITY_LEVEL","MCYCLE_DEATH_COUNT","MCYCLE_SUSP_SERIOUS_INJ_COUNT","MOTORCYCLE_COUNT","MUNICIPALITY","NONMOTR_COUNT","NONMOTR_DEATH_COUNT","NONMOTR_SUSP_SERIOUS_INJ_COUNT","NTFY_HIWY_MAINT","PED_COUNT","PED_DEATH_COUNT","PED_SUSP_SERIOUS_INJ_COUNT","PERSON_COUNT","POLICE_AGCY","POSSIBLE_INJ_COUNT","RDWY_SURF_TYPE_CD","RELATION_TO_ROAD","ROAD_CONDITION","SCH_BUS_IND","SCH_ZONE_IND","SMALL_TRUCK_COUNT","SPEC_JURIS_CD","SUSP_MINOR_INJ_COUNT","SUSP_SERIOUS_INJ_COUNT","SUV_COUNT","TCD_FUNC_CD","TCD_TYPE","TFC_DETOUR_IND","TIME_OF_DAY","TOT_INJ_COUNT","TOTAL_UNITS","UNB_DEATH_COUNT","UNB_SUSP_SERIOUS_INJ_COUNT","UNBELTED_OCC_COUNT","UNK_INJ_DEG_COUNT","UNK_INJ_PER_COUNT","URBAN_RURAL","VAN_COUNT","VEHICLE_COUNT","WORK_ZONE_IND","WORK_ZONE_LOC","WORK_ZONE_TYPE","WORKERS_PRES","WZ_CLOSE_DETOUR","WZ_FLAGGER","WZ_LAW_OFFCR_IND","WZ_LN_CLOSURE","WZ_MOVING","WZ_OTHER","WZ_SHLDER_MDN","ROADWAY_CLEARED","WEATHER1","WEATHER2","WZ_WORKERS_INJ_KILLED","SECONDARY_CRASH","INTERSECTION_RELATED"
"1140","3","0","0","0","0","0","0","0","0","5","0","","36","05","2021","2021045706","5","40.0425","-76.2932","1135","08","0","0","0","0","0","0","0","1","","0","0","0","11","1","0","00","2","40 02:32.978","3","00","76 17:35.663","0","0","0","0","36301","0","0","0","N","0","0","0","1","36301","0","","6","01","N","N","1","","0","0","0","0","0","Y","1135","0","4","0","0","0","0","0","3","0","4","N","","","","","","","","","","","1231","03","03","","Y","N"
"2141","1","0","0","0","0","0","0","0","0","7","0","","36","09","2021","2021087418","4","40.1976","-76.0518","2128","08","0","0","0","0","0","0","0","0","","0","0","0","20","2","0","00","0","40 11:51.275","","00","76 03:06.433","0","0","0","0","36202","0","0","0","N","0","0","0","1","68J01","0","","5","08","N","N","0","","0","0","0","0","0","","2022","0","1","0","0","0","0","0","1","0","1","N","","","","","","","","","","","","07","","","N","N"
"1552","0","0","0","0","0","0","0","0","0","1","0","","36","09","2021","2021087119","3","40.062","-76.3065","1547","08","0","0","1","0","0","1","0","0","","0","0","0","15","1","4","00","2","40 03:43.079","2","00","76 18:23.505","3","0","0","0","36101","0","0","0","N","0","0","0","5","36101","0","","1","01","N","N","0","","2","0","1","0","0","Y","1540","4","3","0","0","1","2","1","3","2","3","N","","","","","","","","","","","1630","03","03","","N","N"
"0331","0","0","0","0","0","0","0","0","0","7","0","","36","08","2021","2021080301","1","40.1129","-76.6503","0319","08","0","0","0","0","0","0","0","0","","0","0","0","99","2","1","00","2","40 06:46.470","6","00","76 39:01.180","3","0","0","0","36207","0","0","0","N","0","0","0","1","36504","0","","5","01","N","N","0","","1","0","1","0","0","Y","9999","1","1","0","0","0","0","0","1","0","1","N","","","","","","","","","","","0416","03","03","","N","N"
"0653","1","0","0","1","0","1","0","0","0","2","0","","36","08","2021","2021085733","7","40.1153","-76.0412","0648","08","0","0","0","0","0","0","0","0","","0","0","0","06","1","1","02","1","40 06:55.252","4","00","76 02:28.283","2","0","0","0","36213","1","0","1","N","0","0","0","2","36213","0","","1","01","N","","0","","0","1","0","3","3","N","0645","1","2","0","0","0","0","0","1","0","1","N","","","","","","","","","","","0710","03","","","N",""
"1600","1","0","0","0","0","0","0","0","0","1","0","99","36","05","2021","2021047967","5","40.0269","-76.5233","1556","08","0","1","0","0","0","0","0","0","","0","0","0","15","1","0","00","1","40 01:36.889","6","03","76 31:23.775","0","0","0","0","36404","0","0","0","N","0","0","0","3","36239","0","","1","01","N","N","0","","0","0","0","0","0","N","1556","0","2","0","0","0","0","0","3","1","2","Y","8","1","U","","Y","U","","","","","1600","03","03","N","N","N"
"1753","1","0","0","0","0","0","0","0","0","7","0","","36","09","2021","2021087277","5","40.1772","-76.0077","1735","08","0","1","0","0","0","0","0","0","","0","0","0","17","1","1","00","2","40 10:37.871","5","00","76 00:27.550","3","0","0","0","36202","0","0","0","Y","0","0","0","2","68J01","0","","4","01","N","N","0","","1","0","0","0","0","Y","1725","1","1","0","0","1","0","0","1","0","1","N","","","","","","","","","","","2000","03","","","N","N"
"1731","1","0","0","0","0","0","0","0","0","1","0","","36","05","2021","2021046250","4","39.9876","-76.0188","1729","08","0","0","0","0","0","1","0","1","","0","0","0","17","1","2","01","1","39 59:15.409","2","00","76 01:07.814","3","0","0","0","36232","0","0","0","N","0","0","0","5","68J01","0","","1","01","N","N","0","","2","0","2","3","2","N","1727","2","4","0","0","0","0","0","1","1","4","N","","","","","","","","","","","1832","03","","","N","N"
"1211","2","0","2","0","0","0","0","0","0","1","0","","36","05","2021","2021045031","2","40.1299","-76.4949","1152","08","0","0","0","0","0","0","1","0","","0","0","0","11","1","2","00","2","40 07:47.645","3","00","76 29:41.627","2","0","0","0","36230","0","0","0","N","0","0","0","3","36410","0","","1","01","N","N","0","","0","2","0","0","0","N","1152","2","2","0","0","0","0","0","1","0","2","N","","","","","","","","","","","1236","03","03","","N","N"
"1407","2","0","0","0","0","0","0","0","0","4","0","","36","08","2021","2021086483","4","40.0349","-76.5007","1402","08","0","0","0","0","0","0","0","0","","0","0","0","14","1","1","01","2","40 02:05.517","6","00","76 30:02.514","3","0","0","0","36404","0","0","0","N","0","0","0","3","36404","0","","1","01","N","N","0","","1","0","1","3","3","Y","1400","1","3","0","0","0","0","0","3","0","3","N","","","","","","","","","","","1454","03","03","","N",""
"0419","2","0","0","0","0","0","0","0","0","5","0","","36","05","2021","2021048919","7","40.0404","-76.3137","0418","08","0","0","1","0","0","0","0","0","","0","0","0","04","3","0","00","1","40 02:25.318","3","00","76 18:49.410","0","0","0","0","36301","0","0","0","N","0","0","0","1","36301","0","","2","01","N","N","0","","0","0","0","0","0","Y","0415","0","2","0","0","0","0","0","3","0","2","N","","","","","","","","","","","0534","03","03","","N","N"
"1921","1","0","0","0","0","0","0","0","0","3","1","","36","09","2021","2021087026","5","39.7739","-76.1787","1906","08","0","0","0","0","0","0","0","0","","0","1","0","18","4","0","00","0","39 46:25.909","","00","76 10:43.214","0","0","0","0","36219","0","0","0","N","0","0","0","2","68J01","0","","1","01","N","N","0","","0","0","0","3","3","","1859","0","2","0","0","0","0","0","1","0","2","N","","","","","","","","","","","","03","03","","N","N"
"1537","0","0","0","0","0","0","0","0","0","7","0","","36","08","2021","2021086066","2","40.1221","-75.9249","1458","08","0","0","0","0","0","0","1","0","","0","0","0","14","1","1","00","0","40 07:19.456","","00","75 55:29.681","3","0","0","0","36203","0","0","0","N","0","0","0","1","68J01","0","","4","01","N","N","1","","1","0","0","0","0","","1453","1","1","0","0","0","0","0","1","0","1","N","","","","","","","","","","","","03","","","N","N"
"1750","1","0","0","0","0","0","0","0","0","4","0","","36","05","2021","2021055262","5","40.0383","-76.2692","1745","08","0","0","0","0","0","1","0","0","","0","0","0","17","1","0","00","0","40 02:18.015","","07","76 16:09.168","0","0","0","0","36215","0","0","0","N","0","0","0","2","36215","0","","1","01","N","N","0","","0","0","1","0","0","","1742","0","2","0","0","0","0","0","1","0","2","N","","","","","","","","","","","","03","03","","N","N"
"1627","0","0","0","1","0","0","0","0","0","6","0","","36","05","2021","2021047760","5","40.04","-76.3711","1618","08","0","0","0","0","0","1","0","0","","0","0","0","16","1","1","00","1","40 02:23.842","4","00","76 22:15.905","3","0","0","0","36223","1","0","0","N","0","0","0","2","36214","0","","2","01","N","N","0","","1","0","1","0","0","N","1611","1","2","0","0","0","0","0","1","0","1","N","","","","","","","","","","","1710","03","","","N","N"
"0738","1","0","0","0","0","0","0","0","0","4","0","","36","08","2021","2021082242","6","40.0618","-76.3221","0733","08","0","0","0","0","0","0","0","0","","0","0","0","07","1","1","00","0","40 03:42.325","","00","76 19:19.455","8","0","0","0","36301","0","0","0","N","0","0","0","1","36301","0","","5","01","N","N","1","","0","0","0","0","0","","0733","1","2","0","0","0","1","0","3","0","2","N","","","","","","","","","","","","03","03","","N","N"
"2053","2","0","0","0","0","0","0","0","0","4","0","","36","05","2021","2021041901","1","40.0741","-76.3709","2047","08","0","0","0","1","0","0","0","0","","0","0","0","20","3","0","01","2","40 04:26.901","4","00","76 22:15.317","0","0","0","0","36214","0","0","0","N","0","0","0","2","36214","0","","1","01","N","N","0","","0","0","0","3","2","N","2045","0","2","0","0","0","0","0","3","0","2","N","","","","","","","","","","","2125","03","03","","N",""
"0008","0","0","0","0","0","0","0","0","0","1","0","","36","05","2021","2021043498","6","40.0361","-76.2925","0005","08","0","0","0","0","0","0","0","0","","0","0","0","00","3","2","00","0","40 02:09.800","","00","76 17:32.900","3","0","0","0","36301","0","0","0","N","0","0","0","3","36301","0","","1","01","","","1","","2","0","1","0","0","","0003","2","2","0","0","0","0","0","3","0","2","N","","","","","","","","","","","","03","","","N","N"
"1805","0","0","0","0","0","0","0","0","0","1","0","","36","05","2021","2021047074","3","40.1199","-76.4602","1758","08","0","0","0","0","0","0","0","1","","0","0","0","17","1","1","00","1","40 07:11.591","3","00","76 27:36.587","2","0","1","1","36230","0","0","0","N","0","0","0","2","36410","0","","1","01","N","N","0","","0","1","1","0","0","N","1756","1","2","0","0","0","0","0","1","0","2","N","","","","","","","","","","","1835","03","03","","N","N"
"1030","1","0","0","0","0","0","0","0","0","5","0","","36","05","2021","2021045019","2","40.0623","-76.3059","1027","08","0","0","0","0","0","0","1","1","","0","0","0","10","1","0","00","1","40 03:44.272","2","00","76 18:21.092","0","0","0","0","36101","0","0","0","N","0","0","0","3","36101","0","","1","01","N","N","0","","0","0","1","0","0","N","1025","0","2","0","0","0","0","0","3","0","2","N","","","","","","","","","","","1102","03","03","","N","N"
"1541","1","0","0","0","0","0","0","0","0","4","0","","36","09","2021","2021087791","4","39.8649","-76.1022","1503","08","1","0","0","0","0","1","0","0","","0","0","0","15","1","0","01","1","39 51:53.611","1","00","76 06:07.830","0","0","0","0","36205","0","0","0","N","0","0","0","3","68J01","0","","1","01","N","N","1","","0","0","0","3","3","N","1503","0","2","0","0","0","0","0","1","0","2","N","","","","","","","","","","","1600","03","03","","N","N"
"1153","0","0","0","0","0","0","0","0","0","4","0","","36","09","2021","2021087013","3","40.009","-76.0577","1151","08","0","0","0","0","0","0","1","0","","0","0","0","11","1","1","00","0","40 00:32.510","","00","76 03:27.850","3","0","0","0","36232","0","0","0","N","0","0","0","3","68J01","0","","1","01","N","N","0","","1","0","1","3","3","","1142","1","2","0","0","0","0","0","1","1","2","N","","","","","","","","","","","","03","","","N","Y"
"2041","1","0","0","0","0","0","0","0","0","8","0","","36","08","2021","2021082163","1","40.0334","-76.3048","2036","08","0","0","0","0","0","0","0","0","","0","0","0","20","3","1","01","2","40 02:00.239","6","00","76 18:17.396","8","0","0","0","36301","1","0","0","N","1","0","0","3","36301","0","","1","01","N","N","0","","0","0","0","3","2","Y","2035","1","2","0","0","0","1","0","3","0","1","N","","","","","","","","","","","2106","03","03","","N","N"
"1814","2","0","0","0","0","0","0","0","0","2","0","","36","08","2021","2021079227","4","40.0234","-76.3061","1806","08","1","0","0","0","0","0","0","0","","0","0","0","18","1","1","03","0","40 01:24.322","","00","76 18:21.797","8","0","0","0","36301","0","0","0","N","0","0","0","3","36301","0","","1","09","N","N","0","","0","0","0","0","0","","1803","1","2","0","0","1","1","0","3","0","2","N","","","","","","","","","","","","04","04","","N","N"
"0934","1","0","0","0","0","0","0","0","0","5","0","","36","05","2021","2021049770","2","40.0501","-76.2917","0932","08","0","0","0","0","0","0","0","0","","0","0","0","09","1","0","00","0","40 03:00.463","","00","76 17:30.212","0","0","0","0","36301","0","0","0","N","0","0","0","1","36301","0","","6","01","N","N","1","","0","0","2","0","0","","0929","0","4","0","0","0","0","0","3","0","4","N","","","","","","","","","","","","03","03","","Y","N"
"1347","0","0","0","0","0","0","0","0","0","7","1","","36","09","2021","2021086312","5","40.095","-76.4194","1343","08","0","0","0","0","0","0","0","0","","0","1","0","13","1","0","00","1","40 05:42.090","4","00","76 25:09.940","0","0","0","0","36214","0","0","0","N","0","0","0","1","36214","0","","5","01","N","N","0","","0","0","0","0","0","N","1341","0","1","0","0","0","0","0","3","0","1","N","","","","","","","","","","","1609","04","","","N","N"
"1710","2","0","0","0","0","0","0","0","0","1","0","","36","08","2021","2021083202","3","40.0626","-76.3422","1700","08","0","0","0","0","0","0","0","0","","0","0","0","16","1","1","00","1","40 03:45.747","4","00","76 20:31.260","4","0","0","0","36101","0","0","0","N","0","0","0","4","36101","1","","1","01","N","N","0","","0","0","0","0","0","N","1642","1","2","0","0","0","0","0","3","0","2","N","","","","","","","","","","","1757","04","04","","N","N"
"1622","0","0","0","0","0","0","0","0","0","7","0","","36","08","2021","2021084198","3","40.2307","-76.3144","1604","08","0","0","0","0","0","0","0","0","","0","0","0","16","1","0","00","1","40 13:50.514","6","00","76 18:51.885","0","0","0","0","36217","0","0","0","N","0","0","0","1","68J01","0","","5","01","N","N","1","","0","0","0","0","0","N","1602","0","1","0","0","0","0","0","1","0","1","N","","","","","","","","","","","1710","03","","","N","N"
"1250","0","0","0","0","0","0","0","0","0","4","0","","36","08","2021","2021077530","4","40.1832","-76.1918","1244","08","0","0","0","0","1","1","0","0","","0","0","0","12","1","0","01","0","40 10:59.536","","00","76 11:30.551","0","0","0","0","36408","0","0","0","N","0","0","0","2","36408","0","","1","01","N","N","0","","0","0","2","3","2","","1242","0","2","0","0","0","0","0","2","0","2","N","","","","","","","","","","","","03","03","","N",""
"0515","1","0","0","0","0","0","0","0","0","5","1","","36","09","2021","2021085043","6","40.1741","-75.9433","0504","08","0","0","0","0","0","1","0","0","","0","0","0","05","2","0","00","0","40 10:26.266","","00","75 56:38.192","0","0","0","0","36203","0","0","0","N","0","0","0","4","68T06","0","","1","01","N","N","0","","0","0","0","0","0","","0504","0","2","0","0","0","0","0","1","0","2","N","","","","","","","","","","","","03","03","","N","N"
"0846","0","0","0","0","0","0","0","0","0","0","1","","36","09","2021","2021085044","6","40.1781","-75.988","0820","08","0","0","0","0","0","1","0","0","","0","1","0","08","1","0","00","0","40 10:23.716","","00","75 58:18.418","0","0","0","0","36203","0","0","0","N","0","0","0","4","68T06","0","","1","01","N","N","0","","0","0","0","0","0","","0800","0","2","0","0","1","0","0","1","1","2","N","","","","","","","","","","","","03","","","N","N"
"1728","0","0","0","0","0","0","0","0","0","4","0","","36","05","2021","2021044989","2","40.0608","-76.5367","1722","08","0","0","0","0","0","2","0","0","","0","0","0","17","1","0","01","1","40 03:39.038","2","00","76 32:12.059","0","0","0","0","36211","0","0","0","N","0","0","0","3","36504","0","","1","01","N","N","0","","0","0","2","3","2","N","1720","0","2","0","0","0","0","0","1","0","2","N","","","","","","","","","","","1751","03","","","N","N"
"1519","0","0","0","0","0","0","0","0","0","4","0","","36","05","2021","2021044062","6","40.084","-76.2706","1511","08","0","0","0","0","0","1","0","0","","0","0","0","15","1","0","01","0","40 05:02.526","","00","76 16:14.329","0","0","0","0","36101","0","0","0","N","0","0","0","2","36101","0","","1","01","N","N","0","","0","0","2","3","3","","1508","0","2","0","0","0","0","0","3","0","2","N","","","","","","","","","","","","03","03","","N",""
"1829","2","0","0","0","0","0","0","0","0","4","0","","36","05","2021","2021045470","4","40.0378","-76.3148","1812","08","0","0","0","0","0","0","0","0","","0","0","0","18","1","0","01","0","40 02:16.008","","00","76 18:53.398","0","0","0","0","36301","0","0","0","N","0","0","0","2","36301","0","","1","01","N","N","0","","0","0","0","3","3","","1812","0","2","0","0","0","0","0","3","0","2","N","","","","","","","","","","","","03","03","","N","N"
"1702","1","0","0","0","0","0","0","0","0","1","0","","36","05","2021","2021046234","1","40.004","-76.1008","1654","08","0","0","0","0","0","1","0","0","","0","0","0","16","1","1","00","1","40 00:14.343","4","00","76 06:02.889","4","0","0","0","36226","0","0","0","N","0","0","0","2","68J01","1","","1","01","N","N","0","","0","0","1","0","0","N","1648","1","2","0","0","0","0","0","1","0","2","N","","","","","","","","","","","1734","03","","","N","N"
"1024","0","0","0","0","0","0","0","0","0","7","0","","36","09","2021","2021085252","1","40.2103","-76.0433","1013","08","0","0","0","0","0","0","0","0","","0","1","0","10","1","1","00","0","40 12:32.713","","00","76 01:27.835","3","0","0","0","36202","0","0","0","N","0","0","0","2","68T06","0","","5","09","N","N","0","","1","0","0","0","0","","1013","1","2","0","0","0","0","0","1","1","2","N","","","","","","","","","","","","07","","","N","N"
"1657","1","0","0","0","0","0","0","0","0","4","0","","36","09","2021","2021086763","5","40.0558","-76.5262","1657","08","0","0","0","0","0","0","0","0","","0","0","0","16","1","0","02","1","40 03:20.977","1","00","76 31:34.204","0","0","0","0","36211","0","0","0","N","0","0","0","2","36504","0","","1","01","N","N","0","","0","0","1","3","3","N","1650","0","2","0","0","0","0","0","1","0","2","N","","","","","","","","","","","1741","03","03","","N",""
"1504","1","0","0","0","0","0","0","0","0","7","0","","36","05","2021","2021056941","7","40.2369","-76.2756","1453","08","0","0","0","0","0","0","0","0","","0","0","0","14","1","1","00","1","40 14:23.395","3","00","76 15:19.804","8","0","0","0","36204","0","0","0","N","0","0","0","2","68T06","0","","2","09","N","N","0","","0","0","0","0","0","N","1453","1","1","0","0","0","1","0","1","0","1","N","","","","","","","","","","","0015","07","","","N","N"
"1717","2","0","0","0","0","0","0","0","0","1","0","","36","09","2021","2021084752","4","40.0223","-76.3335","1708","08","0","0","0","0","0","0","0","0","","0","0","0","16","1","1","00","0","40 01:20.235","","00","76 20:00.661","3","0","0","0","36220","0","0","0","N","0","0","0","2","36101","0","","1","01","N","N","0","","1","0","0","0","0","","1643","1","2","0","0","0","0","0","3","0","2","N","","","","","","","","","","","","03","03","","N","N"
"1746","1","0","0","0","0","0","0","0","0","1","0","","36","08","2021","2021082604","5","40.1973","-76.1695","1740","08","0","0","0","0","1","0","0","0","","0","0","0","17","1","0","00","1","40 11:50.236","3","00","76 10:10.225","0","0","0","0","36218","0","0","0","N","0","0","0","2","36408","0","","1","01","N","N","0","","0","0","1","0","0","N","1730","0","2","0","0","0","0","0","1","0","2","N","","","","","","","","","","","1758","03","03","","N","N"
"0614","1","0","0","0","0","0","0","0","0","98","0","","36","05","2021","2021043286","1","40.1728","-75.9815","0548","08","0","0","0","0","0","0","0","0","","0","0","0","05","1","0","00","0","40 10:21.564","","00","75 58:52.427","0","0","0","0","36202","0","0","0","N","0","0","0","4","68T06","0","","1","01","N","N","0","","0","0","1","0","0","","0547","0","2","0","0","0","0","0","1","0","2","N","","","","","","","","","","","","03","","","N","N"
"1421","0","0","0","0","0","0","0","0","0","0","0","","36","05","2021","2021045921","5","40.1883","-76.1258","1414","08","0","0","0","0","1","1","0","0","","0","0","0","14","1","0","00","0","40 11:17.791","","00","76 07:32.988","0","0","0","0","36210","0","0","0","N","0","0","0","3","36210","0","","1","01","N","N","0","","0","0","3","0","0","","1413","0","3","0","0","0","0","0","1","0","3","N","","","","","","","","","","","","03","","","N","N"
"1622","0","0","0","0","0","0","0","0","0","1","0","","36","09","2021","2021085991","5","40.1211","-76.5493","1613","08","0","0","0","0","0","0","1","0","","0","0","0","16","1","1","00","2","40 07:15.787","6","00","76 32:57.584","4","0","0","0","36211","0","0","0","N","0","0","0","1","36504","1","","1","01","N","N","1","","0","0","0","0","0","Y","1609","1","2","0","0","0","0","0","1","1","2","N","","","","","","","","","","","1716","03","","","N","N"
"1456","1","0","0","0","0","0","0","0","0","7","0","","36","09","2021","2021082478","4","40.1418","-76.0314","1447","08","0","0","0","0","1","0","0","0","","0","0","0","14","1","0","00","0","40 08:30.552","","00","76 01:53.151","0","0","0","0","36213","0","0","0","N","0","0","0","1","36213","0","","5","09","N","N","0","","0","0","0","0","0","","1447","0","1","0","0","0","0","0","1","0","1","N","","","","","","","","","","","","07","","","N","N"
"1302","1","0","0","0","0","0","0","0","0","1","0","","36","05","2021","2021044565","7","40.0806","-76.4593","1257","08","0","0","1","1","0","0","1","0","","0","0","0","12","1","2","03","2","40 04:50.322","5","00","76 27:33.444","8","0","0","0","36239","0","0","0","N","0","0","0","5","36239","0","","1","01","N","N","2","","0","0","1","0","0","Y","1257","2","4","0","0","1","2","0","3","0","4","N","","","","","","","","","","","1410","03","03","","N",""
"1850","1","0","0","0","0","0","0","0","0","4","0","","36","09","2021","2021085468","2","40.0534","-76.2874","1848","08","0","0","0","0","1","1","0","0","","0","0","0","18","4","3","02","0","40 03:12.218","","00","76 17:14.749","3","0","0","0","36101","0","0","0","N","0","0","0","3","36101","0","","1","01","N","N","1","","3","0","0","0","0","","1844","3","2","0","0","0","0","0","3","0","2","N","","","","","","","","","","","","03","03","","N",""
"0946","1","0","0","0","0","0","0","0","0","7","0","","36","09","2021","2021087344","2","40.0372","-76.4158","0944","08","0","0","0","0","0","0","0","0","","0","0","0","09","1","2","00","2","40 02:13.820","4","07","76 24:56.743","3","0","0","0","36239","0","0","0","N","0","0","0","2","36239","0","","5","01","N","N","0","","2","0","0","0","0","N","0941","2","1","0","0","0","0","0","3","0","1","N","","","","","","","","","","","1027","03","03","","N","N"
"0811","1","0","0","1","0","0","0","0","0","4","0","","36","09","2021","2021085153","5","40.0384","-76.2949","0809","08","0","0","0","0","0","0","0","0","","0","0","0","08","1","1","01","0","40 02:18.182","","00","76 17:41.704","3","0","0","0","36301","1","0","0","N","0","0","0","2","36301","0","","1","01","N","N","0","","1","0","0","3","3","","0808","1","2","0","0","0","0","0","3","0","1","N","","","","","","","","","","","","03","","","N",""
"0839","0","0","0","0","0","0","0","0","0","4","0","","36","09","2021","2021083682","5","40.1687","-76.1673","0822","08","0","0","0","0","0","2","0","0","","0","0","0","08","1","0","02","0","40 10:07.163","","00","76 10:02.430","0","0","0","0","36408","0","0","0","N","0","0","0","2","36408","0","","1","01","N","N","0","","0","0","2","3","3","","0821","0","2","0","0","0","0","0","2","0","2","N","","","","","","","","","","","","03","","","N","N"
"2336","0","0","0","0","0","0","0","0","0","7","0","","36","08","2021","2021085895","4","40.121","-75.9159","2250","08","0","0","0","0","0","0","0","0","","0","0","0","22","2","0","00","1","40 07:15.744","2","00","75 54:57.162","0","0","0","0","36203","0","0","0","N","0","0","0","1","68J03","0","","4","09","N","N","1","","0","0","0","0","0","N","2240","0","1","0","0","1","0","0","1","0","1","N","","","","","","","","","","","0007","07","03","","N","N"
"1539","1","0","0","0","0","0","0","0","0","0","0","","36","05","2021","2021054610","6","40.0684","-76.3035","1537","08","0","0","0","1","0","0","0","0","","0","0","0","15","1","1","00","0","40 04:06.206","","00","76 18:12.685","3","0","0","1","36101","0","0","0","N","0","0","0","2","36101","0","","1","01","N","N","0","","1","0","0","0","0","","1535","1","2","0","0","0","0","0","3","0","2","N","","","","","","","","","","","","03","","","N","N"
"1232","2","0","0","0","0","0","0","0","0","1","0","","36","05","2021","2021045439","4","40.0292","-76.3393","1227","08","0","0","0","0","0","0","1","0","","0","0","0","12","1","1","00","0","40 01:44.950","","00","76 20:21.440","4","0","0","0","36220","0","0","0","N","0","0","0","2","36101","1","","1","01","N","N","0","","0","0","0","0","0","","1224","1","2","0","0","0","0","0","3","0","2","N","","","","","","","","","","","","03","03","","N","Y"
"2110","1","0","0","0","0","0","0","0","0","4","0","","36","05","2021","2021045243","3","40.1129","-76.3778","2105","08","0","0","0","0","1","0","0","0","","0","0","0","21","2","1","03","1","40 06:46.374","3","00","76 22:40.176","3","0","0","0","36214","0","0","0","N","0","0","0","2","36214","0","","1","01","N","N","1","","1","0","0","3","3","N","2100","1","2","0","0","0","0","0","3","0","2","N","","","","","","","","","","","2200","03","03","","N",""
"0710","2","0","0","0","0","0","0","0","0","4","0","","36","09","2021","2021085203","6","40.0374","-76.3105","0707","08","0","0","0","0","0","0","0","0","","0","0","0","07","1","1","01","1","40 02:14.783","4","00","76 18:37.926","3","0","0","0","36301","0","0","0","N","0","0","0","3","36301","0","","1","01","N","","0","","1","0","0","3","2","N","0707","1","2","0","0","0","0","0","3","0","2","N","","","","","","","","","","","0735","03","","","N",""
"1157","2","0","0","0","0","0","0","0","0","4","0","","36","05","2021","2021046983","4","40.0616","-76.5316","1150","08","0","0","0","0","0","1","0","1","","0","0","0","11","1","0","02","0","40 03:41.749","","00","76 31:53.670","0","0","0","0","36211","0","0","0","N","0","0","0","2","36504","0","","1","01","N","N","0","","0","0","0","0","0","","1148","0","2","0","0","0","0","0","1","0","2","N","","","","","","","","","","","","03","","","N","N"
"1702","0","0","0","0","0","0","0","0","0","7","0","","36","09","2021","2021085355","6","40.1019","-76.5609","1656","08","0","0","0","0","0","0","0","0","","0","0","0","16","1","0","02","0","40 06:06.974","","00","76 33:39.260","0","0","0","0","36211","0","0","0","N","0","0","0","1","36504","0","","5","01","N","N","1","","0","0","0","0","0","","1656","0","1","0","0","0","0","0","1","0","1","N","","","","","","","","","","","","03","03","","N",""
"1554","1","0","0","0","0","0","0","0","0","7","0","","36","05","2021","2021043862","6","40.0491","-76.3057","1550","08","0","0","0","0","1","0","0","0","","0","0","0","15","1","0","01","0","40 02:56.626","","00","76 18:20.639","0","0","0","0","36301","0","0","0","N","0","0","0","1","36301","0","","4","01","N","N","0","","0","0","0","3","3","","1546","0","2","0","0","0","0","0","3","0","1","N","","","","","","","","","","","","03","03","","Y","N"
"2035","0","0","0","0","0","0","0","0","0","98","0","","36","05","2021","2021044064","7","40.0959","-76.2605","2016","08","0","0","0","0","0","0","0","0","","0","0","0","20","1","1","00","0","40 05:45.306","","00","76 15:37.918","3","0","0","0","36101","0","0","0","N","0","0","0","2","36101","0","","1","01","N","N","0","","1","0","1","0","0","","2013","1","1","0","0","0","0","0","3","0","1","N","","","","","","","","","","","","03","03","","N","N"
"1426","0","0","0","0","0","0","0","0","0","8","0","","36","05","2021","2021044985","3","40.034","-76.3127","1424","08","0","0","0","0","0","0","0","0","","0","0","0","14","1","1","00","2","40 02:02.400","3","00","76 18:45.700","8","0","0","0","36301","1","0","0","N","1","0","0","3","36301","0","","1","01","N","N","0","","0","0","1","0","0","N","1424","1","2","0","0","0","1","0","3","0","1","N","","","","","","","","","","","1446","03","","","N","N"